Sample,Rjct,Data File,Acq. Date-Time,Type,Level,Solution Label,7  Li  [ No Gas ] ,,,7  Li  [ He ] ,,,9  Be  [ No Gas ] ,,,9  Be  [ He ] ,,,45  Sc  [ No Gas ] ,,,45  Sc  [ He ] ,,,51  V  [ No Gas ] ,,,51  V  [ He ] ,,,52  Cr  [ No Gas ] ,,,52  Cr  [ He ] ,,,59  Co  [ No Gas ] ,,,59  Co  [ He ] ,,,60  Ni  [ No Gas ] ,,,60  Ni  [ He ] ,,,63  Cu  [ No Gas ] ,,,63  Cu  [ He ] ,,,66  Zn  [ No Gas ] ,,,66  Zn  [ He ] ,,,71  Ga  [ No Gas ] ,,,71  Ga  [ He ] ,,,85  Rb  [ No Gas ] ,,,85  Rb  [ He ] ,,,88  Sr  [ No Gas ] ,,,88  Sr  [ He ] ,,,89  Y  [ No Gas ] ,,,89  Y  [ He ] ,,,90  Zr  [ No Gas ] ,,,90  Zr  [ He ] ,,,95  Mo  [ No Gas ] ,,,95  Mo  [ He ] ,,,107  Ag  [ No Gas ] ,,,107  Ag  [ He ] ,,,111  Cd  [ No Gas ] ,,,111  Cd  [ He ] ,,,118  Sn  [ No Gas ] ,,,118  Sn  [ He ] ,,,121  Sb  [ No Gas ] ,,,121  Sb  [ He ] ,,,133  Cs  [ No Gas ] ,,,133  Cs  [ He ] ,,,137  Ba  [ No Gas ] ,,,137  Ba  [ He ] ,,,138  Ba  [ He ] ,,,139  La  [ No Gas ] ,,,139  La  [ He ] ,,,140  Ce  [ No Gas ] ,,,140  Ce  [ He ] ,,,141  Pr  [ No Gas ] ,,,141  Pr  [ He ] ,,,146  Nd  [ No Gas ] ,,,146  Nd  [ He ] ,,,147  Sm  [ No Gas ] ,,,147  Sm  [ He ] ,,,153  Eu  [ No Gas ] ,,,153  Eu  [ He ] ,,,157  Gd  [ No Gas ] ,,,157  Gd  [ He ] ,,,159  Tb  [ No Gas ] ,,,159  Tb  [ He ] ,,,163  Dy  [ No Gas ] ,,,163  Dy  [ He ] ,,,165  Ho  [ No Gas ] ,,,165  Ho  [ He ] ,,,166  Er  [ No Gas ] ,,,166  Er  [ He ] ,,,169  Tm  [ No Gas ] ,,,169  Tm  [ He ] ,,,172  Yb  [ No Gas ] ,,,172  Yb  [ He ] ,,,175  Lu  [ No Gas ] ,,,175  Lu  [ He ] ,,,178  Hf  [ No Gas ] ,,,178  Hf  [ He ] ,,,181  Ta  [ No Gas ] ,,,181  Ta  [ He ] ,,,205  Tl  [ No Gas ] ,,,205  Tl  [ He ] ,,,206  [Pb]  [ He ] ,,,207  [Pb]  [ He ] ,,,208  Pb  [ No Gas ] ,,,208  Pb  [ He ] ,,,209  Bi  [ No Gas ] ,,,209  Bi  [ He ] ,,,232  Th  [ No Gas ] ,,,232  Th  [ He ] ,,,238  U  [ No Gas ] ,,,238  U  [ He ] ,,,103  Rh ( ISTD )  [ No Gas ] ,,,103  Rh ( ISTD )  [ He ] ,,
,,,,,,,Conc. [ ppb ],CPS,CPS RSD,Conc. [ ppb ],CPS,CPS RSD,Conc. [ ppb ],CPS,CPS RSD,Conc. [ ppb ],CPS,CPS RSD,Conc. [ ppb ],CPS,CPS RSD,Conc. [ ppb ],CPS,CPS RSD,Conc. [ ppb ],CPS,CPS RSD,Conc. [ ppb ],CPS,CPS RSD,Conc. [ ppb ],CPS,CPS RSD,Conc. [ ppb ],CPS,CPS RSD,Conc. [ ppb ],CPS,CPS RSD,Conc. [ ppb ],CPS,CPS RSD,Conc. [ ppb ],CPS,CPS RSD,Conc. [ ppb ],CPS,CPS RSD,Conc. [ ppb ],CPS,CPS RSD,Conc. [ ppb ],CPS,CPS RSD,Conc. [ ppb ],CPS,CPS RSD,Conc. [ ppb ],CPS,CPS RSD,Conc. [ ppb ],CPS,CPS RSD,Conc. [ ppb ],CPS,CPS RSD,Conc. [ ppb ],CPS,CPS RSD,Conc. [ ppb ],CPS,CPS RSD,Conc. [ ppb ],CPS,CPS RSD,Conc. [ ppb ],CPS,CPS RSD,Conc. [ ppb ],CPS,CPS RSD,Conc. [ ppb ],CPS,CPS RSD,Conc. [ ppb ],CPS,CPS RSD,Conc. [ ppb ],CPS,CPS RSD,Conc. [ ppb ],CPS,CPS RSD,Conc. [ ppb ],CPS,CPS RSD,Conc. [ ppb ],CPS,CPS RSD,Conc. [ ppb ],CPS,CPS RSD,Conc. [ ppb ],CPS,CPS RSD,Conc. [ ppb ],CPS,CPS RSD,Conc. [ ppb ],CPS,CPS RSD,Conc. [ ppb ],CPS,CPS RSD,Conc. [ ppb ],CPS,CPS RSD,Conc. [ ppb ],CPS,CPS RSD,Conc. [ ppb ],CPS,CPS RSD,Conc. [ ppb ],CPS,CPS RSD,Conc. [ ppb ],CPS,CPS RSD,Conc. [ ppb ],CPS,CPS RSD,Conc. [ ppb ],CPS,CPS RSD,Conc. [ ppb ],CPS,CPS RSD,Conc. [ ppb ],CPS,CPS RSD,Conc. [ ppb ],CPS,CPS RSD,Conc. [ ppb ],CPS,CPS RSD,Conc. [ ppb ],CPS,CPS RSD,Conc. [ ppb ],CPS,CPS RSD,Conc. [ ppb ],CPS,CPS RSD,Conc. [ ppb ],CPS,CPS RSD,Conc. [ ppb ],CPS,CPS RSD,Conc. [ ppb ],CPS,CPS RSD,Conc. [ ppb ],CPS,CPS RSD,Conc. [ ppb ],CPS,CPS RSD,Conc. [ ppb ],CPS,CPS RSD,Conc. [ ppb ],CPS,CPS RSD,Conc. [ ppb ],CPS,CPS RSD,Conc. [ ppb ],CPS,CPS RSD,Conc. [ ppb ],CPS,CPS RSD,Conc. [ ppb ],CPS,CPS RSD,Conc. [ ppb ],CPS,CPS RSD,Conc. [ ppb ],CPS,CPS RSD,Conc. [ ppb ],CPS,CPS RSD,Conc. [ ppb ],CPS,CPS RSD,Conc. [ ppb ],CPS,CPS RSD,Conc. [ ppb ],CPS,CPS RSD,Conc. [ ppb ],CPS,CPS RSD,Conc. [ ppb ],CPS,CPS RSD,Conc. [ ppb ],CPS,CPS RSD,Conc. [ ppb ],CPS,CPS RSD,Conc. [ ppb ],CPS,CPS RSD,Conc. [ ppb ],CPS,CPS RSD,Conc. [ ppb ],CPS,CPS RSD,Conc. [ ppb ],CPS,CPS RSD,Conc. [ ppb ],CPS,CPS RSD,Conc. [ ppb ],CPS,CPS RSD,Conc. [ ppb ],CPS,CPS RSD,Conc. [ ppb ],CPS,CPS RSD,Conc. [ ppb ],CPS,CPS RSD,Conc. [ ppb ],CPS,CPS RSD,Conc. [ ppb ],CPS,CPS RSD,Conc. [ ppb ],CPS,CPS RSD,Conc. [ ppb ],CPS,CPS RSD,Conc. [ ppb ],CPS,CPS RSD,Conc. [ ppb ],CPS,CPS RSD,Conc. [ ppb ],CPS,CPS RSD,CPS,CPS RSD,ISTD Recovery %,CPS,CPS RSD,ISTD Recovery %
66  Zn  [ No Gas ] :  CPS RSD value = 6.49 is over the allowed maximum = 5.00137  Ba  [ No Gas ] :  CPS RSD value = 5.32 is over the allowed maximum = 5.00,FALSE,001SMPL.d,06-05-2025 14:56,Sample,,Wash,,2148.99,12.4,,3.34,173.2,,16.68,69.3,,0,N/A,,16950.96,4.4,,290.29,12.4,,7292.61,3.1,,36.7,63,,50860.22,2.6,,807.5,17.4,,920.96,9.3,,46.71,44.6,,1034.41,8.7,,196.86,33.1,,1912.05,7.9,,467.14,3.3,,25122.32,6.5,,3410.52,7.5,,320.33,19.5,,0,N/A,,6872.01,2.2,,220.22,9.1,,4208.24,4.9,,160.16,21.7,,186.85,21.7,,16.68,91.7,,53.33,28.6,,6.67,173.2,,143.48,17.6,,23.36,49.5,,1915.4,6.5,,680.7,3.9,,20.02,86.6,,0,N/A,,323.66,4.7,,40.04,25,,126.79,19.9,,20.02,86.6,,5303.09,4.8,,223.56,24.7,,26587.7,5.3,,3216.97,3.7,,21025.12,3,,163.5,3.5,,30.03,57.7,,220.22,39.6,,36.7,150.2,,33.37,17.3,,6.67,173.2,,46.71,53.9,,6.67,86.6,,6.67,86.6,,3.34,173.2,,40.04,75,,0,N/A,,23.36,137.8,,3.34,173.2,,26.69,21.7,,16.68,69.3,,3.34,173.2,,3.34,173.2,,10.01,0,,13.35,86.6,,10.01,100,,0,N/A,,6.67,86.6,,0,N/A,,3.34,173.2,,16.68,91.7,,16.68,34.6,,3.34,173.2,,3.33,173.2,,0,N/A,,76.67,15.1,,26.67,57.3,,480.49,10.4,,300.31,18.6,,176.84,11.8,,170.17,5.9,,1131.19,14.9,,794.14,4.8,,146.67,21.9,,43.33,26.6,,23.36,65.5,,26.69,57.3,,16.68,34.6,,10.01,100,1679297.53,2.3,,547951.03,1.8,
66  Zn  [ No Gas ] :  CPS RSD value = 5.25 is over the allowed maximum = 5.00138  Ba  [ He ] :  CPS RSD value = 5.25 is over the allowed maximum = 5.00,FALSE,002SMPL.d,06-05-2025 15:01,Sample,,Wash,,1805.26,4.5,,0,N/A,,13.35,114.6,,0,N/A,,16954.31,1.2,,203.54,32,,5349.77,0.9,,36.7,95.8,,52049.26,0.9,,894.26,4.7,,927.63,12.6,,46.71,65.5,,1164.55,6.1,,250.25,16,,2028.86,8,,447.12,14.4,,25149.02,5.2,,3570.73,3.3,,253.59,19.5,,0,N/A,,6324.53,2.9,,193.53,21.5,,4048.02,6.8,,156.82,3.7,,206.87,28.4,,16.68,34.6,,156.67,25.8,,16.67,173.2,,186.85,29.5,,53.39,92.5,,2015.52,8.3,,674.03,19.3,,10.01,0,,0,N/A,,216.88,5.3,,46.71,68.9,,153.49,35.9,,33.37,75.5,,3730.96,3.2,,146.81,17.2,,25497.78,1.5,,3176.92,3.9,,20433.54,5.3,,193.53,20.9,,30.03,57.7,,377.05,8.1,,136.8,36.8,,63.4,32.9,,16.68,91.7,,50.05,20,,6.67,173.2,,16.68,124.9,,0,N/A,,16.68,124.9,,0,N/A,,13.35,114.6,,3.34,173.2,,6.67,173.2,,16.68,69.3,,3.34,173.2,,6.67,86.6,,23.36,99,,6.67,86.6,,10.01,100,,6.67,173.2,,13.35,43.3,,6.67,173.2,,10.01,100,,3.34,173.2,,10.01,0,,0,N/A,,10,0,,3.33,173.2,,100,34.6,,56.67,40.8,,513.86,6.8,,296.97,17,,236.91,24,,240.24,26,,1024.4,5.4,,910.92,12.2,,120,36.3,,43.33,35.3,,76.74,32.8,,20.02,86.6,,20.02,100,,13.35,43.3,1689085.91,1.7,,557068.94,0.6,
66  Zn  [ No Gas ] :  CPS RSD value = 6.13 is over the allowed maximum = 5.00,FALSE,003SMPL.d,06-05-2025 15:05,Sample,,Wash,,1955.44,5.8,,6.67,173.2,,16.68,69.3,,0,N/A,,17164.8,2.8,,196.87,32.3,,4685.53,3.5,,30.03,57.7,,51878.47,2.7,,1104.49,8.4,,1004.38,9,,50.05,52.9,,987.69,4.8,,236.9,21.3,,2112.29,10.7,,537.22,15.8,,25118.91,6.1,,3687.54,5.9,,206.88,43.9,,3.34,173.2,,4999.3,8,,166.83,21.1,,3584.08,2.9,,150.15,30.6,,196.86,21.2,,20.02,86.6,,76.67,58.8,,30,66.7,,116.78,4.9,,20.02,50,,1985.48,3.4,,727.42,7.6,,6.67,86.6,,3.34,173.2,,206.87,10.1,,10.01,100,,203.54,24.8,,26.69,94.4,,2976.66,2.7,,80.08,45.1,,25909.03,2,,3143.54,7.2,,20730.95,2.6,,173.51,14.5,,23.36,65.5,,320.33,14.3,,96.76,6,,50.05,52.9,,13.35,114.6,,40.04,0,,13.35,114.6,,3.34,173.2,,0,N/A,,43.38,74.2,,0,N/A,,13.35,43.3,,3.34,173.2,,23.36,107.9,,3.34,173.2,,16.68,69.3,,6.67,173.2,,16.68,91.7,,6.67,86.6,,13.35,114.6,,0,N/A,,10.01,100,,10.01,100,,3.34,173.2,,0,N/A,,23.36,24.7,,3.34,173.2,,0,N/A,,3.33,173.2,,70,49.5,,26.67,57.3,,437.12,30.2,,276.95,5.5,,190.19,10.5,,176.84,46.1,,1051.11,4.9,,834.18,10,,83.33,42.1,,73.33,83.3,,56.72,36.7,,16.68,34.6,,36.7,68.6,,30.03,57.7,1649997.09,2.1,,550365.11,0.1,
,FALSE,005CALB.d,06-05-2025 15:14,CalBlk,1,Blank,0,1892.03,5.3,0,16.68,34.6,0,10.01,100,0,0,N/A,0,16920.87,2.8,0,110.11,9.1,0,4692.2,8.6,0,40.04,66.1,0,51459.78,2.7,0,1027.74,5.4,0,934.31,9.6,0,66.73,31.2,0,1141.19,7.9,0,266.94,43.9,0,2038.87,3.7,0,427.1,5.9,0,27666.53,3.5,0,3847.76,9.2,0,210.21,28.6,0,3.34,173.2,0,3647.5,2.1,0,123.46,30.7,0,3630.82,10.8,0,113.45,41.7,0,193.53,25.5,0,10.01,0,0,90,19.2,0,6.67,86.6,0,126.79,12.1,0,20.02,0,0,1678.46,2.7,0,690.71,21.3,0,26.69,21.7,0,0,N/A,0,233.57,25.8,0,43.38,35.3,0,140.14,14.3,0,36.7,63,0,1801.94,5.8,0,106.77,53.3,0,25247.02,2.5,0,3066.78,8.7,0,20861.33,4.6,0,156.82,38.5,0,20.02,0,0,333.67,12.1,0,83.42,36.7,0,40.04,0,0,16.68,173.2,0,30.03,33.3,0,3.34,173.2,0,16.68,91.7,0,0,N/A,0,36.7,41.7,0,6.67,86.6,0,13.35,43.3,0,3.34,173.2,0,13.35,86.6,0,6.67,86.6,0,3.34,173.2,0,6.67,173.2,0,26.69,108.3,0,10.01,0,0,3.34,173.2,0,6.67,173.2,0,26.69,78.1,0,6.67,173.2,0,10.01,100,0,6.67,173.2,0,13.35,43.3,0,3.34,173.2,0,16.67,69.3,0,6.67,86.6,0,60,33.3,0,43.33,13.3,0,527.21,17.2,0,213.55,5.4,0,243.58,35,0,176.84,19.9,0,1007.72,5.5,0,850.86,21.5,0,93.33,6.2,0,26.67,94.4,0,63.4,55.5,0,40.04,43.3,0,30.03,33.3,0,23.36,99,1661349.58,1.2,100,539326.16,1.6,100
66  Zn  [ No Gas ] :  CPS RSD value = 6.00 is over the allowed maximum = 5.00232  Th  [ No Gas ] :  CPS RSD value = 5.15 is over the allowed maximum = 5.00,FALSE,006CALS.d,06-05-2025 15:18,CalStd,2,Standard 1,0.112,9225.67,2.7,0.17,63.4,24.1,0.113,2032.19,3,0.132,40.04,25,0.114,28368.19,3.1,0.099,420.43,10.4,0.103,20105.17,1.2,0.112,1257.99,7.6,0.087,63080.68,1,0.093,2432.66,8.9,0.103,17749.59,1.2,0.107,3096.8,8.4,0.116,5356.45,4.1,0.115,1194.59,13.4,0.123,12785.59,4.4,0.125,3206.94,4.9,0.092,29846.84,6,0.173,4378.45,3.4,0.105,9386.06,0.7,0.096,367.04,1.6,0.1,20342.78,4.4,0.094,687.38,9.7,0.105,26025.13,0.8,0.103,910.94,7.7,0.106,27620.23,2.7,0.113,2199.05,6.6,0.101,13550.39,4.9,0.109,1973.49,11.4,0.101,3891.16,8.4,0.116,1107.82,9.1,0.084,7543.1,4.2,0.084,2592.86,7.5,0.102,2078.93,4.6,0.11,473.82,24,0.098,6301.2,1.5,0.101,880.91,9.3,0.097,9229.24,3.3,0.098,1217.95,11.2,0.103,27286.39,1.2,0.109,2179.04,4.3,0.531,40605.23,2,0.523,4959.28,3.8,0.507,33005.78,2.3,0.1,27647.79,0.7,0.109,5633.58,3.1,0.105,25898.89,1.8,0.107,6731.9,7.7,0.103,29015.55,4.1,0.106,6064.2,2.5,0.1,4875.84,3.1,0.096,1047.76,13.6,0.098,4128.16,4.8,0.106,981.03,8,0.103,15297.94,3.3,0.115,4204.92,5.3,0.103,4732.31,2.4,0.098,1578.35,8.5,0.098,26972.62,4.5,0.107,9232.66,1.9,0.101,6815.34,2.3,0.103,2065.58,0.7,0.101,26170.4,3.6,0.106,9079.06,2.2,0.099,8584.89,5.2,0.112,3230.33,6.2,0.1,26076.82,3.1,0.108,9840.44,2.7,0.107,6047.54,3.7,0.113,2402.64,6.3,0.098,24428.5,2.4,0.114,5813.86,7,0.101,6648.47,4.7,0.103,2290.22,1.2,0.052,11909.08,4.3,0.046,5291.15,4.3,0.099,14239.2,2.1,0.108,6915.57,4.4,0.119,2609.56,0.8,0.113,2192.4,9.7,0.114,12285.16,1.9,0.113,10065.05,1.7,0.099,16174.12,2.2,0.107,6781.92,3.3,0.1,18382.57,5.1,0.1,8331.23,1.5,0.099,17045.88,2.3,0.103,8731.97,2.3,1649443.3,1.4,99.3,542509.5,3.3,100.6
89  Y  [ He ] :  CPS RSD value = 5.98 is over the allowed maximum = 5.00,FALSE,007CALS.d,06-05-2025 15:23,CalStd,3,Standard 2,1.12,75300.25,0.9,0.982,286.96,10.1,1.097,19663.68,2.6,1.164,353.7,9.1,1.075,124743.99,1.4,1.068,3470.6,5.1,1.044,161216.15,3.5,1.118,12147.65,1.5,1.041,191288.71,1.9,1.054,16957.7,2.1,1.049,172432.75,3.4,1.083,30866.44,1.4,1.07,39969.72,2,1.121,9292.55,2.2,1.1,98020.58,3.5,1.106,25055.24,1.6,1.268,57843.39,2.1,1.339,7953.68,2.5,1.058,92436.47,2.2,1.034,3924.52,9.2,1.043,177038.13,1.6,1.056,6488.12,4.2,1.044,225879.34,1.7,1.114,8704.94,1.5,1.05,270724.54,0.8,1.051,20443.13,6,1.008,134440.21,1.8,1.058,19113.99,3.3,1.044,39104.24,2.5,0.995,9322.67,2.7,1.15,82312.89,0.3,1.289,29867.56,2.2,1.048,21008.08,3.9,1.008,4341.75,4.2,1.017,63227.98,0.6,1.022,8511.34,3.5,1.003,94230.87,2,1.024,12321.59,3.2,1.046,259750.98,2.2,1.055,20189.58,1.1,1.362,64608.02,2.1,1.314,7823.57,5.5,1.396,54313.39,2.3,1.048,287493.68,1.9,1.052,54380.17,1.4,1.013,247950.56,2,1.023,63525.26,0.8,1.019,288070.21,1.1,1.076,61419.89,1.7,1.048,50685.45,3.5,1.025,11172.78,3.7,1.019,42704.69,1.5,1.047,9693.44,2.4,1.038,153469.34,1.1,1.025,37406.19,1.3,1.018,46663.01,0.8,1.045,16828.1,1.5,1.033,283363.36,1.2,1.038,89882.91,0.4,1.004,67468.4,1.7,1.031,20614.27,2.4,1.029,265958.64,3.2,1.039,88606.96,2.7,0.998,86733.14,2.7,1.056,30343.82,1.3,1.005,261769.97,1.7,1.063,96746.99,5,1.037,58656.45,3.4,1.045,22105.04,2.4,0.991,246691.7,1.5,1.042,53002.68,4.8,1.012,66527.82,0.8,1.056,23482.2,2.7,0.625,142967.18,3.3,0.577,66079.61,2.2,0.992,138006.48,1.6,1.056,65805.6,1.9,1.063,21420.2,3.6,1.089,19575.31,3.6,1.027,102850.56,3.4,1.045,86388.28,0.6,0.978,158906.58,0.5,1.034,65532.11,4.2,1.009,185324.45,1.6,1.003,83371.91,3.9,0.986,169752.52,1.7,1.035,87156.08,3.8,1658915.79,1.3,99.9,542851.64,1.2,100.7
,FALSE,008CALS.d,06-05-2025 15:28,CalStd,4,Standard 3,10.992,722207.26,2,10.668,2953.28,4.5,10.466,187493.9,1.1,10.782,3277.01,2.9,10.453,1065666.79,0.7,10.765,33976.66,1.8,9.945,1495306.61,1.9,10.541,114183.56,1.5,10.394,1447459.65,2.7,10.578,160880.72,0.8,10.136,1658210.77,0.6,10.495,298513.21,2.3,10.456,380705.52,2.3,10.677,86236.62,1.8,10.249,896693.55,1,10.804,240952.33,3,10.345,273954.53,1.4,10.736,36777.56,2.3,10.114,881465.89,3,10.588,40144.12,3.1,10.123,1685910.39,1.1,10.738,64864.47,1.3,9.936,2119260.05,3.9,10.592,81815.64,1.1,10.287,2651333,0.3,10.733,208602.29,1.8,9.897,1319103.58,1.6,10.449,188726.94,1.7,10.125,378015.01,2.7,10.678,99852.28,0.9,13.237,929807.7,1.7,14.821,336090.4,0.8,10.202,204304.1,0.8,10.477,45107.39,4.7,10.044,622282.22,1.3,10.521,87201.46,3.1,10.066,944094.02,0.7,10.357,124274.11,1,10.145,2503963.24,3.5,10.613,202198.66,1.2,10.59,331391.29,0.8,10.703,41816.9,0.9,10.409,270269.38,1.1,9.956,2730241.81,4,10.525,543898.09,0.6,10.237,2501345.52,1,10.258,636026.28,0.4,9.847,2783368.37,2.2,10.343,590089.46,0.9,10.137,490117.72,3.6,10.318,112435.71,2.1,10.027,419914.69,2.4,10.062,93121.91,2.7,10.091,1491220.18,1,10.07,367563.57,1.8,9.909,454133.78,0.9,10.206,164261.78,3,10.184,2794204.94,3.7,10.065,871748.18,0.9,9.622,646633.2,2.2,10.074,201454.74,1.1,10.256,2649919.92,4.6,10.012,853765.09,1.7,9.629,836586.46,2.9,10.062,289031.27,3.5,10.02,2609780.78,0.4,10.037,913122,1.8,10.091,570785.85,3.4,10.052,212663.3,3.3,9.88,2458496.47,0.7,10.049,511342.71,0.9,9.917,651803.7,1.1,10.142,225448.1,2.8,8.217,1877482.42,0.9,8.338,953705.66,3.3,9.687,1343616.38,1.7,9.872,613631.56,3.2,10.22,203754.37,1.4,10.282,183326.76,2.2,9.767,969791.38,2.3,10.12,829222.99,0.8,9.853,1600768.93,4,10.069,637829.86,0.6,9.921,1820852.63,3,9.826,816550.61,2.4,9.88,1700725.31,2.4,9.958,838175,3.2,1630616.4,1.8,98.2,547116.23,1.7,101.4
,FALSE,009CALS.d,06-05-2025 15:32,CalStd,5,Standard 4,21.131,1386627.93,2.3,20.113,5553.36,6.7,20.731,371382.94,1,20.314,6174.25,2.8,20.338,2057372.27,1.4,20.488,64565.24,2.4,19.936,2992726.69,2.8,20.78,225060.78,2,20.251,2771375.97,0.6,19.999,303239.26,3.9,19.998,3270916.55,1.1,20.986,596861.05,1.4,20.244,736070.13,0.9,20.753,167371.12,3.7,20.142,1760175.7,1.6,20.732,461967.76,1.9,20.433,514099.03,1.2,20.571,66944.59,1.6,19.709,1717487.59,1.7,20.445,77516.83,1.2,19.973,3322843.37,1.8,20.904,126157.4,1.8,19.59,4174940.57,2.2,20.466,157982.03,0.7,20.427,5264817.53,2.6,20.794,404149.03,1.6,19.396,2585072.88,1.3,20.149,363922.52,1.6,19.413,724689.85,3,20.524,191902.73,1.6,22.541,1582158.1,0.6,24.591,557189.77,1.9,20.118,402844.51,2.3,20.533,88399.07,3,19.288,1194746.62,1.7,20.301,168226.17,3.5,19.264,1806729.34,0.4,20.474,245620.51,2.2,20.163,4974823.37,1.7,20.436,389235.91,2.3,20.265,611067.14,0.5,20.545,77449.62,0.8,20.487,511744.25,0.3,19.504,5348267.86,1.8,20.343,1051209.23,0.5,19.372,4733353.57,0.7,20.319,1259696.89,2.2,19.517,5516778.87,1.7,20.22,1153607.31,0.7,19.463,941057.21,1.2,19.803,215795.64,2.8,19.638,822385.15,2.4,20.206,187011.1,2.3,19.234,2842474.46,4.3,19.511,712199.65,0.7,19.455,891618.42,1.2,19.761,318043.91,3.2,19.497,5349330.8,4.9,19.402,1680421.1,2.3,19.171,1288379.84,2.5,19.748,394910.59,4.7,19.451,5025426.58,3.6,19.831,1691080.67,2.5,19.237,1671430.03,0.8,20.008,574742.11,1.5,19.494,5077498.13,0.6,19.795,1800876.04,4.8,19.741,1116636.56,3,19.772,418296.75,2.1,19.368,4819401.7,2.2,19.873,1011164.29,2.5,19.556,1285336.83,1.9,19.762,439285.97,2.6,17.634,4029096.81,2.3,18.276,2090343.88,2.1,19.447,2696906.39,0.3,19.363,1203339.43,1.8,20.007,398645.54,2.9,20.46,364608.19,2,19.535,1938719.19,1.2,19.77,1619125.64,2.1,19.081,3099881.2,2.3,20.081,1271979.38,1.6,19.924,3656769.28,2.7,19.77,1642890.65,2,19.743,3398620.71,1.7,20.029,1685749.29,3.2,1620959.77,2,97.6,540132.47,1.6,100.1
107  Ag  [ No Gas ] :  CPS RSD value = 7.99 is over the allowed maximum = 5.00107  Ag  [ He ] :  CPS RSD value = 10.87 is over the allowed maximum = 5.00163  Dy  [ No Gas ] :  CPS RSD value = 5.30 is over the allowed maximum = 5.00206  [Pb]  [ He ] :  CPS RSD value = 5.48 is over the allowed maximum = 5.00103  Rh ( ISTD )  [ He ] :  CPS RSD value = 17.94 is over the allowed maximum = 5.00,FALSE,010CALS.d,06-05-2025 15:37,CalStd,6,Standard 5,51.178,3355656.08,2.7,51.019,14061.25,3,50,895700.83,1.2,51.505,15654.55,2.8,49.873,5020504.47,2,50.665,159503.81,1.1,48.91,7335547.23,0.3,50.835,550516.94,1.6,49.559,6707851.41,1.7,50.187,759429.33,0.5,49.366,8072911.89,2,50.806,1444882.65,0.4,49.004,1780132.06,1.8,50.232,404737.88,1.1,49.15,4292299.39,2.3,50.346,1121216.69,2.5,50.285,1224776.42,2.1,49.491,155645.14,0.8,48.171,4197312.01,2.5,50.761,192453.07,3.7,49.7,8262758.4,2.3,49.917,301079.44,1.9,47.881,10198908.93,1.9,50.19,387255.94,0.6,49.14,12664819.43,1.4,49.388,959864.89,0.6,47.816,6372590.95,0.9,49.862,900569.88,2,47.627,1777734.35,3.7,48.961,457772.03,1.1,53.545,3755982.14,8,50.284,1138648.83,10.9,48.375,968647.42,2.1,49.843,214585.12,1.8,46.545,2882767.56,3.4,49.373,409075.83,2.3,48.466,4545281.54,0.5,49.774,597071.07,1.4,48.011,11843265.37,3.2,49.668,945874.63,2.5,49.828,1465673.54,2.4,50.349,185351.64,2,49.028,1195584.62,2.6,49.091,13461545.32,1.9,50.865,2628439.9,2.4,49.345,12056408.1,1.9,49.067,3041931.21,3,47.933,13548798.83,0.4,51.465,2936138.54,3.5,47.993,2320392.07,1.2,49.701,541598.45,1,47.312,1981273.41,0.5,50.126,463921.67,2.1,48.62,7185132.44,1.4,48.918,1785607.54,1.1,47.145,2160581.89,1.7,49.867,802583.73,1.9,48.973,13436598.29,0.2,49.543,4291040.01,3.3,47.2,3172107.11,5.3,50.613,1012129.24,0.7,48.804,12609306.83,3.2,49.206,4196073.79,3.8,48.292,4195826.36,1.6,51.209,1471013.57,2,48.431,12614469.91,1.4,50.325,4578277.76,2.2,47.447,2683822.89,1.8,51.25,1084227.2,1.4,48.659,12107628.07,1.9,51.395,2615115.28,2.1,47.727,3136923.08,4.2,50.602,1124804.41,1.5,47.42,10834584.84,2.6,48.423,5538503.88,2.9,47.779,6625162.26,4.6,49.593,3081729.34,2.1,49.829,992497.94,5.5,50.736,903896.86,3.3,49.037,4865011.9,1.1,50.071,4099452.61,2.6,47.435,7706041.97,1.1,50.069,3171473.18,2,47.563,8729550.82,3,48.84,4058602.36,2.8,47.363,8153278.29,2,49.887,4198816.43,0.6,1624146.39,0.7,97.8,474531.03,17.9,88
107  Ag  [ He ] :  CPS RSD value = 7.31 is over the allowed maximum = 5.00,FALSE,011CALS.d,06-05-2025 15:41,CalStd,7,Standard 6,74.877,4908671.7,0.7,76.371,21040.37,1,76.137,1363920.28,1.1,75.273,22878.57,1.6,75.502,7591822.05,2.2,75.805,238595.71,0.7,75.902,11381269.63,1.6,76.053,823592.89,0.6,75.829,10236150.96,0.6,76.333,1154520.75,2.9,74.927,12252447.47,1.3,76.181,2166484.67,1.4,73.974,2686589.62,1,75.562,608699.34,1.5,75.617,6602534.01,2.4,75.886,1689786.09,1.8,76.108,1839538.97,1.6,75.298,234802.31,3,75.036,6538062.04,2.7,75.683,286940.95,1.4,75.754,12592443.3,1.4,74.879,451577.29,2.5,75.021,15977782.4,1,76.399,589419.86,2.4,76.839,19803699.15,0.5,73.35,1425565.62,2.2,75.463,10057152.56,1.6,76.026,1373132.22,1.8,76.209,2844533.92,1.9,74.26,694302.48,1.5,74.168,5201998.05,4.2,71.833,1626316.53,7.3,75.211,1505986.14,1.1,74.839,322202.51,2.3,76.516,4738843.65,2,73.231,606731.8,2.1,74.79,7013875.55,1.3,74.596,894815.44,1.1,74.839,18460084.29,1.3,72.219,1375287.74,1.9,77.012,2251498.69,1,75.499,276402.89,1.7,72.67,1762071.87,3.7,74.623,20462844.55,1.4,74.573,3853546.89,1.8,76.958,18802817.02,1.3,73.424,4551906.92,1.4,74.316,21006026.49,4.2,72.449,4133303.1,1.7,75.458,3648303.52,4.3,73.376,799573.53,3.4,75.772,3173073.81,3.8,74.82,692461.37,2.4,75.16,11107156.34,2.8,72.816,2657913.13,2.5,74.438,3411381.49,4.6,74.752,1203094.42,2.4,76.162,20896119.08,0.5,73.837,6395234.21,1.4,74.779,5025618.34,3.5,75.412,1508040.91,3.4,74.985,19373384.67,3.3,73.43,6261734.04,0.9,73.143,6354969.78,4.4,74.968,2153516.44,2.4,74.841,19493367.57,0.7,76.455,6955505.73,2.1,74.602,4219835.47,2.9,75.726,1602034.12,4.3,74.815,18616088.63,1.5,75.823,3858043.26,0.7,75.045,4932432.01,2.9,76.288,1695738.52,3.8,75.213,17184842.24,2.7,76.747,8778167.16,1,73.462,10186253.77,0.8,75.188,4672123.8,1.5,75.688,1507420.71,0.8,75.377,1342818.29,1.8,74.899,7430325.76,1.4,74.864,6128921.64,1.4,73.345,11915272.32,2.1,76.374,4837732.74,2.7,73.25,13444059.92,1.9,74.181,6164412.76,1.1,74.607,12843120.23,3,75.889,6387283.96,1.3,1654110.89,1.5,99.6,546897.13,2,101.4
,FALSE,012CALS.d,06-05-2025 15:45,CalStd,8,Standard 7,99.177,6501085.89,0.8,98.373,27097.04,3,98.953,1772643.85,1,98.9,30059.48,3,99.573,10006760.53,0.8,98.889,311216.87,1.6,99.886,14976012.71,3.5,98.581,1067538.16,1.5,99.509,13416680.87,0.8,98.849,1494773.32,0.8,100.358,16410573.11,0.7,98.464,2800172.99,1.3,101.172,3673960.01,1.6,99.243,799382.38,0.4,99.908,8722800.11,2.7,98.934,2202880.96,3.1,98.903,2382200.85,2.7,99.84,310075.6,0.1,100.934,8794620.05,3.1,98.959,375185.32,1,99.577,16551425.21,3.9,99.877,602287.67,2.1,101.132,21537655.2,3.8,98.702,761451.56,1.6,98.936,25498536.09,2.4,101.311,1968992.28,0.8,100.875,13443848.13,2.8,99.224,1792112.21,1,100.384,3746806.92,1.3,100.902,943382.97,0.5,98.018,6874293.06,4,100.83,2282513.87,3.6,100.609,2014530.68,2.1,100.045,430718.18,1.9,100.728,6238319.17,1.2,101.527,841150,1.1,101.065,9478006.36,1.6,100.286,1202962.55,2.1,101.067,24928974.86,1.7,102.103,1944321.62,1.8,98.461,2871546.03,2.2,99.268,362459.65,1.3,102.091,2466988.34,0.9,100.84,27651774.33,0.8,99.766,5155337.02,2.1,98.96,24178295.84,1.7,101.558,6296026.25,2.2,101.658,28734756.48,1.3,101.102,5768008.44,1.2,100.753,4871280.67,1.2,101.375,1104682.84,1.9,100.834,4222592.19,1.2,100.024,925727.63,0.4,100.714,14883488.52,1.6,102.269,3733012.6,1.7,101.967,4672985.5,1.3,100.279,1613933.78,0.8,99.724,27360681.57,2.6,101.213,8766309.04,0.7,101.769,6839490.13,0.8,99.427,1988272.45,0.9,100.693,26015568.95,2.2,101.607,8664568.34,2.2,102.436,8900072.59,2.6,99.411,2855672.56,2.4,101.003,26307341.56,1.6,98.783,8986768.04,0.7,101.618,5747981.74,1.4,98.87,2091667.14,1.1,100.948,25118663.71,3.5,98.705,5022352.88,2.2,101.2,6651520.53,3.2,98.766,2195384.29,2.7,101.786,23256262.99,1.1,99.993,11436956.08,1.1,102.406,14199325.19,2.9,100.202,6226443.12,1.4,99.545,1982500.78,0.6,99.228,1767663.34,3.1,100.674,9986965.73,1.3,100.1,8194642.05,0.9,102.723,16687812.25,1.3,98.911,6265273.24,2.4,102.554,18822331.12,0.5,101.257,8414371.26,1.5,101.676,17502887.92,1.9,99.388,8365058.83,1.8,1645079.14,2.6,99,553424.6,1,102.6
66  Zn  [ No Gas ] :  CPS RSD value = 5.79 is over the allowed maximum = 5.00,FALSE,013SMPL.d,06-05-2025 15:50,Sample,,Wash,0.201,15063.29,0.6,0.121,50.05,111.4,0.012,233.57,47.2,0,0,N/A,0.026,19503.6,3.4,0.024,186.85,27.5,0.084,17275.11,4.4,0.084,944.31,6.7,0.123,68022.88,0.3,0.089,2365.91,0.6,0.044,8123.95,1.6,0.047,1394.81,9.3,0.139,6170.97,8.1,0.145,1431.51,11.7,0.351,32709.45,1.5,0.365,8551.32,0.8,0.672,43662.13,5.8,0.655,5857.16,5.2,0.022,2125.63,9.6,0.021,83.42,18.3,0.206,37842.26,3.3,0.224,1471.56,9.5,0.087,22063.95,3.2,0.091,817.51,24.2,0.015,3931.21,3.7,0.014,273.61,40.3,0.013,1780.13,5.4,0.012,230,15.7,0.133,5106.13,6.4,0.157,1484.91,8.6,0.225,17479.33,4.4,0.236,6024.12,7.7,0.017,363.71,17.9,0.009,36.7,63,0.02,1488.25,6.7,0.026,260.27,30,0.055,5283.06,5.2,0.068,857.56,8.2,0.08,21533.06,3.4,0.082,1668.45,6.6,<0.000,21703.57,1.6,<0.000,2703,13.5,<0.000,17436.03,3.6,0.016,4425.21,3.9,0.017,897.6,0.6,0.029,7316.12,4.3,0.03,1932.09,7.1,0.006,1718.51,5.9,0.007,420.43,13.3,0.015,764.13,5.9,0.017,183.52,35.5,0.005,213.55,11.8,0.006,56.72,36.7,0.004,620.64,21.8,0.004,163.5,3.5,0.007,330.34,19.9,0.005,83.42,25,0.004,1091.14,6.4,0.004,340.35,19.3,0.006,423.77,33.2,0.006,116.78,62,0.004,1071.12,11,0.004,333.67,13.5,0.004,390.4,23.1,0.005,140.14,25.8,0.004,961,9.9,0.004,380.39,22.8,0.004,230.23,23,0.003,73.41,15.7,0.003,787.48,5.1,0.005,233.57,30.1,0.011,713.36,7.2,0.012,283.34,14.3,0.066,15145.97,2.9,0.086,9900.66,7.7,0.033,5139.57,5,0.037,2519.46,7.7,0.161,3457.29,3.6,0.164,3106.84,1.8,0.155,16364.04,3,0.161,14043.92,1.6,0.032,5311.17,4.8,0.03,1910.16,5,0.02,3767.7,9.1,0.022,1828.64,3.8,0.023,4021.38,6.8,0.023,1972.15,9.5,1605810.34,2.3,96.7,539480.81,1.2,100
66  Zn  [ No Gas ] :  CPS RSD value = 5.56 is over the allowed maximum = 5.00,FALSE,014SMPL.d,06-05-2025 15:54,Sample,,Wash,0.194,14619.06,1.1,0.158,60.06,33.3,0.013,240.24,12.5,0,0,N/A,0.025,19410.07,2,0.038,230.23,8.7,0.083,17111.35,2.3,0.094,1054.43,12,0.114,66735.42,1.8,0.08,2239.1,8.8,0.044,8194.05,2.4,0.045,1338.08,11.4,0.14,6237.71,2,0.151,1484.9,8.5,0.348,32388.48,2.5,0.345,8110.6,2.6,0.661,43407.49,5.6,0.921,6671.7,3.3,0.022,2092.27,10.1,0.025,96.76,39.2,0.213,39020.31,1.9,0.213,1404.82,7.4,0.087,22120.75,2.6,0.088,794.15,8.6,0.014,3784.34,6.6,0.016,330.34,5.3,0.01,1446.75,2.9,0.013,240,47,0.05,1998.83,2.8,0.067,647.33,19.6,0.108,9219.18,2.2,0.112,3216.96,5.4,0.014,303.64,16.6,0.009,40.04,43.3,0.018,1361.44,3.8,0.018,193.53,34.4,0.032,3150.21,8.7,0.037,480.49,3.6,0.079,21269.03,2.5,0.076,1551.65,6.2,<0.000,21245.66,4.9,<0.000,2646.27,4.3,<0.000,16924.85,0.5,0.015,4381.82,6.3,0.013,707.4,13.4,0.029,7312.79,9.1,0.026,1701.82,8.1,0.006,1725.18,5.2,0.005,330.34,8,0.015,764.13,6.1,0.017,193.53,10.8,0.009,373.71,26.8,0.008,76.74,54.3,0.004,630.65,9.9,0.004,170.17,20.4,0.005,263.6,22.3,0.005,80.08,45.1,0.004,1004.38,10.7,0.004,327,1.8,0.006,407.08,14.8,0.008,160.16,16.5,0.004,1037.75,4.6,0.004,340.35,10.2,0.006,487.17,14.9,0.004,116.78,34.6,0.004,950.99,5.6,0.004,327,6.4,0.003,200.2,26.5,0.004,93.43,6.2,0.004,897.6,8.1,0.004,223.56,18.1,0.007,466.68,8.7,0.008,176.67,14.2,0.027,6128.21,5.6,0.035,4070.69,9,0.024,3794.4,5.6,0.025,1755.22,2.4,0.157,3367.18,7.2,0.168,3170.26,4.5,0.154,16330.66,0.9,0.156,13653.3,2.5,0.027,4437.49,4.9,0.029,1836.81,3.8,0.018,3280.42,4.5,0.018,1508.27,2.1,0.022,3734.33,6.8,0.025,2122.32,7.1,1622875.43,0.4,97.7,546046.96,0.2,101.2
107  Ag  [ No Gas ] :  CPS RSD value = 8.49 is over the allowed maximum = 5.00,FALSE,015_QC1.d,06-05-2025 15:59,QC1,,QC MES 50 ppb,50.391,3304064.49,1.3,51.783,14271.68,0.6,50.751,909146.6,1,48.923,14869.59,3.6,49.353,4968336.68,1.9,49.482,155780.9,0.5,49.464,7418539.39,1,50.207,543708.51,1.7,48.796,6605309.28,2.9,49.099,742985.62,1.1,49.145,8036650.42,0.8,49.781,1415729.53,1.5,47.91,1740412.08,3,49.557,399302.69,1.1,49.484,4321450,0.8,50.486,1124329.8,2.4,48.902,1191861.79,1.3,49.589,155946.42,0.2,49.502,4313313.85,0.7,49.652,188249.13,0.4,49.691,8261341.36,1.8,50.885,306914.56,1.5,48.639,10360344.33,0.4,50.39,388794,3.5,49.689,12806336.36,1.3,49.877,969377.22,1.2,49.582,6607898.65,1.8,50.087,904630.46,1.5,47.091,1757722.47,1.8,50.699,474021.88,1.8,50.565,3547083.97,8.5,56.112,1270521.54,5,49.787,996908.66,2.4,49.839,214568.19,1,47.571,2946322.89,1.1,51.163,423902,0.2,49.497,4641906.29,1.3,49.753,596824.82,1.7,49.796,12283521.46,1.4,50.575,963139.55,1.7,50.052,1472138.39,2.2,50.432,185651.65,1.1,50.151,1222494.58,1.8,49.728,13636258.79,3.4,51.569,2664827.86,1.7,48.874,11941127.4,1.6,49.963,3097438.28,0.6,49.174,13899639.25,4.4,51.195,2920764.83,1.3,49.022,2370157.97,0.1,48.476,528239.28,2.3,48.581,2034407.8,1.1,52.307,484103.72,0.5,49.666,7339660.51,1.8,49.707,1814405.35,3.8,48.515,2223353.36,1.1,51.108,822553.26,1.6,50.221,13778878.91,1.7,48.555,4205438.57,1.6,47.651,3202408.77,0.3,51.061,1021086.77,0.8,49.429,12770750.36,1.4,49.084,4185619.48,2.2,48.196,4187493.33,2,50.72,1456966.13,2.6,49.252,12828332.94,0.7,49.815,4531932.57,1.9,48.573,2747500.53,1.5,49.301,1043002.88,3.4,49.415,12295863.81,0.6,50.309,2559843.44,0.6,48.726,3202569.95,1.2,49.397,1098019.77,3.6,48.102,10990450.67,0.2,48.883,5591153.66,2.5,49.774,6901795.56,1.2,48.933,3040754.41,1.7,50.234,1000556.21,3.7,51.268,913374.11,1.8,49.606,4921531.44,2.3,49.863,4082448.74,1.1,47.759,7758746.14,2.2,50.004,3167388.08,2.4,50.244,9221547.4,1.5,49.157,4084940.26,3.5,50.459,8686096.74,2,49.629,4177046.11,3.8,1635761.49,2.2,98.5,551698.97,2.8,102.3
137  Ba  [ No Gas ] :  Concentration value = 313.33 is over the calibration range137  Ba  [ He ] :  Concentration value = 292.61 is over the calibration range138  Ba  [ He ] :  Concentration value = 297.30 is over the calibration range157  Gd  [ No Gas ] :  CPS RSD value = 6.50 is over the allowed maximum = 5.00175  Lu  [ No Gas ] :  CPS RSD value = 7.35 is over the allowed maximum = 5.00181  Ta  [ He ] :  CPS RSD value = 11.16 is over the allowed maximum = 5.00205  Tl  [ No Gas ] :  CPS RSD value = 5.03 is over the allowed maximum = 5.00205  Tl  [ He ] :  CPS RSD value = 10.28 is over the allowed maximum = 5.00,FALSE,016_QC2.d,06-05-2025 16:03,QC2, ,SJS-Std,57918.646,1013137.25,2.2,58923.001,4338.36,4.8,1609.771,7693.2,4.2,1854.169,150.15,23.1,11837.962,333354.24,1.5,12074.204,10230.79,2.1,116645.02,4662811.36,1.6,120011.601,346286.7,1.5,123824.267,4482530.77,0.7,120293.299,485351.16,1.6,13309.401,580758.48,3.4,13819.384,104773.48,0.7,84402.572,817503.23,1.9,86234.021,185268.91,1.7,33881.185,789997.45,0.5,34324.277,204013.93,0.5,123564.625,811420.3,1.6,123161.159,104495.54,1.4,17719.505,411557.47,1.1,18481.368,18671.87,2.8,105081.467,4656231.97,0.1,105079.651,168918.12,0.7,274901.554,15599251.37,0.7,275866.107,567056.43,1,16483.374,1132054.27,1.2,17102.589,88569.64,2.3,59051.266,2096873.04,1.3,59882.901,288169.55,0.9,2000.345,20018.7,4.2,1922.556,4809.05,9.6,724.746,15217.53,2.3,655.349,4642.15,6.7,489.782,2639.58,5.8,442.161,507.19,16.8,1778.966,29586.82,2.5,2001.807,4461.92,3.3,1913.616,47953.8,2.6,1912.132,6147.63,2.3,5625.513,371470.95,0.7,5743.579,29246.05,2.3,1176011.443,9082925.23,1.5,1098239.706,1062427.82,1.5,1115839.318,7144205.68,2.7,22156.305,1618883.26,2.2,22258.307,306466.7,0.4,44499.927,2897057.69,2.3,44589.339,736570.45,0.7,5046.511,380092.45,1.4,5123.278,77892.31,1.6,19315.376,248843.17,3.5,19045.642,55298.84,0.7,3801.724,42433.51,2.7,3833.566,9453.02,1.9,1093.627,43096.64,3.6,939.731,9145.81,1.6,3676.305,44901.75,6.5,3679.754,15782.43,2.5,521.056,38102.48,2.9,520.059,12007.76,3.1,3025.878,54184.38,3.3,3196.107,17035.31,3.7,620.145,42715.56,0.9,618.922,14072.02,1.1,1732.169,40100.99,3,1819.435,13931.71,0.8,249.238,17322.73,1.3,255.696,6204.43,4.7,1752.031,26414.39,1.8,1745.828,9847.12,8.6,251.517,16687.96,7.4,263.887,3580.78,5.1,2282.353,39984.51,2.7,2226.671,13193.72,3.3,1189.402,72465.07,3.8,1787.156,54504.76,11.2,678.781,25602.45,5,652.512,11016.05,10.3,20034.265,106535.61,2.8,18630.043,88591.28,2.1,18570.765,491794.18,4.3,19303.583,421846.02,1.1,326.57,14228.33,1.3,312.537,5301.17,4.4,10541.809,515557.26,1.3,10837.731,239990.12,1.4,3355.334,153920.93,1.9,3337.599,74867.58,3.4,1577792.9,1.3,95,517742.1,4,96
,FALSE,017QBLK.d,06-05-2025 16:07,FQBlk,,BLK 1,3.825,3076.76,3.4,5.129,23.36,49.5,0.315,36.7,41.7,0,0,N/A,2.91,18300.74,0.5,4.488,176.84,42.9,1.72,5910.57,4.7,0.717,76.74,32.8,24.675,67124.48,0.6,25.651,2859.84,2.7,1.861,2372.59,6.8,1.911,323.66,8.9,14.801,3680.88,5.2,13.677,787.48,9.6,5.962,4498.61,3.8,6.025,1061.11,12,296.388,61017.3,4.9,339.642,8771.69,2.2,0.421,383.73,9.9,0.372,10.01,100,2.256,5419.88,4.1,0.82,146.81,3.9,27.066,30870.53,1.5,30.661,1231.29,9.2,0.345,613.96,11.6,0.4,46.71,32.7,1.947,1316.74,8.9,1.523,136.67,27.7,7.282,1411.49,6.5,9.439,437.11,14.9,12.226,5730.35,1.8,13.041,2085.6,6.4,0.987,120.12,33.3,1.476,30.03,66.7,7.034,2292.5,4.2,7.158,323.66,28.7,2.206,1117.84,10.3,2.766,193.53,26.5,1.377,3407.21,3.7,1.112,206.87,27.5,<0.000,8614.88,5.8,<0.000,1087.81,9.8,<0.000,6758.6,5.6,0.309,557.24,20,0.383,113.45,13.5,0.705,1147.87,1,1.025,383.73,15.9,0.055,113.45,13.5,0.136,53.39,57.3,0.423,126.79,43.5,0.13,10.01,100,0.152,46.71,44.6,0.076,3.34,173.2,0.005,40.04,43.3,0,6.67,86.6,0.077,30.03,33.3,0.132,13.35,86.6,0.021,40.04,43.3,0.024,16.68,34.6,0.063,23.36,24.7,<0.000,3.34,173.2,0.008,36.7,31.5,<0.000,0,N/A,0.081,36.7,31.5,<0.000,3.34,173.2,0.008,36.7,68.6,0,6.67,86.6,0.037,20.02,50,<0.000,3.34,173.2,0.006,20.02,50,0.028,10.01,100,0.021,23.33,65.5,0.063,13.33,43.3,0.389,480.01,11.6,0.395,256.67,4.5,1.843,1735.2,7.4,2.318,894.26,16.3,8.58,1051.1,8.1,8.521,894.27,5,9.005,5229.71,7.6,9.315,4454.81,3.1,0.247,283.34,10.2,0.1,56.67,56.7,0.154,196.86,10.6,0.093,76.74,15.1,0.127,133.47,18.9,0.101,63.4,9.1,1624786.14,2.7,97.8,550392.62,2.2,102.1
45  Sc  [ No Gas ] :  CPS RSD value = 5.24 is over the allowed maximum = 5.00,FALSE,018SMPL.d,06-05-2025 16:12,Sample,,BLK 2,<0.000,2966.63,2.2,<0.000,20.02,0,0,36.7,83.3,0,0,N/A,1.495,19005.8,5.2,<0.000,160.16,27.2,<0.000,5673.55,6.4,0.786,116.78,44,0.871,67674.38,2.1,0.141,2869.86,8,<0.000,2179.03,7.7,<0.000,313.65,30.2,3.656,4305.01,4.1,7.139,1057.77,17,1.984,5313.05,4.9,0.893,1154.54,3.6,284.602,92875.62,3,255.161,12451.66,4.8,<0.000,367.04,32,0,10.01,100,0.466,5783.75,0.7,1.883,200.2,22.9,4.871,35747.81,4.9,0.552,1251.31,5.2,0.017,633.99,8.7,<0.000,23.36,65.5,3.825,3713.89,8.5,3.062,396.68,11.9,<0.000,964.34,11.5,<0.000,226.89,16.7,<0.000,4899.18,5.1,<0.000,1778.57,9.7,0,120.12,30,<0.000,13.35,114.6,10.167,5253.02,4.3,12.078,794.16,2.9,<0.000,894.26,11.9,<0.000,120.12,8.3,<0.000,2472.72,2.7,<0.000,150.15,6.7,<0.000,7840.29,8.1,<0.000,987.7,9.8,<0.000,6080.88,3.5,0.036,603.95,14.5,<0.000,106.77,35.5,0.081,1241.31,4.3,<0.000,306.98,8.2,0.055,186.85,27,<0.000,43.38,26.6,<0.000,83.42,60.4,0.26,23.36,137.8,<0.000,33.37,45.8,0.077,6.67,86.6,0.019,53.39,28.6,0,6.67,86.6,0.124,56.72,62,<0.000,13.35,114.6,<0.000,23.36,49.5,<0.000,3.34,173.2,0.042,36.7,56.8,0,3.34,173.2,0,36.7,56.8,0.042,16.68,91.7,<0.000,10.01,0,0,3.34,173.2,<0.000,13.35,43.3,0,6.67,86.6,<0.000,16.68,34.6,0.101,13.35,114.6,0,20.02,50,<0.000,3.34,173.2,0.043,36.67,68.6,0.064,20,50,<0.000,130,48,<0.000,96.67,15.8,<0.000,1234.64,10.6,<0.000,597.28,13.5,0.071,1057.77,10,<0.000,814.18,17.4,<0.000,4605.49,2.4,<0.000,3930.86,4.6,<0.000,180,44.4,0.056,73.33,28.4,<0.000,146.81,19.7,0.102,116.78,4.9,0.025,153.49,7.5,0.008,66.73,31.2,1624374.01,3.7,97.8,546047.17,1.8,101.2
103  Rh ( ISTD )  [ He ] :  CPS RSD value = 21.97 is over the allowed maximum = 5.00,FALSE,019SMPL.d,06-05-2025 16:16,Sample,,BLK 3,<0.000,2879.86,2.3,<0.000,6.67,86.6,0.034,40.04,25,0,0,N/A,1.144,18938.95,4.2,0.572,186.85,11.2,1.07,6801.89,6.7,0.111,83.42,36.7,15.395,78617.89,1.1,14.384,4068.03,3.5,0.235,2586.18,9.2,0.063,333.67,11.4,4.995,4688.87,3.3,6.412,1074.45,16.7,3.075,5990.69,3.8,3.668,1514.94,10.9,92.752,73290.85,2.4,70.897,9980.39,3.9,<0.000,377.05,24.1,0,10.01,100,2.046,7309.38,3.2,2.987,246.91,4.7,13.932,47359.21,0.8,11.441,1721.84,11.5,0.228,940.98,5.9,0.278,76.74,27.2,0.914,1993.49,12.9,1.527,290,21,0.82,1581.68,2.8,<0.000,420.43,14.3,<0.000,3430.56,4.2,<0.000,1244.64,10.8,<0.000,93.43,43.3,<0.000,23.36,24.7,<0.000,1401.48,4.5,<0.000,226.89,9.2,<0.000,734.09,3.9,<0.000,90.09,22.2,<0.000,2138.99,11.8,<0.000,103.44,31.1,<0.000,7326.12,4.6,<0.000,1014.39,5.1,<0.000,6301.21,2.4,0.059,647.33,22.1,<0.000,100.1,20,0.199,1418.17,14,<0.000,313.65,7.4,0.04,176.84,18.2,<0.000,23.36,99,<0.000,110.11,9.1,0.11,16.68,124.9,<0.000,33.37,96.4,0,3.34,173.2,0.004,43.38,74.2,0.016,10.01,100,0,30.03,33.3,0.037,16.68,91.7,<0.000,26.69,57.3,<0.000,10.01,0,0.009,26.69,78.1,0.15,20.02,100,0.005,43.38,35.3,0.014,6.67,86.6,0,36.7,41.7,0.063,13.35,43.3,<0.000,23.36,107.9,<0.000,0,N/A,<0.000,16.68,91.7,0,3.34,173.2,0.005,26.69,43.3,<0.000,3.34,173.2,0.027,33.33,105.4,0,13.33,86.6,<0.000,96.67,6,<0.000,80,45.1,<0.000,1074.46,7.9,<0.000,580.6,11.9,<0.000,981.02,4.4,0.506,944.32,14.4,<0.000,4929.27,7,<0.000,4074.37,3.9,<0.000,176.67,11.8,0.009,60,44.1,<0.000,193.53,43.1,0,76.74,52.7,0.07,200.2,20,0.029,76.74,52.7,1616045.53,2.1,97.3,461285.65,22,85.5
118  Sn  [ No Gas ] :  CPS RSD value = 5.07 is over the allowed maximum = 5.00137  Ba  [ No Gas ] :  Concentration value = 312.61 is over the calibration range137  Ba  [ He ] :  Concentration value = 294.67 is over the calibration range138  Ba  [ He ] :  Concentration value = 298.49 is over the calibration range147  Sm  [ No Gas ] :  CPS RSD value = 5.38 is over the allowed maximum = 5.00159  Tb  [ He ] :  CPS RSD value = 5.40 is over the allowed maximum = 5.00181  Ta  [ He ] :  CPS RSD value = 5.87 is over the allowed maximum = 5.00,FALSE,020SMPL.d,06-05-2025 16:20,Sample,,SJS-Std,57799.463,1012241.07,2.9,59969.842,4421.81,0.3,1629.361,7813.39,0.6,1483.335,120.12,33.3,12073.368,341026.61,0.2,12432.799,10598.1,2.1,118836.548,4751546.56,0.2,124217.5,358457.89,1.5,124606.913,4526202.57,1.3,126373.991,511665.27,3.5,13515.956,591195.35,0.9,13969.61,106168.65,2.3,86888.792,844090.24,0.4,88749.911,191186.92,3.1,34398.758,804494.13,0.7,34900.599,208066.27,1.8,118652.381,813613.38,1.6,119420.477,106362.57,3,17550.615,407810.31,1,18818.794,19019.38,3.1,103555.549,4590442.85,1.6,104973.01,168770.17,3,278064.741,15805943.89,1.6,286215.453,589443.61,1.8,16360.629,1124046.21,0.7,16811.919,87101.21,1.5,59724.374,2122000.39,0.5,59985.143,288791.55,2.6,1668.865,18007.08,2.9,1732.329,4752.29,8.3,215.893,9763.48,7,102.95,2706.34,6.6,464.137,2596.2,5.9,381.072,467.14,16.2,1659.255,29670.49,5.1,1785.611,4265,7.9,1825.021,46717.87,2.5,1846.354,6094.24,8.4,5581.121,370159.04,4.4,5833.306,29801.37,2.5,1173317.643,9045545.35,1.6,1105978.465,1067913.65,1.1,1120326.456,7158748.14,1.9,22113.609,1616164.35,4.6,22989.252,316623.59,0.8,44816.465,2918476.92,1.6,45677.058,754836.74,1.7,5050.553,380470.25,4.1,5204.621,79165.45,1.9,19192.435,247356.26,1.3,19988.915,58044.13,1.9,3835.661,42842.18,5.4,3809.195,9396.26,6.3,1118.375,44074.39,1.2,982.993,9566.54,7.2,3712.204,45356.77,3.3,3608.842,15488.37,1.6,529.802,38768.5,1.7,528.31,12208.17,5.4,3018.405,54070.59,4.8,3151.579,16794.73,3.8,616.644,42484.55,1.5,626.272,14229.02,4.9,1756.334,40693.75,3.7,1888.838,14459.55,1.7,259.156,18021.04,2.4,262.032,6358,8.6,1748.047,26364.35,4.4,1746.412,9847.08,3,262.453,17419.65,3.7,266.841,3627.5,1.9,2080.164,36450.49,3.9,2114.553,12536.38,1.6,807.881,49659.95,3.8,957.82,29445.08,5.9,595.125,23720.09,4,634.189,11393.42,0.7,20438.337,109486.94,2.8,18469.719,88547.84,2.5,18621.269,497350.89,0.8,19283.553,425013.13,1,278.621,12342.96,3.4,288.035,4917.67,4.4,10630.77,520040.89,2.5,10604.725,234868.01,2.1,3354.628,153991.99,2.8,3393.455,76160.17,0.5,1558960.68,2.9,93.8,511821.5,1.7,94.9
159  Tb  [ No Gas ] :  CPS RSD value = 5.26 is over the allowed maximum = 5.00,FALSE,021SMPL.d,06-05-2025 16:25,Sample,,MCS 3320,42705.308,111647.11,2.5,34680.775,393.74,2.9,3673.239,2589.51,8.5,3395.68,40.04,43.3,16751.369,83500.65,1.6,17826.32,2352.57,6.1,128298.518,751942.39,0.8,137782.234,57959.19,1.2,106733.241,623277.06,2.4,111352.599,68140.68,0.6,21620.869,139524.63,1.8,22692.592,25359.46,3.2,68198.629,99730.15,2.8,68622.594,22224.09,4.4,39488.209,138220.82,1.3,41277.343,36710.44,2.3,1911412.799,1826369.24,1.1,1941774.802,239829.47,2.1,24508.012,83226.84,2.5,27181.311,4007.96,6,166322.968,1077708.47,0.6,174337.365,40924.43,1.4,92500.15,794986.39,2.6,94552.908,29526.13,4.8,25315.972,253737.66,2,26763.122,20225.82,1,66468.197,344977.14,1.7,69279.741,48680.36,3.5,806.654,2579.51,5.7,717.57,697.38,8.4,<0.000,3527.36,11.5,<0.000,1051.1,9.1,137.457,226.9,28,99.886,46.71,24.7,4057.514,12041.05,2.5,4734.442,1845.32,8.8,419.184,2642.92,5.3,365.695,363.7,18.3,8486.857,84613.39,0.9,8945.659,6815.33,4.5,651678.066,739467.41,2.1,645067.592,91690.98,2.8,643087.07,604541.34,2.4,42599.619,453739.77,2.2,44779.022,89882.93,0.3,83752.916,794999.01,3,84539.907,203707.03,0.4,9264.184,101703.4,0.7,9934.324,22041.26,2.2,35609.999,66920.17,4.7,34471.838,14583.04,2.5,6718.953,10962.38,2.5,6775.252,2436.01,3.7,1745.518,10047.41,1.8,1592.97,2262.47,5.6,6304.877,11239.64,1.8,6397.698,4007.99,2.2,956.814,10224.45,5.3,940.506,3176.93,10.9,4996.22,13049.89,3.5,5273.835,4094.78,8.8,1003.406,10094.19,1.5,977.446,3233.67,2.7,2655.89,8988.91,4.1,2697.993,3010.05,4.5,357.341,3647.53,5.2,332.796,1181.24,7.5,2284.267,5032.73,3.2,2415.081,1985.49,10.5,303.862,2953.32,0.9,307.646,617.3,20.5,2030.603,5201.12,8.9,2056.558,1786.8,5.3,1124.892,10451.1,3,1093.251,5107.74,6.4,703.018,5516.78,5.7,703.256,2589.54,8.9,51056.776,40494.29,3.1,50742.074,35958.86,4.4,50732.757,200457.92,4.1,49576.069,161890.27,1.7,353.871,2513.6,7.8,370.331,966.71,12.8,18233.184,130023.02,2.6,17817.698,57518.2,3,2367.333,15943.32,0.6,2308.135,7600.02,0.2,1651086.35,2.1,99.4,543178.73,3.2,100.7
163  Dy  [ No Gas ] :  CPS RSD value = 5.85 is over the allowed maximum = 5.00,FALSE,022SMPL.d,06-05-2025 16:29,Sample,,MCS 3321,44086.77,160789.79,2.1,44852.907,697.39,13.8,4129.203,4074.69,6,4424.236,73.41,20.8,17947.755,116596.93,1.5,19237.036,3480.62,7.5,146971.796,1208450.8,1.6,154069.788,91152.14,0.9,106644.324,849043.73,1.4,110786.168,94250.29,2.7,23704.979,213964.28,1.3,24785.903,38801.62,1.3,63802.229,130120.79,3,67539.576,30475.23,3.3,40948.742,199620.76,3.2,43506.397,53932.73,1.6,119737.382,216626.93,3,114264.87,27903.86,3.1,24307.044,115997.72,3.2,28848.705,5980.69,5.3,174405.174,1587573.78,1.8,178230.304,58806.92,2.8,80241.904,963583.27,2.3,87033.665,37879.23,0.7,27290.151,384563.42,2.1,26673.235,28345.7,2.1,58790.864,429032.59,2.6,61840.759,61108.78,0.9,705.947,2849.84,5.4,732.258,810.84,11,<0.000,3433.9,5.3,<0.000,924.29,5,67.158,193.53,13,<0.000,23.36,65.5,4194.718,16473.69,4.9,4596.972,2402.64,7.3,454.365,3443.91,0.6,428.058,473.82,24.7,8994.21,124504.7,2.8,9155.1,9723.44,2.5,690877.872,1098869.26,2,665721.521,132658.96,3.4,666495.234,878525.84,2.3,45014.111,674380.55,1.6,47457.237,133984.43,3.3,88230.349,1177905.54,0.2,90750.528,307501.15,1.3,10149.732,156726.54,1.5,10451.805,32604.52,1.5,37819.894,99945.44,1.4,37710.289,22442.39,4.7,7337.972,16821.41,3,7483.785,3784.37,6.5,1889.266,15281.21,0.5,1833.882,3660.89,6.8,6969.643,17466.33,2.7,6545.1,5763.78,1.9,1010.923,15181.1,2.4,971.939,4612.14,4.3,5541.487,20353.64,5.8,5625.472,6144.33,1.6,1033.262,14609.83,2,1033.788,4812.43,4.8,2797.91,13307.09,3.2,2917.77,4578.77,5.4,384.712,5506.74,1.4,395.761,1972.13,2.8,2339.071,7242.71,1.3,2548.589,2946.64,4.6,319.393,4358.47,15.3,359.194,1007.72,11.5,1742.381,6274.95,1.1,1675.841,2046.84,5,1097.445,14168.15,4.6,1085.139,7032.04,4.3,732.944,7282.83,4.3,742.82,3413.91,4.3,92003.443,101063.21,0.3,94113.111,92406.82,3.6,89566.475,490216.03,4.1,90989.668,411040.86,2.3,340.214,3300.46,3.5,387.553,1396.75,5.5,18727.557,187830.5,2.7,18553.048,84239.32,4.9,2302.968,21774.91,3.8,2375.107,10976,0.4,1605694.34,1.6,96.6,555280.39,2.1,103
137  Ba  [ No Gas ] :  Concentration value = 106.62 is over the calibration range137  Ba  [ He ] :  Concentration value = 111.30 is over the calibration range138  Ba  [ He ] :  Concentration value = 108.62 is over the calibration range157  Gd  [ He ] :  CPS RSD value = 5.09 is over the allowed maximum = 5.00169  Tm  [ No Gas ] :  CPS RSD value = 7.03 is over the allowed maximum = 5.00181  Ta  [ He ] :  CPS RSD value = 5.59 is over the allowed maximum = 5.00,FALSE,023SMPL.d,06-05-2025 16:33,Sample,,MCS 3322,24116.436,281723.15,1.9,23718.306,1174.56,9.4,2994.916,9496.12,2.4,2428.282,130.13,0,9599.844,188114.05,2.7,10469.128,5984.01,6.6,76726.767,2033563,1.8,81582.785,155839.32,2.3,65463.468,1617383.17,3.4,68079.15,184248.61,1.3,12424.935,360579.67,0.9,12769.105,64348.53,1.8,36310.987,236097.62,3.9,37030.207,53359.67,1,20997.315,327653.53,0.3,21390.809,85022.13,1.6,69357.798,352144.66,1.5,67679.64,45372.5,1.7,16860.112,259395.62,1.4,18197.63,12174.48,1.6,119801.623,3515629.6,0.2,122257.647,130109.4,2,115178.762,4355013.98,0.5,120792.505,165510.75,1.2,15377.493,699384.59,1.4,15960.513,54738.61,2.2,47786.911,1124202.2,0.8,50465.711,160843.31,0.8,585.78,5266.35,4,587.049,1404.82,6.4,<0.000,4528.67,3.7,<0.000,1131.19,16.9,134.213,593.94,18.5,79.122,90.09,22.2,2481.298,29386.29,3.3,2520.019,4004.64,3.1,262.605,5459.97,5.2,231.931,684.04,9.7,5119.921,226053.95,2.5,5384.559,18284.8,1.6,604701.623,3090728.86,3.3,631270.699,404050.38,2.7,616048.186,2609309.21,0.6,26080.781,1261510.37,2.9,27129.822,247292.66,2.5,49786.107,2145806.69,1.1,50687.702,554420.89,1.2,5757.213,287037.38,1.7,6074.935,61161.3,2.3,21358.355,182197.54,4.4,21592.638,41496.06,2.2,4293.586,31748.22,2.2,4340.229,7085.77,6.4,1280.492,33404.42,3.5,1162.719,7489.73,1.8,3864.59,31256.89,2.3,4066.751,11553.54,5.1,594.493,28798.54,2.1,577.69,8838.64,2.8,2998.679,35556.04,3,3328.945,11740.62,2,612.886,27955.9,0.7,634.274,9536.54,2.8,1602.062,24578.71,2.6,1721.38,8721.78,1,233.186,10745.41,7,234.056,3761.01,6.3,1376.823,13751.41,3.9,1451.261,5416.63,1.8,199.562,8775.24,6.8,195.275,1761.89,13.4,1461.067,16955.02,4,1441.117,5661.31,8.2,716.432,29341.44,2,699.929,14371.72,5.6,507.793,14149.01,1.6,523.704,6631.78,1.8,44127.174,155981.14,1.1,43310.383,136914.52,1.7,41528.566,731522.85,4.7,43154.936,627288.18,0.9,200.449,6024.84,2.9,222.382,2540.27,3.4,11133.763,360487.16,3.8,11136.012,163237.02,0.8,1445.663,44011.45,4.1,1516.005,22560.52,2,1605019.66,1.9,96.6,546673.81,1.5,101.4
147  Sm  [ No Gas ] :  CPS RSD value = 5.73 is over the allowed maximum = 5.00166  Er  [ No Gas ] :  CPS RSD value = 8.31 is over the allowed maximum = 5.00,FALSE,024SMPL.d,06-05-2025 16:38,Sample,,MCS 3323,33929.732,159570.49,2.3,28243.517,570.58,1.8,3271.472,4161.47,3.1,1559.762,33.37,69.3,13650.271,114689.2,2.2,14091.398,3297.05,4.1,102125.64,1083262.53,4,109002.378,83152.97,1.2,88796.142,906537.03,1.5,89741.296,98307.39,1.7,17052.398,198618.99,2,17853.392,36057.95,2.6,51514.879,135305.83,3.1,52602.503,30598.89,0.7,28647.172,180495.49,2.1,29644.074,47508.85,3.1,106031.453,238680.97,2.3,107756.548,32033.98,3.5,20560.893,126472.79,2.5,22525.414,6020.74,2.1,138740.951,1628168.43,0.9,139390.016,59296.19,4,91031.467,1395125.13,2,97793.381,54323.27,4.6,20366.92,370059.71,3.2,21609.589,29606.33,3.1,54460.121,512152.52,5,55356.508,70505.82,2.1,621.223,3043.4,5.3,486.805,757.45,13.6,<0.000,4014.65,8.7,<0.000,1161.22,13.3,61.559,206.87,20.1,44.046,43.38,13.3,3389.137,17065.07,3.9,3651.3,2452.7,8.2,336.23,3337.12,4.5,379.428,513.86,4.9,7067.741,126097.43,1.5,7065.897,9676.7,2.6,565406.35,1159003.15,2.1,557308.646,143098.51,2.7,538871.51,915511.74,0.3,35811.812,691720.84,1.7,37537.171,136635.48,4,69103.738,1189452.48,1.4,67736.28,295935.68,1.8,7934.397,157963.46,4.5,8311.438,33427.38,1.7,29477.102,100434.28,0.9,28795.115,22094.71,2.2,5697.041,16838.05,5.7,5876.233,3831.1,9.4,1515.765,15805.78,4.7,1440.555,3707.6,8.5,5550.742,17934.12,3.4,5129.467,5823.85,6.4,799.998,15488.46,4.2,736.324,4505.33,8,4007.642,18980.08,4,4310.985,6070.89,5.2,805.632,14686.66,1.6,797.922,4789.06,4,2103.993,12902.93,8.3,2152.431,4355.12,3.6,294.199,5429.97,6.8,298.096,1915.4,5.2,1794.915,7165.91,7.7,1864.641,2779.77,2.4,261.829,4605.49,7.6,289.774,1047.76,11.3,1568.415,7278.83,5,1672.73,2630.29,6,934.407,15506.41,3.5,960.552,7989.27,4.6,542.814,7032.39,4.2,579.187,3427.25,6.4,41976.607,59883.02,3.3,40152.053,51232.21,1.6,39313.207,279690.1,3,40505.47,237817.42,2.4,256.583,3217.1,12,282.644,1316.75,9.2,14862.383,192185.36,2.7,14396.592,84278.4,3.7,1849.393,22540.52,2.7,1976.916,11774.31,2.9,1629250.35,4.1,98.1,544482.86,1.8,101
205  Tl  [ No Gas ] :  CPS RSD value = 5.38 is over the allowed maximum = 5.00238  U  [ No Gas ] :  CPS RSD value = 5.87 is over the allowed maximum = 5.00,FALSE,025SMPL.d,06-05-2025 16:42,Sample,,MCS 3324,56756.098,330577.39,1.9,55063.998,1358.1,8.1,4384.047,6952.05,0.3,3989.562,106.77,32.9,22727.37,219078.7,1,24445.455,6948.75,2,168964.686,2235895.17,0.9,174166.872,166146.08,1.6,139355.725,1715246.19,3.2,143204.655,193411.48,2.2,28265.275,409333.36,1.8,29441.855,74048.31,0.5,86558.603,280374.33,3.8,86852.281,62367.59,0.6,47380.108,368667.09,1.8,47599.214,94367.11,2.5,139845.166,354170.39,2.8,136336.64,45593.45,1.6,30004.927,230586.81,2,34497.231,11526.54,1.7,205998.949,3019776.76,1.1,206107.645,109566.56,0.3,54773.822,1057845.92,3.4,58889.409,41229.43,1.5,34024.593,772763.39,2.4,35189.759,60268.24,0.9,84112.808,988386.7,0.9,87478.945,139260.1,0.6,1209.504,5386.52,4.8,1248.439,1464.89,3.8,<0.000,4161.52,4.5,<0.000,1094.48,2.9,96.519,290.29,12.4,44.008,46.71,53.9,5887.889,34400.24,1.9,6217.325,4859.13,5.8,560.189,5743.71,0.2,565.502,790.82,5.8,11314.558,249132.58,2.7,11752.344,19912.13,3.6,450999.457,1156617.51,2.4,447273.26,143675.26,1.8,437951.039,930753.05,0.7,58440.224,1411630.38,3.5,59163.833,269316.89,3,114262.245,2459318.91,1.6,113345.978,619114.49,1.4,12886.41,320848,1.5,13142.686,66077,1.1,47146.783,200843.6,1.9,46955.61,45065.03,3.5,9463.722,34943.14,3.3,9555.088,7790.22,2.6,2120.847,27637.88,0.9,2061.23,6631.73,4.6,8905.567,35967.36,2,8609.71,12214.85,2.3,1278.16,30919.08,2.4,1265.32,9666.74,1.7,6808.083,40311.96,2.4,7274.574,12812.71,0.8,1294.69,29490.98,3.4,1318.958,9903.85,4.6,3557.103,27250.34,4.2,3640.875,9212.65,2.8,469.978,10815.54,1.4,527.413,4231.63,1.8,2944.693,14686.83,2.4,2916.679,5436.64,5.3,401.422,8815.31,2.4,445.384,2005.51,2.3,2498.81,14485.14,3.3,2517.609,4941,4.9,1399.013,28626.47,3.1,1474.077,15102.63,3.2,896.949,12685.98,5.4,846.682,5526.78,0.5,54300.506,96263.32,0.5,47494.634,75387.25,2.4,48322.253,427287.08,2.6,51488.329,375570.65,0.9,459.889,6861.95,3.4,456.048,2600.29,3.7,24055.04,388951.84,3.2,25996.805,190300.18,1.6,3169.845,48181.63,5.9,2994.978,22259.63,1.8,1626978.02,3.1,97.9,549967.61,1.6,102
118  Sn  [ No Gas ] :  CPS RSD value = 5.09 is over the allowed maximum = 5.00147  Sm  [ No Gas ] :  CPS RSD value = 7.67 is over the allowed maximum = 5.00153  Eu  [ No Gas ] :  CPS RSD value = 7.46 is over the allowed maximum = 5.00,FALSE,026SMPL.d,06-05-2025 16:46,Sample,,MCS 3325,59068.505,148165.65,2.4,54651.849,587.27,4.3,4552.416,3093.45,3.6,5564.81,63.4,65.7,23654.795,107254.56,2.3,25950.636,3236.97,9.5,171950.769,971936.1,0.1,184716.937,75050.48,3.2,137625.4,759978.31,1.2,139154.999,81679.21,2.9,30065.886,186641.43,1.7,31528.254,33930.37,3.2,84972.187,119303.82,3.5,90598.1,28131.16,4,49537.942,166576.15,3.3,51106.066,43705.39,2,275760.406,307086.64,0.3,285545.669,41599.81,2.4,31036.354,101744.01,1.4,34216.749,4872.46,4.9,201028.701,1257598.54,2.3,211169.748,47868.07,1.1,56945.243,485359.14,1.6,61917.842,19133.1,2.1,34639.94,335243.37,2.1,36386.614,26553.41,1.3,88557.539,443691.06,3.5,93354.478,63335.7,1.1,889.772,2656.26,5,695.096,680.7,11.1,<0.000,2916.6,7.7,<0.000,974.35,14.4,35.567,146.81,10.4,<0.000,13.35,43.3,13147.423,32811.43,5.1,14251.034,4748.97,8.1,454.755,2716.35,6.5,482.41,410.42,20.8,11573.741,110402.52,2.6,12701.921,9272.66,2.4,397967.033,439828.55,2.1,407433.775,56377.48,1.5,409456.621,374489.62,2.5,58778.567,604693.94,0.9,62103.163,120399.87,1.3,113469.911,1040274.86,1.7,117637.365,273733.96,1.1,12781.896,135534.96,1.3,14015.962,30025.45,1.8,49037.686,88993.73,1.1,48890.485,19979.12,3.8,9437.634,14860.32,7.7,10033.485,3483.98,4.2,2129.813,11837.42,7.5,2109.792,2893.24,11.2,9183.902,15805.78,3.9,8646.919,5229.67,4.2,1316.716,13580.99,2.8,1320.948,4305.07,3.4,7058.414,17803.82,3.5,7382.399,5536.79,3.7,1320.306,12822.74,4.4,1338.519,4278.35,2.9,3668.736,11984.43,3.6,3716.239,4004.66,4.1,496.699,4885.86,1.8,529.412,1811.95,6.2,3165.706,6731.91,3.5,3055.203,2426,2.3,405.041,3797.72,1.2,418.15,807.5,10,2632.359,6508.38,2.7,2656.821,2226.91,16.4,1620.143,14355.04,1.9,1559.391,6941.98,4.2,737.278,5566.86,2.7,793.806,2743.06,7.9,48257.113,37069.86,3.2,45453.373,31241.25,4.1,46127.318,176728.51,2.4,45851.466,145134.85,1,455.517,3057.07,3.7,494.227,1230.07,18.6,24194.128,166637.14,2,24050.359,74987.5,2.9,3023.03,19639.08,4.9,3122.495,9914.07,5.3,1650706.6,2.6,99.4,554510.79,1.4,102.8
165  Ho  [ No Gas ] :  CPS RSD value = 5.40 is over the allowed maximum = 5.00,FALSE,027SMPL.d,06-05-2025 16:51,Sample,,MCS 3326,46453.765,267114.86,1.1,42065.208,1027.74,7.9,4005.967,6261.03,4.7,3923.656,103.44,24.4,18692.001,180956.24,1.2,18761.608,5296.36,6.5,134918.065,1759880.3,0.7,146524.587,137696.4,1.5,132437.773,1609969.87,1.9,136711.118,182046.42,1.6,23502.471,335690.72,2.9,24456.663,60647.75,1.1,71753.868,229614.07,2.3,75049.729,53202.34,0.5,45853.172,351652.29,2.8,47100.981,92007.58,0.5,154832.537,380726.64,2.6,151349.657,49035.92,1.4,25817.819,195495.81,0.9,27913.54,9189.08,5,175914.84,2541005.13,2.6,180203.455,94381.5,1.9,65495.461,1240477.46,2,66404.479,45658.19,2.4,27140.931,607321.28,1,28084.874,47389.52,3.4,65077.317,753565.56,3.5,67404.4,105728.68,2.3,1547.561,6421.36,3.7,1485.529,1641.75,5.9,<0.000,3660.86,3.1,<0.000,987.69,4.1,30.74,173.51,29,<0.000,26.69,57.3,4784.977,27995.04,1.5,5034.449,3941.23,4.4,445.182,4738.96,4.4,404.114,613.96,13.1,9343.42,203284.93,0.1,9648.951,16143.04,2.5,551028.485,1390229.71,2.1,524767.576,165874.24,1.8,537003.501,1122765.79,1.7,47110.336,1121026.47,0.9,48515.6,217559.63,3.8,93508.237,1982699,3,93395.006,502570.57,1.5,10420.997,255600.65,0.5,10880.73,53895.15,1.8,39916.987,167519.1,4,39329.153,37182.05,0.6,7704.048,28029.06,1.3,7783.095,6251.14,0.8,1815.834,23314.94,3.7,1800.494,5707.02,6.5,7290.498,29009.3,3.5,6975.097,9750.26,4.2,1014.584,24184.22,3.2,1032.107,7770.23,5.1,5659.515,33013.39,2.1,5904.468,10244.45,3.4,1028.491,23084.49,5.4,1113.744,8237.67,8,2870.304,21667.09,3,2890.838,7205.97,4.3,351.783,7983.93,2.5,408.96,3233.67,5.1,2399.856,11794.1,0.7,2515.337,4618.82,5.9,329.4,7129.2,5.4,332.683,1478.24,7.5,2000.644,11428.6,4.4,1874.453,3627.21,4.4,1254.079,25332.67,4.1,1314.496,13297.14,2,775.334,11059.42,4.8,818.681,5306.49,10.7,102764.017,178541.95,2.4,105438.197,163791.94,2.6,96169.839,832617.8,0.2,101769.529,726999.2,0.2,393.982,5834.75,1.3,422.324,2376.91,6.8,19962.138,317974.26,0.5,19872.637,143310.58,2.1,2460.016,36863.62,0.7,2634.845,19298.16,0.8,1646252.09,4.3,99.1,541902.82,1.6,100.5
7  Li  [ No Gas ] :  CPS RSD value = 5.19 is over the allowed maximum = 5.00107  Ag  [ He ] :  CPS RSD value = 13.75 is over the allowed maximum = 5.00163  Dy  [ No Gas ] :  CPS RSD value = 6.87 is over the allowed maximum = 5.00165  Ho  [ He ] :  CPS RSD value = 5.01 is over the allowed maximum = 5.00169  Tm  [ He ] :  CPS RSD value = 5.13 is over the allowed maximum = 5.00232  Th  [ No Gas ] :  CPS RSD value = 6.24 is over the allowed maximum = 5.00,FALSE,028_QC1.d,06-05-2025 16:55,QC1,,QC MES 50 ppb,48.834,3203243.67,5.2,48.325,13326.45,2.8,50.391,902727.55,0.6,51.517,15657.92,2.2,50.344,5069159.38,1.2,51.399,161879.43,1.2,50.226,7534012.36,1.3,51.137,553823.51,1,49.967,6778331.05,1.3,50.157,760810.76,1.8,49.015,8016892.33,3,50.375,1432868.76,0.7,48.477,1763519.25,2.1,50.482,407269.67,1.7,50.172,4383956.05,1.5,50.357,1122086.31,0.5,47.529,1192527.87,1.5,49.527,160680.65,1.8,50.82,4428369.42,2.8,51.019,193437.33,2.7,49.214,8183803.4,2.1,49.222,296912.64,2.7,49.245,10516629.78,0.9,50.291,389152.39,0.1,50.319,12969193.8,0.9,49.604,964101.58,1.9,48.918,6520609.07,2.5,49.238,889436.05,1.5,47.387,1770062.46,2.2,49.509,463315.48,0.2,47.424,3330901.12,4.8,54.871,1243834.67,13.8,50.25,1006284.77,1.9,48.785,210059.97,0.9,47.215,2926310.9,3.2,49.148,407492.81,2.5,49.145,4609952.67,1.2,48.678,584082.48,0.8,49.319,12167318.59,1.8,47.128,897607.9,3.3,50.268,1461761.24,1.9,48.273,175857.1,2.2,46.392,1118319.28,1.5,49.49,13571417.28,2.2,47.758,2467970.58,2.5,48.753,11912480.84,2.8,47.285,2931714.12,2.6,47.816,13515733.68,4.8,45.219,2579824.15,1.6,48.549,2347412.1,2.9,45.994,501205.71,1.2,47.07,1971180.25,3,45.223,418548.92,2.4,48.456,7160894.03,1.5,46.114,1683251.33,2.7,46.819,2145645.55,4.4,44.614,718043.85,1.9,47.878,13135956.82,1.4,45.955,3980262.77,4.6,47.219,3173391.94,6.9,44.252,884926.33,0.3,48.525,12537201.81,2.2,44.917,3830322.41,5,48.241,4191432.59,3.8,44.025,1264667.82,1.8,46.82,12194962.49,3.1,43.159,3926362.31,5.1,47.302,2675640.44,2.3,45.33,958994.57,1.7,46.895,11668713.32,3.4,43.573,2217123.53,3.2,47.113,3096588.7,3.4,44.5,989157.43,1,45.101,10305133.8,1.8,42.731,4887649.09,4.6,47.448,6580509.48,1.3,44.066,2738984.62,3.2,45.261,902329.49,1.9,45.288,807576.25,1.2,47.2,4687025.68,1.5,44.898,3679599.39,2.2,46.772,7598604.05,2.5,44.304,2806366,0.9,47.645,8744803.16,6.2,46.725,3882859.12,1.4,47.987,8260778.29,0.8,45.87,3860729.28,0.3,1662917.71,2.8,100.1,545285.89,1.7,101.1
133  Cs  [ He ] :  CPS RSD value = 5.98 is over the allowed maximum = 5.00163  Dy  [ No Gas ] :  CPS RSD value = 6.50 is over the allowed maximum = 5.00181  Ta  [ No Gas ] :  CPS RSD value = 5.56 is over the allowed maximum = 5.00181  Ta  [ He ] :  CPS RSD value = 6.77 is over the allowed maximum = 5.00,FALSE,029SMPL.d,06-05-2025 17:00,Sample,,MCS 3327,34306.078,369913.81,1.6,33651.577,1534.96,4.6,3475.992,10197.32,4.3,3094.786,153.49,39.8,13853.604,245095.04,1.9,14687.3,7716.6,0.8,105397.855,2583657.1,3,109697.349,193907.43,1.7,98300.837,2221513.86,2,98520.659,245792.21,1.7,17184.786,460879.61,1.6,18145.913,84526.91,1.9,52827.904,316616.17,2.7,53743.926,71401.54,2.9,30160.779,434085.87,2.7,31422.076,115203.56,1.1,71580.242,339079.98,3.5,69913.101,43762.42,1.4,20956.624,298333.04,1.8,23118.408,14312.05,0.8,146099.624,3967117.13,2.2,145670.427,143456.49,1.4,104341.247,3656183.69,2.8,108246.069,137475.24,0.9,21416.396,901266.61,2.4,22038.994,69939.08,2.2,56361.332,1226975.5,0.9,58874.773,173648.26,1.7,1035.295,7716.7,1.5,936.195,1865.35,20.9,417.601,10508.16,2.7,346.145,3363.81,8,80.682,383.73,10.9,47.496,63.4,39.7,3349.128,36136.71,1.2,4016.835,5753.72,5.5,500.833,8781.81,8.4,540.438,1251.32,9.1,7040.888,286769.72,3.3,7190.664,22549.24,6,563127.428,2664908.4,4.3,574139.15,340266.11,0.5,543611.424,2132130.31,1.4,37796.188,1691730.8,2.2,39330.346,331744.05,1.5,72271.7,2882392.5,2,74464.122,753644.22,0.7,8199.359,378291.41,3.9,8696.521,81012.02,1.4,31282.732,246923.22,1.4,31171.552,55436.41,2.2,6183.014,42296.23,2.2,6611.079,9987.32,2.4,1551.104,37443.27,1.8,1531.044,9125.8,7.3,5751.076,43036.7,4.2,5502.049,14462.81,2.3,839.95,37644.06,3,843.724,11940.97,0.9,4280.236,46961.69,6.5,4431.301,14462.86,4.6,843.393,35592.91,1.4,824.312,11470.1,2.4,2196.94,31183.32,3.5,2116.471,9923.9,3.4,305.401,13016.51,4.9,293.153,4358.47,3.3,1819.972,16818.22,4.4,1908.577,6591.85,12.1,266.048,10822.23,2.7,253.607,2115.64,7.9,1847.97,19842.56,0.6,1870.717,6798.55,5.4,1277.998,48126.9,5.6,1470.865,27708,6.8,672.729,16955.39,2.2,648.201,7466.44,1.6,46950.4,153607.57,1.6,44133.98,129170.58,2.4,46943.44,765034,3.4,45071.402,606465.6,0.8,299.633,8226.13,2,276.742,2917.02,5.2,15656.302,469076.73,4.4,15344.451,208141.21,1,2025.525,57029.09,3.2,2064.165,28412.05,2.7,1571105.12,2.4,94.6,524563.29,1.5,97.3
137  Ba  [ No Gas ] :  Concentration value = 297.02 is over the calibration range137  Ba  [ He ] :  Concentration value = 294.90 is over the calibration range138  Ba  [ He ] :  Concentration value = 287.98 is over the calibration range159  Tb  [ He ] :  CPS RSD value = 7.01 is over the allowed maximum = 5.00165  Ho  [ He ] :  CPS RSD value = 5.12 is over the allowed maximum = 5.00175  Lu  [ No Gas ] :  CPS RSD value = 5.11 is over the allowed maximum = 5.00178  Hf  [ No Gas ] :  CPS RSD value = 8.94 is over the allowed maximum = 5.00178  Hf  [ He ] :  CPS RSD value = 51.85 is over the allowed maximum = 5.00205  Tl  [ No Gas ] :  CPS RSD value = 5.96 is over the allowed maximum = 5.00205  Tl  [ He ] :  CPS RSD value = 6.32 is over the allowed maximum = 5.00,FALSE,030_QC2.d,06-05-2025 17:04,QC2,,SJS-Std,57441.703,1005994.67,3.9,58650.088,4325.02,1.9,1617.468,7756.63,4,1936.577,156.82,9.8,11982.844,338606.86,2.3,12301.34,10487.91,0.3,118464.515,4736689.72,1,122891.845,354633.23,2.4,122603.923,4454525.26,2.6,122930.293,497800.3,1.2,13265.554,580286.56,1.3,13932.342,105886.27,3.5,86031.755,835800.77,1.2,86156.714,185623.61,0.1,34267.999,801453.12,1.4,35346.15,210708.95,2.2,120202.402,823444.96,0.5,118785.992,105844.06,0.8,17493.871,406493.04,1.2,18203.462,18397.82,0.7,105916.483,4694975.51,2.1,106954.293,171952.8,1.6,275880.758,15682042.91,1.3,274065.324,564473.42,1.5,16828.138,1156148.55,0.8,16652.482,86275.62,1,58646.676,2083733.67,3.3,60396.705,290772.03,1.3,1709.529,18411.46,1.2,1751.09,4799.03,7.9,298.836,11312.94,3.9,154.427,3016.72,7.4,430.356,2415.98,1.6,421.796,513.86,14.6,1621.353,29045.11,1.3,1791.655,4278.34,11.7,1767.403,45278.23,1.8,1848.442,6100.91,6.8,5494.026,364435.82,2.2,5495.788,28089.01,2.7,1114793.706,8594792.1,3.3,1106824.302,1068729.54,1.1,1080857.049,6906781.59,1,22003.724,1608136.26,1,21899.942,301626.25,0.8,42643.176,2777006.6,2.6,44121.031,729135.67,1.4,4782.89,360312.57,4.1,4934.269,75056,1.3,18653.261,240410.83,2.5,18932.574,54977.24,2.6,3632.806,40578.87,2.1,3661.589,9032.29,5.1,1087.68,42865.83,2.6,929.088,9042.3,3.8,3485.163,42584.56,2.1,3265.296,14015.21,3.6,518.4,37935.07,1.5,491.693,11363.2,7,2880.099,51594.1,1.3,2840.556,15137.63,2,589.504,40616.34,2.9,580.552,13190.25,5.1,1644.263,38099.43,3.5,1596.857,12224.88,0.9,245.097,17045.37,4.7,236.828,5747.08,4.7,1655.521,24969.92,2.4,1611.937,9089.1,3.9,240.934,15993.02,5.1,234.097,3183.6,6,1996.408,34983.8,8.9,2686.018,15920.78,51.8,833.052,51192.23,2.6,914.732,28132.02,1.5,564.63,22593.55,6,553.295,10054.2,6.3,18230.71,97774.35,0.6,17007.671,81609.25,1.4,17834.303,476553.01,3.1,17255.747,380788.36,1.4,283.247,12543.19,3.6,272.623,4657.57,4.2,10356.016,506605.47,3.4,10056.167,222722.79,1.1,3211.739,147438.47,1.4,3262.456,73222.57,1.4,1547742.75,2.5,93.2,523531.14,1.2,97.1
157  Gd  [ No Gas ] :  CPS RSD value = 5.52 is over the allowed maximum = 5.00,FALSE,031SMPL.d,06-05-2025 17:08,Sample,,MCS 3328,38170.411,295604.26,1.5,40112.249,1314.71,5.1,4032.393,8484.47,6.3,4787.46,170.17,15.6,14851.513,192552.76,1,15647.652,5933.92,5.5,116049.087,2040083.68,0.5,125488.281,158992.63,2,95981.346,1574743.34,2.1,100134.008,179820.78,1.1,19728.486,379626.15,2.6,20831.509,69603.76,3.9,57092.992,246069.21,1,58981.161,56328.37,4.3,31720.279,328303.62,2.9,32354.193,85293.79,2.5,72877.472,263916.62,1.3,72274.286,34696.52,1,23844.099,243346.49,1.4,26433.866,11730.3,4.3,166592.27,3243031.69,0.7,170267.526,120200,3.3,116843.557,2940462.03,4.8,121688.982,111003.93,2.4,22463.347,677667.7,2.7,23511.474,53485.37,0.3,54554.563,851587.31,1.6,57402.021,121381.76,0.6,773.794,4789.01,5.5,787.394,1298.03,3.9,<0.000,5466.63,1.9,<0.000,1645.09,14,65.547,273.61,12.8,<0.000,16.68,69.3,3800.036,29814.38,2.6,4105.919,4301.7,9.1,409.31,5606.86,3.2,451.956,827.52,13.3,7808.995,228648.39,2.1,8125.516,18301.47,3,574478.9,1950757.9,0.5,559751.247,238085.28,1.5,541397.114,1523808.97,1.3,38709.033,1241895.78,2.7,39709.445,240084.24,1.4,77302.61,2209883.64,1.8,76392.868,554229.28,1.4,8345.992,276000.94,3,8783.03,58653.68,0.8,31469.429,178061.56,2,31621.668,40307.76,1.2,6184.304,30333.29,2.7,6299.863,6822.02,2.9,1653.178,28611.04,2.3,1560.586,6668.47,1.6,5846.404,31363.85,5.5,5492.51,10351.33,1.1,868.879,27919.08,1.9,827.112,8394.56,4.3,4415.776,34729.37,1,4546.207,10635.21,3.3,856.733,25922.91,1.9,841.42,8391.24,1,2249.887,22897.49,3.8,2279.188,7660.04,4.1,308.477,9433.03,2.6,313.975,3347.14,5.4,1961.646,12996.49,2.9,1915.447,4742.32,4.2,261.972,7643.35,2.7,269.731,1615.06,5.6,1563.243,12039.23,1.1,1608.267,4194.06,4.2,1018.861,27704.35,2.3,1044.764,14231.49,0.1,650.628,12285.14,3.5,649.444,5613.58,1.4,63610.312,149185.73,1.2,59867.556,125604.66,3.9,61079.134,713758.39,2.7,62066.736,598609.96,0.7,269.207,5397.88,2.8,316.372,2400.25,3.3,16058.991,344886.63,1.8,15852.508,154134.05,1.2,2056.956,41543.34,3.5,2055.696,20297.54,1,1615441.07,1.4,97.2,548032.8,1.2,101.6
71  Ga  [ He ] :  CPS RSD value = 6.61 is over the allowed maximum = 5.00137  Ba  [ No Gas ] :  Concentration value = 102.54 is over the calibration range137  Ba  [ He ] :  Concentration value = 102.57 is over the calibration range172  Yb  [ No Gas ] :  CPS RSD value = 5.96 is over the allowed maximum = 5.00178  Hf  [ No Gas ] :  CPS RSD value = 7.33 is over the allowed maximum = 5.00205  Tl  [ No Gas ] :  CPS RSD value = 5.75 is over the allowed maximum = 5.00,FALSE,032SMPL.d,06-05-2025 17:13,Sample,,MCS 3329,28929.62,295518.68,2.7,28209.981,1221.28,7.8,3200.845,8881.77,2,2846.676,133.47,11.5,11965.605,203482.75,1,12399.49,6194.31,4.3,93785.153,2174300.09,1.9,101233.062,169176.72,1.4,86306.735,1855284.77,0.9,88129.872,208295.58,2.1,15846.846,402077.47,1.6,16568.316,73005.05,2.9,47440.912,269348.71,1.5,48514.018,61046.74,3.4,26342.418,359197.02,1.5,26352.745,91557.85,1.7,73368.286,330451.48,0.7,73381.036,43491.16,3,19410.202,261266.8,0.8,20976.729,12277.98,6.6,141530.282,3633495.48,0.6,142835.232,132988.46,0.6,117437.211,3888229.07,1.3,122202.19,146636.13,2.6,17415.215,692978.06,1.5,17942.217,53837.62,4.6,49266.67,1014146.16,1.1,51045.822,142354.56,4.7,743.754,5693.62,5.6,708.01,1458.21,7.3,<0.000,5266.36,0.5,<0.000,1341.42,13.5,47.532,266.93,9.4,<0.000,26.69,78.1,3051.408,31443.11,1.2,3235.572,4458.58,5.2,324.615,5813.81,4.4,299.358,747.44,4.7,5998.218,231615.77,0.8,6395.675,18993.18,3.2,664753.262,2972931.79,1.7,664932.326,372437.54,0.4,624052.964,2313306.85,1.1,31210.07,1320726.72,1.5,32850.468,261969.83,1.7,62361.533,2351448.48,2.8,60103.507,575151.89,1.6,6811.494,297111.43,2.5,6976.052,61446.85,3.9,25389.14,189481.87,1.6,25311.57,42557.32,1.6,5099.149,32985.99,3.6,5117.523,7309.45,7.2,1407.67,32129.59,1.9,1262.573,7115.81,4.6,4666.545,33019.62,1,4336.203,10778.79,4.1,682.108,28908.84,3.3,626.058,8381.22,3.9,3525.27,36569.97,3.7,3501.819,10805.51,3.1,687.85,27450.81,1.6,629.781,8284.38,4.8,1797.222,24124.06,2,1733.943,7686.74,0.3,242.675,9786.99,3.4,225.667,3173.59,8.1,1587.106,13868.39,6,1537.051,5019.37,2.3,211.483,8137.51,2.7,206.192,1628.41,2.3,1450.753,14732.23,7.3,1459.487,5017.72,6.7,886.003,31707.31,2.1,909.349,16300.79,4.4,545.734,13407.48,5.7,556.797,6231.19,3.7,44949.605,139125.13,4.1,42097.632,116565.62,2.1,43571.325,671917.28,3.9,43778.677,557245.36,1.4,235.234,6178.26,4.8,224.837,2253.55,2,13453.735,381096.03,1.7,13179.797,169023.58,1.5,1721.629,45850.24,3.6,1772.95,23082.02,0.4,1599864.55,0.9,96.3,533180.19,1.9,98.9
165  Ho  [ No Gas ] :  CPS RSD value = 5.07 is over the allowed maximum = 5.00205  Tl  [ No Gas ] :  CPS RSD value = 5.53 is over the allowed maximum = 5.00,FALSE,033SMPL.d,06-05-2025 17:17,Sample,,MCS 3330,71943.081,385826.69,1,73161.219,1658.43,4.6,4383.123,6411.25,3.3,4868.008,120.12,50.7,21167.252,190708.91,1.9,22605.776,5950.6,1.7,171918.262,2097875.54,1.9,182001.948,160079.11,1.5,141416.189,1609144.72,2.2,145563.689,181440.78,1.4,28659.769,382823.38,1.1,29566.033,68583.78,1.7,100199.103,298991.43,0.5,103530.769,68466.67,1.2,74203.955,530346.15,2.4,76615.907,139530.96,1.1,157353.555,365140.86,2.6,157809.877,48068.07,1.9,29080.363,206088.73,1.6,31579.228,9729.99,3.8,211193.253,2854706.8,3.3,212508.577,104163.87,0.7,52951.64,946232.54,2.5,56545.05,36641.11,2,25872.937,541967.06,4.2,26671.331,42129.71,1.9,77337.934,838084.33,3.5,83999.033,123304.56,4.2,1314.042,5393.19,4.3,1318.896,1438.19,0.4,<0.000,4779,3.5,<0.000,1478.24,7.1,129.321,330.34,9.1,19.093,36.7,15.7,6075.33,32837.95,1.7,6351.325,4595.44,5.7,788.68,7122.47,6,664.752,840.87,12.4,13617.063,276067.79,1.7,14190.892,22144.71,1.4,388001.443,919212.86,2.5,394643.087,117082.83,2,385055.694,755779.32,0.9,45839.776,1021042.24,0.7,48210.891,202366.9,0.8,95155.057,1888564.14,1.5,98089.846,494064.41,0.9,10323.47,237013.95,1.6,10810.032,50122.35,2.6,40162.028,157769.47,0.5,40818.374,36120.88,0.7,7893.356,26882.06,4,8484.019,6378,1,1786.461,21473.17,3.4,1736.591,5152.88,2.4,7210.927,26858.86,3.1,7050.694,9225.97,4.4,1025.714,22887.16,3.1,992.984,6998.98,5.9,5028.782,27461,1.2,5436.032,8828.62,1.2,929.575,19534.86,5.1,967.079,6695.17,7.3,2503.216,17693.63,2.9,2604.622,6077.59,11.8,337.938,7182.63,8.8,323.498,2395.97,11.6,2155.218,9917.24,2.3,2314.164,3977.96,7.3,322.669,6538.3,9.2,330.383,1374.79,1.1,2336.268,12489.66,2.3,2290.838,4147.37,3.5,1291.197,24430.86,4.5,1279.313,12135.98,4.7,859.793,11413.47,5.5,875.311,5309.83,0.6,53180.301,87024.89,1.8,46766.661,68523.38,0.8,48825.073,398411.76,4,49430.998,332948.13,1.3,533.447,7318.89,6.8,547.15,2870.35,0.9,18084.218,269657.96,2.9,17868.877,120626.9,1.2,6478.708,90676.2,3.8,6359.25,43516.22,2.8,1583431.4,3.4,95.3,536940.8,0.1,99.6
172  Yb  [ No Gas ] :  CPS RSD value = 5.15 is over the allowed maximum = 5.00,FALSE,034SMPL.d,06-05-2025 17:21,Sample,,MCS 3331,59240.823,492334.86,2.1,53477.871,1878.68,7.4,4104.157,9302.45,1.8,4529.615,173.51,8.8,17686.555,241929.39,1.5,18309.082,7436.18,3.5,148858.823,2817797.39,0.9,153977.142,210211.3,1.6,114807.789,2010484.03,0.5,116598.648,224917.84,1.2,23770.648,492216.48,2.8,24724.829,88936.81,0.7,77370.068,357661.07,1.1,78671.614,80622.72,2.2,61683.315,683063.45,1.7,62681.353,176920.48,0.7,130229.915,451745.82,2,126893.946,57822.95,1.5,24715.491,271780.79,2.1,27471.87,13136.33,3.3,190634.917,3997961.51,1.6,192625.09,146509.98,1.6,58294.684,1595218.19,1.5,61323.27,60844.87,2,22782.751,740614.31,1.2,23475.547,57546.8,2.1,73196.274,1230713.65,1,76302.652,173818.23,1.7,1192.815,7022.27,4.4,1104.505,1738.53,0.9,<0.000,5293.07,4.7,<0.000,1408.16,7.5,133.552,457.13,6.7,73.795,70.07,42.9,5916.848,48472.92,2.5,6281.5,6882.08,3.5,650.147,8801.85,0.9,655.582,1184.58,11.4,11622.347,364670.28,2.1,12403.083,29971.79,1.5,377696.966,1384644.23,1.9,383061.25,175868.7,0.7,377136.51,1145590.75,1.2,42524.196,1470130.03,3.5,43863.172,285768.35,1.6,87016.905,2680503.21,1.1,89924.772,702958.06,0.3,9668.205,344524.45,2,10323.655,74281.08,1.3,37584.008,229135.56,0.9,38702.644,53161.29,1.7,7405.437,39129.64,2,7643.562,8918.77,5.8,1617.747,30169.65,2.6,1586.029,7302.79,4.3,6676.511,38591.28,2,6410.674,13016.42,1.9,901.254,31203.31,3.1,901.804,9860.4,3,4276.2,36242.05,3.3,4734.119,11934.33,1.1,890.51,29032.75,3,837.028,8995.61,4.1,2104.852,23084.48,3.9,2331.694,8444.66,4.5,309.24,10187.69,2.3,298.047,3423.9,1.8,1942.131,13864.98,5.2,1867.573,4982.66,5.7,270.992,8518.15,3.7,253.939,1638.42,6.4,2187.926,18146.72,3.6,2053.059,5764.71,13,1225.966,35781.89,2.8,1173.705,17175.26,2.8,802.183,15752.62,2.9,780.423,7005.72,4.5,46549.534,117872.25,2.1,42889.743,97175.5,3.5,45666.791,576106.17,0.7,43991.637,458279.54,0.9,465.83,9820.65,1.3,494.895,4007.35,10.4,16570.636,383485.9,1.4,15705.618,164558,3.9,5623.943,122143.91,1,5664.174,60144.72,2,1629948.81,1,98.1,554783.22,1.8,102.9
"89  Y  [ He ] :  CPS RSD value = 6.23 is over the allowed maximum = 5.0090  Zr  [ He ] :  CPS RSD value = 5.48 is over the allowed maximum = 5.00133  Cs  [ No Gas ] :  CPS RSD value = 5.18 is over the allowed maximum = 5.00141  Pr  [ He ] :  CPS RSD value = 5.94 is over the allowed maximum = 5.00165  Ho  [ No Gas ] :  CPS RSD value = 5.27 is over the allowed maximum = 5.00181  Ta  [ No Gas ] :  CPS RSD value = 5.35 is over the allowed maximum = 5.00238  U  [ He ] :  CPS RSD value = 5.39 is over the allowed maximum = 5.00103  Rh ( ISTD )  [ He ] :  CPS RSD value = 17.90 is over the allowed maximum = 5.00103  Rh ( ISTD )  [ He ] :  ISTD Recovery Percent value = 79.93 is outside the allowed range [80.00, 120.00]",FALSE,035SMPL.d,06-05-2025 17:26,Sample,,MCS 3332,43474.086,293624.61,2.4,49087.453,1401.48,4.3,2994.016,5506.62,3.5,3336.947,103.44,20.1,12883.471,150122.58,1.6,13521.748,4515.28,3.2,105732.568,1622137.35,1.6,114858.82,126922.47,4.2,85106.019,1232893.05,1,88997.879,140018.37,3.7,22187.033,372359.32,1.4,23963.174,69822.81,2,63019.173,236999.26,1.8,65051.7,54207.68,3,46676.614,420019.88,2.2,50082.44,114766.98,2.6,55515.912,195805.57,4,55358.853,26088.45,4.5,18425.302,164110.9,3,20924.524,8100.61,4.8,143162.966,2431739.19,2.2,147575.851,90888.01,2.2,41796.707,938516.85,1.4,45063.785,36681.42,4.1,16906.51,444989.33,1.8,17326.661,34389.69,6.2,54649.826,744100.14,1.3,59536.155,109800.93,5.5,824.179,4548.69,6.2,710.43,1114.5,3.7,<0.000,3854.45,8.9,<0.000,1074.46,8,91.508,306.98,5,15.199,36.7,56.8,3721.153,25795.06,2,4186.823,3861.11,1,481.924,5727.03,6.6,507.348,814.17,13.8,8714.518,222608.64,5.2,9207.466,18087.61,3.2,307770.633,915979.08,1.4,322365.855,120114.68,3.6,313848.706,773681.57,1.9,29948.944,838099.59,1.4,32189.784,169754.11,4.9,62759.589,1564932.85,2.6,67173.136,425080.37,1.6,6942.836,200255.5,1.2,7179.085,41824.09,5.9,25827.695,127478.55,1.5,27649.794,30738.08,2.1,5308.109,22716.45,3.2,5508.759,5202.94,1.7,1125.211,16998.52,2.1,1136.728,4238.3,0.8,4832.527,22616.38,1.8,4701.354,7730.11,2.5,670.193,18792.83,3.1,659.318,5840.56,1.9,3359.73,23050.99,4.6,3315.614,6765.28,2.9,600.111,15849.26,5.3,634.724,5520.08,4.4,1671.048,14843.69,3.4,1756.632,5149.57,6.2,217.738,5820.53,4,221.19,2058.9,4.1,1430.295,8271.06,1.8,1489.481,3216.98,3.4,202.398,5156.24,3.2,178.761,937.65,6.9,1579.054,10607.92,1.4,1592.691,3623.87,6.6,916.637,21839.3,5.4,954.037,11385.27,3,621.373,10521.73,2.3,634.631,4915.93,4.4,36972.316,76136.08,3.8,35537.066,65450.77,2.6,33856.855,347728.09,2.9,36117.123,305964.62,2.1,346.343,6021.53,9.7,316.338,2100.19,14.7,11712.593,219432.18,2.9,12529.432,106261.71,1.9,4142.392,72857.43,1.2,4198.774,36104.31,5.4,1608970.8,2.4,96.8,431066.36,17.9,79.9
165  Ho  [ No Gas ] :  CPS RSD value = 5.34 is over the allowed maximum = 5.00206  [Pb]  [ He ] :  CPS RSD value = 6.92 is over the allowed maximum = 5.00,FALSE,036SMPL.d,06-05-2025 17:30,Sample,,MCS 3333,68768.915,337421.24,1.6,64862.692,1348.08,7.4,4864.143,6501.39,2,5326.911,120.12,25,20117.097,168039.61,2.9,20861.193,5046.01,5.9,169516.38,1890947.93,2.2,172062.464,138309.96,1,133406.169,1396484.92,2.5,134362.214,153498.03,1.8,27469.263,335606.14,3.7,28328.097,60091.47,2.5,88457.183,241926.06,1.2,91383.893,55379.77,1.2,77086.25,503711.29,2.2,79774.78,132819.35,1.1,465680.426,883520.08,0.8,474382.432,116721.76,0.3,28046.454,181684.18,1.3,31457.866,8858.5,4,206644.748,2553167.55,1.5,209124.821,93689.44,1.2,56732.552,927105.08,0.3,59963.672,35547.02,1.2,25039.264,479389.94,1.9,25861.819,37337.1,0.6,78041.306,772953.14,2.3,81293.306,109068.27,0.2,1271.563,4932.55,4.9,1289.276,1331.4,5.3,<0.000,4361.77,3,<0.000,1304.71,9.6,163.973,363.71,4.2,73.124,53.39,21.7,5936.103,29566.82,1.5,6531.894,4338.42,1.8,761.306,6414.72,2.2,727.414,840.87,1.2,12978.368,240891.5,0.9,13432.638,19183.6,1.9,401506.268,869730.7,4.4,403382.786,109437.61,4.3,388583.882,697524.61,2.3,45292.77,922001.17,1.4,46919.924,179993.91,1.7,94383.132,1711974.89,3.5,97203.554,447458.45,1.2,10226.637,214574.8,1.7,10572.53,44803.74,3.8,40016.307,143666.17,1.1,41173.457,33297.07,1.6,7888.447,24555,1.1,8330.927,5723.72,3,1810.985,19895.64,4.7,1789.369,4852.47,4.7,7253.479,24692.29,2.7,6669.542,7977.2,6.6,987.76,20146.35,3.1,996.71,6421.41,0.8,4779.954,23856.62,4.6,5059.547,7509.78,4.5,937.709,18011.06,5.3,917.887,5807.17,3.9,2432.854,15718.96,4.9,2378.686,5072.79,5.3,327.813,6371.35,2,318.394,2155.68,8.5,2122.869,8928.86,8.4,2194.206,3447.27,1.8,283.105,5246.38,3,304.071,1157.88,14.7,2347.815,11472.02,3.4,2387.504,3950.64,6.7,1343.566,23255.27,3.8,1285.891,11168.42,4.7,892.471,10915.86,4.5,807.938,4618.84,7.6,101971.977,151702.1,6.9,98221.976,130696.42,1.8,103713.075,768468.08,2.3,99074.022,606131.05,2.7,513.724,6475.09,11.2,583.121,2797,1.7,17989.891,245160.02,1.9,16910.39,104332.5,4.2,6304.507,80651.33,1.6,6166.167,38567.17,3.7,1608783.11,1,96.8,537293.91,0.9,99.6
178  Hf  [ No Gas ] :  CPS RSD value = 6.62 is over the allowed maximum = 5.00181  Ta  [ He ] :  CPS RSD value = 6.59 is over the allowed maximum = 5.00205  Tl  [ No Gas ] :  CPS RSD value = 5.05 is over the allowed maximum = 5.00,FALSE,037SMPL.d,06-05-2025 17:34,Sample,,MCS 3334,59148.25,313697.52,2.3,58687.957,1318.05,6.4,4265.994,6160.89,4.4,4109.676,100.1,34.6,17854.638,161851.96,2.2,18836.519,4925.85,4.1,144636.25,1743199.51,2.3,154002.359,133717.91,1,109174.557,1242224.65,0.5,112594.638,139212.07,2.2,23893.308,315459.28,0.8,24220.217,55520.54,0.6,75328.939,222829.87,1.1,80334.872,52625.97,1.3,62320.399,440437.41,0.8,62880.721,113241.33,2,94822.331,241920.66,0.9,97455.567,32726.21,1.5,24937.665,174509.61,1,26859.749,8170.73,6.6,176641.134,2357816.21,1.3,186039.469,90033.56,1.1,43666.257,775983.17,2.2,43588.074,28175.12,4.2,21316.026,440868.3,2.5,22698.79,35399.78,1.9,69587.06,744512.59,2.6,71823.017,104092.62,0.5,938.386,4218.24,6.7,877.382,1094.48,8.6,<0.000,3760.98,3,<0.000,1304.71,1.9,205.87,450.46,8,29.013,40.04,50,5025.282,27232.68,2.8,5086.929,3700.91,4.8,620.855,5783.77,2.5,590.123,760.79,11.7,11587.353,232433.65,1.8,12173.093,18782.68,4,317579.992,744328.81,2.3,321293.981,94305.85,3.5,308970.851,600025.74,0.1,37123.8,816348.54,0.5,38118.624,157965.6,3,78692.028,1541886.84,2,79793.512,396800.63,1.6,8534.889,193444.08,2.1,8832.356,40434.72,3.6,32663.495,126682.96,0.7,34023.359,29721.33,2,6881.699,23140.95,2.1,6623.524,4915.89,1.8,1481.34,17583.26,4.4,1568.718,4595.45,1.5,6241.877,22953.92,1.7,5763.012,7446.33,7.4,841.657,18545.61,4.4,808.759,5630.24,5.3,4378.082,23602.62,3.3,4419.508,7085.78,3,786.625,16323.65,1.6,741.82,5069.45,5,2142.93,14957.33,2,2115.169,4872.51,5.8,284.454,5974.09,4.8,302.107,2209.2,22.1,1893.885,8604.98,4.9,1923.103,3263.7,1.9,260.589,5216.32,3.7,266.776,1097.82,17.9,2136.854,11278.53,6.6,2064.334,3690.57,5.4,1146.652,21475.33,2.3,1132.589,10637.91,6.6,805.198,10682.03,5,763.4,4695.62,0.9,41568.685,67386.31,3.4,38933.729,56470.08,2.1,39961.438,322883.76,2.5,39247.251,261908.38,2.1,505.063,6858.63,2.9,512.264,2656.97,13.9,14686.824,216213.28,0.2,14044.275,93602.74,3.8,5650.602,78084.6,3.2,5512.097,37241.86,2.9,1643005.51,3.4,98.9,548645.78,0.8,101.7
165  Ho  [ No Gas ] :  CPS RSD value = 7.75 is over the allowed maximum = 5.00103  Rh ( ISTD )  [ He ] :  CPS RSD value = 10.12 is over the allowed maximum = 5.00,FALSE,038SMPL.d,06-05-2025 17:39,Sample,,MCS 3335,50006.263,176087.13,4.5,48672.527,730.75,5.5,3658.995,3497.28,5.9,3326.957,53.39,47.2,15359.187,99655.55,1.8,16615.403,2936.61,1.9,125153.765,996281.7,1.1,135543.297,77567.53,0.9,119820.28,916780.09,2.7,125518.548,103000.77,0.5,21593.476,188782.95,2.7,22592.98,34244.7,1.3,71676.334,141057.42,1,75711.565,32973.67,1.7,63773.723,298396.33,2.1,65534.795,78085.79,1,72380.105,151990.69,2.9,76345.106,21134.61,4.5,22191.654,102467.42,2.3,24175.626,4849.1,5.5,161707.087,1424173.08,1.4,169831.279,54205.74,2,47658.48,566636.73,3.1,50589.457,21833.36,2.8,19826.23,270385.85,1.4,20955.991,21549.35,3.1,72040.895,508205.94,3.5,75547.422,72175.14,0.5,1104.246,3587.43,4,899.102,880.91,4.5,<0.000,2953.3,3.4,<0.000,961,2.8,280.925,417.09,18.3,161.476,66.73,37.7,4243.26,16166.38,3.6,4310.626,2209.08,3.1,474.525,3467.29,14.2,400.447,447.12,6.8,10018.428,133862.03,1.8,10555.701,10818.77,2.6,328693.946,510271.68,1.6,332936.648,64726.04,4.3,308202.535,396636.07,4.9,35968.892,521287.55,1.6,38298.18,104597.64,2.4,74578.167,963134.83,0.4,75692.909,248125.32,1.7,8177.592,122149.28,2.7,8458.622,25531.24,4.5,32489.296,83058.41,4.5,31265.694,17997.56,4.4,6334.631,14051.89,3.9,6494.923,3176.93,5.3,1365.683,10695.29,2,1400.871,2706.34,7.3,5617.177,13621,2.6,5522.161,4705.61,4,763.026,11092.68,3.5,735.626,3380.52,6.6,4059.209,14426.16,4,4153.537,4388.51,5.8,737.816,10100.9,7.7,745.676,3357.16,5.1,1937.048,8922.14,4.7,1868.111,2836.5,5.4,266.95,3707.61,5.2,273.725,1321.4,1.5,1756.774,5266.4,3.8,1637.21,1831.97,10.4,243.101,3213.65,5.5,245.938,670.69,6.8,2098.572,7305.51,3,2144.722,2530.27,2.9,1043.721,13070.26,3.7,1042.473,6551.75,6.4,779.283,7439.74,5.4,728.377,3283.73,9.1,43680.969,46973.99,1.9,39076.402,37642.25,2.1,39068.64,209827.4,0.3,41174.053,182394.34,2.8,539.162,4907.67,5.9,589.135,2026.84,4,13625.738,132228.51,1.6,13982.534,61421.59,2.3,5006.307,45632.73,2.2,5047.025,22490.3,2.7,1627821.16,2.5,98,476568.17,10.1,88.4
63  Cu  [ No Gas ] :  Concentration value = 158.43 is over the calibration range63  Cu  [ He ] :  Concentration value = 163.87 is over the calibration range133  Cs  [ He ] :  CPS RSD value = 6.78 is over the allowed maximum = 5.00137  Ba  [ He ] :  CPS RSD value = 5.39 is over the allowed maximum = 5.00163  Dy  [ No Gas ] :  CPS RSD value = 5.88 is over the allowed maximum = 5.00205  Tl  [ No Gas ] :  CPS RSD value = 5.77 is over the allowed maximum = 5.00238  U  [ He ] :  CPS RSD value = 5.41 is over the allowed maximum = 5.00,FALSE,039SMPL.d,06-05-2025 17:43,Sample,,MCS 3336,48655.755,213719.47,0.1,45686.333,854.22,2.9,4511.988,5376.44,5.6,5483.737,110.11,24.1,13988.849,111018.19,0.7,14964.523,3287.04,2,117491.637,1169301,2.1,125846.045,90104.43,0.5,466745.391,4208619.25,1.3,475471.545,477530.85,1.3,23814.714,259623.74,0.2,25438.197,48114.7,1.4,186108.529,450022.65,2.4,192547.115,103213.17,1.6,2398176.3,13833793.4,0.5,2480548.853,3649190.24,0.1,202881.367,380098.93,1.2,207533.6,50824.3,0.9,22273.314,128591.98,2.4,24757.8,6211.02,3.3,201443.927,2216968.33,2.1,210909.08,84152.66,0.1,103392.176,1485281.95,0.4,109289.841,56923.57,2.9,18183.498,310212.2,0.9,19032.908,24484.01,2.7,56892.257,502217.37,1,59248.296,70831.1,3.3,7729.289,20469.83,1,8305.128,5566.78,6.9,<0.000,3433.91,9.3,<0.000,1117.84,12.6,1773.461,2466.04,2.5,1630.704,493.84,5.1,5178.229,23478.26,1.4,5981.626,3597.45,5.5,651.83,5156.21,3.9,640.048,700.72,6.2,11971.271,198465.89,2.7,12583.177,16036.13,6.8,575782.852,1108223.67,1.2,568145.543,136975.65,5.4,540220.267,861879.04,3.8,34733.844,629778.11,2.7,35755.603,122175.6,2.6,73094.731,1180946.89,0.9,72329.219,296608.92,3.6,8042.122,150288.26,1.9,8093.346,30557.32,2.4,30829.13,98597.16,0.4,30413.025,21904.15,4.4,6079.192,16864.84,1.1,6271.321,3837.77,3.5,1458.145,14275.74,3.8,1437.851,3473.96,1.3,5371.783,16293.58,3.4,5226.231,5570.16,5.2,756.279,13748.01,2.8,746.547,4288.37,4.2,3786.484,16834.85,5.9,3738.775,4942.6,7.4,699.398,11974.38,2.6,668.787,3767.68,5.3,1752.799,10097.56,4.4,1767.278,3357.15,4.4,243.597,4228.3,9.2,265.946,1605.05,5.6,1587.971,5954.06,3.1,1609.263,2252.47,9.6,234.275,3871.16,1.4,227.318,774.13,9.9,1707.831,7438.94,11.5,1657.226,2446.92,12.5,932.93,14561.99,3.1,948.752,7425.58,3.5,1715.235,17446.56,5.8,1746.62,8064.08,5,60789.023,81021.01,2.2,58256.147,69447.07,0.8,58570.434,389038.9,4.2,58606.873,321383.72,1.1,1347.238,14742.32,3.6,1450.928,6128.23,6.5,13730.108,166674.71,2.1,13895.003,76357.56,2.6,4557.614,51964.38,3.8,4756.78,26512.52,5.4,1611335.61,1.6,97,531879.11,1.3,98.6
7  Li  [ He ] :  CPS RSD value = 5.24 is over the allowed maximum = 5.00107  Ag  [ No Gas ] :  CPS RSD value = 5.64 is over the allowed maximum = 5.00205  Tl  [ No Gas ] :  CPS RSD value = 6.39 is over the allowed maximum = 5.00209  Bi  [ No Gas ] :  CPS RSD value = 5.16 is over the allowed maximum = 5.00,FALSE,040_QC1.d,06-05-2025 17:47,QC1,,QC MES 50 ppb,49.971,3277722.42,1.8,50.485,13921.01,5.2,49.934,894538.94,0.5,53.363,16219.12,0.9,50.287,5063410.92,1.3,50.791,159967.6,2.1,49.39,7408642.41,0.1,51.581,558623.52,0.9,49.549,6722078.55,0.7,50.854,771342.65,3,48.154,7876089.02,2.2,50.146,1426374.87,2.6,48.085,1749308.95,2.7,51.63,416520.35,2.7,49.288,4306744.67,1.3,51.159,1139949.07,1.7,47.644,1195245.35,2.1,49.006,159081.69,0.9,49.309,4296722.36,1.2,50.185,190275.66,2.6,49.795,8280442.33,1.5,50.126,302359.14,0.4,48.777,10416916.1,1.1,50.116,387803.18,3,48.928,12610527.22,1.2,49.856,968990.48,0.8,48.931,6522341.15,1.2,49.383,892061.36,4,46.118,1722715.01,2.1,49.906,467019.91,0.7,59.235,4159006.62,5.6,58.927,1335635.12,4,47.541,952038.19,1.6,48.636,209418.27,2.6,47.187,2924575,1.5,48.554,402567.35,0.4,47.636,4468389.86,1.7,48.366,580345.79,1.4,48.127,11873446.81,1.6,47.505,904794.28,1.3,47.835,1391413.81,2.3,48.124,175315.52,0.7,45.829,1104846.44,1.4,47.184,12939041.57,3.5,48.325,2497294.96,1.1,47.001,11484331.44,4,45.579,2825977.75,1.4,46.799,13228219.08,3.4,46.031,2626194.01,2.9,45.64,2206758.12,4.5,45.016,490544.59,1.7,45.942,1923950.21,3.4,46.441,429818.92,3.7,47.705,7049868.01,0.8,46.273,1689038.52,1.9,44.638,2045694.08,1.2,44.659,718777.32,0.9,47.173,12942749.44,0.3,45.468,3938110.83,3.4,43.65,2933581.51,2.2,45.023,900338.54,2.4,46.403,11988796.32,1.9,43.832,3737794.16,1.2,45.788,3978264.73,0.8,44.716,1284489.54,3.5,44.412,11567779.89,1.9,43.135,3924202.65,3,45.111,2551724.23,1.8,45.612,964957.9,3,45.609,11348866.81,2.3,43.97,2237309.87,4.3,44.19,2904440.79,2.8,45.393,1009023.81,3,42.633,9741312.98,0.7,42.475,4858384.41,3.9,44.966,6236380.14,6.4,44.593,2771720.06,1.9,45.568,908446.55,3.5,45.516,811641.52,3.5,46.343,4602032.77,3.1,45.077,3694243.06,1,45.09,7325334.68,5.2,44.202,2799905.27,2.3,46.842,8597306.08,1.1,46.844,3892714.7,0.9,46.873,8069000.48,3.5,46.471,3911303.5,1.9,1577926.42,0.9,95,540554.55,2.3,100.2
90  Zr  [ He ] :  CPS RSD value = 23.67 is over the allowed maximum = 5.00,FALSE,041SMPL.d,06-05-2025 17:52,Sample,,MCS 3337,76745.267,354691.11,3.2,74552.667,1458.21,14.8,5241.674,6601.55,3,5181.719,110.11,54.5,22016.775,172732.27,1.9,22516.745,5129.45,0.7,175351.56,1843425.77,3.5,186341.646,141151.47,1.3,138243.898,1365277.31,3.1,138669.705,149364.87,1.8,29184.201,336000.62,3,30291.968,60550.55,3.6,93349.858,240609.59,2.2,92600.701,52917.62,1.3,77389.32,476782.07,0.9,80763.257,126762.19,3.5,108327.264,241319.15,1.9,104517.27,31184.45,2.6,30680.832,187280.18,2.2,32853.297,8718.28,1.7,214782.328,2500839.59,2.1,213061.451,89956.23,0.7,53705.745,830379.1,1.6,54755.494,30760.08,1.6,27507.466,496263.14,1,27315.89,37163.14,1,87632.723,817838.01,1.7,102938.495,130120.68,23.7,1896.871,6361.27,2.1,1664.253,1524.95,6,1245.104,11833.94,2.7,1050.468,3747.64,1,355.156,617.3,18.8,399.072,150.15,46.7,6272.989,29453.14,0.1,6706.744,4208.25,7.2,987.113,7589.88,7.3,1165.845,1171.23,8.9,13945.426,243876.47,0.9,14666.035,19731.64,2.5,391206.997,799273.24,2,388108.233,99325.16,2.6,377433.253,639023.91,2.1,47169.051,904852.36,1.6,48827.583,176516.03,1.2,96025.83,1641408.29,4.5,100776.151,437169.77,1.2,10866.922,214864.72,3.1,10953.231,43742.45,3.2,40780.287,137973.8,3.7,43288.453,32989.44,0.7,8497.818,24926.22,3.3,8660.001,5606.88,1,1772.988,18358.41,1.2,1825.586,4665.55,5.4,7662.796,24582.03,2,7157.686,8067.37,2.2,1075.893,20677.82,4.4,989.875,6010.8,6.3,5339.179,25110.27,2,5653.245,7907.09,2.7,987.86,17880.75,4.2,1020.513,6084.25,0.3,2738.43,16671.11,3,2678.78,5383.23,5.1,369.5,6765.29,2.1,333.149,2125.65,6.5,2433.418,9643.4,5.7,2378.082,3520.7,4.6,349.931,6107.64,4.5,359.256,1288.03,14.8,2832.709,13040.21,3.2,2767.435,4314.1,6.3,1618.533,26334.68,2.7,1745.936,14218.16,1.1,1150.009,12883.13,1.1,1143.208,5860.62,1.3,51754.412,73104.02,2,49064.135,61995.56,2.6,49455.837,348200.6,4.7,49560.067,288082.07,2.1,748.074,8779.85,2.1,785.183,3533.85,5.3,18609.042,238983.09,3.7,18586.935,108062.68,1.8,7035.239,84804.13,2.1,7141.408,42086.18,4.8,1632058.31,1.3,98.2,524470.4,2.6,97.2
165  Ho  [ No Gas ] :  CPS RSD value = 5.77 is over the allowed maximum = 5.00169  Tm  [ No Gas ] :  CPS RSD value = 6.11 is over the allowed maximum = 5.00,FALSE,042SMPL.d,06-05-2025 17:56,Sample,,MCS 3338,57939.94,543799.1,1.8,52858.453,2095.6,12.3,3895.069,9973.6,6.3,3391.808,146.81,3.9,16312.105,251363.84,0.3,17372.617,7960.34,3.6,139468.844,2982917.09,1.9,144575.416,223030.61,0.3,195431.284,3805261.52,0.3,199151.826,431444.4,1.6,23767.689,555828.39,1.4,24685.665,100298.11,0.6,120143.352,624814.53,0.4,122902.62,141721.9,0.6,70465.303,880446.57,1.9,71133.249,226578.02,0.7,155288.844,587499.8,1.2,155826.535,76837.66,1.3,23804.301,295756.62,0.7,26612.692,14378.89,1.4,181977.434,4312112.43,1.4,182118.849,156516.72,2.1,59258.023,1827799.1,0.7,60513.564,67705.32,1.3,21449.248,787872.09,1.4,21416.545,59323.07,1.4,67020.163,1273319.2,0.7,69436.348,178736.18,0.8,2327.781,13784.4,3.4,2376.093,3600.78,5.9,191.238,7639.92,2,<0.000,2045.55,3.3,174.356,617.3,13.8,119.726,103.44,31.1,5000.701,46396.47,1.2,5089.118,6327.89,2.8,664.357,9990.57,4.1,670.023,1338.08,11.9,11106.973,393533.12,2,11333.85,30941.77,3.4,375932.793,1556268.41,2.1,381550.081,197811.47,1.1,369279.081,1266830.06,1.5,40702.313,1590031.18,2.1,41589.742,306173.89,0.6,82488.207,2871253.45,1.6,85155.022,752184.09,1.1,9198.362,370385.52,1.6,9399.087,76418.93,1,34788.244,239657.31,1.4,35707.614,55423.21,1.8,6973.28,41633.26,2.2,7159.406,9439.66,1.8,1489.65,31390.69,2.2,1543.575,8030.61,4.4,6387.383,41717.34,2.7,6091.432,13975.13,3.6,842.001,32939.43,2.1,849.225,10491.57,3.3,4137.058,39618.84,3.1,4530.762,12906.26,1.7,808.785,29795.29,5.8,781.7,9493.14,5.7,2033.712,25200.51,1.4,2112.412,8644.99,1.8,283.748,10561.74,6.1,300.34,3897.85,7.8,1815.732,14646.64,4.8,1877.634,5660.29,1.6,255.928,9089.12,4.1,254.659,1855.33,2.5,1982.571,18580.63,3.7,2092.883,6638.47,2.7,1201.231,39566.36,0.8,1211.243,19986.16,2.7,862.36,18763.16,3.8,886.465,8738.58,2.2,49695.567,141981,5,45682.662,116777.05,2,46384.2,660455.59,1.9,46597.082,547650.21,2.5,489.678,11612.24,3.1,500.061,4567.55,3.6,16153.065,422400.02,2.2,15615.527,184874.78,3.2,5375.608,131917.55,2.6,5658.149,67883.22,2.6,1588299.81,1.6,95.6,524946.53,1.8,97.3
45  Sc  [ He ] :  CPS RSD value = 5.23 is over the allowed maximum = 5.0090  Zr  [ He ] :  CPS RSD value = 5.20 is over the allowed maximum = 5.00137  Ba  [ No Gas ] :  Concentration value = 300.48 is over the calibration range137  Ba  [ He ] :  Concentration value = 288.00 is over the calibration range138  Ba  [ He ] :  Concentration value = 287.91 is over the calibration range169  Tm  [ No Gas ] :  CPS RSD value = 5.81 is over the allowed maximum = 5.00178  Hf  [ He ] :  CPS RSD value = 5.87 is over the allowed maximum = 5.00,FALSE,043_QC2.d,06-05-2025 18:01,QC2,,SJS-Std,58198.629,1019210.41,4.5,56829.728,4191.5,4.8,1611.174,7726.59,3.1,1194.909,96.76,21.5,12061.013,340696.36,2,12966.677,11045.6,5.2,118145.862,4723964.6,1.5,123625.614,356750.23,1.5,126837.654,4606030,2.4,121718.812,492922.65,2.5,13132.077,574471.62,1.3,14027.368,106606.26,0.5,87616.013,851124.1,1.6,85750.208,184751.51,1.3,34000.033,795221.16,1.6,35042.334,208906.93,1.1,119903.963,821552,2,118605.046,105696.19,1.8,17569.691,408253.15,1.8,19278.611,19483.86,1.6,106581.812,4724433.61,1.3,103624.063,166603.29,1.2,268762.354,15278204.07,2.9,278495.419,573577.88,2.9,16855.676,1158039.53,1.8,16758.767,86825.98,1.6,57890.398,2056879.87,2.4,62912.373,302877.7,5.2,1706.505,18381.38,2,1622.457,4478.61,4.9,252.895,10454.71,3,151.106,2996.69,11.9,425.352,2389.29,6.4,314.167,390.4,13.3,1644.666,29429.78,2.1,1673.704,4017.99,6.5,1774.234,45448.9,1.8,1855.757,6124.29,1.3,5339.868,354305.63,2.6,5417.374,27691.19,0.4,1127780.569,8694817.33,0.7,1080959.308,1043780.19,2.6,1080607.635,6905189.37,0.6,21031.017,1537070.82,1.5,22388.023,308346.02,4.4,42485.683,2766754.57,1.6,43556.012,719803.19,1.2,4798.54,361491.18,2,5012.693,76248.08,4.4,18168.673,234168.56,1.2,18683.262,54253.41,1.4,3566.505,39839.13,3.3,3733.348,9209.23,2.2,1011.577,39869.36,1.7,905.401,8811.95,2.9,3499.168,42755.56,2.2,3258.276,13985.11,3.3,500.959,36660.1,4.7,497.772,11503.47,4.4,2770.104,49624.54,3.2,2947.787,15708.94,4.9,582.745,40151.08,3.1,564.232,12819.44,2.2,1607.398,37246.05,1.4,1760.078,13474.09,1.7,244.182,16981.93,5.8,234.901,5700.38,7.3,1599.63,24127.6,4.2,1642.743,9262.74,1.8,246.731,16377.32,3.2,242.96,3303.76,9.7,1912.74,33518.62,4.6,1872.861,11105.01,5.9,797.103,49003.82,2.1,908.374,27938.28,1.4,530.967,21349.96,2.1,535.546,9760.35,1.2,18623.428,99857.92,3.5,17050.903,81814.42,1.3,17998.769,480899.53,0.8,17610.615,388527.74,2.1,279.238,12369.65,3.2,276.773,4727.6,9.8,10365.294,507059.16,4,9969.671,220807.76,1.9,3229.868,148269.94,2.9,3143.011,70544.06,2.3,1541854.31,1.7,92.8,513075.93,1,95.1
89  Y  [ He ] :  CPS RSD value = 5.83 is over the allowed maximum = 5.00147  Sm  [ No Gas ] :  CPS RSD value = 5.28 is over the allowed maximum = 5.00163  Dy  [ No Gas ] :  CPS RSD value = 5.48 is over the allowed maximum = 5.00166  Er  [ No Gas ] :  CPS RSD value = 5.03 is over the allowed maximum = 5.00172  Yb  [ No Gas ] :  CPS RSD value = 8.77 is over the allowed maximum = 5.00,FALSE,044SMPL.d,06-05-2025 18:05,Sample,,MCS 3339,58342.575,401305.32,1.2,58304.737,1695.14,10.4,3894.058,7302.59,3.7,3372.703,106.77,47.2,17599.319,202212.68,0.9,18006.895,6077.48,0.3,145777.777,2281764.84,0.4,151031.846,170425.76,1.5,197659.867,2832347.56,1.7,196364.619,311936.36,0.7,24028.233,411603.44,0.7,24557.74,73065.31,1.2,104515.3,398879.78,0.3,104626.457,88537.65,2.5,66196.13,606345.64,1.7,67728.477,158107.63,1.4,80738.674,261222.73,1.2,78195.086,33753.19,2.2,25042.671,227655.98,2,26804.055,10594.87,3.5,188387.6,3266257.62,1.5,185499.917,116637.86,1.4,59621.139,1353184.12,2.7,61065.554,50293.39,3.1,22992.874,617846.6,0.2,22662.47,45923.17,5.8,75363.01,1047460.22,1.4,76847.217,144704.64,2.6,2557.24,11352.98,5,2566.7,2936.61,7.2,<0.000,5129.51,7.8,<0.000,1471.56,1.2,270.39,684.04,32.9,230.663,133.47,11.5,5112.357,35270.06,1.3,5847.882,5369.86,8.8,668.384,7646.62,5,667.699,1027.74,6.3,11473.221,298151.22,1.8,11777.119,23565.32,1.3,377347.456,1144816.75,1.1,367092.578,139518.12,3.2,365863.285,919840.73,2.8,44039.183,1258393.53,0.4,45087.576,242790.33,1.5,90913.793,2314737.5,2,92920.619,600388.77,1.9,9921.455,292216.68,2.4,10605.533,63075.77,3.7,38324.309,193124.98,1.2,39297.122,44612.97,1.2,7583.213,33123.21,5.3,7897.585,7616.6,4.6,1616.761,24926.24,4.9,1618.722,6161.03,4.5,6663.691,31838.76,3.4,6555.33,11002.56,3.3,916.233,26223.78,2.9,943.464,8528.11,4.6,4467.61,31297.1,5.5,4786.911,9973.97,6.3,831.846,22422.53,4.3,834.21,7409.61,4.1,2153.439,19524.83,5,2180.755,6528.26,2.7,305.612,8327.79,4.9,275.742,2619.57,4.5,1917.349,11316.52,8.8,1868.871,4121.48,8.1,271.078,7045.74,2.3,261.291,1394.81,6.1,2155.349,14778.84,4.7,2151.384,4994.35,3,1281.826,30985.51,2.5,1278.095,15483.11,4.5,883.625,14496.43,0.9,836.984,6311.29,7.2,59505.893,124474.07,3,56214.207,105189.42,3.3,59393.964,618869.95,3.2,57481.03,494540.98,0.8,521.446,9106.77,1.9,537.144,3600.55,5.5,17103.081,327154.46,1.7,17101.795,148101.03,2.2,5628.134,101047.22,2.9,5547.263,48694.21,3.8,1579422.55,1.4,95.1,535280.42,1.9,99.2
163  Dy  [ He ] :  CPS RSD value = 5.58 is over the allowed maximum = 5.00166  Er  [ No Gas ] :  CPS RSD value = 6.15 is over the allowed maximum = 5.00238  U  [ No Gas ] :  CPS RSD value = 7.22 is over the allowed maximum = 5.00,FALSE,045SMPL.d,06-05-2025 18:09,Sample,,MCS 3340,17492.062,159604.7,2.8,15001.413,587.27,25.1,2152.858,5303,4.1,2411.822,100.1,43.6,7430.486,120097.83,0.9,7317.422,3320.41,3.7,58831.746,1210028.18,2.5,61769.451,91414.19,0.8,72688.132,1400275.12,2,75294.066,158229.98,0.3,8753.685,197825.21,2.4,9022.028,35358.73,1.1,37574.181,189945.09,1,39391.63,44100.1,3,25814.269,312191.45,2.6,26836.274,82641.03,1.4,51938.458,229861.96,1.6,51427.868,30311.49,2.2,14545.513,173444.58,1.7,17781.588,9215.76,2.4,158998.57,3613483.07,2.1,159749.653,131667.11,1.4,61589.522,1821662.24,1.4,63807.483,68439.98,0.9,17629.785,621063.81,1.4,17365.763,46133.94,3.1,46465.421,846920.56,3.3,48507.486,119771.25,0.5,895.204,5974.03,6.2,768.442,1418.17,2.7,<0.000,4431.88,3.8,<0.000,1171.23,11.3,107.394,413.76,11.4,96.485,86.75,17.6,1770.552,17265.54,1.8,1825.917,2389.28,3.8,296.324,4912.54,2.3,297.428,680.7,7.4,4447.702,153202.89,1.7,4449.767,11777.22,3,413550.951,1641092.14,2.3,404328.825,200979.31,1.2,389197.059,1280157.89,2.7,47059.812,1762691.92,3.4,45795.171,323256.81,2.1,94432.192,3151656.46,2.9,91436.928,774432.77,1.2,10331.306,398881.45,2,10518.192,81995.56,3.5,38668.491,255420.52,0.3,37241.922,55426.51,1.7,7510.786,42995.97,1.2,7601.341,9609.96,3.9,1198.436,24224.23,3,1055.899,5269.72,6.2,6665.261,41741.23,2.8,6129.368,13484.1,2.7,818.666,30711.64,3.1,782.609,9272.73,5.1,3934.918,36134.76,4,3969.306,10842.26,5.6,657.345,23228.13,2.8,633.162,7372.91,7.7,1576.961,18746.22,6.1,1546.825,6070.89,1.7,193.875,6932.22,1.2,179.704,2239.12,1.6,1077.733,8344.52,5.1,1119.358,3237,2.3,157.842,5383.23,3.3,154.641,1084.47,9.1,1373.371,12349.51,0.3,1434.487,4367.46,7,551.691,17692.71,4.4,563.22,9053.32,5.7,541.515,11987.92,1.1,514.105,5256.41,3.8,46365.336,127127.41,3.2,42726.785,104819.81,2.4,44789.287,611895.78,4,44791.107,505115.78,0.8,236.718,5534.6,1.5,266.323,2360.24,4.5,19276.301,483305.52,2.9,19326.364,219380.19,1.1,2101.623,49535.49,7.2,2168.058,24981.08,2,1572587.54,2.2,94.7,533651.24,1.1,98.9
166  Er  [ No Gas ] :  CPS RSD value = 5.63 is over the allowed maximum = 5.00238  U  [ No Gas ] :  CPS RSD value = 6.89 is over the allowed maximum = 5.00,FALSE,046SMPL.d,06-05-2025 18:14,Sample,,MCS 3341,23768.267,137775,2.9,22426.042,557.24,14.5,2460.024,3847.74,14.9,3046.644,80.08,12.5,10483.959,109262.11,0.4,10990.042,3166.88,8,82466.435,1074837.29,1.2,89691.475,84069.12,1.2,92937.539,1146618.97,2.1,95187.276,127253.79,2.6,12266.82,175831.31,0.8,13029.933,32368.24,2.2,50173.668,161198.55,0.4,52904.659,37627.34,3.1,33263.286,255592.57,1.1,34974.178,68393.2,0.8,50344.244,164665.47,1.7,51875.238,22531.64,4.3,16250.756,122833.2,0.3,18200.276,5977.34,2.2,116350.457,1677521.06,3.2,126086.032,65887.37,4,33357.763,645125.53,2.3,35244.216,24741.43,4.6,17137.689,382580.63,3.1,17873.929,30088.12,3.4,44257.851,511399.82,0.8,47312.32,74035.19,2.3,925.416,4398.49,7.4,1015.273,1257.99,16.3,<0.000,3173.57,6.1,<0.000,1014.39,7.9,119.472,327,33.6,0,30.03,33.3,2458.883,15461.5,3.1,2710.81,2265.81,8.1,403.283,4388.48,7.2,318.453,523.87,2.2,5111.964,112441.98,3.1,5375.56,9058.97,0.8,241738.361,612949.16,1.3,241931.106,76834.71,1.1,230895.012,485193.83,1,42504.912,1008513.23,2.9,43696.282,195382.58,2.3,85987.159,1817950.45,2.1,85917.53,461003.07,1.7,9443.487,230953.4,1.5,9537.147,47107.59,0.7,34200.575,143124.76,0.9,33870.767,31928.74,4.1,6241.369,22649.59,2.3,6325.491,5066.11,3.3,1050.915,13470.72,2,1084.659,3430.58,9.3,5726.795,22726.62,2.5,5460.353,7613.29,4.3,743.463,17680.19,3.5,692.855,5206.32,7.7,3626.245,21098.93,2.8,3703.526,6408.06,1.4,651.189,14586.42,4.9,649.853,4792.4,4.2,1597.678,12041.21,5.6,1599.962,3977.96,3,210.392,4775.72,7.4,215.038,1698.49,5.1,1240.38,6087.6,5.2,1247.589,2285.84,5.7,172.143,3724.29,1.4,168.346,750.78,3.5,1260.045,7185.43,6,1219.158,2356.9,0.9,630.603,12940.15,4.4,676.216,6945.31,6.8,439.552,7005.71,2.1,411.753,3106.84,2.8,38800.406,67868.55,2,34439.981,53945.87,4,35316.299,308175.06,4.6,36680.306,264110.85,1.7,317.526,4744.27,3.8,343.232,1936.83,5.7,16412.136,260692.09,2.8,16691.678,120029.12,3.3,2089.663,31242.01,6.9,2205.118,16113.67,2.7,1620516.98,2.3,97.5,551597.65,1.5,102.3
7  Li  [ No Gas ] :  CPS RSD value = 6.24 is over the allowed maximum = 5.0060  Ni  [ He ] :  CPS RSD value = 6.10 is over the allowed maximum = 5.0089  Y  [ He ] :  CPS RSD value = 5.14 is over the allowed maximum = 5.00146  Nd  [ He ] :  CPS RSD value = 7.31 is over the allowed maximum = 5.00,FALSE,047SMPL.d,06-05-2025 18:18,Sample,,MCS 3342,6999.916,69267.33,6.2,8064.101,343.68,14.9,525.399,1394.8,6.1,304.321,13.35,114.6,2138.013,49252.19,0.8,2381.596,1257.99,2.6,16221.269,356738.72,0.9,17522.104,27455.51,4.3,17268.519,401799.44,0.7,17991.916,42091.5,2.8,2315.373,57001.69,4.3,2408.645,10207.46,2.6,8818.768,49876.44,1.9,9136.451,11402.98,6.1,7398.123,97680.51,2.8,7571.57,25383.12,4.3,82535.571,344542.63,0.6,84453.255,46149.34,2.9,3620.46,45902.03,3.2,3946.512,2169.02,5.8,29074.612,702603.67,2.4,29819.22,26088.7,2.3,10228.316,345134.65,3.7,10903.199,13366.86,2.7,3509.843,131140.78,3.1,3596.985,10134.08,5.1,9390.411,181898.59,3.3,10351.688,27114.78,2,222.455,2609.55,7.5,131.09,613.96,14.2,<0.000,2883.21,3.1,<0.000,957.66,12.1,75.068,337.01,17.9,26.855,46.71,32.7,486.32,6638.36,3.2,480.114,897.6,3.6,92.232,2365.93,11.3,106.034,377.05,1.5,968.843,37887.39,3.8,1016.561,3000.03,1.7,66195.872,284737.16,2.5,66297.8,35722.49,0.7,64293.27,229045.05,1.3,8049.815,319070.28,0.7,8564.596,63974.33,1.8,16624.184,587223.11,2.3,16438.263,147430.4,2.8,1793.507,73264.5,2.8,1840.846,15207.7,1,6580.141,46032.91,0.7,6472.737,10187.66,7.3,1277.067,7763.5,2.7,1274.327,1705.16,4,232.099,4989.33,3,209.699,1111.17,13.5,1094.24,7266.06,4.6,990.027,2312.54,7.7,145.082,5783.8,1.8,143.913,1815.28,10.2,704.171,6852.08,5.9,712.373,2058.9,6.3,126.758,4762.36,3.2,124.203,1528.3,8.7,322.091,4074.76,6.6,338.92,1408.16,7.1,44.66,1715.18,9.8,48.041,637.32,3.6,246.121,2028.87,7.7,256.873,787.48,15.7,34.851,1271.34,5.2,32.266,246.91,14.2,281.558,2693.64,6.3,281.649,916.7,7.9,118.418,4384.14,2.7,118.165,2206.88,8.8,73.229,3200.29,1.5,60.666,1438.2,4.3,9552.316,28498.5,0.7,8871.72,23696.76,4.3,9216.247,137141.03,0.3,9127.131,112259.75,2,78.928,2133.53,1.9,79.872,786.69,4.5,3033.971,80546.69,3.2,3064.009,36816.63,4.5,389.18,9800.49,4,401.758,4942.66,4.7,1630264.69,2.4,98.1,546508.57,2.1,101.3
163  Dy  [ No Gas ] :  CPS RSD value = 6.07 is over the allowed maximum = 5.00178  Hf  [ No Gas ] :  CPS RSD value = 6.60 is over the allowed maximum = 5.00,FALSE,048SMPL.d,06-05-2025 18:22,Sample,,MCS 3343,31982.787,225704.65,1.7,30354.271,910.95,22.7,3555.276,6801.83,5.9,3100.508,100.1,52,13033.33,157195.51,0.6,13491.914,4685.53,6.1,101598.185,1623452.41,1.6,103536.052,119167.8,1.7,114545.134,1701322.84,1.7,116813.743,190364.97,2.1,15366.907,269273.13,2.5,15417.5,46895.69,1.2,53593.349,210344.1,3.5,54366.453,47287.58,2.7,46168.104,432565.87,2.1,48001.94,114570.62,2,121257.283,367650.03,1.3,118178.006,47274.48,4.8,22870.765,212055.47,3.1,25985.039,10474.66,2,218077.85,3854924.83,2.6,212302.164,136109.48,2.8,75420.639,1736720.58,2.6,79145.444,66078.63,0.7,23520.238,644507.07,2.1,23607.55,48782.73,1.1,57677.826,817820.79,0.7,59413.196,114120.51,0.7,1609.75,7793.47,3.3,1602.816,2028.87,5.7,<0.000,4178.2,9.5,<0.000,1084.47,4.6,211.797,570.59,7.6,182.406,113.45,28.4,3397.92,24645.04,4.3,3655.739,3540.71,3.3,459.686,5696.98,4.4,445.21,760.78,2.3,6878.773,183620.6,1.1,7368.506,15110.8,4.7,501606.317,1548873.04,2.4,506619.825,195917.09,1,483885.296,1238302.47,2.2,52239.589,1522159.24,1,55765.181,306204.82,1.7,107806.022,2798943.74,0.7,110115.283,725498.67,2.3,11477.921,344733.61,1.2,12220.267,74109.25,2.3,43421.015,223121.88,2.4,43777.093,50681.81,2.7,8266.342,36816.92,2,8314.789,8177.51,2.9,1613.06,25360.98,1.4,1655.304,6424.75,3.6,7499.267,36536.24,3.6,7051.182,12067.88,3.3,960.62,28035.89,1.2,954.904,8801.91,3.2,4774.965,34110.56,6.1,4879.466,10368.02,3,875.986,24077.22,1.2,843.812,7643.32,1.8,2153.985,19915.79,2.7,2109.962,6441.47,3.4,268.301,7459.73,4.9,270.734,2622.92,2.7,1734.487,10441.52,2,1655.832,3724.3,2.6,235.753,6251.19,3.4,225.345,1227.96,2.5,1664.213,11642.15,6.6,1657.683,3927.31,7.5,893.977,22176.61,1.7,859.965,10704.65,2.7,808.863,13648.05,2.2,775.209,6010.84,7.1,64429.189,137332.05,1.6,58779.837,112109.14,3,62515.106,663907.37,0.3,61643.118,540435.26,1.5,463.573,8282.83,0.7,446.927,3063.73,5.9,19147.559,373487.38,0.4,18413.062,162606.81,3,2564.305,47022.58,2.4,2415.445,21658.06,2.3,1593875.02,1.7,95.9,541078.36,0.6,100.3
66  Zn  [ No Gas ] :  Concentration value = 136.24 is over the calibration range66  Zn  [ He ] :  Concentration value = 142.60 is over the calibration range147  Sm  [ No Gas ] :  CPS RSD value = 6.51 is over the allowed maximum = 5.00166  Er  [ No Gas ] :  CPS RSD value = 6.72 is over the allowed maximum = 5.00181  Ta  [ No Gas ] :  CPS RSD value = 5.32 is over the allowed maximum = 5.00,FALSE,049SMPL.d,06-05-2025 18:27,Sample,,MCS 3344,26922.904,159515.22,1.5,24196.212,613.96,16.5,3246.12,5192.85,7.8,2599.995,70.07,24.7,11575.289,121273.12,2.7,12633.033,3700.9,7.3,92211.323,1231407.4,1.7,98678.721,94824.61,1.4,116124.09,1450081.91,1,121855.05,166135.38,1,13823.973,202798.67,1.8,14325.414,36446.07,3.4,51937.186,170862.71,4,52854.222,38523.92,0.4,43815.208,343618.46,1.4,45113.94,90112.89,1.8,1536493.879,3304412.54,3.4,1608219.218,446152,1.8,20485.646,158650.68,0.9,23858.362,8030.49,5.8,190694.732,2815316.78,2.3,199022.343,106542.85,1.5,72224.954,1394499.71,1.6,75225.439,52681.76,2.4,21350.805,488529.54,2.2,22790.62,39321.48,1.6,62135.162,735568.95,2.7,64522.09,103466.85,1.6,1161.777,5256.33,2.7,1147.196,1388.13,5.9,7.517,5777.08,4.1,<0.000,1731.86,6.9,135.32,360.37,2.8,78.665,60.06,66.7,2610.491,16627.39,3.2,3216.311,2686.31,5.1,431.861,4708.92,8.7,448.636,670.69,6.8,6385.659,143056.97,1.3,6623.342,11389.84,3.2,471461.015,1217081.54,2.3,471848.334,152559.97,0.3,456793.186,977236.04,0.2,50492.45,1228239.91,2.3,53477.209,245141.08,4.1,106422.369,2306643.42,1.3,107745.715,592650.85,1,11312.571,283642.22,4.6,11861.15,60055.14,4,41871.808,179631.32,1.2,42936.303,41496.09,3.3,7900.826,29383.57,6.5,7776.084,6384.68,6.5,1513.503,19872.24,2.3,1468.324,4759.01,7.7,7181.657,29213.1,1.9,6553.904,9366.26,6.7,979.262,23863.21,2.6,897.868,6912.16,1,4557.19,27180.03,4.2,4722.999,8377.86,0.5,839.304,19264.26,4,854.55,6461.49,3.9,2103.718,16243.59,6.7,2160.662,5506.73,6,272.842,6337.97,4.1,266.407,2155.69,5.8,1745.617,8775.23,6.8,1654.458,3106.84,4.3,226.743,5022.74,2.6,226.316,1031.08,15.6,1798.444,10504.47,0.5,1710.077,3383.81,4.4,696.571,14592.03,5.3,678.923,7142.09,5.7,698.937,10328.06,4,656.026,4508.69,4.9,58494.392,104333.2,2,52425.6,83695.4,2.4,54713.502,486446.58,1.7,54332.045,398802.02,2.7,364.553,5534.6,2,366.812,2116.86,3.4,19929.141,324521.91,1.5,18896.242,139309.53,3,2560.304,39213.26,4.2,2550.077,19094.37,2.6,1602753.43,0.8,96.5,535437.96,1,99.3
178  Hf  [ No Gas ] :  CPS RSD value = 5.48 is over the allowed maximum = 5.00,FALSE,050SMPL.d,06-05-2025 18:31,Sample,,MCS 3345,27809.469,185411.8,2.7,27500.919,780.81,6.7,3163.602,5706.91,5.1,4388.918,133.47,24.1,11811.708,136865.98,0.7,12627.16,4151.47,5.4,93457.719,1407429.36,3.1,98085.043,106345.23,1.3,116856.453,1637469.19,1.2,119767.957,183941.32,1.7,13624.431,225265.13,3.6,14192.729,40705.98,2.7,51386.273,190324.69,1.1,52474.177,43062.39,1.2,40808.083,360892.57,3.1,40762.528,91853.35,2.6,68786.476,224860.31,2.6,65362.208,28830.1,2.4,21522.006,188003.73,3,25289.678,9603.1,1,220854.132,3677507.41,2.5,212861.204,128550.04,1.1,77187.021,1675276.69,2.6,80181.037,63111.54,3.4,21039.594,543143.77,1.3,21633.28,42113.14,0.8,56457.815,754130.77,2.1,56930.303,103013.61,1.7,1363.923,6504.81,3.1,1451.907,1795.26,8.9,<0.000,3694.23,5.4,<0.000,954.32,6,108.265,337.01,6.2,46.477,50.05,52.9,2737.338,19253.69,2.7,3067.808,2866.53,10.8,404.783,4915.88,10.3,330.864,590.61,16.7,6854.82,172562.78,3.3,6997.009,13537.42,2,512005.239,1489492.26,2,527599.889,192201.11,2.5,512215.247,1234690.08,2.6,53282.258,1462391.4,3.8,54582.068,282310.27,1.2,105580.865,2582055.08,1.6,107693.18,668360.91,2.3,11681.182,330466.57,4,12153.729,69428.31,3,42029.837,203440.76,1.4,43161.481,47067.62,1.6,8189.055,34357.5,2.4,8611.145,7977.18,2.7,1574.827,23325.04,2.5,1541.651,5636.92,4.5,7078.058,32484.62,0.9,6639.801,10705.32,3,934.472,25692.12,1.8,912.453,7923.8,9.1,4446.032,29919,4.8,4724.697,9456.39,5.3,782.721,20270.03,4.3,812.496,6932.22,3.9,1996.957,17396.18,0.9,1976.394,5683.66,2.9,254.866,6678.49,3.8,247.828,2262.47,2.5,1620.76,9192.62,2.5,1649.131,3494,3,221.862,5543.48,1.6,201.878,1037.75,8.2,1638.476,10798.08,5.5,1785.386,3984,8.5,858.681,20109.63,0.9,874.511,10264.3,1.6,742.675,12037.98,0.3,756.425,5596.89,4.9,63432.117,127430.37,1.7,59865.934,107585.43,2.3,61237.861,612975.76,0.5,60821.133,502573.72,0.3,377.45,6418.39,6.5,411.88,2666.97,2.2,23935.264,439724.23,3.6,23253.108,193408.36,2.6,2478.964,42829.42,3.5,2487.372,21009.55,0.4,1547085.89,3.3,93.1,519082.35,1.5,96.2
133  Cs  [ He ] :  CPS RSD value = 8.17 is over the allowed maximum = 5.00157  Gd  [ He ] :  CPS RSD value = 5.35 is over the allowed maximum = 5.00166  Er  [ No Gas ] :  CPS RSD value = 6.20 is over the allowed maximum = 5.00,FALSE,051SMPL.d,06-05-2025 18:35,Sample,,MCS 3346,21234.362,166808.69,2.9,22457.415,750.77,16.2,2409.777,5116.08,7.4,3078.893,110.11,24.1,9177.804,126643.58,1.1,9772.389,3794.34,2.5,73048.857,1294201.34,1,77537.828,98871.09,0.6,114687.331,1879609.66,1.4,117950.096,212583.98,2.5,10949.556,213036.62,1.9,11121.287,37536.87,2.4,52349.763,227294.33,2,52094.355,50143.99,1.1,33041.597,343859.59,0.4,33787.715,89565.17,0.4,645734.499,1869838.17,1,648304.59,242744.61,1.1,15843.68,162814.82,1.5,19176.633,8564.7,7.4,155531.191,3046597.02,1.4,154164.92,109512.66,1.2,51883.825,1330781.25,1,55761.525,51840.76,3.1,19234.869,583914.28,1.6,18952.944,43388.49,3.9,72836.505,1143483.34,0.7,77421.75,164670.14,3.4,1373.386,7442.92,8.6,1207.29,1765.23,4,<0.000,4415.19,3.2,<0.000,1181.24,13.2,89.225,330.33,32.1,65.867,63.4,63.8,2033.692,17111.88,3.2,2307.34,2572.84,8.5,732.489,9200.5,27.2,721.098,1211.27,11.9,5047.414,149886.38,0.5,5137.278,11717.14,8.2,367473.067,1258548.45,2.9,368007.676,157856.67,2.3,354015.33,1004827.28,1.8,43774.037,1412928.29,1.1,46073.73,280251.58,2,88628.224,2549010.11,3.5,90947.49,663791.98,3.1,9380.539,312100.21,1.3,10237.673,68777.78,3.3,35536.038,202286.8,3.4,35382.262,45376.57,3.3,6733.179,33223.45,4.5,6828.63,7439.64,2.9,1183.401,20617.52,3.1,1142.243,4912.55,4.5,5998.15,32374.21,2,5547.219,10518.31,5.4,792.732,25631.75,1.9,809.95,8271.02,3.3,3873.188,30651.49,3.9,4008.997,9436.35,5.8,699.21,21292.86,3.1,715.171,7175.92,7.5,1799.054,18428.7,6.2,1823.778,6167.7,1.3,222.6,6858.75,2.8,246.899,2649.61,9,1513.134,10090.9,4.6,1453.241,3620.83,4.2,205.643,6040.86,1.8,198.972,1201.26,7.9,2340.421,18123.31,2.6,2269.121,5948.12,5.3,655.279,18096.63,1.9,688.336,9520.34,6.6,530.797,10394.85,3.1,517.193,4675.59,13.5,47033.914,111254.37,2.4,43060.917,91144.57,3.8,42893.115,505847.7,1.2,44508.876,433143.35,1.5,319.557,6391.69,2.3,343.968,2620.29,1.4,16055.357,346921.26,0.9,16537.118,161772.43,3,2373.309,48204.96,2.2,2301.381,22854.68,4,1518057.96,3.5,91.4,513328.07,3.7,95.2
107  Ag  [ No Gas ] :  CPS RSD value = 11.03 is over the allowed maximum = 5.00107  Ag  [ He ] :  CPS RSD value = 10.50 is over the allowed maximum = 5.00209  Bi  [ He ] :  CPS RSD value = 5.36 is over the allowed maximum = 5.00232  Th  [ He ] :  CPS RSD value = 5.48 is over the allowed maximum = 5.00,FALSE,052_QC1.d,06-05-2025 18:40,QC1,,QC MES 50 ppb,49.714,3260928.33,4.3,50.849,14021.2,0.3,50.071,897008.6,0.8,52.506,15958.54,0.6,50.875,5122374.68,1.5,51.541,162325.37,1.2,48.94,7341225.2,0.5,51.35,556129.52,1.5,48.675,6604731.41,2.1,50.123,760296.29,2.5,48.506,7933599.87,2.5,50.416,1434039.93,1.8,47.885,1742045.12,2.6,51.013,411550.7,2,49.931,4362920.01,1.5,50.884,1133822.55,1,46.953,1178796.66,0.3,49.016,159112.31,1.3,49.995,4356420.6,1.5,50.113,190002.88,2.6,49.322,8201714.23,1.2,50.714,305906.98,1.9,48.251,10305027.76,2,49.687,384492.9,1.8,48.968,12620827.94,2,50.673,984882.26,1.6,47.379,6315603.66,1.3,49.509,894321.76,0.5,46.117,1722675.02,2.1,49.214,460555.66,1.5,56.556,3971214.55,11,50.305,1140508.01,10.5,46.996,941114.24,1.8,47.887,206197.19,2,43.952,2724246.75,3.3,48.607,403010.71,1.1,47.047,4413135.44,3.1,47.18,566113.91,1.1,45.992,11346766.37,2.5,47.966,913572.24,0.5,47.493,1381551.92,4.4,46.512,169480.07,1.8,46.165,1112894.57,1.4,45.51,12479902.01,3.4,45.955,2374808.04,1.7,46.188,11285844.2,3,45.029,2791878.14,0.2,44.554,12593586.94,2.9,45.23,2580493.78,0.9,45.071,2179238.2,2.1,44.709,487201.33,0.9,45.042,1886254.12,1,45.325,419491.14,3.6,46.76,6910264.86,2.5,44.969,1641462.77,1.4,43.496,1993364.57,1.6,43.186,695058.5,2.7,45.733,12547453.73,2.1,44.51,3855140.57,1.4,42.365,2847203.77,2.5,43.945,878791.19,0.9,45.406,11731437.3,2.2,44.18,3767448.29,1.4,44.146,3835615.42,2.7,43.649,1253863.27,3.5,43.792,11406225,2.8,42.265,3845058.4,2.5,43.214,2444420.57,2.3,44.593,943383.23,0.6,43.267,10765951.6,4.7,42.76,2175712.28,2.6,43.784,2877805.48,3.4,42.658,948211.44,0.4,41.926,9579796.31,2.9,42.343,4843291.59,1.2,44.902,6227482.29,2.7,42.736,2656364.8,1.3,44.975,896638.15,1.3,43.479,775364.87,2.7,45.263,4494965.91,4.3,44.038,3609204.97,3.5,43.636,7089179.68,0.7,43.663,2765751.47,5.4,46.988,8624122.27,3.9,45.417,3774169.18,5.5,44.53,7665722.82,2.3,46.507,3914354.57,1.8,1565028.05,2.4,94.2,534066.11,1.8,99
181  Ta  [ He ] :  CPS RSD value = 7.21 is over the allowed maximum = 5.00,FALSE,053SMPL.d,06-05-2025 18:44,Sample,,MCS 3347,16359.518,154067.89,3.3,15663.48,630.65,5.7,2010.57,5109.41,7,2416.327,103.44,29.6,7319.287,121723.7,1.8,7516.411,3507.31,8.6,57049.705,1210227.08,3.8,59698.918,91125.01,0.4,58632.309,1176255.32,3.1,60531.801,131690.87,1.7,8475.776,197563.75,1.1,8943.6,36144.95,1.4,27771.028,145672.24,3.9,28785.116,33431.87,2.5,25094.275,313003.67,1.9,25690.524,81610.84,2.4,45592.126,213885.87,2.9,46858.236,29013.96,1.4,13038.878,160391.13,3.1,14695.227,7856.86,1,123847.213,2904079.5,3.5,124926.253,106227.58,3.4,41214.4,1266867.16,0.6,44393.209,49459.42,0.4,14746.963,535907.91,2.5,15150.381,41517.31,1.4,36945.644,694791.03,1.9,39530.225,100692.52,1.7,911.127,6201.02,3.6,894.565,1615.05,1.9,715.138,12792.48,3.4,867.032,4849.1,7.3,110.04,430.44,14.5,33.017,50.05,20,1722.001,17312.33,2.6,1827.527,2456.04,5.9,368.175,5980.72,3.3,426.637,914.29,21.4,4367.277,155113.82,2.4,4761.358,12976.25,2.7,288005.957,1181214.24,3.6,290885.611,149411.98,1.1,279269.617,949187.97,1.8,35932.1,1388276.35,3.8,37616.502,273882.3,1.8,73956.024,2546009.76,1.7,77418.961,676348.8,1.9,7979.259,317769.9,2.3,8504.87,68391.68,4,29753.283,202730.73,3.4,30851.382,47359.1,3.5,5705.696,33698.57,2.5,5968.7,7783.53,2.3,973.566,20303.44,3.2,923.757,4755.67,3.6,4934.345,31878.97,1.4,4763.979,10812.16,3.7,666.693,25802.41,1.4,652.027,7970.52,2.5,3186.32,30183.13,0.5,3460.705,9750.23,1.1,546.945,19939.2,2.2,570.517,6852.08,2.5,1400.052,17169,2.7,1484.046,6007.47,4.4,177.141,6534.93,3.6,185.171,2379.28,9,1107.778,8845.33,1.9,1126.717,3360.49,3,158.37,5570.17,8.7,143.877,1041.09,16,1220.179,11318.54,2.4,1231.039,3867.28,4,563.938,18627.4,3.4,656.243,10828.1,7.2,482.096,11149.6,1.7,501.12,5279.77,5.1,37067.326,105009.93,1.9,33795.595,85677.95,1.1,35033.356,494656.09,2.2,35435.429,412980.81,1,244.96,5888.11,5.9,247.376,2263.55,9.5,16134.075,417253.72,0.9,16046.308,187878.86,1.9,1744.309,42424.02,1.2,1723.012,20488.07,2.4,1560464.74,2.1,93.9,524025.25,1.5,97.2
159  Tb  [ No Gas ] :  CPS RSD value = 5.19 is over the allowed maximum = 5.00166  Er  [ No Gas ] :  CPS RSD value = 6.71 is over the allowed maximum = 5.00,FALSE,054SMPL.d,06-05-2025 18:49,Sample,,MCS 3349,22970.395,110091.2,2,23187.719,477.15,14,2544.329,3277.01,4.7,3397.22,73.41,55.1,10528.473,93394.98,1.3,10354.539,2492.73,3.7,82129.228,881051.5,1.1,89201.711,68747.43,3.2,112987.449,1145994.2,2.8,114463.358,125829.05,2,11565.332,136813.6,1.7,12322.182,25235.71,2.4,45311.607,120623.4,1.9,46277.087,27278.56,4.9,36523.173,231145.18,0.9,38518.599,62022.47,0.8,70046.672,179569.3,3.1,66934.971,23367.2,3,17917.006,111367.2,2.3,21346.864,5763.69,3.1,172704.881,2045788.4,3.7,173676.797,74588.76,1.3,57697.853,904286.19,1.3,60271.123,34282.41,3.6,19311.028,354438.66,3.4,19210.969,26590.27,3.1,47506.168,451417.91,2.2,48236.898,62073.71,2.8,1189.871,4568.73,7.9,983.991,1091.14,15.2,<0.000,4812.39,5,<0.000,1454.87,5.2,89.072,246.91,12.4,<0.000,26.69,43.3,2180.054,11890.74,1,2424.944,1751.88,10.9,392.945,3737.62,7.9,375.644,513.86,14.4,5458.85,99123.95,2.9,5596.86,7783.51,3.6,419484.619,870714.08,3,404254.525,105136.74,2.7,403643.524,694327.35,0.7,47825.365,932888.59,1.4,49708.832,182726.66,2.3,99580.005,1730788.29,2.9,99793.334,440200.18,1.2,10563.707,212391.2,4.5,11006.975,44696.8,2,38793.371,133467.74,2.2,39172.571,30356.76,1.1,7238.59,21596.72,2.3,7851.839,5169.58,1.8,1322.569,13935.04,3.8,1310.419,3407.21,2.8,6526.2,21292.76,2.2,6006.075,6885.45,2,840.653,16437.23,5.2,794.565,4909.21,2.6,4013.789,19200.61,3.9,4096.537,5827.2,0.9,684.839,12615.69,4.6,690.85,4188.23,2.2,1789.923,11092.73,6.7,1877.613,3837.78,7.2,226.005,4221.61,3.4,224.432,1458.22,8.8,1388.477,5603.55,1.4,1513.175,2279.16,9.5,200.157,3560.76,7,185.409,680.7,13.1,1384.307,6491.72,2.3,1430.285,2273.55,2.6,834.883,14041.33,3.5,777.867,6581.77,4.7,620.041,7847.05,1.7,580.205,3457.29,3.4,51638.772,74154.75,2.8,46564.005,59859.43,1.4,49201.698,352189.17,1.6,48620.765,287396.42,1,321.292,3994.03,8.2,327.941,1533.43,7.5,18445.328,240871.65,1.5,18387.972,108707.35,3.4,2195.667,27004.21,2,2196.086,13203.82,1,1581260.64,0.6,95.2,525104.27,1.2,97.4
157  Gd  [ He ] :  CPS RSD value = 7.44 is over the allowed maximum = 5.00181  Ta  [ No Gas ] :  CPS RSD value = 5.46 is over the allowed maximum = 5.00,FALSE,055SMPL.d,06-05-2025 18:53,Sample,,MCS 3350,35997.991,264435.15,4.5,34353.762,1071.12,7.4,3758.483,7496.21,4,3468.045,116.78,27.6,16905.506,206212.35,1.4,17302.306,6207.65,4,106580.236,1775779.74,0.7,115921.97,139151.47,2.3,394181.138,5932811.36,1.7,409904.658,689132.96,1.8,26173.496,476526.83,0.8,27193.336,86001.52,0.9,96435.277,391548.16,0.7,99890.894,89901.03,1.3,53681.436,523644.01,2.6,54254.633,134876.24,1.7,105735.514,339903.15,2.5,108977.363,45804.51,0.7,27611.154,266923.29,2.3,32832.151,13801,2,212911.152,3925425.12,1.8,213667.204,142871.15,1.1,79958.515,1917168.42,0.5,82270.884,71539.71,1.8,33147.439,947106.01,1.5,34229.096,73750.44,1,72457.603,1071180.17,0.7,72383.497,144978.79,0.3,2846.752,13183.24,2.3,2928.561,3470.61,7.1,<0.000,4355.11,2.2,<0.000,1261.32,3.6,100.779,343.69,16,13.991,36.7,31.5,4255.381,31490.1,3.6,4603.136,4548.7,6.8,296.796,4201.57,1.3,253.596,530.54,15,7725.531,214512.61,4.6,7992.536,17068.55,0.9,385069.387,1241902.66,2.1,383937.198,155090.09,1.1,376172.989,1005354.97,0.4,78285.778,2378925.49,1.2,81914.858,469083.99,2.5,175423.282,4749633.71,2.1,177673.663,1220713.55,1.2,17063.389,534478.02,2.5,18017.983,113941.89,4,63459.281,340053.58,3.5,62979.169,76044.6,1.7,11095.042,51522.92,0.8,11387.992,11680.43,2.1,1660.676,27230.03,3.4,1630.774,6601.69,4.6,9790.668,49741.33,2.1,8912.795,15906.03,7.4,1298.848,39521.7,2.4,1213.056,11657.12,0.6,6646.706,49513.93,2.6,7020.971,15558.55,4,1206.726,34578.9,0.7,1279.444,12087.95,3.9,3344.094,32227.17,3.9,3451.869,10989.2,2.8,437.99,12675.84,0.8,476.794,4812.42,0.7,2832.939,17773.83,2.9,2887.805,6771.98,6.5,386.144,10665.3,3.5,388.313,2199.07,3.2,2121.177,15469.64,0.2,2145.804,5297.81,2.8,1370.259,35166.72,5.5,1462.878,18794.32,1.1,838.12,14610.05,2.2,824.701,6571.7,8,38227.43,85388.94,0.3,34204.97,68396.58,2.1,36031.161,401198.66,2.5,35764.6,328803.87,3.1,374.401,7022.05,1.4,371.48,2663.64,10.4,29532.802,600724.64,1.1,28644.692,263799,2,2616.439,50034.32,2.5,2645.626,24733.59,1.1,1555855.6,1.3,93.7,511686.86,0.6,94.9
137  Ba  [ No Gas ] :  Concentration value = 294.27 is over the calibration range137  Ba  [ He ] :  Concentration value = 286.52 is over the calibration range138  Ba  [ He ] :  Concentration value = 283.65 is over the calibration range175  Lu  [ No Gas ] :  CPS RSD value = 5.12 is over the allowed maximum = 5.00178  Hf  [ No Gas ] :  CPS RSD value = 5.72 is over the allowed maximum = 5.00181  Ta  [ No Gas ] :  CPS RSD value = 5.07 is over the allowed maximum = 5.00181  Ta  [ He ] :  CPS RSD value = 7.06 is over the allowed maximum = 5.00,FALSE,056_QC2.d,06-05-2025 18:57,QC2,,SJS-Std,57883.528,1013708.82,1.1,53234.774,3927.83,3.7,1671.331,8013.71,1.1,1071.298,86.75,29,12083.084,341286.32,1.3,12392.968,10564.72,2.8,120209.476,4806373.26,0.6,120578.149,347957.96,2,122667.319,4456793.89,1.4,121765.617,493111.09,2.1,13403.413,586292.39,1.1,13647.081,103724.91,2.2,85288.563,828612.44,0.4,86421.981,186192.7,0.8,33865.568,792093.97,0.6,34506.824,205730.67,3,118632.835,813489.4,1.3,119774.004,106651.47,1.1,17295.6,401890.3,1.8,18507.869,18705.31,3.9,104282.231,4622617.42,1.1,106030.469,170468.82,1.4,268466.684,15261430.21,2.8,275276.797,566963.16,2.8,16295.732,1119589.93,2.4,17099.418,88589.92,0.8,57968.964,2059669.55,1.6,61864.444,297834.95,4.4,1670.888,18027.2,2.4,1686.771,4638.81,0.8,227.333,9977.18,1.1,129.518,2866.53,2.1,451,2526.11,2,381.072,467.14,13.1,1539.676,27697.42,1,1708.483,4094.76,5.7,1716.746,44012.52,2.5,1832.771,6050.83,3.3,5181.35,343888.91,2,5665.208,28948.55,4.7,1104461.234,8515211.06,1.3,1075397.436,1038415.21,1.9,1064636.74,6803233.66,1.3,20822.861,1521863.06,1.1,22150.521,305076.15,2.1,41809.832,2722760.06,0.9,43111.595,712462.7,2.3,4639.176,349489.49,2.9,4959.917,75445.86,3.5,18492.522,238340.25,1.6,18191.765,52826.44,3.5,3422.816,38235.96,3.3,3856.583,9513.11,3.3,1076.283,42417.07,3.6,927.716,9028.97,6.4,3346.98,40897.32,2.3,3215.446,13801.45,0.7,492.903,36071.2,1.5,482.143,11142.8,4,2745.956,49192.14,2.5,2938.374,15658.79,4.6,558.968,38514.35,2.7,576.728,13103.35,0.5,1554.193,36014.43,4.2,1631.336,12488.76,2.7,231.906,16130.01,1.1,229.805,5576.85,1.4,1604.507,24201.11,1.7,1554.475,8765.22,3.9,230.603,15308.11,5.1,241.237,3280.39,4.5,1944.447,34073.87,5.7,1801.881,10684.64,0.4,745.812,45881.44,5.1,843.695,25967.27,7.1,526.625,21189.59,2.6,520.215,9506.55,1.7,17869.191,95856.31,3.4,16671.594,80014.3,1,17316.041,462856.44,1.9,17028.883,375840.64,1.7,253.336,11248.52,2.1,275.588,4707.61,2.4,10236.759,500773.81,0.9,9620.373,213074.22,2.7,3113.613,142937.92,2.4,3031.682,68047.56,2.7,1536954.61,2.2,92.5,517888.91,1.3,96
63  Cu  [ No Gas ] :  Concentration value = 103.41 is over the calibration range63  Cu  [ He ] :  Concentration value = 105.68 is over the calibration range181  Ta  [ No Gas ] :  CPS RSD value = 6.20 is over the allowed maximum = 5.00232  Th  [ No Gas ] :  CPS RSD value = 5.02 is over the allowed maximum = 5.00238  U  [ He ] :  CPS RSD value = 6.98 is over the allowed maximum = 5.00,FALSE,057SMPL.d,06-05-2025 19:02,Sample,,MCS 3351,41665.259,172173.2,4.1,42275.712,744.1,17.3,3832.246,4288.31,7,4254.277,80.08,12.5,20295.564,144404.71,2.2,20673.725,4204.87,4.3,123678.389,1153959.77,0.7,135074.488,90662.1,1.3,212593.693,1835504.52,1.7,220098.703,208843.99,2.1,28539.592,291379.25,2,30838.25,54635.94,1,125814.324,286546.06,0.7,130687.161,65958.26,1.7,1669797.526,9031237.71,2.3,1706323.893,2353574.15,1.4,160824.963,298133.51,1.4,167199.887,40532.29,2.1,28018.411,151573.64,1.9,36647.271,8614.79,5.1,192083.23,1982297.93,0.9,198226.502,74162.55,1.8,51208.601,706161.06,2,54736.341,27379.33,4.8,38451.961,614358.55,0.7,39719.756,47854.96,0.9,74179.507,613569.16,1.7,79277.149,88812.55,1.3,3096.073,8568.06,2.6,3106.411,2235.78,5.6,<0.000,4274.99,1.5,<0.000,1294.7,17.8,185.669,350.36,29.8,62.571,46.71,12.4,4623.555,20025.69,0.9,5105.755,2943.29,4.3,328.096,3023.39,6.4,309.934,423.77,17.4,9010.15,141034.7,2.5,9250.658,11116.03,4.5,277867.077,506082.38,2.8,276986.21,63192.91,1.8,272286.968,410805.17,2.6,94911.204,1612374.88,0.9,97565.407,312347.98,3.4,201189.035,3045356.51,1,207668.629,797693.81,1.7,20406.286,357335.72,2.1,21364.304,75539.08,0.9,73856.926,221275.12,2.9,75402.273,50896.32,0.7,13027.33,33832.59,1.2,12746.674,7309.46,6.6,1759.844,16146.52,4.6,1814.321,4108.13,6.3,11493.768,32651.79,1.7,10653.158,10631.87,4,1531.904,26069.84,4.7,1421.816,7643.33,6.8,7699.455,32069.68,2.1,7659.937,9489.84,6.9,1415.965,22693.38,4.2,1480.145,7816.96,4.3,3809.954,20537.5,3.5,3770.903,6711.87,5.4,505.506,8190.91,5.9,514.107,2903.25,3,3075.955,10795.49,0.2,3245.063,4255,3.5,448.329,6928.9,5,452.159,1434.86,11.6,2153.653,8789.83,3.5,2194.068,3033.73,7.9,1417.92,20543.87,6.2,1363.823,9917.33,3,837.358,8925.54,2.6,724.144,3680.92,5.8,36493.069,46056.02,3.6,31373.654,35503.88,3.6,35904.017,225790.4,2.8,33853.225,176072.28,1.3,443.72,4747.61,8.5,454.637,1840.14,10.9,33143.27,376923.21,5,31203.19,160661.31,3.1,2586.338,27706.51,4.2,2662.58,13942.11,7,1566470.33,1.8,94.3,550622.21,0.2,102.1
7  Li  [ No Gas ] :  CPS RSD value = 5.17 is over the allowed maximum = 5.00163  Dy  [ No Gas ] :  CPS RSD value = 5.50 is over the allowed maximum = 5.00166  Er  [ No Gas ] :  CPS RSD value = 5.05 is over the allowed maximum = 5.00205  Tl  [ No Gas ] :  CPS RSD value = 5.77 is over the allowed maximum = 5.00,FALSE,058SMPL.d,06-05-2025 19:06,Sample,,MCS 3352,48720.237,307663.25,5.2,44597.486,1194.58,3.9,4837.619,8304.17,1.9,4372.776,126.79,31.9,23414.976,242411.25,0.8,22874.465,7042.24,4.1,149494.41,2143540.42,2.1,158315.006,163625.64,1.8,365913.265,4755736.06,1.6,360283.464,522259.34,1.7,35892.666,562267.71,1.2,37903.43,103155.52,2.6,172690.191,601759.05,1.8,173722.539,134237.01,0.9,51368.939,432266.86,0.3,54470.292,116744.54,0.5,132897.735,362849.96,0.9,134306.059,48071.38,2.8,33812.002,281438.57,0.7,42478.98,15374.33,2.9,244936.43,3888574.52,1.2,246162.021,141734.11,1,69739.383,1447534.1,1.3,73978.295,55670.09,0.7,45419.202,1117347.48,1.2,47426.899,87981.72,1,90116.109,1147066.75,1.7,95491.651,164673.74,1.6,4360.527,16937.99,4.8,4658.392,4592.08,4.2,<0.000,4214.91,1.4,<0.000,1151.21,5.7,137.999,383.73,24.2,<0.000,26.69,57.3,5812.233,36632.06,1.7,6334.046,5329.78,1.5,406.611,4755.65,3.7,367.41,613.97,11.1,10415.441,248478.09,1.5,11092.016,20356.63,3.8,376059.995,1045726.82,1.6,380146.2,132386.58,1.4,362719.298,835876.14,1,107989.587,2825574.96,1.8,114414.259,564148.51,1.8,238970.492,5571148.66,3.1,238252.661,1409461.6,0.6,24000.831,647318.23,1,25333.966,137939.31,4.1,85383.711,393956.38,1.3,85437.134,88828.63,2.9,14798.459,59167.09,1.5,15597.099,13774.63,3.1,2054.31,29002.35,1.4,2108.628,7349.53,2.5,13521.043,59144.81,3.1,12674.955,19474.69,1,1823.98,47782,2.6,1651.701,13664.48,2.6,8938.422,57331.97,5.5,9013.623,17199.09,3,1733.019,42752.42,1.7,1621.354,13190.24,2.9,4518.169,37486.91,5.1,4486.491,12298.37,3.4,611.09,15221.23,3.8,596.024,5179.61,3.5,3797.186,20510.83,4.1,3674.611,7419.65,4.2,515.128,12248.32,4.1,513.525,2502.77,6.2,2796.625,17559.12,2.8,2732.612,5808.06,7.8,1889.673,41669.86,1.3,1842.687,20363.39,1.8,1041.781,15515.4,5.8,971.834,6655.17,1,39714.701,76498.06,1.1,34411.697,59370.39,1.9,38646.169,370935.97,1.2,37117.46,294309.66,0.4,514.649,8259.49,2.5,504.795,3107.08,2.2,36622.917,641442.53,3.4,35297.929,279907.15,0.9,3458.548,56931.61,1.8,3457.7,27826.92,1.9,1583968.35,3.7,95.3,537404.51,1.5,99.6
71  Ga  [ He ] :  CPS RSD value = 6.19 is over the allowed maximum = 5.00169  Tm  [ No Gas ] :  CPS RSD value = 6.62 is over the allowed maximum = 5.00238  U  [ No Gas ] :  CPS RSD value = 7.32 is over the allowed maximum = 5.00,FALSE,059SMPL.d,06-05-2025 19:10,Sample,,MCS 3353,44329.923,223886.97,4.1,40505.164,870.9,6.4,4110.315,5633.46,3.7,3177.426,73.41,20.8,20641.023,175706.51,1.6,22232.371,5493.29,5.7,127052.8,1453391.1,3,136478.16,112410.33,1.9,138796.22,1484107.6,1.7,144263.043,168563.93,1.2,28648.45,358432.47,0.6,30184.293,65569.24,0.8,78645.336,220693.1,2.7,83023.146,51601.2,3.2,40998.669,276517.24,2.4,42189.953,72451.77,1.6,493613.11,954232.86,1.7,521039.343,130246.17,0.1,29076.025,192948.2,0.5,35942.301,10367.77,6.2,201234.878,2547302.52,2.3,212663.275,97604.63,1.5,67630.997,1125470.29,1.4,71348.931,43063.68,2.7,38611.926,757015.58,1.7,41137.874,60818.2,2.3,96691.654,980800.79,1.9,104726.826,143909.64,2.2,1830.641,6604.97,5.4,2023.842,1875.35,1.5,<0.000,4281.67,6.7,<0.000,1091.14,9.7,129.353,316.99,14.2,91.766,60.06,60.1,4930.265,25500.78,2.4,5373.78,3707.59,4.6,876.561,7366.17,3.4,1024.76,1127.85,13.5,9225.748,176363.59,2.5,9930.23,14579.61,2.3,427802.089,948624.59,1.4,429817.236,119368.75,1.1,418473.051,768897.05,1.8,91344.762,1904456.13,2.1,97493.564,383046.48,1.3,200317.22,3721210.07,1.5,207552.712,978401.14,1.7,20023.112,430311.01,3.3,20918.678,90766.89,1.5,72183.644,265399.79,2.8,74409.463,61642.04,2.3,12502.493,39842.6,4.5,13318.859,9372.89,2.6,1814.361,20420.4,3.9,1809.106,5026.05,6.5,11152.49,38878.92,3,10102.231,12371.82,1,1526.871,31882.27,2,1469.362,9690.12,3.4,8004.718,40914.2,1,7897.673,12007.78,0.9,1445.341,28420.85,0.7,1386.79,8988.89,2.7,4014.885,26551.35,2,3866.03,8444.63,4.6,553.216,10989.17,6.6,533.271,3694.26,0.7,3453.206,14867.09,3.6,3391.282,5456.66,4.5,482.329,9142.56,4.9,474.538,1845.32,4.5,2777.863,13901.2,2.3,2721.139,4610.88,5,1429.675,25309.16,1.4,1372.555,12189.42,2.8,822.311,10401.54,4.2,831.004,4819.11,3.4,35743.635,55152.7,1.3,32787.573,45286.06,1.1,35746.234,274741.13,3.2,34412.89,218568.49,0.6,463.887,6011.51,1.4,400.895,1986.84,6.8,33986.956,474334.82,3.1,32464.738,205135.6,0.8,2833.221,37205.1,7.3,2744.405,17620.64,1.6,1554795.58,1.8,93.6,532791.61,4.7,98.8
166  Er  [ No Gas ] :  CPS RSD value = 6.51 is over the allowed maximum = 5.00,FALSE,060SMPL.d,06-05-2025 19:15,Sample,,MCS 3354,62335.372,182042.79,2.6,56440.714,704.06,12.1,5183.324,4104.73,6,4760.937,63.4,9.1,25998.466,132575.69,0.3,26657.428,3851.08,9.8,159572.996,1053766.95,2.4,169769.218,80618.16,0.1,150099.251,950365.91,1.7,150526.18,102515.98,1.2,33077.168,239326.62,1.2,34612.454,43447.4,3.5,83590.168,136628.41,1.4,84619.964,30639.14,2,53497.828,209086.02,2.5,53855.835,53587.68,0.5,194014.141,263373.66,0.6,193273.227,34743.37,2.2,37243.578,142553.21,2.1,45150.963,7509.66,5.6,214219.58,1565063.14,1,217902.589,57704.12,3.2,50388.76,500934.65,2.2,52924.25,19116.49,1.6,48640.613,549830.87,3.6,50154.795,42752.27,1.4,111256.016,650916.34,1.2,115553.264,91572.28,0.9,2812.678,6010.77,3.5,2965.4,1651.76,9,<0.000,3634.16,5.1,<0.000,1011.05,12.4,437.431,503.85,11.5,389.18,103.44,5.6,9073.75,26911.67,3.5,9755.431,3864.46,1.8,436.991,2913.27,2.4,311.134,357.03,10.6,10997.397,122240.68,3.1,11647.56,9923.8,3.6,289201.686,374887.22,2.8,296320.937,48088.82,3,281835.355,302611.42,2.5,116331.614,1398121.72,1.7,123463.052,279623.71,1.6,247219.826,2647386.98,3.1,257276.782,699151.13,2.1,25217.047,312393.67,0.4,26392.291,66020.68,1.8,93140.369,197417.25,1.7,93075.908,44445.45,0.4,15696.869,28845.12,3,17022.289,6905.47,4.4,2103.824,13661.12,1.8,2099.283,3363.82,6,14201.78,28544.38,1.2,12449.766,8791.89,1.7,1915.45,23064.3,4.6,1881.415,7155.9,4.9,9550.338,28143.18,4.1,9497.831,8324.44,4.9,1922.157,21794.16,4,1866.233,6972.29,0.8,4738.674,18074.5,6.5,4744.296,5974.1,2.6,653.428,7493.1,3.7,684.035,2733.05,12,4233.62,10511.67,2.5,4187.458,3884.5,3.5,576.182,6301.26,5.1,589.768,1324.73,12.4,3280.702,9470.3,2.7,3317.204,3243.77,6.5,1802.9,18527.22,2.9,1799.405,9273.49,1.5,978.111,7676.78,4.5,984.415,3574.12,3.8,67154.816,59638.26,4.1,59257.614,47137.85,2.4,65263.475,288845.85,1.3,63210.954,231143.31,2.1,711.107,5344.53,5.1,742.385,2116.86,0.7,42463.433,341642.39,3.4,41401.67,150806.28,4.4,3820.091,28943.84,2.2,3596.215,13324.14,3.3,1598229.07,1.5,96.2,533857.39,1.6,99
163  Dy  [ No Gas ] :  CPS RSD value = 5.47 is over the allowed maximum = 5.00238  U  [ He ] :  CPS RSD value = 6.11 is over the allowed maximum = 5.00,FALSE,061SMPL.d,06-05-2025 19:19,Sample,,MCS 3355,57926.397,205619.06,0.9,59973.997,904.27,1.7,5408.411,5206.2,2.7,5760.945,93.43,27,28975.833,173411.67,1.7,28450.152,4952.54,6.4,176550.57,1417845.4,3.9,189589.069,109617.77,1.4,169218.783,1279822.43,2,175379.09,144267.52,1.8,37766.837,331868.14,4.4,39941.833,60929.59,2.1,107737.794,212368.33,1,110928.082,48445.98,0.6,64403.284,304452.11,3.4,67035.836,80687.39,2,848872.458,1139291.14,2.7,864374.924,150231.71,0.9,38530.684,179512.31,1.1,47851.414,9689.93,4.2,233306.009,2074108.85,3.3,239710.616,77259.97,1.5,45403.551,546712.19,0.5,45924.258,20132.27,2.7,51714.772,711766.3,1.2,54469.68,56531.29,1.3,108411.402,772220.87,1,109817.266,105966.22,1,2381.564,6154.29,4.6,2214.147,1541.64,11.1,<0.000,4742.28,2.4,<0.000,1421.51,5.5,293.586,433.78,14.8,72.626,46.71,32.7,6788.774,24725.17,3.2,6983.314,3410.54,6.6,494.213,3590.77,1.9,490.077,507.18,5,12109.543,162767.38,2.8,12778.612,13190.05,1.5,304601.785,478442.9,0.5,300653.271,59166.11,2.3,298558.907,388450.94,0.8,127480.962,1865745.18,2.4,134980.661,372278.4,1.7,281736.213,3673900.05,1.7,280627.172,928633.66,0.8,27746.743,418584.51,2,29546.062,89993.69,1.8,101233.572,261280.29,2.1,101357.936,58942.27,2.4,17461.597,39062.7,3.5,17655.107,8721.78,1.4,2252.407,17800.42,2.5,2275.552,4438.57,1.8,15463.195,37841.46,0.4,14406.842,12385.16,0.4,2049.241,30039.34,2.4,1954.474,9049,2.5,10331.786,37072.01,5.5,10937.795,11673.84,3.3,2037.878,28129.86,2,2033.553,9252.69,6.7,5154.065,23930.2,2.6,5285.245,8104.1,2.5,702.552,9800.36,7.1,686.109,3337.13,2,4411.31,13333.84,1.1,4331.343,4892.53,3.2,595.315,7923.82,2.9,613.322,1675.13,3.4,3285.503,11545.41,2.3,3381.615,4024,2.1,1745.468,21759.12,1.7,1792.915,11198.43,2.7,988.176,9045.77,3,973.406,4121.5,3.7,42420.536,46122.87,1.9,37112.475,36166.29,1.4,40151.649,217733.8,2.9,39897.696,178710.96,1.4,625.057,5701.35,3.5,724.991,2506.94,8,47553.328,465879.88,4.9,46620.618,206786.84,0.2,3716.919,34273.3,2.6,3867.173,17430.16,6.1,1601034.32,1.9,96.4,527029.41,1.8,97.7
71  Ga  [ He ] :  CPS RSD value = 5.15 is over the allowed maximum = 5.00181  Ta  [ He ] :  CPS RSD value = 5.34 is over the allowed maximum = 5.00207  [Pb]  [ He ] :  CPS RSD value = 5.01 is over the allowed maximum = 5.00103  Rh ( ISTD )  [ No Gas ] :  CPS RSD value = 5.74 is over the allowed maximum = 5.00,FALSE,062SMPL.d,06-05-2025 19:23,Sample,,MCS 3357,47063.729,358779.65,1.4,47085.435,1518.27,5.3,4426.591,9182.25,3.7,5140.053,180.18,24.2,22325.771,276630.71,1.2,22749.016,8431.08,2.1,145097.806,2514145.56,1.7,149637.249,186957.71,2,144881.129,2311408.13,0.3,142714.484,251588.07,0.6,31451.417,595490.45,1.8,32306.042,106281.41,0.9,77726.524,329112.2,2,78396.726,73592.05,0.7,41543.1,422720.42,1.8,42296.896,109658.59,2,123356.536,399713.75,0.9,123356.574,52408.77,4.3,31201.937,313929.94,3.8,38339.072,16774.12,5.1,226751.973,4351344.58,1.3,229668.084,159846.37,2,58013.667,1455555.25,1.3,61879.322,56280.31,4.8,43611.51,1296930.3,1.4,44084.987,98862.79,1.1,88246.106,1357701.23,1.8,92909.646,193671.44,0.8,2044.955,10214.24,2.6,2231.374,2843.16,5.2,<0.000,4475.27,6,<0.000,994.37,8.4,104.036,360.37,4.8,26.88,43.38,26.6,5498.464,41565.4,4.1,5784.415,5850.53,3.6,360.105,5012.67,6,383.51,724.08,2.9,10162.085,292472.99,2.1,10678.813,23658.99,1.8,325163.028,1092715.22,2.2,334251.611,140655,2.8,324956.542,904746.62,1.6,107173.595,3389989.16,1.3,110416.496,658164.72,3.9,229755.896,6475218.98,1.9,231573.764,1656101.89,0.5,22679.164,739450.21,3.1,23965.988,157746.21,3.1,81745.253,455949.21,2.4,82726.892,103979.02,0.7,14205.364,68654.41,2.3,15073.681,16093.11,4.1,1954.818,33357.62,1.1,1926.628,8117.45,2.9,12764.824,67498.45,2.6,11501.703,21362.88,2.5,1679.739,53192.29,2.6,1637.475,16373.76,4.3,8681.697,67315.37,4.2,9448.218,21794.06,4.6,1628.165,48552.45,3,1625.445,15986.26,1.3,4367.752,43803.99,2.8,4465.295,14796.91,2.3,583.113,17553.26,2.2,575.74,6047.54,8.9,3658.459,23886.88,2.1,3718.31,9075.73,4.6,505.95,14539.75,2.5,508.379,2993.37,3.7,2745.799,20837.53,4.7,2655.838,6821.91,5.5,1612.987,42984.44,3,1617.895,21598.9,5.3,972.06,17279.53,3.1,969.734,7843.72,5,43017.666,99846.59,1.3,38195.527,79360.86,5,40520.175,468780.24,3.2,40735.918,389028.58,0.6,477.159,9223.51,4.5,480.084,3563.87,5.6,37967.68,803880.99,2,36738.967,352181.95,2,3225.228,64165.98,3,3177.832,30910.76,3,1516649.78,5.7,91.3,540042.69,1.8,100.1
71  Ga  [ He ] :  CPS RSD value = 5.03 is over the allowed maximum = 5.00159  Tb  [ He ] :  CPS RSD value = 5.11 is over the allowed maximum = 5.00178  Hf  [ No Gas ] :  CPS RSD value = 6.46 is over the allowed maximum = 5.00,FALSE,063SMPL.d,06-05-2025 19:28,Sample,,MCS 3358,35815.602,298947.42,4.6,32115.974,1137.86,15,3961.16,8981.93,1.6,2525.476,96.76,15.8,16854.878,231468.98,1.9,17209.997,7002.17,4.8,107136.665,2030206.83,1.4,112222.518,153267.98,1,165561.208,2870318.03,1.9,167056.071,321094.78,1.6,24949.4,516640.55,0.4,25402.476,91389.11,0.8,72577.863,335822.16,1.3,72746.053,74628.68,1.8,35593.435,396155.94,2.3,36757.885,104216.13,0.8,178160.622,595690.94,1.1,171023.427,74898.5,2.4,27042.435,297409.66,1.5,32748.544,15661.64,5,201948.18,4235997.25,1.9,202837.335,154309.59,4.3,85946.038,2337845.51,0.6,90648.585,89375.47,0.8,32561.107,1058496.91,1.9,34014.259,83381.53,2.8,75332.234,1266917.38,1.4,77832.733,177347,0.9,2206.644,11793.83,4.1,2242.523,3080.11,3.7,<0.000,4865.8,3.6,<0.000,1211.27,5,117.654,417.09,15.4,86.072,76.74,45.8,4853.844,40186.1,2,5122.728,5673.61,7.8,286.258,4501.97,4.2,271.428,603.95,16.6,7875.659,248273.69,1.5,8051.743,19534.46,2.7,354450.429,1300287.35,2.1,367782.046,168940.74,2,346651.306,1053806.8,0.8,78521.73,2714855.38,2.3,82960.962,540529.36,2.3,170460.657,5251199.02,1.7,172276.717,1346715.89,2.4,16996.018,605720.64,0.6,18009.031,129572.99,2.7,60139.284,366665.6,4.3,61593.46,84619.75,2,10778.903,56948.2,4.1,10830.231,12638.97,4.2,1575.852,29397,2.3,1655.996,7626.63,3.1,9420.215,54452.1,3.9,8765.326,17797.08,1.2,1256.03,43481.91,0.6,1298.011,14188.91,5.1,6487.871,54988.79,3,6614.589,16677.85,2.6,1241.104,40459.01,0.8,1313.702,14122.12,1.7,3291.874,36091.53,3.2,3488.458,12635.71,3.1,439.876,14479.6,3.1,499.962,5740.43,1.2,2816.462,20103.06,1.7,2961.161,7900.43,5.4,391.331,12295.08,2,391.228,2519.45,3.3,2262.304,18767.68,6.5,2319.118,6511.73,2.5,1347.765,39299.18,1.3,1391.974,20326.75,2.6,869.449,16931.97,3.4,855.239,7593.33,1.2,35331.063,89741.28,3,32054.174,72869.9,4.7,33981.43,430138.76,2.8,33651.372,351697.81,2.9,379.055,8046.04,5,400.811,3257.12,6,28845.816,667591.54,3.3,27587.272,289066.76,3.4,2623.885,57072.95,1,2587.081,27512.34,4.5,1572600.78,2,94.7,533125.33,0.4,98.9
107  Ag  [ No Gas ] :  CPS RSD value = 16.00 is over the allowed maximum = 5.00107  Ag  [ He ] :  CPS RSD value = 10.51 is over the allowed maximum = 5.00133  Cs  [ No Gas ] :  CPS RSD value = 5.70 is over the allowed maximum = 5.00207  [Pb]  [ He ] :  CPS RSD value = 5.78 is over the allowed maximum = 5.00238  U  [ He ] :  CPS RSD value = 6.07 is over the allowed maximum = 5.00,FALSE,064_QC1.d,06-05-2025 19:32,QC1,,QC MES 50 ppb,48.893,3207125.57,2.9,47.136,12999.12,1.5,50.266,900495.92,0.6,48.351,14695.86,1.4,49.968,5031407.25,1.1,50.674,159597.1,0.7,49.227,7384319.54,1.3,50.169,543341.74,2,48.984,6646249.6,1.3,49.711,754066.98,2.6,48.445,7923767.53,0.3,49.566,1409885.77,2.4,48.331,1758240.59,1.3,50.166,404725.59,1.2,49.256,4303948.96,2.3,50.417,1123431.43,1.6,46.778,1174634.8,0.8,48.418,157278.93,1.2,49.594,4321519.03,2.1,50.987,193318.39,4.1,49.344,8205416.69,2.8,49.607,299229.26,2.3,48.313,10318051.82,2.4,50.8,393077.58,2,48.974,12622586.78,2.6,48.583,944249.04,0.9,47.365,6313699.49,2.6,49.749,898670.79,2.8,46.372,1732175.04,1.8,49.341,461743.77,0.9,49.334,3464805.33,16,54.658,1239032.21,10.5,47.51,951409.74,1.5,47.895,206230.95,1.4,46.03,2852912.6,2.6,49.04,406596.83,2.3,46.776,4387722.52,2.5,47.715,572536.22,1.5,47.235,11653361.3,5.7,48.601,925663.69,2.2,47.425,1379585.21,1.8,47.742,173934.91,1.4,47.781,1151609.53,1,46.535,12761010.2,3,48.14,2487688.27,0.2,45.81,11193397.59,2.1,46.851,2904856.11,1.7,45.297,12803677.04,1.6,45.805,2613266.87,1.1,45.239,2187365.49,2.3,45.95,500724.82,1.1,44.473,1862419.14,2.5,46.67,431940.47,3,45.911,6784768.74,2.2,46.477,1696485.97,1.1,44.577,2042896.81,3.1,44.995,724177.23,1.6,45.419,12461294.65,2.1,45.774,3964633.29,2.8,43.608,2930709.15,3.2,45.179,903450.43,2.4,46.309,11964522.88,2.5,44.514,3795903.83,0.7,44.686,3882522.63,3.4,45.03,1293530.41,0.4,45.237,11782617.64,3.5,43.437,3951637.48,1.6,44.138,2496661.3,2.7,44.412,939561.31,2.5,45.072,11215244.02,1.7,42.144,2144367.24,3.4,43.792,2878337.67,2.7,43.425,965276.21,1,43.402,9917097.35,0.3,40.94,4682862.43,2.1,44.598,6185332.85,1.4,42.448,2638489.64,1.6,42.702,851375.34,1.3,43.226,770841.88,5.8,47.422,4709132.47,2.2,42.749,3503696.52,1.1,44.06,7157951.98,3.3,42.219,2674287.15,5,46.258,8490192.09,4.6,43.851,3644032.37,4.1,46.138,7942376.35,1.3,43.747,3682028.29,6.1,1592155.28,2.1,95.8,532887.64,2.9,98.8
157  Gd  [ He ] :  CPS RSD value = 5.29 is over the allowed maximum = 5.00172  Yb  [ No Gas ] :  CPS RSD value = 6.87 is over the allowed maximum = 5.00205  Tl  [ No Gas ] :  CPS RSD value = 5.13 is over the allowed maximum = 5.00238  U  [ No Gas ] :  CPS RSD value = 7.06 is over the allowed maximum = 5.00,FALSE,065SMPL.d,06-05-2025 19:37,Sample,,MCS 3359,32351.816,221704.28,2.8,28210.114,824.19,5.6,3298.886,6130.85,2.8,2767.847,86.75,17.6,14439.364,167690.73,1.8,15481.672,5199.54,5.8,91674.158,1422876.47,3,99435.374,111114.67,1.8,112895.547,1630804.3,3,116687.84,184699.13,1.9,21783.649,369685.77,2,22874.898,67406.78,1.5,55794.275,212555.1,2.7,57891.55,48858.24,2.1,29974.065,274308.9,1.5,31012.886,72257.59,0.7,183154.783,510664.44,2.7,185200.217,67350.42,0.9,23093.635,207883.39,1.1,27995.652,10955.49,1.6,183929.67,3157432.96,1.7,183952.656,114517.37,2.2,77175.827,1725500.3,2.7,80975.799,65642.93,3.3,28982.798,770905.78,3.1,30052.586,60278.24,1.3,60435.577,831903.55,1.7,63748.44,118870.05,2.4,2041.547,9269.25,4.4,1993.64,2359.25,8.1,843.676,11830.59,3.1,683.575,3680.88,4,151.904,433.78,21.3,90.186,70.07,14.3,3780.599,26436.95,3.1,4308.638,4004.65,2.3,451.061,5479.99,3.8,453.193,754.11,13.9,6840.819,177398.32,4.2,7479.311,14893.63,3.4,349174.142,1049530.42,1.7,352838.546,132819.71,1.1,342594.23,853265.3,2.7,68238.545,1930186.91,4.2,74061.292,394772.57,1.2,156084.883,3933720.39,3,159062.579,1017264.82,1.4,15476.351,451230.16,1.2,16297.105,95934.29,3.5,55411.471,276399.45,3.5,57348.982,64454.83,1.2,9807.541,42399.86,2,10474.831,10000.64,1.6,1500.946,22913.79,3.2,1505.498,5673.63,3.7,8590.064,40626.4,2.1,7888.923,13106.65,5.3,1167.641,33076.56,2.2,1213.898,10858.91,2.3,5743.208,39826.61,3.8,6253.692,12899.58,3.2,1156.092,30838.89,3.7,1188.88,10454.85,3.9,2966.408,26615.03,2.1,3161.819,9369.57,3.4,424.551,11440.02,1.9,431.132,4051.39,3.2,2596.272,15164.43,6.9,2602.175,5680.33,5.4,358.64,9222.7,1.8,384.117,2025.53,8.1,2079.024,14114.78,4.6,2090.077,4804.29,6.5,1062.298,25509.65,2.5,1153.131,13857.75,3.5,787.608,12996.64,5.1,862.584,6421.46,5.7,51069.395,105922.26,2.4,46414.916,86152.23,3,47757.665,493740.25,2.8,48756.66,416022.42,1,355.26,6234.94,3,377.667,2523.6,14.3,26603.641,503717.77,0.6,26628.873,228270.3,1.1,2162.422,38520.6,7.1,2270.806,19772.74,2.1,1554499.76,0.9,93.6,524893.69,2.1,97.3
165  Ho  [ No Gas ] :  CPS RSD value = 7.16 is over the allowed maximum = 5.00232  Th  [ He ] :  CPS RSD value = 5.25 is over the allowed maximum = 5.00,FALSE,066SMPL.d,06-05-2025 19:41,Sample,,MCS 3360,26684.521,157159.96,2.4,27099.998,680.7,12.6,2714.644,4321.68,5,2740.954,73.41,67.3,11276.09,117983.87,2.5,11388.208,3333.77,10.5,92174.528,1223253.96,1.9,98014.983,93598.49,4,107298.803,1336983.78,2.3,109635.154,148842.63,2.6,9523.47,139584.19,1.1,9868.466,25051.92,0.9,41309.939,135822.45,2.6,42729.122,31104.01,4.2,34413.368,269183.87,1.6,34922.229,69563.86,1,108638.422,288908.07,2.4,108130.687,37995.52,1.2,18867.826,145239.79,2.3,20660.715,6912.08,8.2,176265.871,2586456.46,4.1,181014.302,96310.42,1,110811.467,2109934.99,0.9,115942.22,80033.87,4.4,18800.256,427555.54,3,19554.051,33533.11,1.2,62474.102,734955.2,1.2,63530.66,101242.54,0.9,1046.285,4852.45,5.7,810.107,1104.49,10.3,37.283,5960.69,4.4,<0.000,2008.84,3.5,191.017,457.13,14.1,35.183,43.38,48,2723.669,17155.3,2.2,2628.522,2242.45,5.4,365.914,4141.51,6.9,441.99,660.68,3,6417.746,142880.56,1.8,6768.542,11563.49,3.3,666149.444,1705431.06,0.9,683937.442,219270.87,1.3,666598.13,1414115.21,2.5,41881.652,1012504.15,1.1,43955.918,200255.31,1.7,78350.06,1687875.43,0.9,82437.68,450699.98,2.3,9256.986,230671.17,1.9,9490.834,47764.09,2.7,34710.898,148001.46,1.3,35538.613,34133.42,1.6,6942.818,25665.06,4,7432.066,6064.21,6.3,1968.674,25675.18,2.5,1950.842,6281.21,1.9,6027.107,24368.28,2.9,6131.308,8708.44,3.5,841.774,20390.31,3.9,809.914,6197.77,6,3936.61,23335.17,3.8,4148.297,7312.81,4.4,752.405,17165.64,7.2,745.307,5600.21,5,1833.305,14071.99,1.4,1851.169,4688.92,4.2,265.687,6134.33,2.6,260.591,2095.62,4.3,1640.713,8197.59,2.4,1589.676,2966.67,4.1,231.824,5102.84,3.4,261.234,1181.24,11.2,1856.429,10774.71,3.1,1959.177,3850.61,5.2,767.76,15936.95,2,819.219,8512.95,4.4,724.386,10585.21,0.4,708.928,4775.73,8.9,60199.718,106679.22,1.5,54425.712,86316.56,2.2,55686.538,491940.29,1.2,57553.151,419567.55,1.2,337.728,5117.76,7.2,311.778,1796.81,8,15404.157,249314.28,1.7,15649.915,114668.21,5.2,2217.642,33771.18,1.2,2130.422,15863.05,3.6,1599434.6,2,96.3,541480,1.1,100.4
178  Hf  [ No Gas ] :  CPS RSD value = 9.24 is over the allowed maximum = 5.00,FALSE,067SMPL.d,06-05-2025 19:45,Sample,,MCS 3361,12057.221,141747.89,4.5,12017.286,603.95,25.5,1225.97,3891.11,2.6,875.718,46.71,65.5,4834.422,103424.47,2.6,4992.21,2933.26,2.1,39613.348,1047956.08,2.1,41863.809,79638.04,1.3,63696.617,1568606.21,0.9,64100.546,172862.81,0.1,3917.903,114805.18,1.4,4037.109,20472.83,0.6,20110.481,131810.73,0.8,20342.748,29535.51,1.7,16170.999,252230.77,2.3,16980.319,67404.07,0.4,31999.896,194718.35,0.2,30529.122,25205.77,1.7,8450.376,129604.93,2.8,8747.427,5830.47,3.8,80104.504,2341704.89,2.8,83617.871,88625.76,0.9,62793.831,2377492.81,0.7,68227.875,93595.48,2.8,7644.463,346389.78,1.5,8012.211,27375.92,2,30030.431,703720.12,3,32313.93,102566.33,2.8,486.061,4595.42,3.5,437.23,1154.54,13.3,<0.000,5016.01,4,<0.000,1541.64,12.7,31.333,230.23,13,22.08,46.71,32.7,1073.301,13958.2,2.6,1149.831,1995.49,6.1,152.481,3627.49,7.2,164.845,540.56,12.1,2914.739,129575.82,2.1,3103.436,10578.33,4.4,370765.774,1889688.18,1,369752.97,236029.06,0.8,363312.123,1534545.96,2.5,16089.56,774878.24,0.3,16947.752,153814.07,1.1,31291.677,1342915.78,2.5,32035.321,348932.77,1.2,3585.665,177991.67,1.6,3794.639,38048.24,0.8,13506.225,114732.14,2.6,13825.456,26450.8,3.2,2577.033,18986.63,3.9,2751.083,4471.94,3.3,885.15,22997.38,1.8,870.014,5580.18,8,2393.034,19277.44,2.6,2386.815,6755.25,1.5,333.937,16119.88,3.3,302.096,4608.81,1.8,1570.641,18549.01,3.5,1582.363,5556.82,9.7,310.191,14102.08,4.2,306.609,4588.78,2.9,728.56,11146.21,1.6,799.635,4034.7,6,108.343,4989.33,4.6,109.095,1748.55,7.4,659.958,6571.67,5.1,680.362,2529.46,6.1,100.262,4398.52,3.3,92.293,834.2,15.5,869.866,10057.49,9.2,889.612,3483.84,4,368.817,15269.47,1.5,372.915,7742.45,6.2,337.888,9957.42,4.2,321.338,4398.54,2.8,26016.206,91973.73,1.2,24076.383,76160.7,4.4,25832.086,454929.84,3.2,25186.141,366282.29,0.7,145.117,4420.83,4.2,137.939,1590.11,9.8,6541.48,210906.84,2.4,6208.848,90627.97,2.7,1209.433,36672.74,2.6,1159.406,17189.57,3.6,1580397.59,3.4,95.1,542840.22,2.9,100.7
137  Ba  [ No Gas ] :  Concentration value = 133.50 is over the calibration range137  Ba  [ He ] :  Concentration value = 130.82 is over the calibration range138  Ba  [ He ] :  Concentration value = 124.38 is over the calibration range153  Eu  [ No Gas ] :  CPS RSD value = 6.93 is over the allowed maximum = 5.00206  [Pb]  [ He ] :  CPS RSD value = 5.64 is over the allowed maximum = 5.00238  U  [ No Gas ] :  CPS RSD value = 5.67 is over the allowed maximum = 5.00238  U  [ He ] :  CPS RSD value = 5.30 is over the allowed maximum = 5.00,FALSE,068SMPL.d,06-05-2025 19:50,Sample,,MCS 3362,16434.696,171783.01,0.9,17487.828,777.47,2.7,1826.75,5162.81,5.3,1611.882,76.74,32.8,6869.845,126265.92,1.2,7191.495,3720.91,5.5,57425.134,1354183.51,2.1,60180.274,102158.45,0.4,71057.442,1562133.86,2.3,74691.208,179665,2.8,5514.956,143630.01,2.4,5827.215,26282.09,2.2,32053.914,185961.12,4.4,33165.833,42620.58,3.4,19184.87,266820.81,2.1,19960.326,70667.21,1.7,36129.341,195751.22,1.6,35916.213,26028.17,2.3,13564.164,185515.72,3.1,15326.47,9112.28,2.2,163353.287,4257754.43,1.1,167369.211,158215.94,1,154084.633,5170315.22,0.5,159440.992,193882.81,3.4,12287.697,496690.62,2.1,13144.622,40064.53,2.9,46041.126,962489.88,1.9,48364.909,136971.6,2.2,623.365,5056.05,6.2,751.904,1538.3,7.9,<0.000,4872.48,2.1,<0.000,1361.44,0.7,67.021,330.33,31.5,39.581,56.72,44.4,1650.212,18301.33,3.4,1933.737,2833.15,5,198.103,4028.01,7.5,241.517,647.33,11.7,4795.825,188694.5,1.4,4980.884,15063.97,1.5,852209.196,3867687.59,1.5,835135.554,474713.48,1.3,794014.112,2986934.55,3.1,26038.486,1119024.47,1.7,28006.554,226814.67,2.8,48726.934,1866016.8,0.8,49505.18,481130.22,3.4,5727.534,253714.67,2.2,6105.284,54615.46,3.6,21943.696,166319.26,3.1,21615.809,36907.52,3.5,4261.173,27999.05,3.3,4645.729,6738.57,2.8,1596.956,37008.25,6.9,1499.665,8581.54,7.7,3772.618,27113.04,3.2,3753.509,9476.42,3.9,512.852,22081.52,3,508.974,6922.18,3.1,2450.627,25822.46,1.3,2574.322,8067.38,7.1,451.633,18315.09,2.8,465.471,6217.79,2.2,1213.629,16554.27,1.9,1204.49,5423.28,1.5,161.15,6611.7,6.7,170.47,2436.02,0.2,1011.465,8982.26,7,1112.748,3690.92,8.8,148.986,5827.21,0.9,159.087,1278.02,4.8,1374.814,14178.11,2,1309.858,4574.2,10.9,498.924,18336.92,1.8,504.754,9300.19,3.5,625.697,15324.95,4.1,609.016,6822.09,6.7,51963.737,163142.16,5.6,50778.24,142577.47,3.6,50307.772,786910.19,2.7,50811.444,655981.35,2.6,189.319,5101.09,7.7,187.137,1913.49,1.7,9427.57,271240.69,0.9,9262.7,120650.15,2.8,1388.058,37563.16,5.7,1446.496,19134.36,5.3,1569970.13,1.2,94.5,534727.85,0.3,99.1
137  Ba  [ No Gas ] :  Concentration value = 295.66 is over the calibration range137  Ba  [ He ] :  Concentration value = 286.60 is over the calibration range138  Ba  [ He ] :  Concentration value = 287.70 is over the calibration range163  Dy  [ No Gas ] :  CPS RSD value = 5.41 is over the allowed maximum = 5.00166  Er  [ He ] :  CPS RSD value = 5.37 is over the allowed maximum = 5.00238  U  [ He ] :  CPS RSD value = 5.59 is over the allowed maximum = 5.00,FALSE,069_QC2.d,06-05-2025 19:54,QC2,,SJS-Std,57435.659,1005889.15,0.6,54963.921,4054.66,3.4,1647.543,7900.17,1.5,2018.984,163.5,14.1,12163.042,343423.63,0.9,12225.683,10424.5,3.8,119084.266,4761438.95,0.5,124672.722,359771.25,4.1,122340.501,4445098.65,2,124566.783,504389.12,1.3,13200.636,577458.4,0.8,14294.219,108628.14,3.2,85680.871,832406.94,2.2,88725.8,191135.19,1.3,33622.736,786446.55,3.3,35019.778,208773.15,1,115819.683,795645.96,0.8,120831.655,107515.79,0.6,17402.348,404368.38,2.4,18987.453,19189.75,3.4,105779.102,4688892.86,2.2,107866.508,173418.14,3.2,275014.84,15632917.95,1.4,281381.81,579509.81,2.7,16332.459,1122111.88,2.1,17254.497,89392.94,1.8,58678.681,2084870.08,1.6,61576.245,296448.11,1.2,1661.816,17936.98,2.7,1694.812,4658.84,3.1,253.788,10471.39,4.9,153.319,3010.04,6,439.742,2466.05,5,375.254,460.47,13,1585.483,28453.25,2.4,1628.339,3917.86,6.6,1690.216,43349.63,2.4,1894.399,6247.78,2.5,5370.162,356296.35,3.2,5455.586,27885.06,1.2,1109699.723,8555558.07,3.6,1075707.893,1038714.68,2.3,1079818.136,6900149.33,1.3,21017.971,1536117.74,3.8,22390.447,308379.4,2,42104.682,2741953.31,2.5,42885.245,708724.06,2.1,4616.546,347785.23,2.8,4898.919,74518.68,0.9,18111.58,233433.1,2.6,18199.65,52849.33,1,3478.618,38858.56,3.6,3680.545,9079.03,2.3,1050.435,41399.33,4,904.712,8805.24,1.9,3452.277,42183.01,4.1,3301.908,14172.21,2.8,503.797,36867.57,0.7,488.364,11286.36,4.5,2783.764,49869.13,5.4,2914.549,15531.85,4.4,563.588,38832.32,0.7,555.41,12619.01,4,1588.025,36797.59,3.3,1621.299,12411.94,5.4,237.201,16497.43,1.9,228.289,5540.12,6.4,1627.571,24548.69,1.7,1584.094,8932.16,9.8,238.213,15812.59,2.9,244.191,3320.45,3,1866.933,32716.47,1.8,1822.163,10804.76,2,747.405,45978.46,1.3,783.851,24143.57,3.5,536.76,21563.98,0.5,533.731,9730.31,4.6,17692.584,94919.31,1.5,16796.386,80606.53,2.3,17183.144,459344.25,1.3,16892.59,372868.2,1.3,268.677,11912.54,1.3,271.043,4630.9,3.8,10070.056,492622.04,3.2,9518.689,210822.9,2.1,3190.338,146456.92,4.5,3217.59,72216.47,5.6,1549251.81,2.8,93.3,523273.04,2.4,97
45  Sc  [ No Gas ] :  CPS RSD value = 9.75 is over the allowed maximum = 5.00137  Ba  [ No Gas ] :  Concentration value = 174.48 is over the calibration range137  Ba  [ He ] :  Concentration value = 168.63 is over the calibration range138  Ba  [ He ] :  Concentration value = 164.54 is over the calibration range141  Pr  [ No Gas ] :  CPS RSD value = 5.13 is over the allowed maximum = 5.00147  Sm  [ No Gas ] :  CPS RSD value = 6.75 is over the allowed maximum = 5.00166  Er  [ No Gas ] :  CPS RSD value = 6.09 is over the allowed maximum = 5.00238  U  [ He ] :  CPS RSD value = 6.31 is over the allowed maximum = 5.00,FALSE,070SMPL.d,06-05-2025 19:58,Sample,,MCS 3363,5633.047,92659.75,1.5,6343.351,447.13,24.6,809.845,3557.36,7.2,1040.448,76.74,30.1,2513.762,79503.87,9.7,2377.682,1992.15,4.4,19565.838,717594.11,1.5,20650.492,54343.87,2,32490.32,1126136.79,3.1,32483.312,121983.61,0.8,1862.785,76289.63,2.2,1935.442,13680.71,1.8,16841.737,152054.98,1.2,17296.394,34585.98,3.7,6347.659,138961.5,2.2,6297.76,35084.57,2,70308.028,467212.23,1.4,71090.486,61687.56,1.9,7687.671,162937.08,1,8757.172,8067.21,2.3,133935.938,5406857.28,1.5,134086.793,196333.79,1.8,141356.729,7335295.52,1.8,140957.93,265091.95,0.8,5537.638,346964.24,2.1,5769.6,27258.92,1.5,32065.005,1038366.68,1.9,32867.459,144197.34,1.3,302.139,4148.16,7.2,300.025,1117.84,11.2,<0.000,4011.33,7.1,<0.000,1141.2,3,15.107,193.53,20.9,15.968,46.71,24.7,588.648,11139.34,4,639.01,1608.38,5,64.666,2589.53,11.5,35.535,296.97,19.2,2603.932,159263.6,3,2766.207,12989.64,1.3,718956.825,5052349.55,2.1,694883.572,611612.15,0.7,678027.933,3949278.97,1.1,16204.664,1078908.52,3.1,17472.682,219225.59,1.5,31302.179,1857098.72,2.3,32006.527,481906.36,0,3549.228,243574.91,5.1,3692.538,51177.13,1.1,12948.389,152052.04,1.3,13155.5,34799.31,1.4,2547.844,25939.24,6.7,2622.701,5893.95,3.1,1050.027,37697.28,1.9,966.503,8568.15,1.2,2215.413,24668.94,2.9,2170.636,8491.37,3.2,285.01,19016.78,1.9,269.93,5690.34,6.2,1189.973,19431.19,2.3,1276.431,6197.75,0.6,209.572,13176.81,3.9,201.738,4174.88,1.3,512.793,10848.92,6.1,523.231,3650.86,3.5,69.165,4408.54,3.1,69.073,1531.64,24.3,408.942,5633.6,3.8,410.131,2108.96,2.3,58.691,3564.09,2.4,168.514,2090.84,100.3,960.239,15339.54,2.6,934.515,5054.39,3,144.753,8506.27,1.4,150.863,4444.15,3.5,485.007,18054.74,1.3,476.362,8077.44,4.1,45520.142,221026.94,2.4,44408.76,192859.27,1.9,43124.435,1043308.41,1.5,44896.174,896306.37,2,65.451,2863.68,4.5,62.238,1013.38,4.1,7140.426,318233.05,2.4,6998.795,141216.68,2.3,802.887,33674.45,3.3,780.243,16000.09,6.3,1573976.32,2.7,94.7,527970.34,2.2,97.9
,FALSE,071SMPL.d,06-05-2025 20:03,Sample,,MCS 3365,5210.397,119802.37,2.3,5176.699,510.52,3.4,820.158,5059.35,5.6,770.71,80.08,25,1971.89,85931.67,1.3,1976.454,2302.51,3.1,18895.06,974076.74,0.9,20180.553,74782.26,3.4,36988.457,1765471.31,1.8,38424.756,201360.7,3,2158.332,123018.69,1.6,2185.349,21569.02,2.9,19638.416,247400.68,2.1,20471.487,57138.83,1.5,9769.32,296017.27,0.6,10023.589,77344.28,0.9,37108.651,363024.91,1.6,37745.183,48349.26,0.9,4431.74,132388.16,1.5,8048.276,10441.25,4.2,43620.963,2483530.1,1.9,45386.823,93693.22,0.4,55757.455,4089558.21,2.8,56762.291,150909.37,1.5,8965.774,790549.98,0.2,9349.618,62165.79,1.9,11930.487,544866.95,2,12877.694,79648.28,2.6,479.248,7526.38,3.6,508.464,2062.24,12.1,<0.000,4505.3,4.8,<0.000,1318.06,12.5,58.496,520.53,5.1,63.478,123.46,18.7,484.283,12545.36,3,560.849,1912.06,10.7,88.38,3951.24,3,80.56,523.87,33.6,1270.135,110499.43,2.4,1357.808,9045.64,4.4,246930.733,2448883.94,1.8,243128.463,302000.07,2.9,234609.06,1928452.83,2.4,51152.002,4795638.77,2.5,50981.287,900711.1,1.4,97776.054,8167677.7,2.4,94397.263,2000939.69,1.9,9982.551,964721.88,2,10030.926,195690.78,1,36294.948,600019.47,1.9,35944.371,133910.55,2.5,6354.074,91010.18,2.1,6492.122,20543.86,0.4,751.757,38018.64,2.7,691.189,8631.6,3.5,5351.725,83874.36,3.4,4712.702,25942.63,0.7,576.274,54090.93,0.4,514.07,15237.85,2.5,2076.123,47722.01,4.8,2194.296,15004.02,3.2,319.698,28273.7,0.9,316.593,9229.34,3.3,740.405,22028.21,1,678.383,6665.15,5,76.467,6845.42,6.5,71.138,2219.09,9.4,451.213,8745.18,4.2,440.66,3190.28,1.9,59.204,5056.11,6.5,52.753,927.63,10.6,352.896,7952.58,3.7,347.458,2653.62,5.9,157.132,12753.3,3.2,156.732,6385,4.5,167.477,9673.54,2.4,153.657,4158.23,2,16611.164,114130.78,2.4,15183.069,93348.35,3.9,16709.161,571827.22,0.9,16541.511,467338.19,1.7,45.201,2793.66,3.5,47.415,1083.39,9.3,23568.284,1478942.7,3.4,24025.052,682579.01,2.3,1778.705,104807.34,3.2,1781.236,51314.44,3.7,1595365.89,0.2,96,549816.76,2.7,101.9
89  Y  [ He ] :  CPS RSD value = 5.61 is over the allowed maximum = 5.00137  Ba  [ No Gas ] :  Concentration value = 144.72 is over the calibration range137  Ba  [ He ] :  Concentration value = 143.11 is over the calibration range138  Ba  [ He ] :  Concentration value = 136.09 is over the calibration range181  Ta  [ No Gas ] :  CPS RSD value = 7.53 is over the allowed maximum = 5.00238  U  [ He ] :  CPS RSD value = 5.45 is over the allowed maximum = 5.00,FALSE,072SMPL.d,06-05-2025 20:07,Sample,,MCS 3366,8091.971,111988.91,3.5,7554.08,450.46,19,1082.984,4021.29,11.5,1122.463,70.07,37.8,3308.372,86472.37,3.3,3697.747,2566.15,4.9,27057.016,838840.09,3,29305.106,65253.03,1.7,55138.547,1588170.05,2.4,56706.185,178858.13,2.3,2679.63,92363.09,2.9,2880.54,17148.23,2.6,26605.13,202051.1,2.5,28072.696,47213.97,3.6,9885.215,181719.49,3.3,10365.796,48456.37,1.5,73405.097,419935.67,0.3,76039.637,56673.77,1.5,8143.058,146106.87,3.9,9914.192,7730.01,1.3,110238.104,3767983.41,0.5,111010.141,137610.09,3,125351.229,5512857.87,2.3,128667.006,205072.6,0.7,6746.072,357707.37,1.3,7097.016,28375.87,5.6,25410.035,696842.96,3.3,27248.612,101216.28,2.4,681.41,6635.02,5.9,670.789,1725.18,7.3,<0.000,4181.55,2.2,<0.000,1181.24,12.2,27.586,233.57,25.1,<0.000,23.36,49.5,776.137,12164.63,1.8,758.962,1615.06,13.7,113.488,3303.74,8,125.961,503.85,4.6,2597.311,134977.8,4.4,2689.488,10725.27,3,704637.824,4192264.04,1.4,696777.313,519201.21,0.9,662582.543,3267423.99,3.4,20222.925,1139505.71,2,21933.626,232899.63,3,37861.188,1901027.23,0.7,38665.768,492700.55,1.1,4170.165,242210.49,3.1,4487.693,52638.25,2.9,15925.152,158265.32,1.6,16080.863,36000.48,2.1,2926.885,25220.42,4.8,3374.628,6418.05,1.9,1036.533,31500.93,2.1,929.566,6975.6,12.3,2558.703,24113.91,3.6,2547.599,8434.63,4.1,334.507,18889.83,2.9,313.123,5586.84,5.3,1484.976,20520.78,4.9,1637.436,6728.56,3.5,252.472,13434.02,3.7,264.478,4632.18,10.3,637.157,11406.66,1.1,632.945,3737.64,8.8,83.408,4498.66,3.9,80.364,1508.27,12.5,522.849,6094.29,4.4,567.551,2469.39,5.6,72.156,3707.61,2.9,70.564,747.44,11.4,757.64,10250.95,1.8,760.182,3483.84,5.5,236.725,11588.84,7.5,249.091,6108.2,2.1,394.396,12966.56,3.8,357.761,5460.02,3.8,66273.911,272103.87,4.6,64594.771,237208.92,2.4,65391.843,1337432.46,4.8,65416.481,1104246.19,0.7,87.628,3207.12,5.6,99.932,1356.75,4.1,8790.456,331559.63,4.2,8944.344,152733.13,0.5,974.119,34574.27,1.5,907.422,15749.58,5.4,1566001.26,2.4,94.3,534365.13,2.5,99.1
133  Cs  [ No Gas ] :  CPS RSD value = 5.31 is over the allowed maximum = 5.00137  Ba  [ No Gas ] :  Concentration value = 196.30 is over the calibration range137  Ba  [ He ] :  Concentration value = 191.12 is over the calibration range138  Ba  [ He ] :  Concentration value = 188.86 is over the calibration range,FALSE,073SMPL.d,06-05-2025 20:11,Sample,,MCS 3367,8509.236,168032.13,1.6,6883.825,583.93,5.5,1647.689,8768.24,3.1,1521.538,136.8,15.2,3666.995,127131.95,2,3732.826,3650.82,8.9,47826.86,2126487.59,2.4,52302.493,167618.3,1.3,41779.025,1727089.85,0.8,43520.528,197407.49,1.7,3788.82,185637.59,4,4150.757,35241.8,1.5,19109.675,208900.18,1.5,20230.265,48975.28,2.8,9546.52,251004.7,1.7,10019.655,67045.14,0.4,23228.944,224605.79,1.8,23175.717,29799.85,3.9,7922.826,204592.75,0.8,9562.884,10735.14,3.8,112242.644,5523192.79,2.2,113516.74,202606.14,2.4,108184.007,6845250.06,0.8,115403.678,264560.17,2,7629.489,582288.65,1.5,7764.021,44684.06,2.2,33564.858,1324581.91,0.9,35998.564,192471.6,1,513.619,7082.36,3.3,503.132,1828.63,2.5,<0.000,4718.94,10.4,<0.000,1227.96,11,48.447,407.08,14.8,28.819,66.73,17.3,777.183,16530.53,4.7,826.52,2349.24,3.1,146.774,5189.61,10.7,134.475,670.69,7.8,2798.71,207602.94,5.3,3005.862,17138.67,1.7,663594.853,5683357.12,1.8,646061.144,693011.61,3.1,638435.8,4531953.63,0.9,19695.489,1598203.73,4.5,20402.733,311994.45,1,36755.92,2657666.79,2.7,37754.888,692764.59,1.3,4219.814,352957.96,1.2,4325.849,73060.09,4,15638.994,223801.44,2.2,16001.012,51589.79,2,3035.536,37650.43,2,3153.951,8638.3,1.9,1070.398,46833.73,1.2,990.805,10705.3,2.3,2687.89,36469.49,2.1,2519.293,12007.78,2.5,338.964,27551.18,2.5,342.884,8801.91,3.4,1624.721,32324.09,0.9,1625.091,9616.67,5.7,278.815,21346.27,2.8,278.906,7035.7,5.8,752.902,19387.77,3.1,727.387,6184.4,2.4,97.467,7546.52,4.4,88.285,2382.62,7.3,640.377,10735.4,2.1,627.637,3931.23,5.4,87.964,6494.88,3.7,80.251,1217.95,3.3,1054.377,20523.7,3.1,979.652,6455.05,3.6,265.68,18437.12,2.9,255.552,8903.23,4.8,401.711,18211.8,2.6,396.059,8174.29,2.3,40443.277,239289.31,1.3,38874.275,205731.74,1.3,40282.01,1187214.01,2.3,39882.864,970201.64,1.1,87.899,4507.52,10.6,80.948,1573.44,9.3,8160.631,443264.36,2.1,7943.052,195334.25,1.3,958.94,48965.68,4.3,957.56,23904.58,4.9,1611891.27,2.7,97,533100.21,2.6,98.8
71  Ga  [ He ] :  CPS RSD value = 9.44 is over the allowed maximum = 5.00137  Ba  [ No Gas ] :  Concentration value = 118.57 is over the calibration range137  Ba  [ He ] :  Concentration value = 115.40 is over the calibration range138  Ba  [ He ] :  Concentration value = 111.46 is over the calibration range165  Ho  [ No Gas ] :  CPS RSD value = 7.52 is over the allowed maximum = 5.00205  Tl  [ No Gas ] :  CPS RSD value = 6.50 is over the allowed maximum = 5.00,FALSE,074SMPL.d,06-05-2025 20:16,Sample,,MCS 3368,20905.632,193232.1,2.5,19998.021,787.48,5.7,5758.554,14355.22,1.4,6327.397,266.94,13.2,8713.932,139647.07,2.9,9713.514,4418.49,0.5,71663.598,1496816.14,1.3,77090.72,115946.9,2.3,136886.739,2619070.33,2.3,139385.213,295219.79,3.5,7382.946,169934.24,3.4,7742.016,30883.23,1.7,74560.137,379380.67,3.8,76679.958,86488.65,4.2,23600.851,290441.69,2.3,23816.403,74653.28,1.4,48109.738,219991.13,1.2,45740.402,28244.9,1.2,16684.164,202159.31,2.4,21180.326,11155.93,9.4,187817.148,4337640.05,2.6,179998.435,150778.36,1.6,150233.821,4471047.82,1.3,156940.818,169260.23,1.6,19371.241,693579.23,1.3,19908.997,53753.66,0.4,56033.85,1037846.76,2,57173.696,143467.17,2,1442.652,8885.27,5.1,1506.894,2392.62,5.9,<0.000,4435.22,8.4,<0.000,1067.78,5.2,57.629,280.28,25,22.335,43.38,48,2134.107,20637.26,4.7,2275.219,2939.96,7.8,270.752,4642.16,3.6,306.639,704.06,11.5,5499.085,191663.04,1,5838.629,15638.59,1.3,854230.903,3436196.1,4.4,831383.312,418875.17,1.7,802981.087,2677271.81,2.7,65268.56,2484761.49,1.2,69795.684,500722.26,1.9,131153.165,4448829.88,1.3,125798.539,1082856.06,3.7,13906.891,545732.42,2.4,14617.689,115808.31,2.5,52502.894,352465.64,2.1,51940.376,78570.91,1.2,9980.923,58061.05,4.2,9820.461,12618.9,1.5,2080.481,42715.18,4.7,2021.987,10251.09,3.5,8607.135,54780.58,3.8,8132.718,18181.31,3.5,1018.463,38825.53,2.5,999.379,12031.18,4,4372.761,40813.84,2.6,4610.105,12799.41,2.7,737.503,26484.67,7.5,733.479,8681.74,6.3,1788.075,21600.32,2,1745.316,6962.25,4.9,208.002,7556.54,5,211.15,2672.97,5.1,1292.91,10171.04,2,1326.275,3897.86,4.5,180.512,6254.52,1.6,178.121,1268,7.7,1587.048,14501.88,3.1,1507.432,4664.23,2.5,582.015,18937.9,3.3,645.712,10507.82,2.1,666.904,14569.92,6.5,631.955,6344.67,1.1,59939.007,166721.14,4.4,55560.789,138262.04,1.6,56834.055,787719.28,1.4,58074.103,664279.88,3,217.207,5181.12,3.6,202.094,1833.48,3.1,28045.378,714654.99,4.2,28765.937,331870.48,1.5,2793.887,66889.91,2.5,2881.351,33724.43,2.2,1628910.95,2.2,98,533397.45,1.2,98.9
137  Ba  [ No Gas ] :  Concentration value = 135.61 is over the calibration range137  Ba  [ He ] :  Concentration value = 133.38 is over the calibration range138  Ba  [ He ] :  Concentration value = 127.22 is over the calibration range147  Sm  [ He ] :  CPS RSD value = 5.29 is over the allowed maximum = 5.00181  Ta  [ No Gas ] :  CPS RSD value = 6.25 is over the allowed maximum = 5.00,FALSE,075SMPL.d,06-05-2025 20:20,Sample,,MCS 3369,12206.751,158266.86,3.4,13120.526,724.08,10.6,1518.195,5313.02,5.7,1244.898,73.41,55.1,4959.059,114823.68,1.7,5494.952,3530.67,9,42011.962,1227550.52,3.4,44456.17,93471.02,4.1,57507.699,1565617.76,0.5,57737.433,172128.82,0.9,4328.292,139675.67,3.8,4427.559,24751.01,0.9,30199.267,216372.01,1.3,30401.19,48278.79,1,12138.522,210057.6,1.8,12068.251,53182.8,1.7,49973.029,291823.27,3.2,49724.314,38360.33,3.2,11321.742,191763.55,1.3,17886.918,13166.42,1.6,140351.22,4530332.53,2.9,140650.657,164662.65,2.7,126194.515,5243919.55,0.3,127803.577,192485.02,2.5,18055.954,903417.38,1.7,18498.44,69795.22,2.2,43369.44,1122648.08,0.7,44072.735,154566.46,0.3,652.231,6134.28,5.4,658.624,1631.74,10.1,<0.000,4024.68,7.6,<0.000,1061.11,9.4,37.795,266.94,30.1,11.985,40.04,43.3,1208.682,16814.5,4.1,1270.658,2365.92,6.2,148.213,3814.39,0.3,106.108,440.45,17.2,3566.739,174073.61,0.7,3713.383,13924.9,4.4,699019.007,3928922.89,1.7,687507.032,483979.65,0.3,655736.299,3054915.86,2.3,96676.207,5143617.38,3.5,98800.625,990599.46,0.4,186721.07,8851631.65,3,188136.907,2263120,0.5,19949.792,1094111.41,2.1,21139.11,234026.62,3.6,72736.233,682381.94,0.8,74779.799,158100,3,14005.381,113829.95,2.1,14897.194,26751.75,5.3,1541.379,44231.62,2.2,1469.749,10414.76,1.2,11673.036,103814.51,3.4,11126.931,34756.13,1.1,1265.015,67374.67,2.4,1224.214,20587.48,1.4,4794.198,62531.66,1.9,5099.909,19788.83,1.6,703.222,35285.11,3.1,714.914,11827.45,2.4,1547.617,26123.34,3,1530.269,8531.46,3.3,161.898,8217.61,4.5,174.705,3090.15,3.1,927.144,10194.38,2.6,909.038,3734.3,2.9,127.972,6197.77,5.7,143.326,1424.85,9.9,1298.521,16581.14,1.3,1332.913,5761.37,9.4,346.07,15820.19,6.3,358.698,8216.09,4.8,502.725,15258.17,1.9,485.921,6751.96,4,47596.567,184928.68,0.5,44498.297,154666.73,2.1,49749.34,962591.24,1.6,47900.902,765146.59,0.8,124.4,4204.06,2.7,135.636,1723.46,12.9,48044.906,1710927.23,0.3,47120.569,759736.14,2.1,4350.745,145433.84,1.7,4501.397,73565.07,1,1557979.34,1.1,93.8,518490.01,1.2,96.1
7  Li  [ He ] :  CPS RSD value = 5.02 is over the allowed maximum = 5.00107  Ag  [ No Gas ] :  CPS RSD value = 6.86 is over the allowed maximum = 5.00107  Ag  [ He ] :  CPS RSD value = 12.61 is over the allowed maximum = 5.00,FALSE,076_QC1.d,06-05-2025 20:24,QC1,,QC MES 50 ppb,50.909,3339190.55,3.9,48.544,13386.57,5,51.274,918553.9,3.7,51.89,15771.5,0.6,51.798,5215030.25,1.8,52.825,166367.04,2.9,49.921,7488342.53,1.7,52.587,569520.45,3.1,50.409,6837587.39,1,49.796,755340.89,1.6,48.943,8005085.52,0.4,50.964,1449640.89,2.8,49.118,1786809.57,0.3,50.453,407036.21,1.5,50.201,4386477.73,2.2,50.217,1118981.72,0.9,48.823,1223335.89,1.7,48.793,158430.94,1.3,50.562,4405871.19,2.1,50.247,190509.22,3.4,50.256,8357023.5,1.9,50.593,305176.76,0.5,48.963,10456656.05,2.1,49.619,383969.34,3.5,49.431,12740154.35,3.4,49.598,963983.36,3.9,49.089,6543517.61,1.9,49.545,894982.8,2.7,46.398,1733160.46,2.3,48.502,453895.39,1.9,43.751,3073323.22,6.9,57.537,1304179.55,12.6,47.358,948364.33,2.2,49.612,213624.21,2.6,44.749,2773616.75,2.7,48.69,403694.41,1.8,47.14,4421916.51,2.4,49,587949.12,1.3,46.631,11504518.71,2.9,48.021,914614.51,0.1,48.077,1398411.85,2.2,48.541,176825.67,0.6,47.427,1143134.44,0.3,46.231,12677663.11,1.6,48.783,2520931.56,1.1,46.857,11449298.91,1,47.278,2931309.75,0.5,45.043,12731923.62,3,47.58,2714531.41,1.3,45.018,2176647.64,1.4,46.607,507889.98,1.8,44.35,1857262.79,1.1,47.107,435976.51,0.2,46.227,6831507.98,2.2,46.973,1714600.7,1.5,43.231,1981228.63,0.5,46.122,742323.91,1.8,46.026,12627924.62,1.5,47.143,4083179.96,1,42.846,2879537.35,2.9,47.191,943685.25,2,46.402,11988680.79,1.4,45.535,3883037.63,3.3,44.297,3848718.93,1.1,45.749,1314187.21,1.5,43.888,11431207.06,2.4,44.433,4042322.85,3.4,43.665,2469928.16,2.2,45.872,970446.36,2.6,44.174,10991705.48,1.4,44.66,2272432.28,3.7,44.244,2907995.17,2.6,44.678,993118.35,3.1,42.909,9804297.77,1.8,42.825,4898413.36,2,45.269,6278318.96,1.3,43.883,2727658.39,1,46.386,924746.73,1.6,44.114,786668.36,3,45.479,4516363.25,1.6,45.392,3720021.05,2,44.688,7259978.02,4.1,43.796,2774150.27,1.7,46.702,8571662.93,4.7,46.979,3903994.52,2.3,46.564,8015841.07,2.1,45.417,3822585.3,3.4,1603765.91,1.8,96.5,539698.05,1.8,100.1
163  Dy  [ No Gas ] :  CPS RSD value = 6.02 is over the allowed maximum = 5.00165  Ho  [ No Gas ] :  CPS RSD value = 5.59 is over the allowed maximum = 5.00166  Er  [ No Gas ] :  CPS RSD value = 6.24 is over the allowed maximum = 5.00181  Ta  [ He ] :  CPS RSD value = 6.24 is over the allowed maximum = 5.00103  Rh ( ISTD )  [ No Gas ] :  CPS RSD value = 7.24 is over the allowed maximum = 5.00,FALSE,077SMPL.d,06-05-2025 20:29,Sample,,MCS 3348,6986.499,130851.35,3.2,6167.315,497.17,14.3,1151.521,5793.7,11.7,1101.408,93.43,6.2,2885.511,99093.95,1.2,3291.446,3066.76,0.7,23918.651,1006435.4,1.7,25614.702,77486.99,1,225266.626,8511092.77,1.8,229464.642,970595.21,0.7,4906.526,226274.97,1.4,5254.711,42028.04,2.9,80117.119,815387.79,2.3,84778.025,191301.89,1.6,15656.323,385899.19,3.6,16729.459,104999.74,2.6,45079.853,360529.68,1.3,45667.766,47863.61,1.6,7635.621,186056.48,3.8,8968.612,9499.61,5.2,101344.004,4705583.72,0.9,103876.204,174931.33,2.2,37808.894,2277679.92,2,40369.815,88136.26,2.1,7613.471,548230.32,0.7,8236.388,44720.99,3,96140.301,3577144.21,0.3,100576.363,507101.62,3.7,8700.359,92038.04,2.4,9550.462,25356.64,2,265.324,10922.25,3.3,142.142,2983.34,3.2,235.273,1434.85,2.1,197.171,266.94,33.6,764.638,15508.24,1.3,855.875,2302.52,9.4,185.547,5974.05,3.7,235.241,981.02,14.8,2242.112,157738.86,2.1,2373.942,12822.62,3,256362.5,2076882.04,1.8,256337.654,260091.56,2.9,254233.803,1706811.24,1.9,17830.283,1365081.23,1.3,18742.508,270407.99,3.3,36002.748,2456027.86,3.1,36376.626,629749.74,1.9,3926.609,309867.29,0.5,4130.675,65822.41,3.6,14539.721,196315.05,3.3,14430.868,43896.76,2.8,2719.121,31825.18,3.8,2895.821,7483.07,4.6,609.728,25187.09,2.2,598.564,6104.27,4.6,2485.181,31815.42,4.5,2401.2,10798.8,3.4,359.988,27604.68,4.7,354.19,8578.21,3.5,1673.997,31421.03,6,1737.495,9700.15,2.4,324.877,23462.12,5.6,337.436,8030.63,5.4,762.355,18522.27,6.2,797.653,6398.05,3.6,127.886,9332.86,6.7,137.352,3494,1.5,657.198,10394.76,4.3,652.838,3857.81,6.6,120.402,8381.25,9.6,129.008,1841.99,7.5,3251.891,59673.36,3.9,3209.91,19926.08,3.2,284.751,18637.37,4.5,307.348,10067.44,6.2,456.89,19414.88,0.5,453.694,8761.92,3.4,28349.549,158601.77,3.3,24879.196,124572.27,2.6,27207.22,758400.98,2.6,27009.3,621474.89,1.4,243.398,11318.63,3.7,259.888,4650.9,4.1,7726.57,395965.99,0.7,7567.977,175589.68,2.9,2467.878,118696.04,3.4,2562.758,60260.91,3.2,1575238.42,7.2,94.8,524986.85,4.4,97.3
153  Eu  [ No Gas ] :  CPS RSD value = 5.08 is over the allowed maximum = 5.00159  Tb  [ No Gas ] :  CPS RSD value = 5.64 is over the allowed maximum = 5.00,FALSE,078SMPL.d,06-05-2025 20:33,Sample,,MCS 3356,1725.048,34203.34,2.9,2024.935,176.84,34.6,223.244,1137.86,14.7,159.479,13.35,43.3,468.18,31234.06,0.8,523.871,630.65,12.4,4945.907,210029.16,0.7,5037.568,15096.94,1.6,59582.307,2270621.67,1.6,60370.79,254056.09,1.5,666.388,32375.1,3.7,696.021,5773.71,1.2,21334.233,216934.49,0.6,21711.656,48924.91,3,1576.662,42393.07,3.3,1573.304,10705.02,4.8,25060.713,225292.19,0.9,25405.62,30227.87,1.8,1896.188,45875.26,1.4,2570.085,2692.98,5,32825.273,1507415.75,1.2,33469.971,55710.07,1.9,41835.062,2483647.87,1.9,44746.271,96267.73,1.6,2287.274,162928.47,3.9,2202.02,11830.57,3.3,5434.385,200735.92,2.2,5736.48,28664.77,1.6,6475.919,67964.11,3.2,6585.008,17388.97,3,<0.000,4298.37,2.8,<0.000,1304.71,9.6,15.13,203.54,28.4,25.332,60.06,76.4,45.798,3073.45,2,58.511,457.13,10.3,22.745,1705.16,5.3,25.257,276.95,27.6,559.574,41408.74,1.1,548.006,3080.13,7.5,205700.397,1645931.66,1.7,212039.392,212463.8,0.9,203387.254,1348590.94,1.9,8968.564,677717.22,0.7,9381.299,133594.01,2,17461.52,1175834.75,0.5,17779.63,303876.98,0.7,1965.741,153106.18,1.6,2073.844,32631.2,3.2,7100.059,94646.94,3.1,7350.442,22064.65,3.7,1490.156,17229.02,4.3,1511.22,3854.46,5.2,336.305,13724.58,5.1,341.662,3440.6,2.1,1258.133,15906.05,4.9,1168.801,5192.95,4.2,165.889,12572.24,5.6,167.221,4004.65,2.9,613.343,11373.24,1.9,634.558,3497.33,1.6,102.889,7356.21,1.8,103.179,2422.67,10.8,185.674,4478.64,4.5,208.409,1651.76,5.8,29.5,2152.35,7.2,37.964,957.67,4.9,120.837,1902.05,10,117.429,687.38,10.7,26.593,1841.98,6.4,34.296,490.5,12.7,186.055,3390.48,5.8,191.172,1183.39,6.8,43.507,3217.11,3.3,47.316,1746.79,8.8,130.27,6708.61,11.2,131.858,3150.25,1.4,13206.105,73460.39,2.4,12021.863,59856.42,3,12773.393,354097.85,2.2,12835.12,293743.43,2.9,32.12,1720.13,6.1,41.665,783.36,10.9,3310.557,167499.07,2.3,3466.687,79397.98,3.4,1180.836,56103.94,4.9,1141.287,26512.53,4.1,1557376.76,1.8,93.7,529860.23,1.3,98.2
9  Be  [ No Gas ] :  CPS RSD value = 5.84 is over the allowed maximum = 5.0052  Cr  [ No Gas ] :  CPS RSD value = 30.44 is over the allowed maximum = 5.00157  Gd  [ He ] :  CPS RSD value = 10.74 is over the allowed maximum = 5.00172  Yb  [ No Gas ] :  CPS RSD value = 6.18 is over the allowed maximum = 5.00178  Hf  [ No Gas ] :  CPS RSD value = 5.02 is over the allowed maximum = 5.00208  Pb  [ No Gas ] :  CPS RSD value = 8.20 is over the allowed maximum = 5.00,FALSE,079SMPL.d,06-05-2025 20:38,Sample,,MCS 3364,15528.621,198135.49,3.8,15303.145,830.86,10.7,2948.326,10160.59,5.8,2749.056,160.16,28.6,7391.539,160446.73,2.4,7648.178,4789,3.6,60033.629,1730689.39,3.6,64310.373,133563.39,1.1,175458.564,4584351.65,30.4,145171.024,423362.16,0.6,12924.399,407454.25,1.7,13560.653,74243.5,2.8,60091.291,421831.82,2.2,62086.381,96614.61,0.8,16784.287,285327.71,1.8,16708.987,72361.65,1.3,73083.612,394520.43,3.1,75258.452,53018.31,1.9,19929.001,333224.84,1.3,22327.879,16236.25,2.7,180355.513,5750445.67,0.7,182594.275,211165.86,1.2,105702.485,4345118.25,1,106955.147,159369.62,4,15930.271,787595.38,0.7,16107.789,60054.04,1.2,40812.896,1043912.88,2.4,40926.801,141826.09,1.2,9422.981,68826.13,1.2,10141.591,18611.89,2.9,<0.000,5059.4,1.2,<0.000,1274.67,5.2,53.033,323.66,8.9,32.346,56.72,83.4,1912.818,24999.34,0.1,2006.931,3510.67,7.7,191.23,4555.37,5.9,153.835,547.23,4.6,3868.028,186274.04,1.4,4131.786,15287.81,4.3,438088.645,2436128.95,1.9,432450.738,301196.05,1.3,424540.523,1956584.56,2.3,34989.966,1839694.18,1.5,35277.055,349534.87,2.4,76233.073,3571291.3,3.5,77624.451,922800.17,2.4,7597.857,411772.62,0.7,7708.404,84350.46,1.8,27327.676,253387.18,4,27615.677,57692.54,2.5,4808.474,38644.21,3.2,5140.323,9122.45,8.8,1260.874,35756.64,3.1,1228.412,8601.56,3.9,4360.746,38337.01,1.6,4144.563,12799.4,10.7,617.623,32521.44,4.4,583.67,9706.82,2.7,3182.022,41014.82,3.8,3321.727,12735.93,1.6,592.318,29370.65,3.2,619.583,10127.57,2.3,1610.354,26855.81,4.6,1654.326,9112.43,3.3,231.214,11580.33,3.1,236.347,4128.17,8.8,1383.214,15017.49,6.2,1406.529,5707.04,4.1,203.655,9733.58,0.9,208.705,2045.56,5.8,1250.942,15783.45,5,1266.883,5411.2,2,771.7,34277.42,1.5,816.148,18149.96,3.1,741.048,21430.21,2.8,728.973,9576.7,4.8,40883.404,157102.89,3.5,36868.399,126774.64,0.3,38104.364,729718.91,8.2,39208.081,619644.68,0.3,179.881,5884.76,4.7,173.251,2160.2,7.2,11244.394,395780.97,4.7,11350.009,180866.23,2,1803.94,59657.68,0.5,1797.603,29064.35,1.1,1547141.21,0.5,93.1,515693.65,1.6,95.6
9  Be  [ No Gas ] :  CPS RSD value = 5.10 is over the allowed maximum = 5.00147  Sm  [ No Gas ] :  CPS RSD value = 6.13 is over the allowed maximum = 5.00205  Tl  [ No Gas ] :  CPS RSD value = 5.51 is over the allowed maximum = 5.00,FALSE,080SMPL.d,06-05-2025 20:42,Sample,,MCS 3270,39177.39,435996.72,1.6,41837.566,1965.44,0.8,3848.935,11663.29,5.1,4296.815,220.22,16.4,11423.112,211552.66,2,12022.603,6554.83,1.8,103673.596,2626183.84,1.6,109443.78,199919.07,3,74965.068,1764961.16,0.1,77514.701,200380.33,1.8,15661.538,434196.07,2.7,16447.024,79192.85,2.3,45323.542,281131.05,0.9,46407.6,63799.13,1,147832.881,2180453.37,2.3,154647.461,581591.7,1.1,90709.935,425162.33,2.3,92778.279,56757.27,0.8,20969.54,308475.4,0.6,22470.515,14375.59,4.6,244851.128,6866686.29,2.5,247858.254,252133.44,0.4,68361.12,2485402.34,1.5,71105.08,93717.23,1.2,16139.039,702002.39,1.6,16478.837,54051.78,0.8,44987.55,1012315.58,0.4,46418.074,141506.38,1.3,785.406,6354.6,5.5,734.473,1595.03,12.5,199.35,8087.32,2.4,211.639,2893.23,1.9,88.944,420.43,4.1,64.346,76.74,45.8,3840.217,42395.64,2.5,4221.545,6221.08,5.7,433.337,7970.47,5.3,461.927,1127.85,6.5,11507.158,481985.49,2.2,11808.11,38121.83,1,455100.951,2227051.95,1.1,454175.801,278359.08,1,447585.32,1815148.8,1,26537.909,1227648.49,1.9,27432.854,239151.93,1.6,52520.4,2164911.79,1,54036.132,565258.74,1,5919.67,282265.89,4.7,6284.792,60514.83,4.8,22891.783,186757.8,0.3,23488.503,43170.22,0.5,4565.205,32283.5,6.1,4938.211,7710.09,4.7,1224.249,30547.64,3.2,1182.12,7282.75,1.2,4280.216,33106.75,4.5,4195.613,11399.91,2.3,600.793,27835.62,4.6,620.497,9079.05,4.7,2886.857,32738.98,2.5,3214.339,10842.22,3.8,567.85,24776.07,3.4,609.095,8758.52,2,1505.148,22088.4,0.3,1521.415,7372.9,1.4,208.845,9209.29,3.5,230.371,3540.72,5.6,1306.541,12482.12,1,1364.921,4872.51,4.3,197.044,8287.75,1.3,203.014,1751.88,6.4,1313.89,14585.33,3.9,1368.938,5144.42,5.5,988.551,38566.71,4.8,1029.878,20119.74,4.5,940.032,23713.41,5.5,987.056,11236.43,3.2,46184.428,156131.49,1.1,44434.152,134357.07,1.9,44091.72,742715.84,1.9,44594.293,619989.43,1.5,307.362,8703.17,9.1,330.231,3583.88,7.8,8973.673,277920.37,2.6,9027.181,126570.39,3.8,2103.862,61203.54,3.2,2105.385,29944.01,2.3,1543331.3,1.3,92.9,513768.6,1.3,95.3
178  Hf  [ No Gas ] :  CPS RSD value = 6.62 is over the allowed maximum = 5.00238  U  [ He ] :  CPS RSD value = 5.88 is over the allowed maximum = 5.00,FALSE,081SMPL.d,06-05-2025 20:46,Sample,,MCS 3271,39457.231,490790.45,2.2,40937.504,2148.99,4.1,4342.378,14709.24,1.3,3608.513,206.87,10.1,9949.887,206589.23,1.6,11012.542,6711.75,6.7,127871.747,3621001.74,1,135115.9,276051.33,1.2,89678.314,2339031.95,0.5,95296.989,274487.18,1.9,17252.165,534458.39,0.2,18334.796,98670.94,0.9,46394.521,321363.96,1,47642.186,73146,0.9,37560.75,622912.6,1.3,39466.954,166783.87,1.1,59122.02,326499.27,1.3,57160.061,41840.86,1.4,19903.896,327494.9,2.9,22097.079,15811.98,3.9,210081.062,6590412.72,3.2,209811.949,238746.88,0.9,58255.939,2370601.54,3.2,61532.897,90757.19,0.2,16770.227,815855.13,1,17641.336,64717.13,2.2,54058.581,1360222.01,2.6,55072.55,187753.01,3.4,1053.082,8825.17,4.6,1139.176,2446.02,2.8,94.152,6975.54,0.8,17.199,2159.01,10.9,106.904,523.87,14.6,57.525,76.74,32.8,3664.698,45100.71,1.5,3959.886,6511.51,8.5,451.012,9095.69,3,429.183,1164.56,10.5,10031.292,470075.23,1.5,10400.686,37562.7,1.3,389861.451,2134383.03,1.9,388712.364,266533.37,1.9,377040.187,1710760.92,0.7,26806.019,1387021.61,0.7,27962.961,272663.46,1.7,54562.477,2515592.99,0.6,55038.411,643960.29,2,6220.008,331735.54,2.1,6437.262,69324.96,2.9,23278.679,212416.41,2.1,23406.585,48119.7,4.8,4858.595,38423.48,0.7,5042.053,8805.21,2.2,1229.004,34297.7,3,1193.07,8220.93,5.3,4415.667,38199.78,3.9,4338.362,13183.46,1.6,643.228,33327.59,2.1,629.939,10307.9,2.9,3224.975,40904.46,4.1,3353.513,12652.42,3.6,634.878,30976.12,1.2,639.194,10281.22,3.5,1661.792,27270.33,2.7,1685.5,9135.82,7,238.163,11737.27,2.7,240.767,4138.17,6.3,1519.018,16226.82,2.2,1533.104,6121,3.7,226.243,10638.55,2.3,210.702,2032.21,6.6,1551.011,19251.73,6.6,1559.484,6551.75,5.6,1052.483,45838.22,1.4,1033.842,22560.58,1.7,826.318,23345.62,2.8,835.403,10685.38,3.8,46072.085,174098.64,4.4,42241.442,142815.81,1.9,42308.53,796802.72,2.2,43279.572,672679.3,3.4,329.212,10371.11,4.4,338.76,4104.03,2,9807.528,339719.07,0.9,10009.244,156962.7,2,2514.232,81769.67,1.3,2447.727,38922.02,5.9,1608075.84,1.6,96.8,528217.95,1.5,97.9
88  Sr  [ He ] :  CPS RSD value = 5.62 is over the allowed maximum = 5.0090  Zr  [ He ] :  CPS RSD value = 9.59 is over the allowed maximum = 5.00107  Ag  [ No Gas ] :  CPS RSD value = 7.05 is over the allowed maximum = 5.00137  Ba  [ No Gas ] :  Concentration value = 293.81 is over the calibration range137  Ba  [ He ] :  Concentration value = 290.33 is over the calibration range138  Ba  [ He ] :  Concentration value = 286.61 is over the calibration range157  Gd  [ He ] :  CPS RSD value = 6.34 is over the allowed maximum = 5.00159  Tb  [ He ] :  CPS RSD value = 7.41 is over the allowed maximum = 5.00169  Tm  [ No Gas ] :  CPS RSD value = 5.21 is over the allowed maximum = 5.00175  Lu  [ No Gas ] :  CPS RSD value = 5.04 is over the allowed maximum = 5.00,FALSE,082_QC2.d,06-05-2025 20:51,QC2,,SJS-Std,57548.402,1007857.6,1.3,55555.558,4098.05,1.2,1646.845,7896.84,4.8,1565.743,126.79,24.1,12320.752,347639.28,2.1,12643.956,10775.1,4,121257.443,4848222.92,1.7,125372.726,361790.84,1.9,122624.398,4455257.97,0.6,122376.982,495572.57,1.7,13693.462,598928.38,1.9,13888.885,105557.01,1.5,85704.052,832631.15,0.8,86518.516,186399.8,1.5,34275.448,801626.37,2,34948.009,208347.47,1.7,116983.978,803030.92,2.2,117029.148,104408.36,2.6,17581.926,408537.17,0.7,18745.988,18945.84,2.5,106448.65,4718537.71,1.9,106472.87,171179.47,1.5,274633.3,15611272.55,0.6,278702.297,574003.04,5.6,16245.576,1116145.89,1.4,16813.335,87108.54,2.6,57930.91,2058318.35,2.3,61813.338,297589.02,9.6,1640.312,17723.14,3.8,1735.013,4758.98,3.7,302.591,11383.08,7,187.638,3216.96,12.8,454.754,2546.14,7.9,418.89,510.52,19.9,1569.472,28189.06,2,1747.8,4181.54,3.5,1706.163,43748.09,4.6,1885.001,6217.75,6,5237.708,347592.4,1.7,5429.215,27751.27,4.1,1102744.033,8501985.13,2.7,1089678.955,1052191.15,1.6,1075744.675,6874144.99,1.6,21057.897,1539034.66,0.7,22092.843,304282.06,1.6,41493.79,2702187.29,2.2,43551.44,719727.67,1.4,4685.033,352942.96,2.2,4822.562,73358.01,1.5,17959.678,231476.36,4.7,18782.551,54541.68,1.7,3577.927,39966.57,3.5,3852.521,9503.1,2.8,1033.348,40726.58,1.5,911.924,8875.38,1.6,3353.849,40981.19,2.7,3239.597,13905.01,6.3,500.684,36640,3,496.76,11480.11,7.4,2765.989,49550.85,3.6,2934.624,15638.81,4.9,594.757,40977.93,0.8,582.02,13223.59,4.6,1582.097,36660.37,1.6,1691.121,12946.33,0.6,229.545,15966.18,5.2,233.109,5656.95,2,1558.373,23505.82,4.1,1697.839,9573.3,3.1,237.003,15732.43,5,239.759,3260.36,4.7,1817.888,31857.61,1.8,1867.798,11075.02,3.6,727.128,44744.06,3.9,787.795,24263.77,2.6,531.511,21370.06,1.6,544.422,9907.3,3.3,18068.006,96911.12,3.2,16468.785,79051.81,2.8,17263.409,461465.49,2.9,17109.089,377589.87,1.1,267.058,11842.48,0.6,268.474,4587.55,4.3,9847.894,481758.32,1.8,9723.929,215366.98,2.3,3124.538,143439.03,1.8,3038.845,68208.18,3.2,1535691.89,2.4,92.4,522328.15,3.6,96.8
146  Nd  [ He ] :  CPS RSD value = 5.12 is over the allowed maximum = 5.00147  Sm  [ No Gas ] :  CPS RSD value = 5.22 is over the allowed maximum = 5.00157  Gd  [ He ] :  CPS RSD value = 7.64 is over the allowed maximum = 5.00159  Tb  [ No Gas ] :  CPS RSD value = 5.74 is over the allowed maximum = 5.00,FALSE,083SMPL.d,06-05-2025 20:55,Sample,,MCS 3272,34453.24,485214.59,2.2,34796.712,2068.9,4.2,3206.031,12301.16,3.4,3238.727,210.21,20.8,9181.115,215000.49,0.3,9791.742,6755.15,5.2,83347.38,2673625.4,1.8,89520.296,207084.65,1,80560.973,2377756.04,2.4,86320.388,281414.53,1.4,12579.951,441630.73,0.8,13282.485,80985.55,1.9,38845.688,304824.04,2.5,41538.929,72213.44,2,32306.225,606689.33,0.9,34264.34,163950.84,1.2,60767.562,369947.5,2.9,61907.846,49320.6,0.9,18358.199,341961.94,1,20425.63,16546.93,3,235300.939,8355581.02,1.1,241504.52,311080.95,1,62371.016,2866903.89,2.4,69001.082,114889.29,2.7,14158.466,779844.85,2.2,15120.16,62799.55,2.7,63468.854,1807608.88,0.9,67482.588,260410.2,0.2,681.762,6845.33,6.9,630.116,1695.15,12.8,17.837,5997.43,10.3,<0.000,1678.46,7.6,77.257,450.46,12.4,0,30.03,66.7,3396.97,47217.01,2.2,3495.795,6508.18,3.1,342.848,7983.81,5.2,326.978,1031.08,7.6,11118.441,589002.83,2,12121.158,49495.11,2.4,390785.868,2421003.35,1.6,392207.386,304313.28,1.2,389839.478,2001429.04,2.6,23857.936,1397607.61,1.4,25441.752,280858.99,1.6,48498.498,2531489.52,1,50404.144,667656.45,2.7,5455.455,329409.31,4.3,5640.713,68774.58,1.7,21134.09,218327.8,3.4,21230.037,49412.41,5.1,4208.038,37677.23,5.2,4377.52,8654.98,3.5,1040.175,32865.71,2,954.439,7446.33,3.1,3773.364,36957.92,4.7,3632.776,12498.82,7.6,532.918,31263.48,5.7,536.914,9947.29,6.4,2683.643,38537.81,2.2,2788.448,11910.94,3.5,519.247,28684.98,2,504.438,9185.92,2.7,1355.19,25180.56,3.6,1424.532,8741.8,2.1,201.838,11263.07,1.7,194.624,3787.71,11.3,1224.996,14816.96,2,1313.508,5937.36,2.5,188.902,10057.55,0.2,196.857,2149,7.5,2097.185,29458.57,2.4,2087.892,9924,2.1,1031.198,50793.64,1.7,1035.141,25539.71,2,937.338,29488.52,1.6,940.27,13370.71,2.7,46359.839,198189.97,2,43427.365,166081.26,4.5,43704.594,930978.01,2.6,43877.816,771440.43,1,270.015,9650.55,4.6,303.164,4157.39,2.3,10672.574,418489.83,2.3,10386.022,184380.77,0.7,2374.329,87414.77,3.1,2442.949,43971.18,3.7,1570403.84,1.1,94.5,533454.54,2,98.9
137  Ba  [ No Gas ] :  Concentration value = 110.26 is over the calibration range137  Ba  [ No Gas ] :  CPS RSD value = 5.04 is over the allowed maximum = 5.00137  Ba  [ He ] :  Concentration value = 107.43 is over the calibration range138  Ba  [ He ] :  Concentration value = 104.03 is over the calibration range172  Yb  [ No Gas ] :  CPS RSD value = 6.13 is over the allowed maximum = 5.00178  Hf  [ No Gas ] :  CPS RSD value = 5.10 is over the allowed maximum = 5.00181  Ta  [ No Gas ] :  CPS RSD value = 5.47 is over the allowed maximum = 5.00,FALSE,084SMPL.d,06-05-2025 20:59,Sample,,MCS 3273,37085.749,481684.54,4,39209.05,2148.99,5.9,4013.239,14194.87,0.8,3233.182,193.53,18.2,10047.691,216821.64,2.4,10746.945,6835.26,3.2,121715.558,3598644.91,1.7,129292.084,275797.16,1.3,79478.846,2169397.47,1.3,80382.222,242074.98,0.5,13422.477,434592.83,2.1,14468.095,81351.07,0.5,42336.406,306355.31,1.5,44054.747,70646.91,1.9,39474.83,683076.46,1.5,40689.511,179449,0.6,504099.52,2424412.75,1.6,506101.488,314476.77,0.5,20775.206,356865.21,2,23222.447,17348.79,2.3,314003.73,10281738.63,1.2,311676.755,370212.75,1,80490.453,3406108.93,0.9,85090.67,130489.34,2.4,14215.95,722148.97,1.3,14483.824,55482.7,2.9,45352.769,1191633.94,3.9,47372.558,168635.41,0.3,1303.458,10992.32,1.2,1252.401,2743.05,4.2,318.925,10134.13,3.7,261.344,3250.34,3.1,60.926,360.37,24.7,31.483,56.72,44.4,3506.403,45057.16,0.3,3459.181,5967.37,5.6,495.974,10277.75,3.7,550.914,1494.92,1,12537.083,612357.71,1.3,12374.637,46611.71,2.1,559876.201,3195981.09,5,545501.519,390023.18,2.9,528255.459,2499406.23,2.7,22942.896,1239522.08,1.1,23742.32,241726.59,1.2,43558.411,2096970.2,2,44739.178,546590.02,1.2,5195.025,289297.66,1.5,5514.425,62010.11,3.7,20163.14,192109.86,1.4,20174.302,43303.97,3.9,4079.307,33688.46,2.4,4226.497,7706.74,4.8,1157.915,33738.9,1.8,1096.252,7887.04,4.3,3834.352,34635.86,2.5,3672.584,11653.79,3.5,529.155,28631.37,3.2,541.283,9249.34,2.5,2712.016,35917.44,1.8,2843.863,11202.92,4.2,504.356,25698.88,0.8,529.488,8892.06,0.3,1379.227,23636.01,0.6,1380.612,7813.61,4.9,193.602,9967.36,4.1,198,3554.08,7,1222.47,13637.82,6.1,1232.808,5139.56,7.7,182.823,8978.91,3.5,189.151,1905.4,5.8,1343.156,17408.91,5.1,1411.359,6191.56,1.7,821.777,37456.77,5.5,852.333,19455.32,1.1,1211.815,34824.43,3.5,1241.26,16083.39,4.1,92176.777,362530.4,1.6,88469.685,311234.74,0.6,86407.922,1693146.22,4,89355.771,1444898.85,1,280.589,9260.2,3.1,290.51,3680.56,5.8,8562.155,309672.22,4.1,8643.891,141534.39,2.4,2144.069,72819.44,2.7,2196.772,36475.33,3.9,1589164.38,3.2,95.7,538558.9,1.4,99.9
146  Nd  [ He ] :  CPS RSD value = 6.82 is over the allowed maximum = 5.00157  Gd  [ He ] :  CPS RSD value = 5.40 is over the allowed maximum = 5.00232  Th  [ He ] :  CPS RSD value = 9.99 is over the allowed maximum = 5.00103  Rh ( ISTD )  [ He ] :  CPS RSD value = 14.05 is over the allowed maximum = 5.00,FALSE,085SMPL.d,06-05-2025 21:04,Sample,,MCS 3274,32079.936,382906.03,4.7,29787.629,1504.92,9.5,3354.872,10895.21,2.4,3767.139,206.87,27.9,8790.225,177639.78,1.9,9171.008,5389.81,1.4,82191.603,2231723.76,1,90020.769,176202.13,3.5,91892.193,2297091.42,2.4,93935.884,259333.3,1.2,13610.892,404479.23,1.2,14721.052,75961.95,3.3,54121.84,358671.22,2.1,55097.235,80945.02,1.8,29697.554,472861.34,0.5,30822.277,125034.9,1.7,50724.102,279198.2,1,49153.517,36011.36,2.6,17950.182,282964.59,0.7,19557.39,13406.89,3.8,235897.763,7088282.67,2,238247.603,259675.57,0.4,66252.743,2579731.77,1.3,71870.578,101394.69,1.7,12865.822,599716.71,0.8,13544.312,47607.36,3.7,48108.824,1159736.31,1.9,49939.239,163101.54,2.2,1138.985,9092.29,2.6,1212.96,2486.07,13.7,<0.000,5079.42,6.2,<0.000,1244.64,12.6,69.175,370.38,24.3,30.027,53.39,57.3,3150.9,37549.07,2.9,3558.566,5650.24,0.3,301.775,6231.1,8.8,321.792,890.93,4.5,9769.59,438762.77,1.1,10633.303,36790.03,2.8,435269.387,2282038.29,0.7,452109.097,296825.7,1.6,431566.031,1875057.67,3.4,24440.458,1211440.69,3.5,26643.31,248866.16,2.6,48662.659,2149277.67,2.1,50576.661,566885.27,4,5483.096,280137.27,4,5939.667,61278.91,2.9,20695.614,180913.01,3.1,21683.57,42701.55,6.8,4100.184,31069.28,0.9,4636.754,7756.85,4.3,1026.222,27440.77,0.9,1032.395,6815.38,8.4,3763.998,31196.6,1.4,3675.72,10701.99,5.4,501.018,24876.33,4.4,506.348,7940.49,4.8,2439.731,29648.1,2,2594.172,9376.24,4.2,449.837,21035.45,1.6,490.883,7563.22,7.6,1225.469,19274.16,2.4,1284.2,6668.48,5.9,160.006,7566.56,4.2,182.922,3013.4,11.3,1086.375,11122.77,3.7,1143.756,4375.17,6,152.264,6865.46,4.5,162.973,1508.27,14.6,1522.495,18103.42,1.5,1503.477,6051.5,5.9,1299.878,54141.15,3.2,1448.653,30193.64,2.8,930.04,25034.04,0.9,921.807,11243.12,2.1,63623.874,229960.84,3.4,61097.832,197525.27,2.2,57075.189,1028115.18,1.4,61465.694,913507.01,1.1,277.311,8422.93,1,307.619,3577.22,4.8,9132.58,303040.67,2.4,9347.357,140418.92,10,1899.152,59201.67,1,1895.439,28887.17,1.6,1588611.69,0.7,95.6,472286.51,14.1,87.6
71  Ga  [ He ] :  CPS RSD value = 5.25 is over the allowed maximum = 5.0089  Y  [ No Gas ] :  CPS RSD value = 5.15 is over the allowed maximum = 5.00137  Ba  [ No Gas ] :  Concentration value = 104.68 is over the calibration range137  Ba  [ He ] :  Concentration value = 101.12 is over the calibration range138  Ba  [ He ] :  Concentration value = 100.93 is over the calibration range147  Sm  [ He ] :  CPS RSD value = 5.99 is over the allowed maximum = 5.00169  Tm  [ No Gas ] :  CPS RSD value = 5.22 is over the allowed maximum = 5.00,FALSE,086SMPL.d,06-05-2025 21:08,Sample,,MCS 3275,39279.105,639030.12,1.3,36945.099,2536.11,5.8,3635.154,16125.59,4.6,3954.632,296.97,5.2,9732.375,259541.01,2,10065.305,8000.39,2.9,90127.341,3343451.17,0.6,96999.041,259587.53,2.9,69409.654,2370413.44,2.8,70895.398,267549.94,3,13714.357,556409.7,1.8,14799.008,104302.32,0.9,47050.686,425686.94,3.3,48792.339,97855.23,1.7,32227.681,699522.05,2,34134.147,188803.76,1.7,51628.706,364687.62,3.1,49845.01,46544.36,1,20545.954,442675.58,2.4,23244.36,21783.06,5.3,239870.837,9853945.01,3.1,237548.421,353995.7,1.1,61225.138,3251797.22,0.5,64094.865,123380.28,2.7,15169.562,966543.68,5.1,15638.636,75139.53,1.5,49142.127,1619411.07,0.8,51692.465,230805.04,0.3,753.634,8361.06,4.4,771.448,2219.09,7.2,<0.000,5650.23,3.9,<0.000,1595.03,9.6,49.238,363.7,21,21.958,53.39,39,3666.124,58387.14,1.4,3918.607,8344.39,4.7,360.028,9459.64,1.8,323.151,1151.21,4.5,10896.625,667407.85,1.5,11284.224,53294.52,0.5,423690.403,3034689.07,2.9,409289.492,367190.61,2.2,408522.184,2425132.95,1.7,27926.418,1892539.11,1.9,28285.436,361233.23,1.5,56730.305,3425579.86,1.4,57664.307,883599.38,1.7,6299.673,440055.95,0.7,6409.165,90393.5,2.9,24560.618,293509.86,2.5,24516.253,66014.56,1.4,4911.545,50862.8,0.7,5046.839,11543.52,6,1091.974,39909.66,2.9,1042.274,9406.27,1.7,4546.623,51509.88,1.7,4233.689,16848.14,2.8,618.887,41992.18,4.4,578.619,12398.55,1.1,2931.764,48703.35,3.6,3074.726,15194.49,4.3,544.492,34793.4,3.1,562.169,11844.16,2.5,1408.739,30276.91,1.6,1435.928,10194.37,4.9,190.127,12271.68,5.2,194.058,4368.49,3.2,1231.166,17225.88,2.4,1222.162,6391.38,6.2,175.983,10838.96,4.4,175.193,2212.42,14.7,1416.453,23024.8,1.6,1500.913,8256.1,4.7,974.086,55467.4,1.5,972.723,27744.54,2.4,918.171,33188.41,2.2,943.699,15381.8,3.3,45159.804,223231.09,0.7,41944.396,185484.56,0.7,42591.289,1049010.19,0.6,42655.982,867124.85,0.4,299.713,12312.93,0.8,302.943,4797.63,5.4,11659.036,528881.37,0.7,11401.457,234159,0.6,2432.954,103608.75,0.5,2504.123,52135.54,2.9,1583487.03,2.2,95.3,518579.72,3,96.2
137  Ba  [ No Gas ] :  Concentration value = 102.41 is over the calibration range137  Ba  [ He ] :  Concentration value = 102.32 is over the calibration range138  Ba  [ He ] :  Concentration value = 101.78 is over the calibration range,FALSE,087SMPL.d,06-05-2025 21:12,Sample,,MCS 3276,40313.598,552056.99,2,38733.225,2239.09,8.2,3620.286,13513.52,4.1,4067.808,256.92,13.7,11159.462,250957.5,1.6,12115.097,8097.21,2.2,110635.832,3451847.06,1.4,114498.939,257727.19,3.1,110188.257,3142550.79,1.2,114962.373,363867.84,1.9,16244.933,554351.9,3.2,17286.173,102476.85,1.2,64778.48,492361.31,0.8,69193.372,116566.35,0.5,37233.022,679866.09,3.1,38562.772,179456.49,1.6,57860.318,347259.32,1,58175.457,45851.48,3.3,20130.468,364867.3,2.6,22618.293,17829.81,1.4,223251.731,7714987.92,0.6,228487.711,286412.96,1.3,72747.366,3249787.71,0.8,76416.586,123719.91,1,17349.128,929776.31,1.1,17765.014,71794.18,0.6,63925.326,1771687.79,0.3,69261.968,260091.03,0.8,1413.111,12371.6,2.5,1460.022,3273.69,2.4,24.973,6094.21,7.5,<0.000,1474.9,12,290.311,1328.07,17.5,249.881,253.59,14.9,3821.39,51471.2,2.8,4030.645,7262.68,0.9,413.659,9179.16,2.9,457.836,1334.74,12.2,10298.924,531256.35,0.7,10732.189,42673.87,1.4,492804.29,2968990.98,1,492404.151,371542.95,2.9,489783.137,2445429.39,1.6,29597.044,1687077.39,0.6,30392.519,326473.17,2.6,57203.87,2905440.03,1.9,59146.424,762339.27,1.3,6674.316,392149.58,0.5,6828.442,81008.13,1.1,25821.214,259553.02,2.3,25690.544,58184.77,3.3,5244.525,45685.14,1.8,5324.911,10244.45,2.9,1204.35,37024.89,3.3,1218.948,9252.68,3.3,4676.576,44566.7,3.8,4481.216,15000.75,4.3,649.046,37044.96,3.2,676.253,12188.19,2.9,3153.29,44061.28,1.3,3347.751,13915,3.9,614.084,33006.49,1.3,628.051,11129.45,1.6,1585.244,28658.18,3.1,1545.561,9229.33,1.1,218.767,11877.53,2.6,238.137,4508.66,2,1430.805,16838.3,3.9,1372.581,6037.52,4.1,198.834,10301.27,0.6,215.868,2292.51,10.9,2038.176,27861.24,1,2080.582,9623.78,4.3,1025.451,49168.04,2.4,1063.599,25536.34,3.6,906.581,27856.19,0.5,857.862,11971.21,2.3,46986.906,195484.65,1.5,41269.371,153652.36,1.7,42003.756,871030.51,1.2,44136.238,755215.54,0.2,326.886,11318.6,1,315.592,4210.73,4.5,12487.697,476471.85,1.8,12780.856,220780.4,3.5,2579.766,92417.09,2.4,2496.498,43727.28,1.3,1568952.66,1.1,94.4,547541.74,1.9,101.5
107  Ag  [ No Gas ] :  CPS RSD value = 22.16 is over the allowed maximum = 5.00107  Ag  [ He ] :  CPS RSD value = 14.31 is over the allowed maximum = 5.00,FALSE,088_QC1.d,06-05-2025 21:17,QC1,,QC MES 50 ppb,50.219,3293967.83,4,49.211,13570.31,2.1,50.507,904815.42,1.3,52.857,16065.48,0.6,51.726,5207768.4,1.9,51.747,162972.88,0.7,50.247,7537137.99,2,52.528,568887.21,1.1,50.31,6824407.13,2.2,51.063,774494.21,0.6,48.779,7978309.99,2.4,50.692,1441898.83,2.2,47.618,1732338.8,1.4,51.163,412759.18,0,50.205,4386768.44,1.9,49.491,1102815.29,1.4,47.23,1185392.48,2.1,48.568,157738.23,0.9,50.498,4400244.52,1.5,50.175,190239.34,1.7,48.825,8119232.17,2.7,50.61,305279.97,1.5,49.746,10623178.62,0.7,49.817,385496.93,1.5,49.312,12709648.42,3.3,49.963,971086.89,1.8,48.417,6453955.32,0.4,48.59,877731,2.3,46.299,1729458.16,2.7,49.471,462958.9,1.3,44.902,3154052.29,22.2,54.951,1245661.39,14.3,47.006,941320.05,3.2,46.666,200937.57,3.1,45.021,2790451.19,3,47.999,397972.05,1.3,47.26,4433183.09,2.8,47.775,573254.14,2.5,47.293,11667652.68,2.7,46.703,889515.12,2.3,47.871,1392474.61,2.5,47.888,174460.92,1.7,45.879,1106042.37,1.7,45.657,12520226.92,1.9,47.541,2456755.67,2.6,46.113,11267472.91,2.8,45.494,2820691.11,1.8,45.396,12831845.21,3.5,46.435,2649217.3,1.5,45.073,2179343.98,2.9,45.097,491430.85,2.4,44.164,1849475.1,2.2,47.086,435786.1,2.8,46.554,6879772.91,0.8,46.225,1687308.61,0.6,43.054,1973126.83,1.5,44.015,708411.69,1.6,46.103,12649102.05,0.7,45.693,3957553.29,0.9,42.655,2866691.39,0.8,44.675,893389.62,2,45.743,11818320.84,1.9,44.932,3831617.98,2.4,44.509,3867198.98,0.5,44.295,1272416.61,0.9,44.182,11507751.52,2.3,44.577,4055408.65,1.3,43.796,2477303.09,1.6,44.523,941909.44,1.8,44.971,11190050.07,0.8,44.961,2287749.84,2.8,42.447,2789884.65,2.6,42.853,952549.91,3.3,42.973,9818935.48,2.6,42.802,4895825.45,0.8,43.358,6013444.5,2.5,42.901,2666604.42,1.3,44.677,890699.19,3,43.77,780538.87,0.2,46.323,4600034.31,3.4,44.189,3621608.65,1.5,43.75,7107652.4,2.5,43.303,2742967.56,1.1,46.994,8625295.94,1.8,45.546,3784848.81,4.6,45.317,7801177.65,3.1,45.195,3803914.23,2.1,1570859.61,1.3,94.6,511553.62,3.6,94.9
90  Zr  [ No Gas ] :  CPS RSD value = 5.04 is over the allowed maximum = 5.00107  Ag  [ No Gas ] :  CPS RSD value = 8.73 is over the allowed maximum = 5.00107  Ag  [ He ] :  CPS RSD value = 7.32 is over the allowed maximum = 5.00147  Sm  [ No Gas ] :  CPS RSD value = 5.46 is over the allowed maximum = 5.00178  Hf  [ No Gas ] :  CPS RSD value = 5.50 is over the allowed maximum = 5.00209  Bi  [ No Gas ] :  CPS RSD value = 5.85 is over the allowed maximum = 5.00,FALSE,089SMPL.d,06-05-2025 21:21,Sample,,MCS 3277,40128.291,510910.61,3.4,39984.228,2148.99,7.1,3587.652,12448.1,2.9,3979.257,233.57,16.2,11050.284,232398.27,1.6,11371.506,7085.64,4.3,97687.843,2833509.56,0.9,97760.096,204512.51,1,85818.184,2293073.23,1.6,85871.956,253458.24,2.8,15774.507,500484.01,1.9,15868.797,87472.76,0.6,57106.808,404038.32,1.9,57098.691,89575.99,2.7,34539.779,586732.19,1.1,34649.728,150025,1,58287.525,328992.14,1.8,56987.39,42527,0.9,20209.135,340429.71,1.3,22047.906,16152.71,1.7,218989.744,7033307.7,1.6,219938.961,256226.51,1.1,64094.38,2666463.34,1.1,65433.306,98701.71,1.5,17238.419,858594.09,2.1,17712.352,66525.5,1.6,56996.894,1468243.31,5,58106.897,202809.62,2.2,1011.422,8701.64,2.9,1129.281,2476.05,6.4,1522.557,26346.59,8.7,2326.096,12251.43,7.3,106.14,530.54,6.5,152.502,156.82,42.5,3910.049,49055.65,2.9,4195.301,7035.67,4.2,439.034,9068.96,3.4,496.978,1344.75,2.4,10105.763,484748.24,0.3,10825.643,40016.01,1.1,443150.343,2482555.84,1.8,454126.795,318597.43,1.5,435599.062,2022348.24,1.3,35029.534,1855555.04,0.9,37610.936,375440.47,1.2,71179.362,3359566.34,1.1,72552.926,868987.9,2.4,8009.426,437319.92,2.6,8426.924,92897.76,2.2,30984.134,289422.78,0.8,30623.978,64454.93,2.6,6091.47,49308.77,5.5,6402.536,11446.67,1.8,1235.318,35294.64,3.6,1220.235,8608.25,3.1,5414.436,47949.15,1.1,5063.86,15752.37,2.9,705.486,37419.95,3.2,694.335,11630.37,4.8,3590.233,46619.66,0.7,3624.861,14001.88,4.9,633.364,31638.2,2.5,647.425,10661.89,0.6,1738.893,29213.28,4.2,1761.825,9776.96,4.9,233.812,11797.39,1.6,235.92,4151.52,1.9,1514.844,16567.62,1.4,1528.448,6247.83,1.4,215.416,10371.42,2.4,231.267,2282.5,8,1975.288,25095.46,5.5,1939.637,8339.5,2.3,1218.906,54262.82,2.6,1319.932,29411.54,0.3,919.838,26364.94,2.5,902.23,11720.71,2.5,45708.688,176826.85,0.8,42526.526,147180.05,3.6,42931.846,827614.83,2.2,43541.765,692755.34,0.5,343.137,11048.47,5.8,372.852,4617.56,8.3,15321.887,543263.99,3.3,15476.515,248440.71,1,3230.191,107517.14,1.6,3153.796,51324.81,3.8,1583779.56,3.5,95.3,541080.63,0.9,100.3
205  Tl  [ He ] :  CPS RSD value = 6.22 is over the allowed maximum = 5.00,FALSE,090SMPL.d,06-05-2025 21:25,Sample,,MCS 3278,41193.982,497417.48,2.4,42033.942,2142.31,3.7,3398.64,11185.74,0.2,3716.841,206.87,19.6,11004.092,220469.52,1.2,11638.657,6882,3.6,99993.952,2750470.16,0.4,105841.13,209956.9,1.5,75732.042,1929799.75,2,76074.345,213376.66,2,14044.88,422915.55,0.7,15178.536,79367.94,1,48289.651,324703.57,1.6,49338.486,73538.33,0.6,35065.039,564996.08,2.1,35637.901,146344.16,1.6,49378.98,276286.63,0.7,48377.919,35944.35,1.8,19271.275,307867.37,2.6,21307.306,14803.11,4,217236.61,6616245.43,1.5,222096.543,245355.82,2.3,51292.975,2030906.9,1.6,54129.548,77690.53,2,15516.067,732903.92,0.2,16423.714,58498.78,4.7,52559.854,1284040.01,3.1,55531.014,183801.22,0.9,804.795,6912.11,2.3,730.902,1688.47,7.6,120.642,7279.36,2.7,79.722,2415.98,2,71.893,383.73,6,4.232,33.37,17.3,3715.061,44424.21,0.7,4063.356,6488.14,0,378.228,7613.23,5.4,367.629,1001.05,19,9942.331,452456.14,1.2,10705.219,37535.86,0.7,383297.179,2037677.73,3.8,400016.01,266291.01,2.2,384476.106,1693723.99,1,26000.771,1306177.54,2.9,27781.956,263007.13,3.1,50794.401,2273722.74,4,54246.212,616209.74,0.3,5847.607,302794.34,1.6,6351.115,66406.02,3.2,22701.655,201120.39,3.1,24001.582,47904.84,0.7,4627.841,35535.44,3.1,4945.192,8384.52,6.5,1133.505,30714.86,2.7,1135.481,7596.57,1.6,4224.795,35485.47,1.5,4175.084,12318.39,3.4,587.306,29547.79,4.9,593.057,9422.99,3.5,2985.899,36770.66,2.6,3247.152,11894.27,4.4,560.416,26551.38,1.9,604.493,9439.69,5.9,1533.893,24441.67,4.3,1518.39,7990.59,2.8,209.324,10020.73,3,215.939,3604.13,4.8,1365.628,14165.61,4.3,1400.753,5429.96,4.8,195.074,8908.8,2.8,203.775,1908.73,5.6,1531,18450.46,3.4,1599.746,6525.08,3.9,1072.721,45363,2.8,1127.535,23872.93,3.9,873.377,23910.64,3,876.33,10865.7,6.2,41825.426,153569.49,2.4,38225.003,125578.46,2.3,39006.22,713748.2,1.6,39911.093,602711.17,1.2,320.705,9824.02,3.6,344.043,4047.36,9,9987.807,335882.72,2.3,10077.347,153426.57,2.5,2232.33,70503.89,1.8,2257.362,34855.43,0.4,1554673.22,4.5,93.6,541456.01,3.1,100.4
159  Tb  [ No Gas ] :  CPS RSD value = 5.14 is over the allowed maximum = 5.00169  Tm  [ No Gas ] :  CPS RSD value = 5.23 is over the allowed maximum = 5.00172  Yb  [ No Gas ] :  CPS RSD value = 5.60 is over the allowed maximum = 5.00175  Lu  [ No Gas ] :  CPS RSD value = 6.28 is over the allowed maximum = 5.00205  Tl  [ No Gas ] :  CPS RSD value = 5.26 is over the allowed maximum = 5.00209  Bi  [ No Gas ] :  CPS RSD value = 6.29 is over the allowed maximum = 5.00,FALSE,091SMPL.d,06-05-2025 21:30,Sample,,MCS 3279,39955.843,520529.53,3.6,38949.6,2142.32,9.8,4421.936,15691.31,2.7,5277.31,316.99,13.1,10674.812,229950.56,1.1,12024.993,7653.17,1,139586.956,4140587.37,1.7,143885.821,307993.06,2.1,125145.465,3388900.89,1,126486.667,380598.23,3.9,16988.669,551343.71,1.6,17657.995,99562.06,1.4,46490.619,337218.47,1.1,48062.907,77269.63,2.1,39338.127,683093.85,3.2,39823.063,176261.58,1.5,100078.344,531862.28,0.4,103562.087,71546.23,0.4,20230.151,348727.86,4.4,22557.257,16911.1,3.4,222059.493,7298144.62,0.8,231898.43,276452.76,0.8,59831.464,2548590.52,4.6,63116.085,97444.22,0.6,17473.459,890589.6,1.5,18775.433,72160.15,2.1,61157.819,1612068.47,3.3,63678.72,227427.48,0.6,1216.058,10381.19,3.2,1233.58,2716.34,10.5,22.405,6040.8,9.2,<0.000,1801.94,7.9,79.265,433.78,13.9,50.982,73.41,15.7,3740.418,48070.95,1,4189.329,7182.55,2.5,496.948,10327.86,3.3,526.469,1441.53,1.8,10547.781,517527.01,3.1,11251.216,42546.59,2.3,402993.682,2310883.08,1.2,417695.316,299941.62,3.2,400679.649,1904040.66,1.7,32191.479,1745050.94,1,34593.905,353389.91,1.5,63172.534,3051348.86,2.2,66233.108,811833.32,1.8,7239.372,404508.21,1.7,7838.288,88427.93,1.6,28076.597,268393.61,2.6,28673.62,61758.89,3.7,5592.735,46331.06,1.4,6125.042,11206.2,2.3,1272.344,37198.78,0.7,1318.768,9519.79,2.6,5372.32,48686.08,2,5114.307,16280.16,1.2,712.543,38675.01,5.1,714.011,12238.21,4.4,3482.391,46274.85,0.7,3641.933,14396.06,4.4,649.978,33224.04,4.2,687.553,11586.97,1.4,1699.632,29220.11,3.3,1723.408,9786.98,4.8,226.988,11720.6,5.2,242.607,4368.48,0.9,1488.974,16664.63,5.6,1530.321,6401.4,5.6,214.849,10585.14,6.3,221.015,2232.45,4.3,1844.878,23986.7,2,1898.44,8352.85,6,1054.025,48073.07,4.2,1074.501,24544.33,1.7,880.682,25866.85,5.3,847.385,11299.9,2.2,48393.202,191493.65,1.3,43483.734,153963.71,2,46517.695,917100.51,2.8,45948.269,747748.87,1.3,334.789,11031.71,6.3,329.187,4177.41,3.2,13909.718,504717.6,1.5,13578.553,223068.26,3.1,2797.03,95287.39,3.1,2718.487,45280.6,3.5,1577521.43,2.3,95,548348.95,1.4,101.7
137  Ba  [ No Gas ] :  Concentration value = 247.43 is over the calibration range137  Ba  [ He ] :  Concentration value = 234.54 is over the calibration range138  Ba  [ He ] :  Concentration value = 233.07 is over the calibration range147  Sm  [ No Gas ] :  CPS RSD value = 7.90 is over the allowed maximum = 5.00147  Sm  [ He ] :  CPS RSD value = 5.99 is over the allowed maximum = 5.00172  Yb  [ No Gas ] :  CPS RSD value = 5.10 is over the allowed maximum = 5.00,FALSE,092SMPL.d,06-05-2025 21:34,Sample,,MCS 3280,8144.55,184468.75,4.1,7418.367,717.4,8.1,1414.425,8648.04,3,1550.476,160.16,12.5,3391.671,133947.11,1,3501.946,3921.17,2.5,38682.676,1976398.75,1.3,40570.865,149386.97,1.1,29712.769,1423434.58,3,30420.367,159092.35,2.6,3285.011,184924.98,2.6,3376.113,32953.57,0.4,12284.716,155248.06,1.9,12669.622,35459.11,2.7,9465.844,285311.51,1.8,9366.702,71928.74,2.3,12758.299,164243.8,1.7,12113.098,21398.64,3.3,8868.198,262990.14,2.8,10163.86,13106.28,4.2,111416.794,6298043.06,2.8,108002.6,221449.77,3,149222.74,10829618.39,2.4,151362.152,398030.92,0.7,7410.982,649749.78,2.1,7268.433,48056.26,0.7,37657.25,1706950.6,2.1,38866.42,238710.43,0.5,265.213,4775.67,6.9,227.888,1161.22,9.1,<0.000,4378.47,2.4,<0.000,1021.07,4.3,29.42,320.32,22.5,<0.000,26.69,21.7,778.229,18672.31,2.3,892.47,2836.49,8.8,145.767,5763.74,3.6,154.701,824.19,6.9,2687.445,228677.19,2.2,2842.484,18602.18,2.1,728024.755,7161222.69,2.8,690094.361,850206.22,2.3,685774.199,5591156.38,1.8,20602.137,1920557.7,1,22103.083,388289.34,2.2,38179.911,3171413.5,3.6,39632.39,835404.47,1.8,4387.782,421625.75,2.1,4649.749,90209.69,3,16721.376,274887.8,2.5,16764.6,62096.96,1.2,3223.884,45929.5,7.9,3366.286,10591.77,6,1144.963,57545.42,2.7,1082.368,13434,4.3,2819.256,43940.7,4.4,2681.349,14679.95,1.6,359.822,33592,3.2,350.065,10321.25,1.4,1589.812,36335.72,1.7,1790.406,12171.44,1.3,280.828,24695.68,0.9,292.531,8478.06,4.3,735.016,21740.64,1.9,730.242,7132.51,3.2,89.288,7940.54,2.2,96.706,2996.71,7.4,630.009,12131.4,5.1,628.008,4518.69,1.9,88.567,7509.83,9,85.676,1491.59,15.8,1142.29,25539.6,1.8,1163.521,8803.13,4.7,275.365,21862.68,3.7,288.776,11482.03,3.6,436.183,22289.27,3.8,416.045,9680.22,2.3,41645.021,282891.54,3.5,41658.791,253084.88,0.1,41139.59,1392099.45,1.7,41534.737,1159937.81,1.3,88.226,5154.44,6.4,78.356,1743.47,8.2,8568.391,534663.43,1.6,8657.177,244572.73,3.3,1055.081,61860.6,2.4,1034.781,29662.98,2.4,1615804.19,1.7,97.3,536320.53,0.9,99.4
118  Sn  [ No Gas ] :  CPS RSD value = 5.30 is over the allowed maximum = 5.00207  [Pb]  [ He ] :  CPS RSD value = 6.53 is over the allowed maximum = 5.00232  Th  [ No Gas ] :  CPS RSD value = 6.00 is over the allowed maximum = 5.00,FALSE,093SMPL.d,06-05-2025 21:38,Sample,,MCS 3281,16626.785,91029.94,1.8,16067.05,380.39,7,1709.976,2509.41,2.9,1359.977,33.37,75.5,6882.93,74042.91,3.4,7884.026,2179.03,5,53817.032,657043.03,1.4,57806.073,50605.78,2.4,76610.519,897733.33,3.2,79574.662,99927.39,3.3,5709.55,77733.29,1,6157.635,14458.97,3.7,39406.964,119160.49,2,40499.15,27111.3,3.1,18010.801,131404.86,1.1,19186.468,35539.62,1,140257.166,330552.67,3.2,138254.679,43002.36,1.2,13152.04,92886.63,2.7,15266.482,4682.2,6.4,166380.705,2237328.01,2.9,173857.464,84760.11,2.2,139999.64,2437213.88,0.9,154277.947,97292.96,1.9,12086.433,252063.16,2.3,12498.206,19654.42,3.1,70848.556,763501.91,0.3,76567.395,111767.53,2,607.01,3240.32,4.1,495.2,810.84,10.1,<0.000,2662.95,8.4,<0.000,720.74,12.7,92.899,270.27,32.3,<0.000,26.69,57.3,2026.881,12425.13,5.3,2375.189,1912.06,7.6,380.019,3994.63,7.2,385.968,567.25,6.7,4684.093,96664.25,1,4785.824,7563.15,1,774321.514,1815505.56,0.7,788870.165,231633.81,2.7,754345.642,1465767.28,1.6,21348.681,473112.27,0.8,22448.195,93750.86,0.5,37637.411,743436.43,2.3,39024.885,195674.14,0.5,4529.038,103452.26,1.3,4780.263,22067.98,2.9,17893.85,69962.76,1.8,18139.596,15966.12,4.3,3267.686,11092.66,2.6,3734.192,2793.11,9.9,1584.339,18939.84,0.7,1551.7,4578.76,2,3233.279,11991.13,3.8,3313.681,4318.41,0.9,452.457,10060.77,4.8,409.524,2879.89,2,2226.958,12104.64,3.5,2385.744,3854.46,6.8,428.123,8965.54,5.9,447.459,3080.14,3.6,1140.273,8033.99,2.3,1128.264,2619.57,7.2,162.373,3450.62,4.1,156.761,1157.88,6.1,1035.688,4749.01,4.1,990.681,1695.15,12.6,160.326,3240.34,5.7,140.544,587.27,1,2163.517,11502.05,1.3,2123.722,3823.94,1.9,469.726,9143.45,4.3,484.244,4727.58,4.1,545.478,7840.38,2.5,588.845,3847.8,4.2,58105.377,94451.52,4.4,55288.441,80390.93,6.5,55534.44,449892.09,4.2,55327.422,370036.82,1.4,139.055,2106.86,10.1,162.986,890.03,8.9,7139.861,105976.8,6,7191.224,48314.88,4.5,1212.998,16989,2.1,1240.516,8491.54,2.8,1591363.24,2.2,95.8,552548.39,3.3,102.5
137  Ba  [ No Gas ] :  Concentration value = 181.94 is over the calibration range137  Ba  [ He ] :  Concentration value = 172.88 is over the calibration range138  Ba  [ He ] :  Concentration value = 174.98 is over the calibration range141  Pr  [ No Gas ] :  CPS RSD value = 5.46 is over the allowed maximum = 5.00147  Sm  [ He ] :  CPS RSD value = 8.56 is over the allowed maximum = 5.00163  Dy  [ He ] :  CPS RSD value = 5.60 is over the allowed maximum = 5.00166  Er  [ No Gas ] :  CPS RSD value = 5.54 is over the allowed maximum = 5.00178  Hf  [ No Gas ] :  CPS RSD value = 5.35 is over the allowed maximum = 5.00205  Tl  [ No Gas ] :  CPS RSD value = 5.24 is over the allowed maximum = 5.00,FALSE,094SMPL.d,06-05-2025 21:43,Sample,,MCS 3282,9489.002,166351.66,1.5,9648.134,720.74,5,1098.323,5202.87,4.9,1045.24,83.42,27.7,4021.999,124252.5,0.6,4201.437,3647.49,9.3,32421.57,1281877.04,1.5,34957.996,99472.93,3.4,32724.251,1221198.02,1.4,33177.228,134501.99,0.7,3247.737,141810.07,4.1,3449.564,26081.6,2.1,13675.834,134040.1,1.6,13891.402,30157.53,3.7,10633.061,248203.33,0.6,10814.017,64272.62,1,49660.309,371441.63,2.5,48236.187,47619.29,0.8,8761.578,200831.01,1.5,11219.836,11179.24,4.9,116283.151,5079365,2.3,115111.528,182376.75,1.2,121271.972,6811136.57,2.1,126712.297,257869.1,1.7,8831.079,598228.99,1,9023.999,46097.16,1.9,23695.962,830517.05,2.7,25284.327,120044.47,1.5,300.366,4355.12,1.1,320.793,1224.62,6.9,<0.000,3343.79,3.9,<0.000,890.92,1.9,37.446,316.99,14.6,26.565,60.06,60.1,915.655,17182.04,2.3,1098.402,2713.01,7.5,146.244,4718.94,6,173.751,740.77,16.4,2825.592,186394.58,2.1,3039,15401.42,2.8,692927.208,5268227.82,1.9,658406.927,626983.67,1.5,666423.287,4199453.63,1.3,41140.887,2962731.59,2.2,44314.319,601380.9,3.3,79540.132,5103788.18,0.9,82253.823,1339292.53,2.5,8346.608,619587.52,5.5,8780.125,131580.45,3.2,30098.467,382225.31,0.6,30674.459,87777.15,2.6,4998.742,55010.8,2.6,5451.125,13250.25,8.6,1135.416,44097.54,0.7,1105.113,10598.46,3.5,4342.501,52284.5,2.9,3972.616,16801.41,3.3,484.266,34926.88,3.5,486.148,11072.66,2.2,1983.437,35023.94,2.4,2117.693,11122.77,5.6,320.227,21760.71,4.4,339.27,7596.58,3,820.55,18756.21,5.5,825.685,6231.15,6.2,87.939,6050.86,0.5,94.295,2259.14,1.4,607.693,9045.69,5,615.178,3420.57,7.3,79.43,5209.64,4.9,85.667,1154.54,9.5,704.373,12179.36,5.4,745.445,4364.12,1.3,293.477,18086.59,1.1,310.79,9590.38,2.3,436.698,17633.76,5.2,429.221,7897.15,1.3,40917.007,214991.1,1.7,39919.039,187596.81,0.4,41579.39,1088163.06,2.7,41032.026,886362.15,1.3,92.932,4247.43,5,93.803,1616.78,6.8,14608.847,704217.06,0.3,14435.144,315043.33,2.7,1487.523,67369.45,2.1,1486.526,32915.06,2.5,1590161,3.1,95.7,532338.51,2.2,98.7
137  Ba  [ No Gas ] :  Concentration value = 297.91 is over the calibration range137  Ba  [ He ] :  Concentration value = 290.11 is over the calibration range138  Ba  [ He ] :  Concentration value = 286.72 is over the calibration range166  Er  [ No Gas ] :  CPS RSD value = 6.20 is over the allowed maximum = 5.00178  Hf  [ He ] :  CPS RSD value = 6.52 is over the allowed maximum = 5.00,FALSE,095_QC2.d,06-05-2025 21:47,QC2,,SJS-Std,55991.57,980675.7,1.3,57785.537,4261.61,1.1,1669.931,8007.03,5.1,1442.131,116.78,34.6,12238.874,345450.65,2.5,12683.799,10808.49,3.3,120577.228,4821059.09,4.3,124578.797,359500.27,0.8,120703.639,4386523.3,0.8,123687.2,500847.75,1.2,13725.071,600305.42,1.7,14025.148,106589.45,1.2,82831.234,804844.56,1.3,87699.435,188933.28,0.7,34408.775,804727.1,2.2,35195.461,209815.17,0.3,113382.687,780188.42,3.1,119259.587,106231.09,1.3,17326.717,402612.65,2,19457.199,19664.25,0.6,104749.018,4643284.86,2.7,107542.542,172897.74,1.9,270472.406,15375218.16,1.4,284518.722,585956.6,1.2,16358.563,1123904.32,2.7,16957.307,87854.05,1.9,56892.885,2021460.33,2.1,61195.497,294615.9,1.6,1617.458,17495.88,1.9,1735.012,4758.98,6.9,123.129,8030.55,6.7,63.098,2466.05,2.1,417.22,2345.91,13.8,363.618,447.12,12.3,1567.041,28148.95,2.5,1758.386,4204.91,5.8,1763.643,45184.28,3.3,1851.571,6110.91,4.4,5245.025,348073.23,3,5642.78,28834.76,4.7,1118130.173,8620489.67,3.7,1088863.22,1051404.3,1.1,1076126.685,6876583.68,1.7,20988.75,1533982.84,1.2,22144.725,304996.36,1.1,42228.575,2750018.15,3.2,42790.17,707153.69,1.8,4618.441,347927.95,1.2,4816.374,73263.95,2.6,18343.25,236417.39,3.6,17875.501,51908.23,4.8,3553.61,39695.26,1.5,3702.213,9132.46,3.7,1071.348,42222.78,1.8,889.947,8661.65,0.9,3341.213,40826.91,3.3,3241.924,13914.99,0.5,499.859,36579.71,2.3,482.142,11142.78,2.9,2738.092,49051.33,0.6,2903.895,15475.09,2,580.025,39963.83,0.2,564.819,12832.79,1.3,1594.683,36951.72,6.2,1623.045,12425.31,1,243.076,16905.13,3.3,229.254,5563.49,3.4,1614.719,24355,3,1521.299,8578.22,4.6,249.35,16550.96,3,225.973,3073.46,3.4,1888.313,33090.86,1.6,1806.953,10714.68,6.5,728.509,44828.13,2.3,769.823,23716.11,0.8,538.479,21627.48,1.1,496.214,9109.2,5.9,18109.622,97131.91,0.7,16382.782,78643.65,2.2,17344.454,463607.35,2.3,17167.472,378863.16,0.8,264.514,11732.37,3.4,260.965,4460.83,7.4,10040.419,491172.8,2.7,9900.098,219267.38,1.8,3231.094,148326.15,2.4,3086.931,69286.49,3.6,1551796.95,0.8,93.4,521998.8,0.6,96.8
137  Ba  [ No Gas ] :  Concentration value = 198.72 is over the calibration range137  Ba  [ He ] :  Concentration value = 197.05 is over the calibration range138  Ba  [ He ] :  Concentration value = 198.10 is over the calibration range178  Hf  [ No Gas ] :  CPS RSD value = 7.53 is over the allowed maximum = 5.00232  Th  [ He ] :  CPS RSD value = 5.66 is over the allowed maximum = 5.00,FALSE,096SMPL.d,06-05-2025 21:51,Sample,,MCS 3283,9386.535,160725.86,2,8465.739,620.64,5.8,1188.487,5493.28,2,1370.688,106.77,39,3895.869,118475.38,0.8,4043.602,3437.22,5.5,33438.497,1290425.74,1.4,36703.412,101939.85,0.3,29569.142,1084988.48,2.4,30475.997,120891.92,1.2,3292.717,140360.29,2.8,3462.987,25563.41,3.1,11748.282,112988.28,2.4,12268.001,26104.91,4,10685.188,243541.06,2.6,11053.681,64128.28,2.8,13516.597,143488.25,0.4,11935.09,18153.88,2.4,9464.434,211732.51,3.1,10766.171,10471.3,3,121859.043,5195499.26,2.5,125209.279,193621.74,2.5,149838.127,8207906.26,2.5,154770.513,307200.24,2,7832.331,517965.84,1.5,8065.566,40221.81,1.4,30483.14,1042511.76,3.7,32638.693,151219.83,0.6,194.326,3270.36,3.4,207.495,934.31,16.4,<0.000,2803.12,4.6,<0.000,680.7,14,21.457,230.23,8.7,9.072,40.04,25,920.405,16901.33,4.4,897.406,2229.1,8.8,118.025,3954.58,7.7,119.395,560.58,5.4,2981.361,191864.74,1.2,3086.764,15271.13,4.8,775359.049,5753168.6,1.8,768842.701,714486.73,2.8,772961.205,4753418.01,1.4,24108.257,1694856.22,1.2,25070.599,332142.12,1.2,42652.691,2671953.94,2,45634.417,725444.95,2.3,5116.554,370775.36,2.5,5239.256,76660.89,1.8,17819.283,220931.57,2.3,18633.118,52048.88,3.2,3560.422,38259.36,3.8,3588.274,8514.74,1.6,1243.347,47131.75,3.8,1162.528,10882.28,5,3028.334,35599.27,0.3,2898.927,11971.07,1.1,366.56,25815.74,4.7,350.34,7793.57,4.9,1638.375,28243.38,3.3,1724.567,8842.01,4,280.024,18579.07,2.1,301.451,6588.35,2.9,759.773,16955.15,3.9,774.727,5707.03,4,99.196,6658.49,2.5,92.884,2172.37,17.2,623.505,9059.06,2.6,648.717,3520.7,3.8,90.275,5777.15,5.4,89.813,1181.24,5.2,912.203,15389.57,7.5,952.774,5441.21,5,283.508,17081.75,0.4,292.006,8816.51,7.5,443.824,17506.76,1.9,448.122,8030.68,3.8,45238.272,231928.48,3.2,46371.787,212589.58,3.5,45757.949,1168491.41,1.5,45298.623,954780.05,3.3,86.719,3893.97,3.6,95.074,1600.11,9.3,10066.835,473728.93,1.5,9738.61,207485.75,5.7,942.325,41707.86,0.6,947.316,20498.03,2.4,1541882.46,3,92.8,542095.98,2.6,100.5
137  Ba  [ No Gas ] :  Concentration value = 201.69 is over the calibration range137  Ba  [ He ] :  Concentration value = 195.72 is over the calibration range138  Ba  [ He ] :  Concentration value = 194.18 is over the calibration range,FALSE,097SMPL.d,06-05-2025 21:56,Sample,,MCS 3284,13068.352,187164,0.9,12687.574,774.13,8.4,1689.224,6541.44,4.1,1276.768,83.42,81.7,6092.126,149683.69,1.6,6336.36,4461.89,3.2,50421.125,1630417.97,2.8,54337.563,126558.33,1.9,53030.779,1598196.85,1.5,53551.461,176812.12,1.6,4885.796,174099.31,1.9,5216.92,32214.43,1.4,24202.264,192544.32,2.1,24799.353,43711.74,2.2,14590.437,278263.57,0.8,15156.97,73592.41,1.4,23068.392,179067.73,1.4,22177.904,23393.99,3.1,12621.821,236781.74,1.8,16713.098,13630.66,1.7,150609.503,5385457.13,1.9,150154.593,194747.1,1.7,177695.994,8164190.67,1.3,185506.918,308816.83,0.8,13342.708,739803.22,2.4,13954.47,58344.5,3.6,41784.693,1198350.14,1.7,44939.681,174610.36,2,452.185,5039.36,2.3,401.814,1244.64,15.5,<0.000,3457.27,8,<0.000,694.05,14.2,36.437,276.95,7.5,18.027,46.71,24.7,1357.691,20366.51,1.2,1519.747,3030.07,13.2,182.942,4805.71,1.7,150.119,580.6,17.5,3857.089,207898.72,1.5,4084.363,16924.91,2.9,938298.142,5839184.2,1.2,910503.237,709674.7,3.5,903328.508,4659326.94,3.2,64290.464,3790105.63,1.1,67857.565,753860.84,1.9,121059.843,6359033.21,2.1,122657.856,1634918.67,1.8,12608.669,766214.94,3.3,13087.248,160550.31,1.5,44915,466921.92,2.1,46582.11,109123.42,4.1,7516.962,67711.8,2.8,7929.677,15779.01,3.8,1702.53,54123.4,1.1,1604.856,12598.9,1.5,6277.149,61867.24,2.6,5426.29,18786.23,4,691.919,40847.27,1.2,664.15,12381.82,3,2855.074,41268.99,2.4,3051.407,13120.01,4,492.291,27377.28,3,499.485,9155.85,1.9,1246.586,23318.45,3.3,1243.77,7683.4,2,149.517,8407.93,3.2,133.783,2622.91,9.9,985.093,11997.79,4.1,993.652,4522.03,4.9,136.47,7319.49,2.6,117.152,1291.37,7.1,1259.129,17812.79,2.3,1224.629,5864.75,4.6,429.656,21582.15,3,414.099,10437.78,3.5,543.182,17924.43,0.3,526.295,7923.85,1.4,52038.249,223799.57,1.8,52174.69,200665.97,1.4,55060.26,1179223.52,0.9,52680.307,931396.12,0.4,134.429,4977.71,1.9,139.8,1960.17,10.2,25699.366,1014097.8,1.8,24839.385,443775.42,3.5,2671.798,98999.14,1.5,2571.108,46580.13,2.1,1597294.07,2.6,96.1,532216.42,2.7,98.7
66  Zn  [ He ] :  CPS RSD value = 5.19 is over the allowed maximum = 5.00137  Ba  [ No Gas ] :  Concentration value = 153.01 is over the calibration range137  Ba  [ He ] :  Concentration value = 146.49 is over the calibration range138  Ba  [ He ] :  Concentration value = 146.72 is over the calibration range153  Eu  [ No Gas ] :  CPS RSD value = 5.00 is over the allowed maximum = 5.00157  Gd  [ No Gas ] :  CPS RSD value = 7.89 is over the allowed maximum = 5.00178  Hf  [ No Gas ] :  CPS RSD value = 5.48 is over the allowed maximum = 5.00205  Tl  [ No Gas ] :  CPS RSD value = 5.48 is over the allowed maximum = 5.00,FALSE,098SMPL.d,06-05-2025 22:00,Sample,,MCS 3285,9553.618,130377.62,2.9,9418.638,550.56,18.5,1005.942,3700.87,3.6,1511.713,93.43,24.7,3889.785,97652.46,2,4105.453,2803.1,6.5,31316.799,960347.28,3.5,34531.903,76110.82,1.2,28557.438,847039.98,1.9,30284.007,95913.35,1,3114.56,105924.93,3.9,3522.686,20693.4,0.9,11678.112,89884.43,1.3,12549.804,21335.03,0.5,10054.002,182945.57,1.9,10844.773,50151.23,1.7,12082.061,119503.3,4.1,12616.816,16640.43,5.2,8369.699,148667.03,2.1,9368.904,7232.55,3.8,114290.032,3867327.44,4.8,117339.425,143996.66,1,128427.7,5591315.49,2.5,138925.161,219126.32,1.3,7017.171,368348.4,3.3,7416.513,29355.58,2.1,43750.098,1186890.79,0.6,47429.597,174321.38,2,171.495,2713,4.5,84.253,597.28,2.6,<0.000,2869.87,8.3,<0.000,613.96,7.7,26.226,226.9,26.6,<0.000,20.02,86.6,812.083,12518.7,3.7,863.681,1778.57,4.5,97.83,2983.34,6.5,82.086,393.74,1.5,2640.038,135806.74,2.7,2856.337,11266.26,0,752479.17,4431699,1.5,720435.487,531443.62,1.9,721575.824,3522279.06,1.7,13496.209,753069.01,0.9,14367.886,151080.1,2.5,24519.153,1219235.88,0.2,25213.239,318208.76,2.5,2880.936,165694.74,1.8,2988.831,34725.5,3.2,10918.813,107469.11,3.9,11254.158,24946.34,1.6,2085.007,17800.47,3.5,2305.366,4341.77,1,1017.711,30621.19,5,972.23,7222.67,7.2,1941.784,18124.63,7.9,1831.627,6007.47,8.1,270.204,15114.23,0.4,271.551,4799.07,5.3,1371.314,18762.86,3.2,1467.583,5970.76,2.1,251.712,13260.32,0.8,254.825,4418.55,2.3,663.81,11763.99,3,685.616,4008,3.9,88.598,4728.99,6.7,94.163,1748.54,1.3,594.299,6855.42,0.8,640.773,2759.74,3.4,79.48,4041.38,4.9,91.917,961,14.6,1306.872,17489.05,5.5,1398.664,6334.98,5.8,286.371,13784.39,4.8,315.993,7605.69,4.6,380.366,12458.85,5.5,381.98,5720.43,4.5,39909.232,162645.4,1.4,40025.596,145862.39,0.1,37978.273,771220.18,2,39742.888,665945.85,0.6,76.399,2807.01,8.5,101.717,1366.75,14.9,5053.197,188778.75,4.3,5129.193,86744.37,3.2,773.694,27214.9,3.8,807.058,13875.32,5,1597201.01,1.4,96.1,550958.93,0.6,102.2
137  Ba  [ No Gas ] :  Concentration value = 153.29 is over the calibration range137  Ba  [ He ] :  Concentration value = 151.05 is over the calibration range138  Ba  [ He ] :  Concentration value = 146.15 is over the calibration range,FALSE,099SMPL.d,06-05-2025 22:04,Sample,,MCS 3286,10196.822,148550.75,2.4,8963.954,560.57,20.6,1285.301,5049.32,3.5,1411.927,93.43,27,4629.992,119427.96,3.3,4935.731,3557.38,7.3,36522.348,1197661.59,2.5,39137.352,92341.59,0.7,31978.759,1002200.67,1.8,32305.68,109140.78,0.6,3773.249,136691.04,2.2,3789.511,23784.94,2.7,14787.135,120548.34,3.1,14989.78,27064.46,0.9,11700.878,226852.98,0.8,11515.491,56871.26,1.1,16987.071,149058.6,2.2,15686.851,19246.56,0.4,10143.399,192791.66,2.3,11035.929,9118.94,5.1,115249.504,4174974.36,2.2,113646.613,149315.97,1,145022.751,6753575.47,1.3,147956.09,249691.21,1.4,8499.872,477529.76,1.7,8690.019,36815.31,4.6,43024.621,1249630.56,2.2,44112.449,173588.47,2.3,205.356,3080.12,10.9,224.599,894.26,7.2,<0.000,2990.02,7.8,<0.000,590.61,7.4,57.41,370.38,19.5,53.399,80.08,21.7,1073.63,16767.73,3.4,1097.175,2302.52,5.8,159.216,4368.46,7.9,116.278,497.17,1.2,2980.315,163435.05,3.3,3066.594,12919.49,4,704117.916,4439935.57,0.5,693836.668,547960.89,1.1,671328.712,3508628.01,1.8,17164.063,1025214.64,2.4,18676.797,210223.89,0.9,30902.483,1644851.99,1.1,31930.783,431332.93,4,3745.698,230611.59,1.8,3959.698,49234.48,1.1,13788.447,145260.38,1.8,14585.585,34611.95,4.8,2798.295,25558.06,4,3046.154,6140.98,3.3,1210.109,38972.43,2.9,1173.594,9332.81,0.8,2457.807,24551.86,3.2,2465.38,8651.67,1.8,342.489,20497.23,2.3,350.11,6618.38,6.5,1589.637,23281.56,2.1,1699.682,7402.95,4,296.331,16704.57,1.5,305.251,5666.97,2.5,788.636,14953.92,2.4,833.04,5212.98,1.9,109.889,6267.89,4.9,109.347,2172.37,2,713.41,8805.31,2.6,721.666,3327.12,2.7,105.351,5727.06,2.7,101.816,1137.86,7.2,1266.802,18150.05,2.4,1265.676,6138.2,1.6,300.545,15429.69,3.8,304.11,7829.16,4.1,399.189,13784.92,4.7,390.577,6177.79,4.5,41724.296,181934.52,4,41161.527,160512.77,3.4,41378.926,898791.19,3.9,41127.795,737375.61,1.2,102.372,3903.98,0.5,119.178,1700.12,9.1,6732.642,269211.76,1.7,6735.126,121922.58,3.2,959.537,36093.59,0.5,1001.043,18405.93,1.9,1579530.52,1.5,95.1,531357.65,1.2,98.5
7  Li  [ He ] :  CPS RSD value = 6.64 is over the allowed maximum = 5.00107  Ag  [ No Gas ] :  CPS RSD value = 16.14 is over the allowed maximum = 5.00166  Er  [ He ] :  CPS RSD value = 5.83 is over the allowed maximum = 5.00175  Lu  [ He ] :  CPS RSD value = 6.79 is over the allowed maximum = 5.00181  Ta  [ He ] :  CPS RSD value = 7.41 is over the allowed maximum = 5.00208  Pb  [ He ] :  CPS RSD value = 5.02 is over the allowed maximum = 5.00209  Bi  [ He ] :  CPS RSD value = 5.24 is over the allowed maximum = 5.00232  Th  [ He ] :  CPS RSD value = 6.00 is over the allowed maximum = 5.00103  Rh ( ISTD )  [ He ] :  CPS RSD value = 19.45 is over the allowed maximum = 5.00,FALSE,100_QC1.d,06-05-2025 22:09,QC1,,QC MES 50 ppb,49.169,3225167.36,2.9,48.046,13249.68,6.6,50.631,907037.3,2.8,51.527,15661.23,1.4,51.866,5221854.26,0.7,52.61,165689.32,2,50.166,7525037.55,1.4,53.066,574709.62,2,50.403,6836823.71,0.6,50.533,766491.96,1.6,48.319,7903083.1,1.7,51.523,1465520.78,1.6,48.696,1771478.46,0.9,50.568,407965.95,1.7,49.47,4322607.51,1.4,51.585,1149439.18,2.1,47.595,1194079.6,1.5,49.551,160754.02,1.7,50.118,4367199.5,3.4,51.908,196806.82,1.6,50.929,8468827.59,1.7,51.572,311079.08,1.6,48.934,10450362.68,1.8,52.103,403129.59,0.7,51.057,13159311.84,3.2,51.504,1001034.84,3,48.195,6424298.24,1.5,50.772,917146.24,0.9,47.303,1766927.09,2.8,50.991,477166.06,1.9,51.794,3637266.33,16.1,52.039,1179761.36,4,48.359,968409.95,1.4,48.882,210480.64,2.6,45.945,2847670.8,3.4,50.819,421336.79,3.2,47.924,4495411.88,0.4,49.656,595813.82,2.3,47.571,11736213.74,1.8,49.766,947833.75,1.2,48.355,1406457.4,2,48.637,177173.35,2.5,48.363,1165545,1.8,46.992,12886252.53,0.6,48.096,2485461.82,2.5,47.472,11599414.86,1.5,48.207,2988928.41,1.6,46.447,13128823.85,0.6,47.415,2705149.74,2.5,45.373,2193837.9,2.9,46.639,508237.95,0.6,46.245,1936637.68,3.3,46.864,433733.4,2.5,47.434,7009801.48,2.6,46.265,1688764.08,3.3,43.844,2009309.47,1.7,44.886,722420.05,2,47.125,12929560.42,1.7,45.777,3964842.66,2.1,42.624,2864607.84,1.5,46.154,922962.73,3.1,46.913,12120558.08,3,45.042,3840981.62,3.2,45.186,3925957.32,1.7,42.446,1219296.88,5.8,45.52,11856300.49,2.9,43.13,3923750.32,3,44.687,2527728.1,3,43.471,919667.38,4.1,45.922,11426657.1,2.3,43.101,2193073.55,6.8,44.062,2896040.69,4.6,43.131,958726.42,3.2,43.416,9920255.27,0.6,41.875,4789792.95,7.4,45.655,6331912.13,3.2,42.799,2660257.76,1.1,44.137,879957.83,4.8,44.544,794330.79,4.1,45.536,4522037.57,0.6,43.825,3591815.78,5,45.231,7348239.47,3.5,43.718,2769253.08,5.2,46.359,8508735.63,2.5,44.759,3719516.09,6,46.694,8038174.65,4.4,45.902,3863400.6,2,1604951.31,0.1,96.6,475553.77,19.5,88.2
60  Ni  [ He ] :  CPS RSD value = 5.58 is over the allowed maximum = 5.00107  Ag  [ No Gas ] :  CPS RSD value = 9.30 is over the allowed maximum = 5.00107  Ag  [ He ] :  CPS RSD value = 9.49 is over the allowed maximum = 5.00137  Ba  [ No Gas ] :  Concentration value = 111.43 is over the calibration range137  Ba  [ He ] :  Concentration value = 112.15 is over the calibration range138  Ba  [ He ] :  Concentration value = 108.00 is over the calibration range147  Sm  [ No Gas ] :  CPS RSD value = 5.31 is over the allowed maximum = 5.00205  Tl  [ No Gas ] :  CPS RSD value = 5.68 is over the allowed maximum = 5.00,FALSE,101SMPL.d,06-05-2025 22:13,Sample,,MCS 3287,13309.721,121127.16,0.6,11015.41,433.78,13.5,1564.942,3831.04,2.6,1703.318,70.07,28.6,6053.62,100502.46,0.8,6638.024,3003.35,4.2,48475.394,989301.41,1.2,52439.169,76932.89,1.3,47236.121,925816.81,0.6,48550.139,102158.85,3.5,4810.773,108839.13,1.4,5268.801,20603.21,0.9,23689.351,120077.59,1.5,24249.204,27214.95,5.6,14979.567,181470.57,1.4,15485.398,47719.64,1.1,19410.237,123560.02,1.7,17530.164,16049.1,0.8,11978.949,141649.24,0.8,13287.981,6828.61,2.1,141756.057,3193800.68,1.9,140058.352,114437.15,0.7,152367.865,4422030.58,2.5,153410.817,161392.54,0.6,11334.353,395984.28,1.4,11846.4,31208.38,1.7,51991.581,939132.93,1.9,53660.562,131311.6,2.7,533.811,4108.11,4.8,435.102,987.69,9.2,2677.762,31142.15,9.3,4770.509,16697.53,9.5,32.012,206.87,21.8,0,30.03,66.7,1369.839,13774.53,2.8,1574.327,2088.94,9.7,255.837,4365.13,0.2,224.03,557.24,8.3,3831.145,131298.17,2.7,4047.553,10638.43,0.4,823300.441,3229862.47,4.4,828600.813,407112.67,1.2,797933.231,2594430.74,3.4,26653.107,989757.91,2,28145.914,196964.87,1.1,49256.719,1629970.23,3.5,51494.266,432452.99,2.2,5861.551,224359.72,1.9,6054.278,46802.82,3.1,21714.44,142221.92,1.2,22129.356,32648,1,4284.597,24331.14,5.3,4529.325,5676.97,6,1517.895,30400.35,2.7,1442.359,7132.5,3,3755.589,23324.95,0.7,3706.519,8087.37,2.4,499.961,18605.81,2.8,501.358,5893.96,3.7,2269.579,20667.73,4.8,2358.963,6388.03,3.1,416.364,14596.48,0.6,445.3,5139.55,4.8,1073.096,12655.78,2,1166.522,4538.71,5.7,145.319,5159.59,3.8,164.501,2032.21,11.9,912.021,7002.34,4.7,941.672,2699.67,8.2,134.669,4555.41,5.3,141.481,984.36,9.7,1628.309,14508.55,2.6,1685.567,5084.38,1.9,487.636,15559.85,3.2,542.382,8653.05,5.9,543.313,11931.12,5.7,561.155,5613.58,5.9,51996.86,141191.98,1,49878.978,121144.88,0.8,50046.866,677122.67,1,51149.889,571143.15,0.7,147.379,3523.86,7,153.201,1370.08,10.3,10483.238,260610.78,2.4,10704.305,120469.79,3.1,1307.201,30589.97,3.4,1305.724,14937.67,2,1590592.88,0.8,95.7,531316.61,1.8,98.5
118  Sn  [ No Gas ] :  CPS RSD value = 5.60 is over the allowed maximum = 5.00137  Ba  [ No Gas ] :  Concentration value = 108.79 is over the calibration range137  Ba  [ He ] :  Concentration value = 110.19 is over the calibration range138  Ba  [ He ] :  Concentration value = 105.21 is over the calibration range147  Sm  [ No Gas ] :  CPS RSD value = 5.28 is over the allowed maximum = 5.00181  Ta  [ No Gas ] :  CPS RSD value = 5.75 is over the allowed maximum = 5.00205  Tl  [ No Gas ] :  CPS RSD value = 5.38 is over the allowed maximum = 5.00238  U  [ No Gas ] :  CPS RSD value = 5.08 is over the allowed maximum = 5.00,FALSE,102SMPL.d,06-05-2025 22:18,Sample,,MCS 3288,12350.05,100810.85,0.5,12345.874,433.78,11.4,1604.307,3507.3,2.7,1545.42,56.72,56.7,5577.976,85881.22,1.9,6324.153,2579.51,3.9,45136.205,822885.47,0.6,49010.583,64166.93,2.6,60589.838,1049872.11,2,60649.354,113537.38,2.2,4447.895,90200.3,0.5,4795.987,16794.03,2.3,27999.076,126427.66,1.1,28546.607,28545.69,4.1,85559.556,906386.57,1.6,90290.199,243793.74,1.1,74723.798,275841.75,2.9,73460.195,35981.26,4.1,11892.531,125516.37,1,14134.618,6481.43,6,151863.058,3053031.06,3.7,155814.919,113592.61,3,174085.313,4507249.76,1.5,180250.689,169133.83,2,10862.206,338682.07,3.3,11393.596,26787.49,1.8,53066.509,855368.27,0.6,55757.843,121749.79,0.9,448.702,3433.9,6.6,499.482,1001.05,14.1,183.728,7286.02,6,221.029,2689.64,10.3,71.757,293.63,37.6,<0.000,26.69,21.7,1903.802,16530.52,5.6,2158.097,2482.73,9.6,236.045,3791.04,9.9,202.715,487.17,13.7,3677.058,112926.5,1.3,3964.278,9322.77,6.6,900866.562,3153502.15,1.6,912442.306,400013.08,3.8,871238.906,2527677.16,3.2,30976.406,1026318.85,0.9,33512.614,209240.57,2.4,58997.891,1741846.49,0.8,60707.993,454868.39,2.2,6772.304,231281.61,1.3,7261.022,50078.8,1.5,25102.778,146692.11,2.8,25547.093,33628.25,2.9,4871.539,24682.3,5.3,5342.202,5974.06,4,1561.431,27905.49,3.9,1538.564,6788.65,5.6,4277.473,23702.81,2.1,4003.032,7793.56,2.3,528.375,17546.52,2.3,500.316,5249.7,7.2,2378.166,19324.25,1.5,2419.938,5847.23,3.1,419.332,13120.04,1.7,416.43,4288.38,6.2,1066.466,11226.32,2.3,996.636,3460.63,2.2,146.421,4642.19,1.2,135.769,1498.26,3.9,934.204,6401.41,2.7,875.136,2239.11,4.5,134.05,4048.06,2.2,138.476,860.89,11.2,1596.685,12696.54,4.7,1567.412,4220.74,4.2,454.127,13010.18,5.8,450.207,6475.06,2.2,555.48,11036.07,5.4,522.611,4815.78,2.1,54853.27,132958.48,0.8,54318.415,117735.38,1.7,55569.272,670865.66,1.3,54197.45,540198.79,0.8,137.987,2990.38,6.7,143.376,1153.39,4.4,12647.697,280520.08,2.3,12606.967,126588.95,2.5,1453.966,30358.78,5.1,1438.442,14683.68,1.6,1555197.65,1.8,93.6,536024.29,1.9,99.4
146  Nd  [ He ] :  CPS RSD value = 5.90 is over the allowed maximum = 5.00163  Dy  [ No Gas ] :  CPS RSD value = 5.23 is over the allowed maximum = 5.00,FALSE,103SMPL.d,06-05-2025 22:22,Sample,,MCS 3289,24355.908,93405.99,1.1,21631.641,360.37,12.1,3011.773,3090.12,6.9,3297.614,56.72,36.7,11142.43,81566.86,0.8,11976.187,2309.18,5.5,96910.392,827965.16,1,105907.781,64981.44,2,287659.79,2253717.79,2.2,294495.891,254719.84,2.9,10919.68,103421.97,2.2,12064.771,19741.06,2.5,129251.036,269231.35,2.7,134308.199,61992.38,0.5,51935.769,261063.53,2.2,53312.261,68228.94,0.7,33873.397,106655.68,3.7,31608.9,14258.57,2.6,17911.544,88707.16,1.4,20732.671,4458.55,1.5,160517.369,1515069.24,2.8,169047.409,57828.04,1.9,139947.886,1717337.03,3.4,149399.345,66450.52,2.5,18272.326,267132.02,2.5,19233.236,21201.67,1.4,69423.488,524937.22,1.8,74473.556,76260.95,1.8,3448.11,8694.96,3.6,3645.313,2365.92,7.3,<0.000,4058.05,4.4,<0.000,1364.78,6.3,53.001,180.18,30.9,54.777,43.38,53.3,2413.614,10751.95,4.6,2569.271,1528.29,7.4,322.566,2829.83,5.5,363.736,440.45,15.9,5638.737,82115.17,1.2,5909.176,6574.96,3,797927.161,1314047.62,0.3,782261.715,161369.84,2.4,779448.453,1063711.39,2.2,38574.281,599189.18,1.3,38927.146,113955.12,2.4,67384.053,932879.55,0.8,69533.372,244340.72,4.7,8314.664,133123.01,0.8,8370.306,27079.33,2.6,31424.073,86110.97,1.9,31876.246,19668.37,5.9,6150.452,14623.12,4.8,6052.566,3173.58,6.6,1920.602,16103.07,1.8,1846.459,3821.08,3.6,5444.93,14152.18,3.5,5155.157,4708.95,5,742.35,11566.91,1.2,669.905,3300.41,9.6,3707.683,14125.48,5.2,3954.366,4478.63,8.2,673.671,9887.14,3.6,672.109,3243.67,2.9,1770.355,8741.83,3.3,1660.601,2703.01,8.3,243.824,3630.84,2.9,263.129,1361.44,7.5,1620.084,5206.32,5.2,1633.233,1958.79,12.8,225.361,3193.63,12.1,203.938,597.28,20,2047.369,7639.03,4.8,2064.366,2610.29,7.4,786.59,10651.27,1.1,837,5674.66,5.2,564.874,6167.75,2.9,499.163,2649.61,3.4,55884.768,64031.68,1.3,53720.972,55049.33,3.4,55450.796,316513.48,2.9,55256.93,260438.23,1,266.512,2733.65,4.9,265.019,1006.71,13.4,14727.876,153176.77,3.2,14554.758,68526.74,2.2,1885.862,18506.16,0.4,1961.466,9406.49,6.4,1629230.17,1.6,98.1,547001.64,3.5,101.4
181  Ta  [ No Gas ] :  CPS RSD value = 5.54 is over the allowed maximum = 5.00,FALSE,104SMPL.d,06-05-2025 22:26,Sample,,MCS 3290,25851.714,202204.4,1.3,25265.336,840.87,10.4,2751.534,5830.41,7.5,3175.496,113.45,5.1,13501.742,177521.34,1.2,13925.607,5326.4,6,98320.433,1738087.67,3.1,107719.201,137183.74,3.9,106066.951,1741632.16,0.2,114475.052,206193.37,0.6,13524.159,262300.07,1.9,14601.868,49132.51,1.5,58499.298,253302.33,0.7,62255.39,59709.66,2.1,47085.243,487594.93,1.5,49622.83,130908.71,1.8,47239.944,193207.42,1.5,48569.781,26282.27,1.6,18220.04,186983.23,1.5,20267.99,9042.15,4.9,195895.746,3831880.64,1.7,203692.269,144497.46,2.7,81214.421,2063521.13,0.4,87884.861,80913.11,2.8,18564.126,562988.33,1.4,19851.914,45397.04,1.2,64700.284,1014842.02,2.8,68839.074,146278.43,2.9,1155.655,6481.44,3.9,1263.2,1825.29,10.5,<0.000,3847.76,5.3,<0.000,1087.8,7.4,73.724,293.63,31.7,13.187,36.7,15.7,4663.621,36240.63,1.2,5284.906,5470,5.4,331.533,4772.34,4.4,267.434,570.59,16.9,7267.178,214085.99,0.4,7990.348,18090.93,4.2,540601.038,1845518.34,2.5,533785.399,228240.38,1.7,532905.811,1507607.09,0.7,35812.658,1154852.23,2.4,37455.501,227614.03,3,69420.656,1994759.92,1.5,71824.395,523755.34,0.5,7784.691,258754.7,1.4,8154.407,54736.11,3.1,29491.448,167725.38,0.6,30471.296,39039.17,3.3,6042.949,29791.48,1.2,6516.574,7092.44,6,1485.615,25845.67,0.9,1351.163,5803.81,4,5357.381,28888.9,2,5150.503,9756.89,5,747.945,24160.77,3.4,732.411,7473.05,0.4,3691.784,29186.64,2.9,3896.69,9162.56,7.3,666.92,20290.16,1.4,698.929,7005.65,7.5,1785.88,18275.03,3.9,1827.658,6174.38,2.3,236.682,7282.77,1.7,244.66,2622.91,6.6,1468.999,9786.99,5.5,1554.078,3867.81,2.9,209.052,6134.33,1.9,215.919,1301.38,10.9,1911.683,14792.22,3.4,2004.728,5251.16,1.2,979.752,26792.43,5.5,1076.222,14725.47,4,735.67,13724.76,4.2,774.601,6551.68,2.4,42174.457,99765.59,0.7,38551.933,81610.26,3.1,38182.675,450407.26,1.9,39844.737,387821.39,0.7,359.364,7145.45,5.2,396.272,3007.05,0.2,12114.767,261549.89,1.1,12199.751,119238.7,1.1,2265.04,45964.25,2.4,2344.336,23255.92,4.9,1602813.75,3.7,96.5,550263.99,0.4,102
133  Cs  [ He ] :  CPS RSD value = 5.41 is over the allowed maximum = 5.00157  Gd  [ He ] :  CPS RSD value = 5.61 is over the allowed maximum = 5.00159  Tb  [ No Gas ] :  CPS RSD value = 5.68 is over the allowed maximum = 5.00163  Dy  [ He ] :  CPS RSD value = 6.44 is over the allowed maximum = 5.00205  Tl  [ No Gas ] :  CPS RSD value = 6.58 is over the allowed maximum = 5.00232  Th  [ He ] :  CPS RSD value = 5.25 is over the allowed maximum = 5.00238  U  [ No Gas ] :  CPS RSD value = 6.34 is over the allowed maximum = 5.00,FALSE,105SMPL.d,06-05-2025 22:31,Sample,,MCS 3291,21477.57,235688.58,1.6,20975.923,977.68,3,2416.945,7192.41,3.5,2192.008,110.11,9.1,10962.594,200072.84,2.2,11695.19,6257.73,9.3,85816.45,2131715.94,1.1,90506.954,162053.57,1,127434.962,2895910.5,0.6,125140.685,315396.62,1.5,11134.19,303260.69,0.5,11476.103,54260.94,3,62411.068,378133.86,1.7,65751.916,88288.82,1.9,38906.799,565777.68,1.5,39297.224,145644.6,2.5,45065.234,238328.3,0.9,45579.151,31876.65,3.7,14920.892,215246.1,1.3,16812.796,10544.77,2.7,163122.273,4485543.16,1.9,163501.103,163064.91,0.1,71287.284,2539555.29,0.8,75682.285,97712.75,2,15349.042,654401.64,3,16055.08,51616.46,1.9,69727.396,1537122.48,1.6,75154.887,224473.71,2.7,1200.776,8818.48,4.8,1222.361,2325.87,3.9,<0.000,4058.04,0.5,<0.000,991.03,8.6,67.559,343.69,3.4,4.689,33.37,62.4,3761.16,40788.8,1.7,4258.448,6154.31,1.6,254.311,5059.42,2.5,264.26,717.4,3.2,5831.357,241107.16,0.2,6353.888,20202.93,5.4,471086.17,2259297.48,3.1,487102.087,292545.42,1.6,470751.616,1870916.34,2.6,23886.943,1083100.5,0.4,25946.766,221705.7,1.9,47258.107,1909386.58,3.3,49229.078,504771.26,3.2,5445.653,254509.74,2.3,5751.464,54283.51,3.1,21080.518,168572.51,3.2,21545.039,38811.65,4.5,4294.421,29768.21,2.7,4717.576,7219.31,3,1183.639,28948.97,1.2,1166.818,7045.71,9.7,4077.356,30912.35,2.4,4044.736,10772.1,5.6,549.786,24969.86,5.7,584.807,8387.91,6.3,2890.917,32133.34,1.9,3166.418,10468.25,6.4,555.099,23739.53,2.3,558.675,7873.71,5.9,1458.408,20978.61,2.7,1489.703,7075.76,5,197.958,8558.19,4.8,203.747,3070.12,0.8,1281.605,12001.13,2.7,1368.751,4789.05,3.7,184.724,7616.64,2.6,191.261,1618.4,4.1,2045.544,22243.39,2,1951.39,7182.1,2.1,767.941,29478.59,0.6,772.832,14865.66,1.9,612.584,15772.72,6.6,624.7,7309.54,4.1,33601.767,111636.54,2.8,31936.095,94909.82,1.9,32510.628,538192.27,1.4,32181.313,439817.78,0.6,304.406,8456.34,7,311.77,3320.46,5.7,8712.802,264483.22,2.4,8550.893,117513.1,5.3,1520.726,43398.46,6.3,1521.429,21226.74,0.8,1599305.35,2.9,96.3,547251.17,1.7,101.5
,FALSE,106SMPL.d,06-05-2025 22:35,Sample,,MCS 3292,19685.91,161418.81,3,19948.351,697.38,12.2,2018.632,4475.21,6.8,1431.048,53.39,39,9487.603,135133.47,0.8,10379.453,4184.85,2.8,67478.15,1247306.27,0.7,73295.712,97495.73,1.7,62324.576,1094584.53,1.1,64689.088,122845.06,3,8976.005,182518.15,1,10009.467,35261.79,3.7,31723.599,145036.23,1.2,32772.732,33177.64,2.1,32525.508,352973.55,1.4,34682.324,95828.55,0.7,117878.791,405465.44,1.1,116212.23,52522.38,1.9,13481.218,144558.35,0.9,16022.946,7466.27,4.4,145502.751,2973270.36,1.7,148407.054,109970.82,1.7,62685.125,1669167.5,0.9,65610.501,63349.24,1.5,14301.928,453036.42,2.7,14768.191,35276,1.1,50163.111,821878.76,1,54029.511,119912.42,1.8,432.72,3393.84,6.7,444.896,947.65,11.9,<0.000,2819.8,6.4,<0.000,707.39,5.7,38.015,213.55,24.1,31.571,46.71,24.7,3479.407,28740.72,3.4,3688.885,4074.73,4.4,200.92,3430.56,2.6,151.85,417.09,9.1,5222.158,161496.91,0.5,5407.78,12846.02,2.3,498352.885,1776870.26,1.6,492105.765,219767.26,0.7,474290.76,1401615.37,0.5,36770.441,1238149.69,1.2,38044.769,241415.16,2.5,71964.075,2159221.41,2.5,73221.003,557534.1,1.5,7861.06,272845.41,1.8,8115.735,56884.24,2.2,29893.823,177527.06,1.3,29868.954,39960.02,1.9,5759.633,29651.03,3.1,6343.383,7209.29,3.8,1125.974,20463.78,1.3,1130.013,5069.44,4,5069.765,28547.64,3.4,4766.671,9429.67,5,627.023,21155.63,4.7,631.04,6725.22,6.5,2984.497,24642.32,4.2,3094.985,7599.95,3.8,533.504,16955.18,0.6,518.14,5423.28,4,1398.808,14953.98,4.4,1391.413,4909.24,3.3,170.684,5493.38,3.5,170.039,1905.39,8.4,1127.348,7847.01,7.1,1103.932,2869.88,7.4,153.854,4718.96,3.5,168.836,1064.45,15.2,1411.28,11408.61,0.6,1432.134,3920.64,3.1,718.408,20627.19,1,859.251,12319.5,2.8,555.346,11186.3,3.6,539.566,5009.39,2.7,30408.564,75374.55,1.6,28182.268,62509.48,1,28026.166,346445.52,2.1,29735.049,303206.59,0.4,265.029,5567.97,1.8,266.273,2126.86,12.1,17747.958,400012.16,2.8,18388.464,187632.61,1.9,1669.461,35407.59,2.4,1719.585,17827.79,1.9,1591400.78,1.8,95.8,555769.41,1.9,103
181  Ta  [ No Gas ] :  CPS RSD value = 6.34 is over the allowed maximum = 5.00,FALSE,107SMPL.d,06-05-2025 22:39,Sample,,MCS 3293,22268.851,246110.64,2.7,22053.409,1034.41,9.5,2183.686,6551.47,6.3,1845.712,93.43,27,10588.109,195211.67,1.5,11344.831,6120.86,0.4,74144.696,1856693.16,3.8,81549.993,147144.42,1.6,87293.612,2019738.18,2.6,92869.273,236580.45,1.4,9978.836,274109.49,2.3,10894.206,51919.24,3,44270.321,271333.02,0.3,47215.882,64103.96,1.5,37147.651,544515.16,1.2,39343.724,146927.31,1,69703.056,337372.88,2,69509,44277.74,3.5,15402.372,223882.72,2,18810.858,11887.25,1.4,168095.144,4657575.5,2.7,171465.11,172312.57,0.8,67026.182,2407715.58,0.8,71251.716,92762.1,3.1,18897.29,811719.48,1.5,19720.338,63875.88,1.7,60424.406,1342436.6,1.1,65699.804,197756.36,2.2,1288.322,9419.54,6.2,1219.475,2335.88,6.4,<0.000,4381.81,6.3,<0.000,1061.11,7.1,822.598,2863.19,3.4,823.725,620.64,21,3716.911,40628.05,2.8,4160.682,6064.19,4.4,370.143,6898.77,5.3,385.859,964.34,7.8,6516.149,271060.65,0.9,7055.852,22582.57,2.8,459309.1,2219882.54,3,460414.954,278692.76,3.1,444528.594,1780592.32,2.3,53097.733,2425396.96,1.2,56129.492,483155.37,1.3,110372.973,4492131.62,2.1,106854.004,1103587.66,1.3,11490.207,541006.08,1.6,11788.644,112061.22,2.2,43207.211,348029.1,3.8,43694.873,79306.8,2.3,8621.301,60172.56,1.6,8698.405,13410.54,1.7,1376.588,33919.7,4.1,1400.132,8518.09,7,7664.487,58527.45,2.9,6993.849,18759.43,0.7,958.064,43816.69,2,916.285,13233.58,2.2,4200.893,47041.82,3.4,4228.408,14085.41,2.8,701.326,30213.45,3.2,698.542,9920.54,4.9,1728.907,25053.47,3.1,1704.469,8157.51,3.5,211.922,9229.35,5.8,204.177,3100.16,5.9,1306.942,12331.81,4.9,1418.011,4999.35,7,186.217,7736.84,6.1,200.436,1708.5,9.8,1772.19,19421.87,3.2,1789.664,6638.46,4.1,733.2,28379.35,6.3,758.004,14695.41,2,636.42,16430.91,4.1,629.94,7413.03,0.3,38251.539,127905.97,1,34489.703,103207,1.1,35773.753,596189.89,3.8,36692.39,504657.58,1.2,295.057,8266.16,0.9,303.705,3260.45,4.1,26920.119,823038.48,1.7,26455.626,366203.52,2,2758.961,79229.33,1.1,2849.635,40006.72,2,1582361.01,2.3,95.2,552170.77,0.5,102.4
133  Cs  [ He ] :  CPS RSD value = 5.77 is over the allowed maximum = 5.00137  Ba  [ No Gas ] :  Concentration value = 302.05 is over the calibration range137  Ba  [ He ] :  Concentration value = 285.91 is over the calibration range138  Ba  [ He ] :  Concentration value = 280.06 is over the calibration range153  Eu  [ No Gas ] :  CPS RSD value = 5.77 is over the allowed maximum = 5.00157  Gd  [ He ] :  CPS RSD value = 5.66 is over the allowed maximum = 5.00169  Tm  [ No Gas ] :  CPS RSD value = 5.29 is over the allowed maximum = 5.00178  Hf  [ He ] :  CPS RSD value = 5.19 is over the allowed maximum = 5.00,FALSE,108_QC2.d,06-05-2025 22:44,QC2,,SJS-Std,58570.006,1025694.55,3.5,57921.926,4271.61,3.9,1609.072,7716.56,4.1,1194.909,96.76,63.2,12274.589,346405.31,2.5,12632.026,10765.1,0.6,122066.925,4880548.89,1.3,126369.582,364666.88,1.6,125512.581,4558612.06,4.5,124815.555,505390.72,0.2,13432.606,587564.19,0.2,14007.346,106454.56,0.8,86399.177,839354.56,2.2,88338.542,190304.39,0.8,34351.651,803398.58,0.6,35404.355,211054.18,2.2,116489.543,799894.79,1.4,116559.828,104024.83,1.8,17758.657,412639.87,2.3,18881.674,19082.9,3.9,107805.291,4778604.34,0.8,104278.308,167654.24,2.5,279590.298,15892491.27,1.6,284392.445,585697.08,1,16638.787,1143146.43,1.9,16548.742,85738.44,1.4,58902.745,2092826.11,1.7,60364.153,290615.39,1.7,1692.386,18240.98,3.1,1538.039,4268.32,6.1,163.879,8791.79,5.3,64.759,2476.06,3.1,405.334,2282.49,4.2,395.616,483.83,6.3,1582.038,28396.41,2.8,1628.344,3917.87,3.4,1748.244,44799.53,3,1865.15,6154.31,2.6,5396.948,358056.53,1.6,5377.809,27490.46,5.8,1133676.929,8740231.29,2.5,1073116.927,1036215.44,2.6,1051129.306,6717004.31,2.8,20955.824,1531577.31,1.3,21722.891,299188.65,1.5,42504.421,2767974.33,3.8,41833.143,691346.37,2.7,4687.64,353139.31,1.8,4725.617,71884.43,4,18210.456,234706.79,4.6,17848.877,51830.93,0.4,3640.608,40665.91,0.5,3569.518,8805.25,5.6,1056.215,41626.93,5.8,876.56,8531.45,3.8,3433.875,41958.32,1.2,3171.042,13611.04,5.7,500.867,36653.36,3.5,487.787,11273.05,2,2724.447,48807.01,2.2,2862.507,15254.58,1.6,570.737,39324.44,2.6,584.517,13280.33,3.1,1623.16,37610.93,3.2,1643.553,12582.26,3.9,236.768,16467.41,5.3,237.792,5770.46,1.9,1644.215,24799.53,1.1,1558.62,8788.58,1.4,227.73,15117.66,3.3,245.914,3343.8,2.2,1868.08,32736.56,1.9,1829.482,10848.1,5.2,731.585,45015.4,3.8,737.492,22730.86,3.9,504.733,20380.86,2.8,517.997,9469.82,1.4,18522.77,99323.88,2.4,16738.022,80329.55,1.6,17588.823,470065.5,3,17294.678,381637.4,0.7,264.822,11745.68,3,276.575,4724.27,7.1,10047.169,491502.83,3.4,9862.627,218437.78,0.7,3150.94,144649.93,2.2,3172.792,71211.89,0.6,1571138.64,1.1,94.6,518419.27,2.1,96.1
157  Gd  [ No Gas ] :  CPS RSD value = 5.10 is over the allowed maximum = 5.00165  Ho  [ No Gas ] :  CPS RSD value = 7.19 is over the allowed maximum = 5.00,FALSE,109SMPL.d,06-05-2025 22:48,Sample,,MCS 3294,19135.349,154543.76,1.2,16858.598,583.93,20.6,2142.247,4672.14,4.6,1999.475,73.41,41.7,9875.316,137974.77,1.9,10301.189,4091.4,4.2,69203.68,1258812.69,1.2,74947.54,98107.72,0.9,85867.85,1460207.81,3,86449.547,160657.42,2.1,9833.103,196582.76,2.6,10489.622,36355.75,2.1,38468.585,172366.05,3.3,38754.342,38480.56,2.1,33963.576,362596.5,1.1,35201.262,95717.53,1.8,43133.09,185050.98,1.5,41434.626,24122.71,1.3,14489.636,152879.6,1.2,16733.741,7673.25,8.4,171759.143,3453136.58,3.3,173345.925,126386.9,1.7,88911.377,2317660.95,0.8,94030.797,88841.5,3,14176.369,441935.86,2.6,14589.175,34295.74,0.5,57046.092,919636.11,3.7,59921.692,130862.93,0.6,761.761,4845.76,7,774.165,1311.38,4.3,<0.000,3066.78,6.4,<0.000,747.44,18,26.212,183.52,41.3,<0.000,26.69,86.6,3522.202,28640.43,1.4,3665.096,3991.29,0.9,225.97,3677.55,6.6,255.634,563.91,13.4,5505.174,167415.4,2.9,5702.8,13323.67,2.5,573082.471,2009702.15,3.7,576003.903,252980.66,2.6,546968.135,1589783.95,2.3,26821.655,888950.52,1.6,28214.575,176221.77,2.7,52131.34,1539622.28,3.8,51805.064,388310.59,1.3,5836.834,199397.78,3,6095.41,42058.3,2.8,22407.084,130984.43,1.9,21777.406,28674.48,2.2,4613.245,23381.7,3,4776.565,5343.16,3.3,1198.649,21436.39,4.4,1110.41,4902.53,5.2,4286.706,23759.61,5.1,4098.252,7980.54,3.6,559.103,18569.04,4,534.017,5603.53,3.5,2747.729,22328.93,2,3017.803,7292.76,2.6,519.959,16263.56,7.2,502.205,5172.92,4.4,1320.822,13898.41,0.8,1352.315,4695.59,1.1,181.399,5743.76,3.7,176.734,1948.78,10.3,1155.331,7913.79,4.6,1190.985,3046.77,4.4,168,5069.45,4.7,159.075,987.7,10.2,1598.821,12716.54,4.8,1718.556,4627.56,6.9,763.044,21538.81,4.8,768.562,10874.82,3.6,641.098,12472.23,1.6,642.571,5717.08,2.7,53321.472,129305.71,3.2,52509.82,113872.15,0.6,52182.64,630449.03,1.8,52515.82,523700.48,2.2,294.122,6054.87,7.6,317.637,2486.94,7,11443.542,253892.15,1.6,11250.199,113000.76,1.9,1534.062,32031.49,2.9,1587.299,16200.53,0.9,1630271.37,2,98.1,540151.96,0.9,100.2
52  Cr  [ No Gas ] :  Concentration value = 396.68 is over the calibration range52  Cr  [ He ] :  Concentration value = 400.98 is over the calibration range60  Ni  [ No Gas ] :  Concentration value = 105.11 is over the calibration range60  Ni  [ He ] :  Concentration value = 106.30 is over the calibration range141  Pr  [ He ] :  CPS RSD value = 6.53 is over the allowed maximum = 5.00169  Tm  [ No Gas ] :  CPS RSD value = 6.29 is over the allowed maximum = 5.00181  Ta  [ No Gas ] :  CPS RSD value = 6.13 is over the allowed maximum = 5.00,FALSE,110SMPL.d,06-05-2025 22:52,Sample,,MCS 3295,31067.521,315904.62,3.6,29109.408,1254.65,15.1,3013.241,8330.86,1.7,2857.828,133.47,28.4,15495.943,257183.1,2.4,16322.359,8067.17,2.5,122572.656,2828831.65,2.2,133419.739,222071.75,0.7,2581618.418,53346084.53,0.7,2609564.381,6062164.68,1,28288.015,713096.66,1.4,30916.196,135416.65,1.5,684054.223,3819417.55,0.3,691796.507,856714.71,1.6,187365.854,2517518.83,3.7,204139.995,699353.21,0.5,110695.946,465945.44,0.3,112662.123,61868.58,2.3,20497.351,274803.57,2.3,23575.809,13744.21,2.6,211852.789,5414993.96,1,208967.037,193734.89,2.5,76384.917,2530029.15,1.3,83836.927,100597.14,1.1,21172.577,839072.07,1.7,21774.629,65072.47,1.3,82270.908,1686050.65,2.2,88418.98,245517.97,0.5,37041.754,213845.37,4.7,38763.143,56123.42,3.1,<0.000,4511.97,11,<0.000,947.65,3.2,120.384,490.5,2,25.219,46.71,32.7,6832.849,67313.13,4,7268.722,9576.51,2.9,722.58,11530.07,2.9,698.846,1481.57,3.5,8252.069,316140.78,3.6,8898.656,26243.3,1.2,528114.642,2354432.77,0.6,529414.404,295600.05,2.4,518659.818,1916284.83,2.3,36367.655,1532886.8,3.7,38678.381,307221.94,3,72208.523,2711945.07,0.7,75477.405,719355.4,2.1,8231.127,357610.4,1.7,8580.402,75271.42,6.5,31989.512,237777.17,1.1,32143.985,53831.37,3.6,6107.701,39347.03,2.7,6832.754,9720.16,1.9,1660.892,37754.35,2.5,1600.887,8985.57,1.9,5698.95,40160.87,1.3,5474.129,13550.87,3.6,832.375,35131.1,4.9,760.987,10144.27,3.7,3953.283,40847.26,3.3,4165.519,12802.71,1.3,777.572,30905.69,1.6,740.807,9706.82,4.2,1994.1,26658.44,0.7,2010.79,8878.73,5.6,273.749,10992.54,6.3,263.081,3684.24,4,1650.192,14362.67,2.8,1757.698,5717.05,1.5,237.723,9109.12,3,258.647,2032.21,10.2,2353.931,23796.24,2.5,2344.994,8022.62,3.1,1083.237,38509.86,6.1,1091.452,19438.59,1.2,820.432,19214.31,2,766.338,8210.99,1.5,42264.373,130370.14,1.3,39946.064,110225.45,2.1,39650.563,609557.95,0.9,40591.56,515001.72,1.2,418.158,10721.41,4.1,447.709,4414.16,7.6,13451.001,379532.54,3.1,13992.538,178741.86,1.8,2178.363,57752.79,3.7,2247.117,29124.4,4.5,1580214.23,4.5,95.1,536473.74,1.1,99.5
157  Gd  [ No Gas ] :  CPS RSD value = 5.34 is over the allowed maximum = 5.00163  Dy  [ He ] :  CPS RSD value = 6.64 is over the allowed maximum = 5.00169  Tm  [ No Gas ] :  CPS RSD value = 9.51 is over the allowed maximum = 5.00,FALSE,111SMPL.d,06-05-2025 22:57,Sample,,MCS 3296,28970.037,286041.14,3.6,28300.963,1184.57,5.4,2837.515,7613.06,2,3609.011,163.5,34.8,14241.777,231268.64,1.4,15609.196,7496.26,3.3,101428.491,2271853.63,1.8,109295.88,176481.7,1.9,115369.885,2376741.85,2.1,121092.313,275603.87,1.6,13834.818,339548,2.8,14603.584,62223.58,3.5,66612.265,364115.05,0.9,69476.974,84171.58,1,48144.339,630873.95,3.1,50606.862,168981.07,1.6,122432.774,495455.31,1.6,122889.67,64952.81,0.7,18521.306,240915.96,1.3,21550.057,12187.82,2.7,206917.495,5130610.1,2,206572.291,185780.5,1.6,79998.991,2569823.21,4.3,86152.57,100281.16,2.6,20640.322,793494.93,1,21011.203,60911.97,1.2,74657.616,1484323.16,1,79222.354,213405.6,2.3,1148.4,7800.14,2.4,1068.01,1925.41,6.5,<0.000,4071.39,8.7,<0.000,934.3,4.1,65.965,316.99,14.9,51.997,63.4,71.2,5368.714,51849.32,3.3,5781.704,7462.99,1.4,357.451,6114.25,6.5,347.148,814.18,8.6,7742.432,288032.12,2.6,7814.309,22385.33,1.7,559823.746,2420748.1,3,551375.862,298623.62,1.6,533539.991,1912192.51,2.1,36118.447,1476772.98,1.1,37625.961,289911.21,0.8,72365.332,2636405.11,2.5,72839.502,673431.17,3.1,8206.508,345857.98,1.1,8270.072,70378.03,2.6,31047.76,223867.53,4.1,31404.545,51017.19,4.8,6241.782,39005.98,3.7,6637.194,9159.15,7.3,1595.531,35184.26,3.1,1594.501,8681.71,1.7,5822.596,39802.63,5.3,5446.938,13079.88,2.6,803.521,32899.38,5,769.757,9953.94,3.7,3993.214,40023.64,1.7,4225.889,12599.01,6.6,719.004,27725.06,0.9,722.452,9182.59,5,1977.747,25648.74,2.5,2080.716,8912.1,4.9,265.692,10351.39,9.5,268.502,3647.52,6.2,1695.24,14312.57,1.7,1715.669,5413.27,3.8,237.597,8831.99,3.2,240.677,1835.31,9.8,2145.437,21041.18,1.7,2185.902,7255.47,3.9,1070.073,36921.7,4.3,1053.898,18223.43,2.4,782.72,17911.04,1.5,789.656,8207.65,2.2,42666.403,127687.33,3,39989.336,107063.37,2,39429.462,588175.63,3.4,40684.621,500834.59,1.4,385.889,9627.19,2.8,391.965,3757.26,4.8,13711.256,375282.33,0.6,13863.535,171788.94,2.4,2127.302,54715.66,0.6,2104.086,26459.04,2.7,1603065.62,0.8,96.5,534581.64,2.7,99.1
107  Ag  [ No Gas ] :  CPS RSD value = 14.33 is over the allowed maximum = 5.00107  Ag  [ He ] :  CPS RSD value = 8.17 is over the allowed maximum = 5.00,FALSE,112_QC1.d,06-05-2025 23:01,QC1,,QC MES 50 ppb,50.434,3308092.58,2.3,50.012,13790.72,4,50.733,908864.73,1,51.154,15547.68,1.7,51.448,5179890.42,1.7,50.637,159481.28,0.7,49.104,7365835.44,3.7,50.54,547360.07,0.3,50.316,6825094.07,2,49.049,744060.91,1.4,48.741,7972082.3,2.2,49.277,1401663.23,2.5,48.46,1762890.97,0.7,49.097,396122.22,1.2,49.269,4305138.79,1.8,49.633,1105969.75,0.9,46.777,1174605.47,1,46.966,152826.85,1.5,48.835,4255405.52,2,50.614,191903.56,1.2,50.529,8402345.9,2.1,49.293,297335.64,1.7,48.249,10304430.28,1.6,50.528,390980.56,0.5,50.382,12985281.14,2.8,48.374,940197.39,0.9,47.929,6388920.95,3,49.283,890245.38,3.7,45.91,1714931.44,3,49.027,458801.86,1.4,46.161,3242346.73,14.3,50.167,1137384.08,8.2,47.274,946693.42,1,49.246,212045.3,1.4,45.941,2847423.68,1.5,49.215,408048.17,0.5,46.358,4348570.66,1.4,49.763,597100.96,0.7,47.668,11760119.31,1.9,48.182,917683.1,0.9,46.691,1358348.71,2.4,49.179,179135.44,1.9,47.579,1146774.43,0.8,47.008,12890781.64,1.2,47.889,2474733.33,1.1,45.733,11174648.84,2.2,48.808,3026148.24,1.4,46.643,13184077.44,2,45.905,2619013.13,0.5,44.495,2151394.84,2.5,47.71,519901.75,2.1,45.36,1899551.59,3.4,46.51,430455.77,0.8,46.683,6898906,1.7,47.77,1743686.92,1.2,44.548,2041606.77,2.6,45.031,724760.41,2.8,47.188,12946748.86,2.8,47.619,4124445.91,2,43.345,2913055.15,1.2,45.584,911553.4,3.2,45.768,11824974.17,2,46.701,3982415.86,1.7,46.279,4020906.75,1.6,45.535,1308031.6,3.3,44.476,11584279.3,2.3,44.41,4040235.24,2.5,44.914,2540570.73,2,47.137,997215.06,4.1,44.884,11168516.87,2.9,43.415,2209065.95,2.5,44.617,2932532.98,2.7,45.071,1001861.08,4.5,43.224,9876398.19,1.5,42.683,4882181.8,1.3,46.167,6402958.18,1.9,44.428,2761463.86,3.7,44.843,894019.88,2.1,43.948,783702.51,2.4,46.837,4651039.8,1,44.623,3657141.76,1.8,45.767,7435292.39,1,42.636,2700734.65,3.6,47.957,8802082.73,3,46.844,3892782.58,2.8,47.123,8111971.36,4.1,43.326,3646625.8,3.8,1590759.83,1,95.8,549810.09,1.3,101.9
107  Ag  [ No Gas ] :  CPS RSD value = 8.25 is over the allowed maximum = 5.00107  Ag  [ He ] :  CPS RSD value = 9.09 is over the allowed maximum = 5.00137  Ba  [ No Gas ] :  Concentration value = 166.33 is over the calibration range137  Ba  [ He ] :  Concentration value = 161.72 is over the calibration range138  Ba  [ He ] :  Concentration value = 161.14 is over the calibration range172  Yb  [ No Gas ] :  CPS RSD value = 5.10 is over the allowed maximum = 5.00209  Bi  [ No Gas ] :  CPS RSD value = 5.02 is over the allowed maximum = 5.00,FALSE,113SMPL.d,06-05-2025 23:05,Sample,,MCS 3297,20422.48,381972.95,3.6,18196.43,1441.52,3,2119.283,10785.01,2.1,1938.801,166.83,12.5,9590.66,290713.53,0.8,10144.457,9212.38,1.7,71322.321,3032430.46,1.8,74019.272,227000.96,0.4,90790.308,3519484.7,2.1,89294.562,384885.67,2.2,9720.69,452368.51,2.1,10282.17,83107.29,1.5,49484.548,512273.9,1.7,51676.319,118592.28,2.5,33593.368,834678.12,1.5,35754.14,226406.3,0.5,57775.627,450424.37,1.7,57177.61,58422.93,3.8,14189.945,350418.68,3.4,15752.013,16917.76,2.6,175307.468,8253297.9,1.6,176631.034,301642.26,0.8,84231.866,5108670.14,1.3,88233.243,193915.87,1.6,13543.023,988794.24,0.5,14130.516,77797.65,2.9,60260.56,2275006.01,0.7,63963.928,327209.15,1.6,1092.845,12959.41,2,1064.085,3253.67,6.9,1348.05,32490.14,8.3,2420.894,17596.31,9.1,83.584,593.94,9.3,24.637,60.06,16.7,3555.57,64633.17,4.7,3903.698,9479.68,6,288.657,8781.79,3.4,325.242,1298.04,3.2,5888.794,414605.18,2.6,6078.403,32975.58,1.8,587517.123,4817003.26,4.3,571229.58,586593.63,0.9,569169.92,3867741.6,1.1,21723.527,1687033.18,1.4,22595.702,330682.58,1.5,41318.742,2859189.72,4.2,42914.303,753582.85,0.6,4791.461,383550.35,2.1,5068.816,81925.09,3.1,18701.781,256119.02,3.3,19080.625,58875.46,3.3,3831.346,45470.41,2.9,3997.661,10478.17,2.5,1206.897,50534.99,2,1120.904,11590.28,2.6,3546.936,46050.36,1.3,3558.988,16230.09,3.4,511.169,39745.91,4,498.816,12248.26,1,2646.494,50378.11,1.7,2757.574,15615.37,4.5,511.897,37480.31,4.2,477.034,11516.86,4,1320.483,32518.13,3.8,1354.935,11022.58,3.9,181.319,13407.3,4.9,178.032,4592.13,5.3,1162.04,18629.26,5.1,1174.683,7039.05,4.5,162.157,11443.44,0.4,154.508,2235.78,4.2,1893.997,35266.98,2.8,1916.79,12075.9,3.8,814.557,53170.89,0.8,928.007,30307.15,4.9,708.968,29565.38,3.9,689.855,13030.02,4.3,37844.254,214405.16,2.8,35864.066,181754.26,2.2,36807.812,1038886.73,0.5,36467.687,849580.02,1.5,283.172,13307.32,5,279.061,5061.07,4.6,7716.84,401175.75,1.5,7424.643,174752.16,1.4,1377.112,67248.55,1.5,1413.338,33741.21,0.8,1557275.56,0.6,93.7,532256.48,0.3,98.7
7  Li  [ No Gas ] :  CPS RSD value = 5.59 is over the allowed maximum = 5.0095  Mo  [ No Gas ] :  CPS RSD value = 6.51 is over the allowed maximum = 5.00137  Ba  [ No Gas ] :  Concentration value = 203.00 is over the calibration range137  Ba  [ He ] :  Concentration value = 195.72 is over the calibration range138  Ba  [ He ] :  Concentration value = 195.60 is over the calibration range153  Eu  [ He ] :  CPS RSD value = 6.01 is over the allowed maximum = 5.00172  Yb  [ No Gas ] :  CPS RSD value = 5.65 is over the allowed maximum = 5.00,FALSE,114SMPL.d,06-05-2025 23:10,Sample,,MCS 3298,20784.076,481072.94,5.6,19929.674,1948.77,5.5,2162.773,13633.73,1.5,2439.921,260.26,25.2,9231.39,343334.18,1.4,9874.278,11079,3.7,77728.721,4094575.62,1.1,83112.567,315929.51,0.4,81920.35,3928574,2.1,81457.363,434856.12,1.9,10102.81,582115.7,3.2,10961.048,109717.71,2.5,35322.713,453706.04,2.4,36101.912,102807.07,0.7,33489.382,1030404.54,2.5,35389.473,277550.2,1.3,57986.836,545491.36,2.3,57594.768,70768.46,0.2,14290.435,437360.25,2.2,16027.336,21335.2,0.8,173297.063,10112249.98,1.7,170690.914,361312.19,0.2,85791.341,6441852.28,4.1,87454.436,237975.03,2.5,13352.001,1208285.58,2.4,13381.451,91317.7,2.5,62033.271,2902696.52,0.5,62766.342,397985.1,0.8,750.557,11242.78,6.5,772.966,2973.32,2.4,135.948,9075.63,4.4,45.381,2446.02,1.7,79.774,680.7,11.1,4.417,36.7,41.7,3540.629,79245.33,1,3892.281,11640.27,2.1,268.373,9950.5,2.7,263.961,1304.71,11.2,5823.724,507496.31,1.5,6172.416,41455.26,0.9,578432.173,5876929.65,1.6,557677.675,709662.66,2.5,557353.04,4693470.67,2.7,21352.829,2055440.6,1.1,23617.222,428412.61,1.4,45450.489,3898251.9,2.6,45869.964,998355.13,2.7,4943.297,490484.26,3,5401.746,108207.58,4,19018.423,322827.76,2,20028.353,76604.07,2.1,3913.728,57564.72,4,4308.769,13998.45,1.7,1128.564,58571.05,0.9,1145.435,14679.97,6,3762.644,60546.2,3.1,3596.367,20326.76,2.3,520.524,50160.28,3.5,540.101,16433.85,2.8,2683.233,63309.69,1.7,2836.85,19912.39,3.5,495.875,44999.03,2.3,507.712,15194.45,3.6,1273.42,38865.67,3.4,1423.689,14355.94,1,173.207,15869.33,2.8,185.964,5944.04,4.5,1182.914,23502.45,5.6,1181.476,8775.25,6.4,165.352,14459.56,2.7,171.554,3073.47,5.9,1757.651,40566.34,3.1,1771.721,13834.43,1.1,754.702,60996.17,1.4,828.055,33495.16,0.3,705.933,36085.87,0.2,687.187,15879.6,1.2,39104.168,274329.91,3.4,37408.662,234744.13,1.4,36654.604,1281218.72,2.1,37800.41,1090358.48,1.9,282.821,16407.87,1.9,279.878,6278.3,3.4,8969.932,577964.37,2.3,9014.31,262964.67,1.7,1556.662,94176.6,1.1,1586.379,46921.72,4.3,1562323.47,1.6,94,528065.74,0.9,97.9
137  Ba  [ No Gas ] :  Concentration value = 135.86 is over the calibration range137  Ba  [ He ] :  Concentration value = 134.46 is over the calibration range138  Ba  [ He ] :  Concentration value = 133.34 is over the calibration range138  Ba  [ He ] :  CPS RSD value = 5.01 is over the allowed maximum = 5.00165  Ho  [ He ] :  CPS RSD value = 7.44 is over the allowed maximum = 5.00238  U  [ He ] :  CPS RSD value = 6.01 is over the allowed maximum = 5.00,FALSE,115SMPL.d,06-05-2025 23:14,Sample,,MCS 3299,23940.45,380234.69,0.9,24656.408,1655.09,2.9,2439.976,10544.6,2.1,2831.233,206.87,29.6,11554.945,296993.75,0.9,12145.419,9362.64,4.3,86294.582,3115340.45,2.7,89973.115,234298.9,0.5,98723.818,3254826.6,3.5,100220.802,366946.49,1,11471.091,453288.3,1.3,12008.655,82421.78,0.7,51661.881,454549.68,0.8,52969.793,103324.07,0.5,41950.425,884805.3,1.6,42609.52,229099.4,1,48420.919,338139.53,2,47852.997,44056.87,2.7,16369.69,343270.18,1.7,18631.243,16991.3,2.6,189430.588,7573245.14,2.4,188105.212,272789.44,1.7,82537.433,4255895.38,1,87135.372,162811.58,2.4,17094.643,1059769.56,0.9,17240.873,80600.51,2,61823.863,1982083.15,3.4,65900.063,286273.58,1.7,1023.11,10591.58,1.7,1055.641,2809.79,5.8,32.677,6281.15,7.1,<0.000,1554.99,10.6,103.287,617.3,6.1,32.238,63.4,36.5,4193.994,64733.4,2,4548.613,9382.83,4.4,289.441,7643.28,1.4,290.448,1031.08,15.3,6828.848,408310.36,1.3,7302.248,33634.5,1.4,565136.353,3936071.81,1.1,559304.792,487885.2,2,554665.569,3201725.27,5,26784.221,1766220.97,1,28460.608,353670.74,2.7,51582.403,3030866.08,2.5,55254.974,823873.67,2.2,6020.325,409209.28,1.7,6443.478,88427.85,1.7,22569.339,262453.09,0.6,24665.664,64625.98,3.3,4796.474,48333.96,3.3,5240.743,11663.73,0.9,1301.58,46281.1,0.6,1300.258,11416.64,3,4476.527,49349.31,3.3,4577.278,17723.55,3.9,649.386,42872.44,1.7,631.39,13163.45,1.2,3231.57,52234.39,3.6,3499.78,16828.23,0.6,633.93,39411.23,4,617.341,12655.79,7.4,1536.981,32140.02,0.4,1669.164,11530.22,2.4,214.28,13454.09,4.8,227.518,4982.66,3.7,1358.412,18492.21,2.6,1424.08,7246.04,2.9,200.011,11984.51,1,213.06,2616.23,4.7,1777.243,28105.3,2.1,1805.942,9663.8,2.2,819.87,45513.79,3.6,872.122,24237.09,2.7,748.141,26672.65,3.5,777.759,12512.32,4.6,39728.7,191239.71,2.4,36507.094,157223.23,4.3,36941.062,886126.47,1.6,37877.442,749826.09,1.1,339.206,13530.9,2.8,329.296,5071.07,5.4,9763.489,430987.48,0.6,9681.209,193480.53,3.9,1656.716,68694.63,1.8,1681.639,34089.31,6,1571815.99,2.6,94.6,553831.5,1,102.7
163  Dy  [ No Gas ] :  CPS RSD value = 5.01 is over the allowed maximum = 5.00169  Tm  [ No Gas ] :  CPS RSD value = 6.01 is over the allowed maximum = 5.00207  [Pb]  [ He ] :  CPS RSD value = 5.23 is over the allowed maximum = 5.00,FALSE,116SMPL.d,06-05-2025 23:18,Sample,,MCS 3300,43400.21,350575,1.5,38988.672,1334.74,10,3250.984,7152.36,2,3324.42,123.46,40.8,17557.782,233528.21,2,19206.563,7559.69,3.2,150519.195,2762416.8,2,159122.696,210608.3,1.2,125767.471,2131049.75,0.5,131844.359,246292.19,1.2,26432.363,530448.68,4.6,27802.5,96927.09,2.7,71608.124,321304.01,2,73899.188,73491.78,2.9,52469.386,564093.16,0.7,54594.539,149558.97,1.6,128607.693,435106.48,1.6,129036.764,57129.49,2.1,23334.576,248799.77,1.1,27831.659,12902.53,3.9,170441.563,3466138.96,1.8,166624.442,122891.16,2,63932.116,1694157.7,0.8,69062.286,66319.86,0.6,27342.161,861612.52,1.4,27873.641,66236.4,2.3,68340.717,1114140.82,2.3,73071.517,161389.01,1.3,916.311,5590.15,4.3,926.008,1494.92,3.7,<0.000,4395.15,1.4,<0.000,1261.33,4.8,252.325,737.43,9,171.264,120.12,22,3181.115,26363.3,4.2,3310.071,3674.22,1.2,657.493,8651.58,0.5,805.997,1374.79,5.9,7396.905,226314.17,2.2,7755.769,18251.33,0.6,432222.353,1535250.04,2.6,458294.464,203816.01,2.1,424662.127,1249980.09,1.3,57177.482,1916241.19,1.2,62321.748,393595.67,1.4,122655.338,3662630.45,1.1,128981.655,977361.58,0.7,12762.189,440871.41,3.6,13316.908,92881.54,2,46502.885,274835.7,0.7,49221.581,65544.88,2.7,8803.739,45091.79,0.4,9310.373,10531.62,0.8,1796.849,32484.34,2,1844.797,8234.27,6.2,7991.423,44777.6,2.4,7420.992,14606.46,3.9,1061.15,35612.72,1.6,1081.343,11460.06,2.2,5279.853,43378.48,5,5837.306,14265.78,3.7,1017.391,32153.46,4.5,1085.158,11306.48,4.2,2654.541,28216.69,3.5,2693.337,9456.42,9.2,352.658,11259.7,6,368.382,4101.46,6,2240.573,15505.19,2.8,2378.345,6151.01,3.1,319.827,9743.6,7.8,325.808,2035.54,8.7,1834.906,14758.82,4.3,2021.888,5504.59,7.4,1086.266,30804.91,2,1131.825,16073.83,4.1,659.224,12903.11,2.6,680.976,6064.26,7.8,44619.219,109611.63,1.7,42140.22,92606.83,5.2,42489.596,520183.3,2.8,43423.132,438747.99,1.4,357.14,7372.27,3.7,398.452,3140.41,0.6,19581.447,439309.4,1.6,20305.708,206245.74,0.3,2143.31,45213.57,3,2246.821,23168.89,2.9,1567651.2,0.1,94.4,545003.46,1,101.1
163  Dy  [ He ] :  CPS RSD value = 6.43 is over the allowed maximum = 5.00232  Th  [ No Gas ] :  CPS RSD value = 5.95 is over the allowed maximum = 5.00,FALSE,117SMPL.d,06-05-2025 23:23,Sample,,MCS 3301,30643.325,242976.02,2.1,25669.932,867.56,18.3,2331.327,5025.96,4.7,2297.322,83.42,25,12492.596,168032.17,0.8,12999.752,5062.71,5.8,102919.418,1848788.84,1.8,113131.191,146429.08,1.9,99317.136,1660734.54,1.7,101480.551,186062.51,2.1,18637.641,366441.59,1.7,19617.418,66971,3.6,51798.236,228326.02,0.6,52472.291,51263.22,1.6,38972.663,410904.33,0.8,40016.179,107484.93,0.9,65502.218,247310.26,1.9,63886.049,32181.15,3.5,16974.043,177067.74,0.5,19993.191,9065.52,5.1,119449.889,2376841.8,1.1,121681.169,87790.05,4.5,50527.127,1316172.01,1.6,53964.519,50959.67,3.1,21278.048,655753.19,1.4,21465.065,49884.77,3.6,58795.225,937414.65,0.5,61934.228,133771.87,2.8,625.731,4201.55,2.5,555.684,1057.77,8.8,<0.000,3650.85,5.6,<0.000,1097.81,8.9,65.563,276.95,28.1,<0.000,26.69,78.1,2925.421,23936.22,4,3412.325,3700.9,3.1,518.974,6932.15,1.6,600.775,1054.43,2.2,5014.777,151167.42,1.7,5485.576,12685.69,3,344494.171,1198327.73,1.9,359113.903,156410.18,3.5,340973.747,982777.34,0.9,43557.297,1427452.14,0.4,47527.209,293513.4,0.5,92365.759,2697109.83,2.6,95989.45,711290.27,0.1,9503.897,321042.44,1.1,10516.001,71726.97,1.2,36314.407,209877.79,1.5,37277.351,48538.21,3.7,6633.004,33230.25,4.1,7187.661,7950.46,1.7,1372.689,24274.38,2.1,1320.223,5763.78,2.8,5989.568,32822.43,2.7,5444.449,10481.55,1.4,814.14,26725.26,1.5,810.969,8407.94,5.2,4145.181,33304.2,4.4,4229.497,10107.55,6.4,760.355,23505.61,4.8,816.143,8314.44,4.5,2065.887,21479.93,0.2,2153.308,7392.94,0.9,267.313,8354.49,3.4,283.71,3090.15,10,1740.874,11784.06,3.1,1855.258,4692.26,1.5,244.096,7276.11,8.3,250.32,1531.63,3.4,1555.787,12239.44,4.3,1720.036,4580.89,11.1,914.162,25432.77,2.4,1016.636,14148.1,1.2,487.713,9813.79,4.4,458.582,4298.4,2.8,29292.022,70734.86,1.8,28548.156,61643.71,0.4,27900.954,335855.54,2.7,28653.18,284654.03,1,261.814,5364.54,1.1,267.406,2080.18,6,15025.753,329654.47,5.9,14802.95,147032.21,1.4,1742.747,35973.33,1,1795.986,18121.91,2.2,1619290.28,0.8,97.5,551624.57,2.8,102.3
153  Eu  [ He ] :  CPS RSD value = 5.86 is over the allowed maximum = 5.00165  Ho  [ No Gas ] :  CPS RSD value = 8.66 is over the allowed maximum = 5.00166  Er  [ He ] :  CPS RSD value = 6.25 is over the allowed maximum = 5.00,FALSE,118SMPL.d,06-05-2025 23:27,Sample,,MCS 3302,37330.598,449422.11,4.2,37470.377,1905.37,12.2,3157.708,10357.6,2.3,2948.254,163.5,21.5,15107.347,294843,1.3,16229.723,9492.86,6.9,148912.079,4078234.39,1.1,154029.316,304399.02,0.9,127608.941,3194298.37,2,129139.614,358918.46,0.8,25750.763,770610.77,0.7,26633.388,138514.86,1.1,66946.989,447111.99,2.4,69294.53,102591.44,0.9,50495.33,808698.47,2.4,51329.885,209551.75,1.7,61187.275,326792.59,0.4,59049.721,41817.49,1.3,21532.176,342688.48,0.6,25417.886,17592.62,0.1,161768.803,4910328.25,1.4,163199.599,179672.73,1.2,69044.011,2713245.33,1.1,70993.679,101145.84,2.8,27441.315,1291000.43,0.5,29020.618,102954.58,4.5,75982.563,1848909.3,4.3,77983.503,257120.58,1.8,1095.038,8868.57,1.6,1156.148,2409.31,5.4,<0.000,5356.49,2.8,<0.000,1184.57,5.6,111.43,527.21,16.4,93.45,103.44,11.2,2757.764,33453.66,3.8,2907.787,4718.95,9,688.553,12899.39,1.8,683.073,1688.47,7.1,6633.549,301921.3,1.8,6930.156,24284.14,3.7,446484.407,2363553.66,1.1,438667.479,290855.71,1.5,429379.048,1883874.61,1.6,54514.144,2727985.38,2.9,55897.434,527128.04,0.9,119700.338,5337090.85,3.2,121394.329,1373478.32,1.4,12350.952,637085.97,4.3,12533.007,130513.24,3.2,45237.297,399183.65,1.8,46058.75,91584.46,1.8,8795.404,67248.57,2.3,8786.343,14840.26,3.4,1731.622,46730.18,3.2,1773.4,11817.4,5.9,7863.405,65780.87,3.8,7216.885,21205.79,2.4,1059.043,53055.01,3.8,1029.994,16293.54,1.8,5367.91,65845.06,0.7,5799.221,21162.39,2.4,1028.995,48543.47,8.7,1017.159,15825.89,3.2,2729.226,43301.65,2.6,2728.264,14302.62,6.3,357.907,17045.43,2.8,357.296,5937.37,5.7,2274.334,23492.36,2.5,2258.703,8721.81,4.7,317.683,14442.84,2.3,319.196,2973.34,5.9,2124.695,25502.92,0.3,2250.379,9140.06,3.7,1031.144,43466.08,1.2,1041.895,21999.62,2.6,627.002,17597,2.2,632.123,8060.73,4.6,40032.135,146497.85,1.5,38398.616,125688.03,1.3,38031.043,693515.81,1.1,38846.747,584633.55,1.3,313.325,9570.48,2.1,332.607,3900.64,3.2,18410.557,616711.33,0.8,18774.529,284732.24,1.9,2364.256,74390.85,2.9,2337.1,35953.07,1.9,1605061.78,1.8,96.6,528022.73,0.3,97.9
,FALSE,119SMPL.d,06-05-2025 23:32,Sample,,MCS 3303,41873.804,185460.36,2.5,35744.339,677.36,15.1,3256.876,3914.49,9.5,2312.382,46.71,12.4,17327.281,133843.05,2.2,18433.512,4031.31,5.9,149285.029,1493098.78,3,156662.426,112830.88,0.8,128861.348,1217476.85,2.1,132773.935,136215.71,0.6,26156.542,286637.61,1,26514.146,50438.8,2.3,77159.005,189854.88,2.1,79666.907,43423.92,2.6,636131.997,3695101.46,0.7,634803.994,940337.08,1.3,58270.764,153219.55,2.6,54529.099,19888.08,1.8,22790.463,132365.95,1.5,27628.817,6972.16,2,156484.434,1733821.12,1.1,166405.245,66829.39,3.2,60081.636,881171.15,3.5,64552.061,34325.84,4.1,28424.345,487517.18,1.8,29380.997,37999.68,1.3,70651.62,627139.98,1.2,76568.379,92052.42,3.1,889.251,3617.47,5.1,783.999,924.29,7,<0.000,2993.35,5.8,<0.000,870.91,9.8,75.216,220.22,13.6,46.642,43.38,53.3,3443.617,16467.03,2.8,4011.992,2532.8,15.8,682.704,5373.19,6.6,753.373,794.15,13.5,7002.271,118194.84,1.7,7466.571,9656.67,4,430461.19,835689.36,2.1,437294.242,106314.5,1.5,413092.423,664620.58,1.9,59756.256,1089649.81,1.9,64194.088,220590.35,1.5,125566.193,2040188.26,2.7,130250.777,537069,2.3,13018.848,244698.61,3.8,13747.442,52182.55,2.8,49316.527,158604.4,3.3,50962.904,36920.83,2.9,8800.631,24541.67,4,9825.706,6047.51,3.9,1864.99,18358.37,2.5,1854.279,4505.32,2.6,8248.101,25153.63,1.4,8134.634,8715.1,3.3,1100.563,20109.57,1.6,1052.844,6077.59,3.6,5505.473,24615.47,1.6,5642.674,7503.12,3.3,1039.508,17887.37,1.1,1054.622,5977.42,3.2,2744.595,15886.08,2.6,2891.221,5523.43,1.5,357.82,6231.15,5.5,352.644,2138.99,5,2349.204,8852.04,3.7,2280.739,3210.3,2.7,319.243,5299.79,2.2,321.657,1097.82,10,1952.534,8552.99,4.2,1899.965,2820.33,2.8,1028.387,16097.17,2.8,1044.812,8199.4,2.3,595.462,7222.71,4.1,572.919,3260.37,3.4,37559.813,50762.5,2.2,33389.31,40423.83,1.3,37152.976,250170.82,0.8,35619.946,198247.64,2.1,372.379,4304.12,4.4,336.521,1473.43,2.6,20416.817,249255.53,1,19447.428,107488.05,1.3,2326.603,26753.27,1.8,2160.309,12148.36,3.8,1634519.26,3.6,98.4,556811.63,1.3,103.2
139  La  [ He ] :  CPS RSD value = 5.19 is over the allowed maximum = 5.00141  Pr  [ No Gas ] :  CPS RSD value = 5.28 is over the allowed maximum = 5.00141  Pr  [ He ] :  CPS RSD value = 6.31 is over the allowed maximum = 5.00147  Sm  [ No Gas ] :  CPS RSD value = 6.27 is over the allowed maximum = 5.00166  Er  [ No Gas ] :  CPS RSD value = 5.62 is over the allowed maximum = 5.00232  Th  [ No Gas ] :  CPS RSD value = 6.97 is over the allowed maximum = 5.00238  U  [ No Gas ] :  CPS RSD value = 6.09 is over the allowed maximum = 5.00103  Rh ( ISTD )  [ He ] :  CPS RSD value = 8.26 is over the allowed maximum = 5.00,FALSE,120SMPL.d,06-05-2025 23:36,Sample,,MCS 3304,45979.739,208508.7,2.3,45691.145,880.91,7.5,3532.984,4351.72,5.2,5152.564,106.77,56.5,18715.29,146317.04,1.6,20428.798,4558.69,2.3,153374.036,1573237.57,2.8,166835.096,123249.07,2.8,117218.472,1140526.41,0.7,124576.693,131209.35,2.1,27694.493,311113.8,1.3,29489.963,57500.96,3.5,75545.464,190662.49,1,78231.028,43735.2,1.3,53956.882,325609.48,2.4,57359.874,88121.35,1.9,70711.524,175790.13,1.4,68852.374,23170.04,4.5,24687.732,147040.32,1.2,29039.403,7516.33,5.3,158770.879,1804300.6,1.9,169459.209,69804.43,2.6,59343.714,892386.95,0.7,62503.117,34101.78,0.9,30370.44,534269.91,2.9,31764.348,42136.55,2.8,77465.32,705190.82,0.6,83779.611,103302.75,2.2,784.263,3407.2,7.4,811.4,954.32,6.7,<0.000,3203.61,5.9,<0.000,800.83,3.7,92.878,246.91,8.4,22.735,36.7,83.3,3353.093,16450.36,2.4,3987.917,2576.17,3.1,661.885,5349.82,4.3,530.424,627.31,4.9,7746.65,133672.35,0.9,8264.017,10935.66,4.2,420661.036,837703.59,2.5,420453.013,104871.16,3.3,414938.296,684601.69,1.3,63719.981,1191840.8,3.4,65490.234,230842.72,5.2,133453.762,2224160.94,1.1,139682.579,590774.68,0.9,14158.256,272964.37,5.3,14392.57,56036.28,6.3,51698.551,170543.39,0.4,53902.423,40056.63,1.6,9581.87,27403.88,6.3,9790.312,6181.05,5.7,1918.934,19374.3,4.1,1896.183,4725.62,3,8992.15,28126.36,2.3,8088.35,8888.72,5.9,1150.08,21553.4,1,1153.008,6825.38,6.5,6036.253,27681.73,3.4,5924.463,8080.73,5.7,1094,19307.61,1.4,1087.25,6321.27,1.5,2928.27,17382.85,5.6,2932.728,5747.08,2.5,405.6,7239.39,1.8,368.528,2292.5,5.7,2438.191,9422.99,3.2,2586.695,3734.31,3.1,355.294,6047.55,1.2,317.417,1111.17,11,2016.587,9060,1.4,2001.797,3047.05,7.2,1160.029,18550.61,1.7,1121.633,9003.3,4,599.918,7406.35,5.1,569.546,3307.1,1.7,38222.451,52944.15,3.8,35442.36,43936.55,2.2,38078.075,262743.89,3.5,36627.411,208867.93,0.9,368.134,4360.79,1.7,419.152,1866.82,7.7,21168.202,265080.85,7,20709.318,117407.45,1,2425.702,28602.85,6.1,2412.174,13905.31,3.6,1589146.7,1.8,95.7,493846.79,8.3,91.6
118  Sn  [ No Gas ] :  CPS RSD value = 6.76 is over the allowed maximum = 5.00137  Ba  [ No Gas ] :  Concentration value = 306.51 is over the calibration range137  Ba  [ He ] :  Concentration value = 286.97 is over the calibration range138  Ba  [ He ] :  Concentration value = 276.74 is over the calibration range169  Tm  [ No Gas ] :  CPS RSD value = 5.04 is over the allowed maximum = 5.00,FALSE,121_QC2.d,06-05-2025 23:40,QC2,,SJS-Std,56904.051,996607.39,3.2,55874.101,4121.41,1.4,1634.953,7840.08,1.8,1565.743,126.79,9.1,12090.884,341494.82,0.8,12369.06,10544.68,1.5,119681.828,4785302.08,1.5,125758.079,362902.63,1.6,123560.633,4488761.27,2.2,125194.238,506915.37,2.2,12994.881,568494.69,2.4,14065.11,106892.23,2.4,84044.073,816575.43,0.9,88396.864,190429.51,0.6,33910.655,793142.54,1.4,35772.708,213238.98,0.8,116549.763,800276.76,1.8,116823.071,104239.96,1.3,17551.839,407838.73,3.2,18772.443,18972.56,3.4,105694.18,4685132.85,0.7,105266.329,169241.34,1.7,276361.666,15709325.61,1.6,278455.076,573494.97,2.8,16308.143,1120442.14,1.4,17016.545,88160.79,3.3,58468.709,2077414.45,3.2,60416.298,290866.32,0.6,1647.363,17793.26,0.8,1906.532,5186.23,2.3,186.4,9212.5,2.9,97.968,2676.3,6.4,442.242,2479.39,10.3,343.253,423.76,23.2,1627.035,29138.87,6.8,1673.709,4018,6.5,1728.945,44317.3,1.9,1827.548,6034.14,3.4,5284.458,350664.47,1,5266.422,26925.36,1.6,1150415.309,8869150.84,0.3,1077094.87,1040052.56,0.5,1038686.069,6637568.62,2.2,21208.3,1550022.99,1.7,22055.475,303767.59,2.2,42130.04,2743604.03,2.7,40925.281,676351.12,3.3,4658.783,350966.1,1.1,4853.678,73830.99,2.2,18168.356,234164.47,0.7,17618.048,51160.76,2.4,3510.714,39216.66,3.7,3620.958,8932.1,2.7,1027.052,40478.67,0.8,908.489,8841.98,4.8,3342.863,40847.05,1.5,3297.235,14152.17,1.8,492.261,36024.31,1.9,488.22,11283.03,1.3,2699.014,48351.6,1.2,2928.338,15605.32,1.5,565.484,38962.87,3,594.514,13507.46,3.5,1585.705,36743.88,1.9,1658.398,12695.88,2.7,237.634,16527.51,5,241.373,5857.25,2.1,1581.432,23853.34,2.3,1593.572,8985.59,3.6,244.613,16236.92,3.7,245.668,3340.47,6.4,1909.501,33461.9,4.5,1901.024,11271.8,3.9,693.003,42666.68,3.3,745.932,22988.04,2,543.546,21814.68,4.1,549.06,9984.08,2.5,19155.029,102678.33,3.6,16976.678,81462.17,2.4,17097.394,457078.07,3.8,18086.685,398910.42,1,273.148,12106.05,2.7,272.624,4657.59,6.3,10296.183,503679.64,4.6,10196.954,225839.86,1.1,3244.692,148949.83,3,3166.942,71080.7,0.4,1561031.19,1.3,94,519707.53,1.6,96.4
133  Cs  [ He ] :  CPS RSD value = 5.28 is over the allowed maximum = 5.00159  Tb  [ He ] :  CPS RSD value = 6.94 is over the allowed maximum = 5.00,FALSE,122SMPL.d,06-05-2025 23:45,Sample,,MCS 3305,56813.055,377996.91,2.8,62713.549,1761.88,14.5,4075.828,7389.39,2.6,3924.522,120.12,14.4,22820.694,248862.22,3,24936.857,8077.18,1.7,192698.866,2914457.8,3.2,206748.467,225530.37,1.5,139667.797,1956210.75,2.4,145361.376,224065.19,2.4,30419.59,503264.18,2.2,33408.797,95998.87,1,93697.869,346219.39,1.8,95692.055,78381.13,0.4,64462.48,571134.87,0.9,68374.511,154344.49,0.7,83874.251,262096.3,1.9,80586.266,33662.78,1.7,28925.196,254180.39,0.7,34581.866,13213.14,0.2,187651.235,3145727.09,1.9,185913,113023.02,2.5,48184.945,1064082.42,1.2,52595.677,42086.15,0.6,33791.084,877617.98,2.4,36081.508,70664.02,1.1,82144.442,1103756.91,1,86445.706,157365.14,0.5,1103.768,5560.09,3.4,1084.547,1458.22,6.5,<0.000,4004.64,5,<0.000,1094.48,3.7,148.936,420.43,35.1,107.746,76.74,19.9,3976.002,27088.85,1.1,4212.153,3837.76,7.9,832.036,8975.48,5.6,864.652,1237.97,5.8,9632.34,242648.01,0.5,10380.799,20112.67,5.3,405122.169,1187968.15,2.8,404187.532,148448.73,2.6,388388.511,943891.58,1.8,69162.993,1910421.41,1.9,73343.141,381771.88,1.2,154878.197,3811724.23,2.5,148175.486,925429.03,2.4,15173.994,432034.89,3.2,15924.526,91543.19,1.7,57383.7,279517.06,2.7,56891.359,62439.97,3.8,10400.561,43906.53,2.2,11278.401,10514.91,2.6,2152.028,32066.18,4.9,2045.749,7526.48,4,9832.469,45407.25,3.6,8647.351,14028.54,2.7,1276.724,35315,2.3,1247.295,10895.7,6.9,6638.084,44948.68,1.4,6559.937,13213.58,2.4,1240.327,32307.52,3.4,1189.849,10217.76,2.8,3280.397,28738.4,2.4,3409.819,9867.13,4.2,435.904,11470.12,3.2,440.765,4044.71,7.4,2738.445,15618.8,2.9,2802.628,5974.12,12.7,368.192,9246.04,6.9,355.575,1831.97,10.9,2277.233,15095.92,2.6,2378.67,5337.83,2.4,1297.94,30343.98,3.9,1321.959,15483.06,3.1,734.293,11987.88,1.5,760.613,5653.66,2.4,39396.02,80052.03,2.4,37947.986,68963.46,0.8,38244.479,387247.95,1.3,38647.49,323030.79,2,501.417,8486.31,3.1,486.58,3160.42,10.7,23955.994,442963.73,0.3,23794.112,199192.03,2.4,2542.954,44216.17,3.3,2674.819,22734.41,1.8,1624031.17,2.2,97.8,553648.85,0.7,102.7
133  Cs  [ He ] :  CPS RSD value = 7.64 is over the allowed maximum = 5.00153  Eu  [ No Gas ] :  CPS RSD value = 6.13 is over the allowed maximum = 5.00166  Er  [ No Gas ] :  CPS RSD value = 5.51 is over the allowed maximum = 5.00,FALSE,123SMPL.d,06-05-2025 23:49,Sample,,MCS 3306,53130.893,232620.23,0.6,49825.42,927.63,13.5,3936.265,4685.51,4.5,3829.878,76.74,32.8,21344.673,159481.2,1.2,23186.289,4985.93,7.5,174001.814,1725314.48,1.3,185182.249,132279.79,3.5,144319.293,1345054.51,2.4,149300.09,151601.92,0.7,29720.299,322756.52,3.2,31542.805,59461.58,2.5,85052.743,207242.17,2.3,88363.58,47695.9,0.7,68108.128,396442.12,2.9,70227.726,104132.14,1,87174.304,197838.61,0.4,80130.319,24975.12,3.1,26831.083,154509.39,2.1,32622.368,8164.02,1.8,172785.773,1898442.77,1.7,172165.998,68580.07,3.4,52863.981,772975.04,2.5,56166.054,29793.69,2.8,34156.582,580978.73,1.7,34309.49,44007.75,2.6,87977.937,774313.72,2.5,93312.191,111246.72,0.6,1354.979,4745.63,3.1,1342.603,1264.67,7.9,<0.000,3730.95,6.7,<0.000,1007.72,6.5,224.967,417.09,11.1,235.112,96.76,43.1,3653.35,17208.75,3.6,4020.233,2519.44,1.3,790.852,6007.43,4.7,751.075,787.48,22.8,9118.378,151675.49,3,9575.792,12228.15,7.6,403077.097,776812.93,2.2,414944.515,100129.18,2.1,399881.325,638432.81,3.1,66814.049,1208436.9,1.7,71291.728,242987.81,1.7,143518.396,2312867.35,0.9,149532.323,611535.25,2.5,14842.006,276695.9,0.5,15914.234,59910.96,1.6,54232.36,172992.32,1.9,57364.787,41221.6,1.4,10753.325,29734.65,2,10611.592,6478.16,2.2,2026.315,19782.02,6.1,2101.036,5062.77,3.6,9540.55,28855.46,4.2,8877.562,9433.04,6.9,1267.339,22963.99,4.7,1246.173,7132.52,0.7,6385.035,28313.75,3.1,6846.05,9028.99,8,1262.622,21543.43,3.9,1278.775,7189.28,3.4,3313.542,19016.91,5.5,3431.266,6501.55,1.5,441.227,7613.31,7.3,451.781,2716.35,5.9,2850.109,10648.6,2.5,2983.739,4164.88,4.6,400.19,6585.02,7,408.832,1381.46,10.1,2511.193,10904.81,1.8,2372.769,3490.51,4,1317.553,20326.71,1.5,1322.737,10230.91,3,793.907,8992.34,5.2,753.577,3981.31,4.3,142128.864,187641.51,1.3,133597.417,157781.33,0.8,136327.128,896736.82,2,139757.059,758665.47,0.6,601.157,6721.88,2.4,573.177,2450.25,3.6,22826.74,276402.15,0.7,23071.454,126473.88,2.6,2563.648,29228.26,3.4,2625.806,14633.63,2.6,1618723.31,0.7,97.4,545535.48,2,101.2
107  Ag  [ No Gas ] :  CPS RSD value = 9.33 is over the allowed maximum = 5.00107  Ag  [ He ] :  CPS RSD value = 7.51 is over the allowed maximum = 5.00138  Ba  [ He ] :  CPS RSD value = 5.94 is over the allowed maximum = 5.00178  Hf  [ He ] :  CPS RSD value = 5.31 is over the allowed maximum = 5.00103  Rh ( ISTD )  [ He ] :  CPS RSD value = 24.63 is over the allowed maximum = 5.00,FALSE,124_QC1.d,06-05-2025 23:53,QC1,,QC MES 50 ppb,51.288,3364058.86,4.9,50.776,14001.16,5,50.299,901080.43,2.1,49.835,15146.82,4,51.432,5178259.62,2.9,51.805,163155.33,1.3,50.076,7511534.26,2,52.288,566279.95,1.1,50.295,6822308.16,1.3,50.439,765060.27,2.8,48.939,8004541.85,0.8,50.756,1443725.86,1.1,48.06,1748384.69,2.4,50.814,409943.62,2.1,48.947,4277012.02,2.8,50.28,1120380.1,0.5,47.073,1181664.4,2.2,48.457,157397.68,1.7,49.886,4346983.45,1.6,51.446,195057.69,2.8,50.081,8327915.64,2.4,50.932,307222.62,1.7,48.41,10338718.32,0.5,51.363,397417.65,1.9,50.844,13104312.67,3.2,50.755,986466,2.2,48.131,6415791.99,0.8,50.704,915911.84,1.4,47.037,1757008.47,4.2,50.305,470754.23,2.9,56.614,3975278.93,9.3,46.36,1051233.97,7.5,47.765,956527.05,1.7,50.141,215897.7,1.9,46.537,2884344.25,1.8,50.294,416983.64,2,47.486,4454342.48,1.4,50.414,604904.38,1.2,49.953,12323822.6,2.4,49.798,948442.95,3,48.235,1402973.03,0.8,49.287,179527.66,1.2,46.466,1120105.52,5.9,48.273,13237568.01,0.8,49.047,2534565.67,3.6,47.73,11662597.62,2.3,47.048,2917024.11,4.2,47.812,13514659.27,4.2,46.199,2635749.51,2.4,46.846,2265047.24,1.3,45.759,498644.21,1,47.14,1974095.45,2.9,46.144,427069.81,2.6,47.771,7059676.15,1.5,46.255,1688387.87,1.7,45.483,2084449.97,2.3,45.344,729792.94,3.4,47.727,13094663.02,3.3,45.979,3982338.6,3.3,44.175,2968855.01,0.4,44.874,897362.86,2.8,48.295,12477695.64,0.9,44.208,3769865.91,3.8,46.286,4021560.73,0.8,45.87,1317651.46,3,45.839,11939292.65,2,43.472,3954826.08,1,45.707,2585437.74,1.7,46.298,979468.14,3.1,46.058,11460599.79,2.6,43.974,2237525.13,1,45.476,2988966.21,2.2,43.78,973158.89,5.3,44.495,10166713.18,2.4,42.494,4860568.36,1.2,46.324,6424614,2.6,44.339,2755972.23,4.1,45.806,913182.72,3,46.296,825525.37,4.8,48.003,4766756.77,2,45.528,3731205.49,1,46.762,7597013.85,2,45.621,2889795.79,1.5,48.238,8853612.8,4.1,47.738,3967059.26,1.3,47.145,8115873.6,3.3,48.373,4071372.63,0.9,1621010.44,1.1,97.6,497278.84,24.6,92.2
107  Ag  [ No Gas ] :  CPS RSD value = 11.36 is over the allowed maximum = 5.00107  Ag  [ He ] :  CPS RSD value = 8.16 is over the allowed maximum = 5.00163  Dy  [ He ] :  CPS RSD value = 5.95 is over the allowed maximum = 5.00178  Hf  [ No Gas ] :  CPS RSD value = 6.34 is over the allowed maximum = 5.00181  Ta  [ No Gas ] :  CPS RSD value = 7.92 is over the allowed maximum = 5.00208  Pb  [ No Gas ] :  CPS RSD value = 5.12 is over the allowed maximum = 5.00,FALSE,125SMPL.d,06-05-2025 23:58,Sample,,MCS 3307,40781.757,282527.26,2.3,36979.038,1087.8,0.5,3162.492,5960.6,3,2204.729,70.07,24.7,15915.752,185268.8,2,17551.219,5950.61,3,131724.284,2070392.69,1.1,141931.055,160785.92,2.1,110530.732,1619464.57,3.1,113816.427,182705.46,1.9,23438.702,403121.4,0.9,25224.002,75330.5,0.5,65258.922,251404.78,2.7,69602.674,59391.11,2.6,46745.199,431159.36,1.3,49162.547,115502.61,1.6,81938.073,264990.04,1.5,80717.777,34659.81,1.7,22121.756,201931.27,3.4,25815.315,10244.22,3.5,153175.619,2667117.23,0.8,164460.203,103828.44,1.9,66400.581,1509291.9,2.1,72176.995,59447.07,1.6,26772.222,722107.08,1.5,29469.768,59936.33,2.4,68075.727,949991.73,0.6,71403.021,134987.21,1.1,979.173,5232.97,4.4,1082.024,1494.92,4.6,2378.318,23167.44,11.4,3920.55,11363.08,8.2,137.059,407.08,5.1,88.942,70.07,37.8,2907.664,21121.78,0.2,3166.546,3066.77,4.3,743.072,8404.51,1.8,768.863,1157.89,19.7,6688.45,175902.52,0.8,7409.689,14960.44,3.2,453564.604,1379639.9,2,451036.125,171837.16,0.9,437964.833,1104051.08,2.5,57958.434,1662414.29,2.3,61301.445,331347.05,2.7,130741.852,3341277.64,0.3,125641.296,814839.24,2.2,12932.662,382357.8,3.5,13675.559,81636.37,2,49656.835,251170.92,3.7,48722.527,55526.87,1,9338.96,40940.46,3.2,8967.474,8681.72,4,1900.653,29410.3,0.5,1850.329,7069.06,3.7,8305.953,39832.78,1.1,7567.713,12749.22,4.8,1091.371,31350.56,1.6,1049.295,9519.81,1.5,5512.497,38762.07,5,5753.719,12034.52,6,1061.402,28711.62,4.8,1022.685,9119.15,6.6,2735.955,24893.12,3.9,2686.891,8074.03,3.6,369.525,10100.88,1.1,352.908,3363.84,1.4,2393.84,14178.94,1.6,2294.662,5079.47,4.7,331.746,8651.68,7.4,318.605,1705.16,8.1,2140.661,14735.5,6.3,1967.991,4587.54,8.9,1195.723,29047.49,7.9,1271.444,15463.01,5,700.023,11884.33,3.3,669.318,5243.06,5.2,42213.172,88948.53,0.7,38161.72,71972.75,3.2,40864.891,429081.49,5.1,40642.107,352324.24,0.7,401.8,7108.77,2.2,369.437,2503.6,3.3,21645.355,415604,2.6,21650.154,188200.83,3.1,2521.724,45525.09,2.1,2442.661,21560.91,1.7,1624262.34,0.7,97.8,554100.41,2.2,102.7
169  Tm  [ No Gas ] :  CPS RSD value = 5.26 is over the allowed maximum = 5.00,FALSE,126SMPL.d,06-06-2025 00:02,Sample,,MCS 3308,37721.296,332548.6,0.9,40652.428,1514.94,3.6,2721.528,6534.77,2.2,2882.778,116.78,26.2,14632.088,213962.19,1.3,15926.897,6855.3,6.1,123680.501,2476720.01,2.1,132155.676,190816.76,2.8,95083.504,1769289.81,1.3,99175.557,202612.38,1.6,21414.271,469069.29,0.7,23341.424,88795.89,1.3,59951.15,293761.2,2.2,62879.984,68271.94,1.2,42814.085,502608.4,3,44261.38,132391.99,1.7,77300.098,306295.62,1.1,78188.945,40736.3,0.7,20292.171,236040.08,2.5,24032.947,12154.43,3.2,155586.286,3451561.15,1.3,155749.661,125305.45,1,67648.706,1950770.41,2.3,75645.727,79002.54,1,25469.809,875529.65,1.7,26278.111,68117.64,0.8,59908.591,1065476.94,0.8,63898.702,153959.52,2.1,866.153,5720.32,5.7,889.043,1544.97,7.5,116.81,6821.98,3.7,9.958,2115.63,2.9,126.28,457.13,4.6,23.259,43.38,74.2,6926.516,59466.3,3.8,7384.75,8477.95,2.8,579.487,8361.11,2.8,565.62,1097.82,10.7,6459.72,215760.11,0.7,6755.608,17352.53,3,463804.81,1795654.62,2,470801.218,228271.97,1.2,447273.821,1435157.08,2.5,51376.032,1878275,0.8,56052.865,386172.93,1.3,113552.85,3698914.34,0.9,109955.526,908925.2,1.2,11386.252,429083.21,0.8,11940.148,90847.34,4,43464.197,280215.39,2.9,44490.933,64628.88,1.6,7930.067,44308.4,1.8,8404.904,10371.31,1.9,1699.827,33521.35,3.9,1627.315,7923.79,2.5,7199.175,44004.34,0.6,7094.067,15231.16,2.7,996.368,36476.02,2.9,931.098,10765.41,3.4,4800.034,43019.93,2.7,5159.321,13754.67,0.9,951.687,32809.17,3.4,941.289,10698.63,2,2471.84,28661.51,3.8,2522.188,9660.09,2.1,332.037,11563.6,5.3,328.338,3987.98,6.8,2066.353,15598.76,3.6,2118.682,5977.44,3.8,295.2,9810.37,3.2,271.605,1852,10.3,1736.163,15232.73,3.3,1631.73,4847.63,1.9,972.196,30086.57,2.8,982.815,15239.43,3.5,602.867,12876.38,3.8,606.115,5914.04,6.6,37323.277,100111.64,3.8,34783.871,83475.4,2.4,35889.538,479716.66,2.8,35964.6,396835.86,2.8,345.26,7759.17,3.4,306.025,2640.3,8.6,17262.361,422478.47,1,17271.051,191367.91,0.4,1976.162,45474.71,2.4,1960.139,22052.35,2.9,1478702.3,2.9,89,488255.55,1.9,90.5
"90  Zr  [ He ] :  CPS RSD value = 7.24 is over the allowed maximum = 5.00140  Ce  [ No Gas ] :  CPS RSD value = 5.26 is over the allowed maximum = 5.00146  Nd  [ No Gas ] :  CPS RSD value = 5.35 is over the allowed maximum = 5.00147  Sm  [ No Gas ] :  CPS RSD value = 5.65 is over the allowed maximum = 5.00172  Yb  [ No Gas ] :  CPS RSD value = 6.52 is over the allowed maximum = 5.00181  Ta  [ He ] :  CPS RSD value = 5.46 is over the allowed maximum = 5.00206  [Pb]  [ He ] :  CPS RSD value = 7.37 is over the allowed maximum = 5.00232  Th  [ No Gas ] :  CPS RSD value = 5.66 is over the allowed maximum = 5.00103  Rh ( ISTD )  [ No Gas ] :  ISTD Recovery Percent value = 0.01 is outside the allowed range [80.00, 120.00]103  Rh ( ISTD )  [ He ] :  ISTD Recovery Percent value = 0.02 is outside the allowed range [80.00, 120.00]",FALSE,127SMPL.d,06-06-2025 00:06,Sample,,MCS 3309,51575.31,257412.8,2.4,50900.536,1077.79,5.6,3530.252,4795.65,3.4,3501.225,80.08,45.1,19509.395,165592.05,2.8,21244.057,5206.25,11.1,160596.076,1817281.14,3.6,172641.193,140757.53,2.6,126842.751,1349149.73,2.7,129970.301,150657.02,3.4,28543.753,353590.67,3.9,30520.148,65636.81,2.9,76742.36,213328.65,4.1,82544.884,50804.28,3.1,55507.91,369107.83,2.3,57582.96,97526.22,4.5,160552.455,348644.82,2.2,163116.695,46420.98,2,24926.495,163819.16,2.2,30078.453,8591.44,4.4,158993.71,1993693.12,2,170715.762,77600.43,2.7,53411.91,886708.51,3.2,57666.573,34704.18,1.2,31565.889,612813.36,1.2,33064.952,48404.88,4.4,79202.583,795629.62,2.9,82031.282,111628.41,7.2,874.546,3867.79,5.5,830.002,1021.06,10.4,<0.000,3861.11,1.3,<0.000,1214.61,12.8,128.443,313.65,12.9,61.794,50.05,0,3300.378,17673.35,2.5,3907.551,2759.73,3,690.498,5990.74,5.2,713.466,837.53,6,8465.666,160530.3,3.5,8566.46,12481.99,1.8,416993.703,915730.86,4.7,412919.455,113584.61,1.7,403384.954,734086.01,2.4,65747.776,1357261.48,4.6,68794.053,267624.46,2.3,136653.084,2513585.2,5.3,140183.233,654354.18,3.4,14416.267,306756.47,1.6,15345.189,65933.42,2.3,51502.307,187507.48,5.3,53588.939,43953.78,2.3,9937.044,31361.01,5.7,10523.916,7332.81,2.1,1944.159,21660.45,1.8,2009.637,5526.78,5.5,8651.505,29866.15,1.5,8643.35,10481.58,3.5,1213.949,25103.74,3.9,1213.169,7923.79,1.6,5912.705,29926.04,3.9,6550.346,9860.48,5.6,1133.354,22071.78,4.3,1218.145,7816.97,7.1,3002.13,19665.16,0.6,3401.488,7356.21,2.5,409.213,8057.37,3,431.88,2963.33,11.2,2631.13,11219.67,6.5,2729.363,4348.47,1.5,352.923,6628.41,3.7,386.938,1491.59,8.7,2196.684,10888.18,1.9,2375.789,3987.33,3.1,1327.153,23298.63,3.6,1352.289,11895.89,5.5,643.379,8448.11,2.4,623.806,3811.11,10.2,39632.829,60440.69,7.4,35142.326,47999.35,1.8,39939.608,303352.08,2.6,37267.244,234013.86,1.6,442.103,5688.03,4.3,455.996,2230.22,10.1,24416.877,337427.05,5.7,22455.957,140500.98,1.3,2698.574,35090.89,2.5,2475.053,15739.45,4.2,216.88,21.8,0,86.75,29,0
"89  Y  [ He ] :  CPS RSD value = 5.49 is over the allowed maximum = 5.00137  Ba  [ No Gas ] :  Concentration value = 105.53 is over the calibration range137  Ba  [ He ] :  Concentration value = 109.15 is over the calibration range138  Ba  [ He ] :  Concentration value = 105.96 is over the calibration range178  Hf  [ No Gas ] :  CPS RSD value = 7.35 is over the allowed maximum = 5.00181  Ta  [ No Gas ] :  CPS RSD value = 5.04 is over the allowed maximum = 5.00207  [Pb]  [ He ] :  CPS RSD value = 6.49 is over the allowed maximum = 5.00103  Rh ( ISTD )  [ No Gas ] :  ISTD Recovery Percent value = 0.02 is outside the allowed range [80.00, 120.00]103  Rh ( ISTD )  [ He ] :  ISTD Recovery Percent value = 0.02 is outside the allowed range [80.00, 120.00]",FALSE,128SMPL.d,06-06-2025 00:11,Sample,,MCS 3310,24545.447,214930.65,0.4,22731.639,847.54,4.9,3301.672,7826.73,3.1,4250.887,170.17,47.1,10725.12,160021.98,0.1,10937.407,4708.88,4.6,80116.51,1587500.26,1.1,86131.082,122919.54,1.1,136401.162,2480075.03,4.3,134777.525,271109.34,4.2,8445.42,184253.24,1.3,9213.621,34833.57,1.5,56972.812,276090.34,2.9,55919.495,60092.08,2.9,25656.48,299462.79,4.5,26186.14,77840.95,1.8,47313.854,209371.98,1.5,43742.749,26442.8,2.7,17804.182,204701.65,4,21056.966,10524.77,0.3,148182.199,3248753.24,3.5,150490.429,119649.14,1.7,151488.906,4279351.76,3.1,153999.563,157685.75,3.5,23919.267,812550.67,3.7,25806.773,66106.18,5.5,83098.035,1459937.69,4.4,91404.872,217572.93,2,1467.374,8624.88,7.4,1577.208,2379.27,11.9,<0.000,4335.1,1.4,<0.000,1001.04,12.5,73.386,313.65,18.7,5.884,33.37,34.6,3215.905,28523.76,4,3489.738,4131.49,9.2,255.607,4275,2.2,257.678,600.62,6,5393.499,178613.19,2.9,5897.304,14997.18,2.1,801205.599,3059154.89,0.9,828728.344,396260.08,1.4,804496.15,2545588.82,2,45677,1650242.59,0.4,49051.281,333955.13,1.9,85485.22,2751993.77,2.4,91679.415,748955.28,2.5,10180.121,379107.69,4.2,10645.483,80045.36,0.7,37108.768,236432.44,1.6,39078.66,56096.89,0.3,7641.971,42196.01,1.9,7853.496,9576.56,1.8,1909.788,37212.11,2.7,1959.32,9426.32,1.4,6966.997,42082.91,3.5,6583.302,13968.5,3.9,984.218,35606.07,3.5,945.459,10802.14,1.7,4940.392,43753.88,0.1,5080.307,13383.95,1.7,946.366,32240.56,1,936.498,10518.31,3.4,2592.34,29701.96,1.8,2603.564,9853.78,5.4,348.474,11991.18,3.3,323.075,3877.83,5.5,2236.833,16684.63,3.9,2275.822,6344.65,1.4,309.535,10164.39,3.5,314.196,2115.65,1.8,2459.965,21318.66,7.4,2497.642,7325.55,6.5,1226.307,37383.45,5,1174.504,17949.95,4.9,575.88,12251.8,4.2,537.091,5289.79,2.3,46261.2,122382.05,3.3,44503.148,105300.75,6.5,45144.894,595021.65,2.3,45003.74,489648.55,2.8,285.482,6391.72,1.2,303.294,2586.97,12.6,17902.272,432953.68,3.6,18138.376,198598.6,4.2,2392.478,54377.58,3.2,2382.689,26476.47,4.1,300.3,14.5,0,86.75,63.5,0
"71  Ga  [ No Gas ] :  CPS RSD value = 5.93 is over the allowed maximum = 5.0088  Sr  [ No Gas ] :  CPS RSD value = 5.44 is over the allowed maximum = 5.00137  Ba  [ No Gas ] :  Concentration value = 186.61 is over the calibration range137  Ba  [ He ] :  Concentration value = 176.58 is over the calibration range138  Ba  [ He ] :  Concentration value = 172.72 is over the calibration range139  La  [ He ] :  CPS RSD value = 5.54 is over the allowed maximum = 5.00140  Ce  [ No Gas ] :  CPS RSD value = 6.25 is over the allowed maximum = 5.00157  Gd  [ No Gas ] :  CPS RSD value = 5.36 is over the allowed maximum = 5.00157  Gd  [ He ] :  CPS RSD value = 5.80 is over the allowed maximum = 5.00206  [Pb]  [ He ] :  CPS RSD value = 5.96 is over the allowed maximum = 5.00238  U  [ No Gas ] :  CPS RSD value = 5.29 is over the allowed maximum = 5.00103  Rh ( ISTD )  [ No Gas ] :  ISTD Recovery Percent value = 0.02 is outside the allowed range [80.00, 120.00]103  Rh ( ISTD )  [ He ] :  ISTD Recovery Percent value = 0.02 is outside the allowed range [80.00, 120.00]",FALSE,129SMPL.d,06-06-2025 00:15,Sample,,MCS 3311,21918.633,305581.37,3.6,21353.165,1261.33,9.7,2568.369,9726.52,1.4,2814.817,180.18,24.2,7624.385,179398.92,1.3,7872.844,5393.15,2.5,57890.256,1833296.69,1.5,62389.371,142359.88,3,92186.02,2674769.46,2.5,91290.806,293396.9,1.6,6081.92,211812.27,1.1,6443.61,38915.52,0.4,37952.76,293849.83,2.1,39106.565,67104.94,1.7,20586.188,382942.22,3.4,21078.536,99886.65,2.3,36154.484,242288.21,0.8,35162.463,31485.51,1.3,15266.869,280531.69,5.9,17778.071,14205.2,4.8,152473.729,5341761.46,4.7,152632.767,193953.3,1,166464.602,7495836.27,5.4,171543.524,279904.89,2.3,16270.042,883726.46,2.5,17234.654,70590.2,0.8,46274.469,1300128.42,2.9,49425.617,188140.96,4.4,973.738,9065.59,3.9,1008.396,2422.66,8,<0.000,4872.5,3.5,<0.000,1221.28,8.5,50.642,333.68,9.2,11.04,40.04,43.3,2290.939,32172.63,3.3,2612.861,4882.49,5.1,200.921,5086.12,4.5,211.34,727.42,10.5,4633.925,244109.59,0.7,4945.363,20039.25,4.4,886068.795,5403140.24,1.9,838427.132,640370.04,1.9,820095.283,4145106.99,0.3,33168.936,1916083.59,3.5,34022.892,370379.99,5.5,63827.006,3285371.73,6.2,61692.584,805850.25,1.3,6847.144,407720.95,3.9,7303.301,87804.63,2,26074.432,265627.37,4.9,26911.154,61769.97,3.1,5031.267,44419.36,1.7,5427.151,10581.74,2.9,1640.54,51098.94,4.3,1548.976,11914.34,3.3,4627.706,44695.19,5.4,4488.654,15227.92,5.8,659.772,38163.42,4.7,633.755,11577.01,2.4,3341.951,47325.03,3.1,3469.819,14616.56,2.5,657.83,35831.14,2.6,612.264,10995.9,1.7,1607.864,29457.77,2.9,1651.412,9994.03,8,215.921,11880.98,4.8,222.602,4271.68,1.8,1421.316,16951.9,2.1,1459.233,6504.91,7.6,204.348,10728.78,2.1,197.739,2129,6.2,1369.812,18984.68,1,1336.139,6268.28,7.7,788.523,38423.34,3.4,832.08,20300.1,3.4,662.221,21072.66,3.1,617.294,8972.34,2.2,50381.146,212339.57,6,47349.784,178520.78,1.8,47866.904,1005180.39,3.1,48514.886,840817.47,3.8,205.441,7312.24,5.8,212.168,2887.02,4.9,12909.865,499208.31,4.1,12830.007,224614.75,2.7,1549.414,56306.16,5.3,1538.921,27341.91,4,347.02,7.3,0,103.44,24.4,0
"85  Rb  [ No Gas ] :  CPS RSD value = 5.20 is over the allowed maximum = 5.0089  Y  [ No Gas ] :  CPS RSD value = 6.77 is over the allowed maximum = 5.00137  Ba  [ No Gas ] :  Concentration value = 120.30 is over the calibration range137  Ba  [ He ] :  Concentration value = 119.04 is over the calibration range138  Ba  [ He ] :  Concentration value = 117.50 is over the calibration range153  Eu  [ No Gas ] :  CPS RSD value = 5.28 is over the allowed maximum = 5.00163  Dy  [ He ] :  CPS RSD value = 8.10 is over the allowed maximum = 5.00166  Er  [ No Gas ] :  CPS RSD value = 5.43 is over the allowed maximum = 5.00172  Yb  [ No Gas ] :  CPS RSD value = 7.82 is over the allowed maximum = 5.00232  Th  [ He ] :  CPS RSD value = 5.54 is over the allowed maximum = 5.00238  U  [ He ] :  CPS RSD value = 9.12 is over the allowed maximum = 5.00103  Rh ( ISTD )  [ No Gas ] :  ISTD Recovery Percent value = 0.02 is outside the allowed range [80.00, 120.00]103  Rh ( ISTD )  [ He ] :  ISTD Recovery Percent value = 0.01 is outside the allowed range [80.00, 120.00]",FALSE,130SMPL.d,06-06-2025 00:19,Sample,,MCS 3312,23740.765,207110.61,2.3,23845.74,884.25,4,3175.15,7496.23,7.3,3097.199,123.46,32.8,10360.328,154617.19,0.6,10798.231,4632.11,1.7,76344.477,1506602.18,1.9,80631.001,114584.22,4.6,113778.304,2071281.91,1.1,111133.423,223105.91,1.6,8289.999,180143.92,2.5,8433.394,31776.36,1.7,50613.385,244650.31,2.5,50460.279,54073.93,1.5,25802.701,299877.46,3.5,25416.908,75267.35,2.1,52339.513,224429.55,2.4,50754.524,29187.87,1.7,18147.672,207754.42,3.9,20462.137,10184.12,2.9,148801.115,3248396.11,5.2,150062.101,118800.31,3.6,166233.318,4672954.32,2.8,168352.139,171536.97,1.8,21531.563,728380.18,6.8,22514.587,57432.9,3.7,61227.525,1071456.31,3.2,63858.671,151396.82,3.9,1267.662,7616.53,5.8,1341.732,2082.26,3,<0.000,4061.38,5.3,<0.000,1194.59,23.1,101.656,387.06,14.9,147.739,113.45,22.2,2713.427,24330.7,4,2902.596,3477.31,12.5,255.888,4264.99,3.6,226.962,550.56,9.6,5512.983,181730.06,1.7,5946.678,15057.34,0.6,917277.348,3486181.39,2,907694.436,432066.67,0.9,895949.942,2822128.49,2.1,40218.749,1446909.67,0.6,42827.004,290348.54,2.5,74555.461,2390040.98,2.6,75825.814,616866,4.4,8741.157,324147.49,1.6,9138.226,68426.43,3.8,33679.09,213676.97,3.2,32483.456,46432.23,2.6,6312.143,34712.71,1.4,6616.238,8033.94,1.9,1795.609,34840.53,5.3,1768.232,8471.35,1.1,5763.947,34672.76,1.8,5386.711,11383.24,1.1,832.165,29983.07,3.6,802.523,9132.49,4.1,4338.322,38260.65,3.1,4503.504,11814.12,8.1,819.04,27788.78,2.8,793.013,8868.72,8.8,2128.059,24285.03,5.4,2183.075,8227.62,2.5,281.336,9646.78,4.2,298.724,3570.77,8.3,1810.5,13450.83,7.8,1904.17,5286.43,5.9,250.49,8194.27,4.2,248.028,1665.11,4.8,1690.911,14598.65,3.4,1738.409,5081.06,5.9,965.528,29411.75,3.7,965.466,14738.82,2.1,596.355,12579.21,0.6,589.78,5700.39,11.6,48697.833,128227.45,2.8,47755.118,112451.74,2.4,48393.03,634757.69,1.2,47500.361,514378.88,2.4,321.931,7142.2,5.2,320.246,2716.98,6.9,15108.844,363868.15,4.9,15679.07,170949.28,5.5,1941.23,43958.64,1.8,1908.854,21133.48,9.1,310.32,5.6,0,80.08,45.1,0
"66  Zn  [ No Gas ] :  CPS RSD value = 5.41 is over the allowed maximum = 5.00138  Ba  [ He ] :  CPS RSD value = 5.41 is over the allowed maximum = 5.00153  Eu  [ No Gas ] :  CPS RSD value = 5.86 is over the allowed maximum = 5.00205  Tl  [ No Gas ] :  CPS RSD value = 6.25 is over the allowed maximum = 5.00232  Th  [ No Gas ] :  CPS RSD value = 7.21 is over the allowed maximum = 5.00103  Rh ( ISTD )  [ No Gas ] :  ISTD Recovery Percent value = 0.01 is outside the allowed range [80.00, 120.00]103  Rh ( ISTD )  [ He ] :  ISTD Recovery Percent value = 0.01 is outside the allowed range [80.00, 120.00]",FALSE,131SMPL.d,06-06-2025 00:24,Sample,,MCS 3313,22079.016,161430.46,3.7,20156.758,630.65,6.9,3184.935,6281.07,1.9,4614.07,153.49,35.9,10073.53,128911.51,1.1,10903.63,3931.18,0.8,71895.134,1185292.06,2.8,78449.109,93050.59,0.7,111204.473,1701815.26,2.9,113410.778,190427.86,2,7867.418,143165.4,0.1,8472.462,26693.41,1.3,47299.308,191609.24,3.1,48004.896,43092.67,2,24652.898,240016.11,1.1,25836.456,64010.52,2.5,35343.419,153105.61,5.4,33065.361,19871.46,4.4,16697.054,159607.27,3.6,20946.581,8701.61,1.1,136318.01,2484735.37,4,145188.305,95950.48,1.8,149338.027,3511087.24,1.9,157276.076,134005.62,0.7,21866.074,617390.9,1.3,22956.591,48877.28,1,59285.328,866049.52,2,61617.25,121936.85,2.3,1119.377,5984.04,6.6,1023.992,1484.91,5.7,<0.000,3567.41,3.4,<0.000,920.96,7.6,130.949,407.09,28.4,113.301,83.42,34.6,2740.551,20867.85,3.5,2767.711,2833.17,7.5,205.168,3223.64,2.3,193.172,447.12,12.3,5271.635,145707.79,0.2,5369.214,11396.54,4.4,808328.826,2566045.27,0.2,798089.427,317322,4.3,751032.476,1976237.86,5.4,41142.567,1235304.11,1.3,41888.959,237017.65,3.3,79163.114,2117954.1,1,78596.573,533654.89,4.2,8744.701,270638.61,1.4,9071.773,56697.68,2.6,34340.548,181840.54,1.8,34137.495,40723.31,2.5,6397.305,29366.78,0.3,6751.433,6842.04,4.4,1827.5,29597.82,5.9,1677.576,6708.52,1.3,6087.723,30564.33,1.3,5641.469,9950.59,1.8,838.678,25223.92,1,810.542,7700.09,5.2,4302.736,31671.7,3.8,4526.713,9910.56,5.9,832.449,23575.77,2.6,840.78,7847.01,3.8,2160.132,20577.6,2.4,2283.55,7182.62,6.4,299.868,8584.89,5,297.283,2966.67,3.5,1902.411,11797.41,3,1916.99,4441.91,1.5,263.867,7205.96,4.3,288.219,1615.06,12.7,1755.738,12653.17,2.3,1678.753,4097.36,4.3,971.143,24764.78,3.9,1002.032,12800.16,2.5,566.476,10331.43,6.2,529.036,4492.01,4.6,42537.274,93757,3.4,40601.784,80046.81,3.5,43432.124,476732.5,3.5,42035.415,381041.46,3.6,357.436,6638.52,6.5,360.661,2556.95,5.3,15904.677,319676.83,7.2,16037.735,145936.66,2.3,1967.815,37207.68,4.2,1950.623,18031.73,1.3,233.57,37,0,60.06,44.1,0
"7  Li  [ No Gas ] :  CPS RSD value = 5.78 is over the allowed maximum = 5.00137  Ba  [ No Gas ] :  Concentration value = 168.39 is over the calibration range137  Ba  [ He ] :  Concentration value = 158.38 is over the calibration range138  Ba  [ He ] :  Concentration value = 159.02 is over the calibration range153  Eu  [ He ] :  CPS RSD value = 5.60 is over the allowed maximum = 5.00159  Tb  [ No Gas ] :  CPS RSD value = 5.16 is over the allowed maximum = 5.00181  Ta  [ No Gas ] :  CPS RSD value = 6.48 is over the allowed maximum = 5.00208  Pb  [ No Gas ] :  CPS RSD value = 5.59 is over the allowed maximum = 5.00238  U  [ No Gas ] :  CPS RSD value = 8.14 is over the allowed maximum = 5.00238  U  [ He ] :  CPS RSD value = 6.76 is over the allowed maximum = 5.00103  Rh ( ISTD )  [ No Gas ] :  ISTD Recovery Percent value = 0.02 is outside the allowed range [80.00, 120.00]103  Rh ( ISTD )  [ He ] :  ISTD Recovery Percent value = 0.01 is outside the allowed range [80.00, 120.00]",FALSE,132SMPL.d,06-06-2025 00:28,Sample,,MCS 3314,19846.435,232753.44,5.8,20660.19,1027.74,10.4,2971.148,9436.06,2.2,3046.047,163.5,19.7,8777.685,173819.1,2.5,8998.407,5176.19,1.4,63010.858,1673757.2,3,68803.571,131650.62,3.4,123201.191,2989353.01,2.6,124612.077,335404.9,2.1,6839.529,199869.52,3.9,7218.06,36573.23,2.4,48279.253,313197.51,1.1,50635.641,72790.44,3.1,23255.254,362976.36,3.9,23286.716,92609.95,4.2,64829.365,333571.95,2.2,65211.222,44094,4.7,16720.354,257659.45,2.8,19834.645,13289.97,3.9,140276.447,4122119.94,4.3,143953.179,153416.99,2.1,173687.86,6562044.56,1.9,182476.542,249798.83,1.5,18876.606,859760.28,2.4,19897.779,68339.5,2.2,48165.234,1134902.25,2.5,51380.922,164019.49,1.8,1325.895,10150.79,2.1,1384.498,2723.01,8.9,<0.000,4431.87,9,<0.000,1207.93,3.9,131.167,583.93,15.9,52.664,70.07,24.7,2433.618,28908.17,2.5,2698.514,4271.67,4.3,215.224,4682.22,1.2,233.136,687.38,12.4,4832.534,213892.71,3.2,5009.313,17051.86,0.6,953537.556,4876490.46,2.5,896814.438,574472.08,1.7,900463.286,3816930.9,1.9,35375.976,1713650.06,0.5,36234.158,330770.12,4.3,65396.747,2822779.35,3.2,67689.603,741442.02,1,7465.976,372792.66,2.3,7884.326,79488.86,4.4,26818.745,229110.69,3.1,29083.159,55977.02,3.7,5490.361,40649.4,3.6,6049.339,9890.5,6.2,1715.539,44811.47,3.2,1708.927,11022.62,5.6,5011.129,40585.98,1.9,5028.64,14305.91,4.7,723.277,35084.37,5.2,737.687,11299.99,3,3649.913,43341.99,4.3,3677.374,12989.86,1.2,709.625,32414.45,0.9,689.365,10381.43,4.3,1852.746,28464.35,1,1803.545,9152.54,7.5,246.173,11359.91,1.9,224.958,3620.83,8,1555.546,15558.67,3.6,1583.861,5920.68,5.7,224.017,9863.87,1.3,225.046,2032.21,4.4,1451.268,16868.36,4.1,1347.066,5301.16,3.9,868.397,35519.26,6.5,856.62,17559.26,3.1,575.757,15833.01,2.2,538.387,6802.07,5.5,48443.586,171408.07,1.6,46941.465,148554.07,3,45022.04,793879.66,5.6,47856.356,696246.16,1.1,258.259,7692.54,12.9,263.756,3007.06,3.9,12685.082,411344.64,3.2,12915.803,189616.47,4.5,1677.895,51141.48,8.1,1714.482,25546.56,6.8,290.29,32.9,0,73.41,55.1,0
"7  Li  [ No Gas ] :  CPS RSD value = 5.56 is over the allowed maximum = 5.0071  Ga  [ He ] :  CPS RSD value = 5.17 is over the allowed maximum = 5.00118  Sn  [ No Gas ] :  CPS RSD value = 5.23 is over the allowed maximum = 5.00133  Cs  [ No Gas ] :  CPS RSD value = 5.93 is over the allowed maximum = 5.00133  Cs  [ He ] :  CPS RSD value = 6.53 is over the allowed maximum = 5.00137  Ba  [ No Gas ] :  Concentration value = 106.42 is over the calibration range137  Ba  [ No Gas ] :  CPS RSD value = 8.31 is over the allowed maximum = 5.00137  Ba  [ He ] :  Concentration value = 113.24 is over the calibration range138  Ba  [ He ] :  Concentration value = 109.09 is over the calibration range138  Ba  [ He ] :  CPS RSD value = 6.60 is over the allowed maximum = 5.00139  La  [ He ] :  CPS RSD value = 5.67 is over the allowed maximum = 5.00147  Sm  [ No Gas ] :  CPS RSD value = 6.82 is over the allowed maximum = 5.00157  Gd  [ No Gas ] :  CPS RSD value = 5.08 is over the allowed maximum = 5.00209  Bi  [ No Gas ] :  CPS RSD value = 8.42 is over the allowed maximum = 5.00238  U  [ No Gas ] :  CPS RSD value = 7.11 is over the allowed maximum = 5.00103  Rh ( ISTD )  [ No Gas ] :  ISTD Recovery Percent value = 0.02 is outside the allowed range [80.00, 120.00]103  Rh ( ISTD )  [ He ] :  ISTD Recovery Percent value = 0.01 is outside the allowed range [80.00, 120.00]",FALSE,133SMPL.d,06-06-2025 00:32,Sample,,MCS 3315,26191.41,244580.18,5.6,24121.022,957.66,2.2,3493.224,8841.72,7.6,3901.041,166.83,29.6,9915.627,158276.18,1.8,11195.626,5132.78,6.8,71909.873,1522469.35,1.3,80163.826,122219.34,1.9,113821.611,2218191.79,1.2,122158.842,262603.69,0.7,8149.664,189873.7,2.1,8590.173,34696.41,0.3,47818.955,247941.54,1.8,51181.033,58774.81,2.6,29197.201,363100.31,2.7,30404.653,96300.07,0.8,260941.837,935106.07,0.6,272016,126167.12,1.4,17501.018,214942.7,3.1,19384.899,10351.09,5.2,139463,3266439.99,1.3,142422.314,120968.38,2.3,151434.742,4567959.74,1.7,158373.786,173121.32,2,21977.955,797617.98,0.6,22245.035,60878.89,3.1,54243.174,1018491.81,3.8,56263.134,143120.02,1.7,1249.568,7973.82,3.3,1334.291,2192.39,9.7,<0.000,4842.45,7.2,<0.000,1344.75,5.4,553.118,1678.46,5.6,479.207,320.32,14.3,2707.58,25886.21,5.2,3226.497,4084.76,9.6,246.851,4375.14,3.7,247.131,610.63,19.9,5261.719,186008.92,5.9,6077.603,16490.64,6.5,756319.209,3084972.38,8.3,804816.663,411074.87,1.4,775266.262,2620481.22,6.6,35412.358,1366892.63,4.8,41080.6,298807.04,5.7,68101.03,2342290.26,3.2,74548.546,650662.51,4.5,7697.625,306264.22,2.6,8211.247,65969.11,3.3,30529.718,207818.56,4.7,31679.261,48583.08,4.1,6070.102,35813.49,6.8,5925.744,7720.13,5.3,1755.808,36549.68,3.8,1670.204,8584.9,5.1,5785.393,37336.31,5.1,5293.576,12001.13,4,791.383,30591.37,1.7,785.263,9586.63,2.5,4339.49,41058.97,3,4433.743,12478.77,2.5,806.905,29370.61,3.2,761.954,9142.53,5.4,2217.011,27140.04,2.1,2152.056,8701.75,2.9,282.175,10378.07,4.8,289.379,3710.96,6.3,1938.486,15448.5,1.7,1844.321,5493.39,8.6,265.611,9319.53,8.4,254.483,1831.97,9.9,1629.451,15092.72,2,1549.928,4860.96,6.6,892.664,29178.2,4.6,963.746,15766.8,1.9,1171.456,24589.51,3.9,1143.181,10889.12,4.6,46484.198,131295.47,3.3,42940.918,108517.73,4.9,42380.685,596732.89,4.9,44602.702,518175.04,1.2,626.707,14608.86,8.4,659.9,5938.13,7.1,13897.497,359095.06,4.6,14381.45,168232.43,2.4,1756.791,42685.83,7.1,1794.662,21317.02,1,357.03,11.3,0,80.08,33.1,0
"137  Ba  [ No Gas ] :  Concentration value = 312.84 is over the calibration range137  Ba  [ He ] :  Concentration value = 303.59 is over the calibration range138  Ba  [ He ] :  Concentration value = 302.37 is over the calibration range146  Nd  [ No Gas ] :  CPS RSD value = 5.02 is over the allowed maximum = 5.00157  Gd  [ He ] :  CPS RSD value = 8.15 is over the allowed maximum = 5.00165  Ho  [ No Gas ] :  CPS RSD value = 7.56 is over the allowed maximum = 5.00166  Er  [ He ] :  CPS RSD value = 7.55 is over the allowed maximum = 5.00175  Lu  [ No Gas ] :  CPS RSD value = 7.26 is over the allowed maximum = 5.00178  Hf  [ No Gas ] :  CPS RSD value = 5.48 is over the allowed maximum = 5.00181  Ta  [ He ] :  CPS RSD value = 6.77 is over the allowed maximum = 5.00103  Rh ( ISTD )  [ No Gas ] :  ISTD Recovery Percent value = 0.03 is outside the allowed range [80.00, 120.00]103  Rh ( ISTD )  [ He ] :  ISTD Recovery Percent value = 0.01 is outside the allowed range [80.00, 120.00]",FALSE,134_QC2.d,06-06-2025 00:37,QC2,,SJS-Std,60983.919,1067840.89,2.8,57694.642,4254.94,10.7,1682.521,8067.12,5.2,1812.965,146.81,14.2,12600.255,355110.51,1.5,13042.398,11109.07,3.9,127444.961,5095316.16,0.8,129267.852,373028.71,3.2,131977.511,4789960.6,1,128536.163,520370.58,2.2,13958.568,610477.74,2.4,14244.709,108253.01,3.4,90701.895,880971.49,0.2,87900.557,189364.76,4.7,35050.769,819657.63,4.4,35868.815,213809.02,2.2,120694.766,826567.95,3.9,121203.329,107819.52,2.8,17901.544,415956.91,2.2,19242.269,19447.15,3.5,108788.605,4822141.52,2.5,108521.708,174470.62,3.1,283681.298,16124580.45,2.7,295175.191,607857.11,1.7,17132.21,1177028.23,1.7,17648.33,91432.27,0.4,60683.556,2156058.87,1.2,62639.039,301562.38,1.7,1691.054,18227.73,2.7,1848.912,5042.7,4.5,220.543,9850.35,6.8,137.821,2916.59,6.9,453.503,2539.47,4.7,401.434,490.5,2,1617.523,28981.92,3.3,1811.316,4321.74,3.8,1830.822,46862.82,4.9,1806.658,5967.37,5.3,5510.392,365511.29,3.2,5882.087,30048.85,4.1,1174160.607,9052037.89,3.3,1139445.401,1100195.82,2.7,1134880.186,7251656.88,2.4,21969.449,1605632.09,4.4,23404.13,322335.52,2.8,43294.031,2819374.07,4.5,44872.467,741547.22,2.6,4938.748,372050.24,2.9,5129.935,78030.2,4.2,19270.488,248361.7,5,19090.776,55436.55,1.9,3678.156,41084.85,1.6,3903.984,9630,5.8,1113.271,43873.43,1.2,911.238,8868.71,5.6,3529.061,43120.56,4,3307.375,14195.65,8.1,541.349,39612.59,2.7,512.245,11837.46,0.8,2966.766,53145.95,3.8,3080.729,16417.25,3.8,617.97,42575.82,7.6,603.781,13718,3.9,1741.05,40339.93,2.2,1766.641,13524.32,7.6,256.269,17820.68,4.4,236.14,5730.42,5.4,1688.606,25468.53,4.8,1608.98,9072.44,4,251.065,16664.68,7.3,247.392,3363.84,0.3,1979.999,34696.45,5.5,1885.819,11181.75,1.2,751.829,46247.77,2.7,749.112,23084.95,6.8,569.161,22760.94,4.9,521.024,9519.95,3.6,18908.566,101370.72,3,17723.904,85008.35,4.2,17648.186,471634.34,1,18316.304,403918.23,2.4,274.073,12146.12,4.4,281.317,4804.29,4.9,10583.979,517752.81,2.1,10789.345,238955.54,2.1,3262.271,149756.08,3.8,3487.476,78268.55,3.6,563.91,15.5,0,56.72,44.4,0
"71  Ga  [ No Gas ] :  CPS RSD value = 7.77 is over the allowed maximum = 5.00118  Sn  [ No Gas ] :  CPS RSD value = 5.47 is over the allowed maximum = 5.00137  Ba  [ No Gas ] :  Concentration value = 191.21 is over the calibration range137  Ba  [ He ] :  Concentration value = 186.13 is over the calibration range138  Ba  [ He ] :  Concentration value = 184.53 is over the calibration range159  Tb  [ He ] :  CPS RSD value = 5.51 is over the allowed maximum = 5.00165  Ho  [ No Gas ] :  CPS RSD value = 5.63 is over the allowed maximum = 5.00165  Ho  [ He ] :  CPS RSD value = 5.16 is over the allowed maximum = 5.00166  Er  [ No Gas ] :  CPS RSD value = 5.72 is over the allowed maximum = 5.00172  Yb  [ No Gas ] :  CPS RSD value = 5.80 is over the allowed maximum = 5.00175  Lu  [ No Gas ] :  CPS RSD value = 5.30 is over the allowed maximum = 5.00206  [Pb]  [ He ] :  CPS RSD value = 5.87 is over the allowed maximum = 5.00238  U  [ No Gas ] :  CPS RSD value = 6.54 is over the allowed maximum = 5.00238  U  [ He ] :  CPS RSD value = 10.20 is over the allowed maximum = 5.00103  Rh ( ISTD )  [ No Gas ] :  ISTD Recovery Percent value = 0.03 is outside the allowed range [80.00, 120.00]103  Rh ( ISTD )  [ He ] :  ISTD Recovery Percent value = 0.02 is outside the allowed range [80.00, 120.00]",FALSE,135SMPL.d,06-06-2025 00:41,Sample,,MCS 3316,17019.663,228962.72,4.8,15740.462,900.93,7.7,2737.965,9970.28,2.6,3740.121,230.23,15.7,7633.974,173416.6,1.5,8123.89,5353.1,3.8,57155.137,1740912.06,2.3,61810.886,135635.48,1,93452.773,2609240.23,4.6,94302.931,291475.19,2.5,6120.376,205055.03,1.6,6698.809,38905.58,0.2,43845.43,326048.67,0.9,44648.103,73599.14,1.2,18697.346,335039.31,1.1,18960.204,86546.42,0.7,363380.778,1813071.88,0.8,371647.053,239638.4,1.1,14985.229,264819.73,7.8,16981.853,13049.52,3.4,131085.752,4417301.17,3.2,135432.04,165518.7,1.6,181155.058,7843120.22,1.7,184869.237,290037.07,1.2,17007.627,888364.2,1.8,17841.681,70274.65,1.1,49996.387,1350786.28,3,53433.156,195591.42,3.5,926.432,8414.51,6.1,921.705,2182.38,8.3,32.911,6197.71,6.5,<0.000,1675.12,8,36.205,266.94,9.4,3.827,33.37,69.3,2144.936,29195.65,5.5,2241.586,4084.74,5.5,230.549,5496.69,2.9,217.02,720.74,6.1,4238.716,215138.68,2.6,4286.471,16737.76,4.7,944096.401,5536027.29,4.4,919035.702,674962.93,2.4,911144.985,4428261.92,0.7,31728.021,1762611.63,2.6,32890.104,344327.21,1.2,57455.387,2844160.31,1.1,59552.591,748096.72,1.4,6837.939,391564.71,0.8,7059.152,81618.85,4.3,25536.664,250181.2,3.4,25301.562,55849.54,4.9,5084.233,43167.15,2.7,4889.974,9169.22,3.9,1622.453,48599.78,3,1462.556,10818.88,4.1,4515.221,41938.51,1.8,4191.062,13674.51,3.2,642.837,35760.58,3,615.426,10812.21,5.5,3216.511,43803.9,3.6,3529.819,14299.23,1.9,633.03,33160.91,5.6,646.733,11169.58,5.2,1648.408,29043.09,5.7,1714.404,9977.42,5.9,233.836,12371.88,2.6,221.152,4081.43,5.8,1484.692,17028.71,5.8,1480.016,6344.66,9,207.128,10458.23,5.3,213.718,2212.41,3.3,1463.047,19498.72,2.6,1470.914,6635.18,9.1,712.394,33445.58,4.6,748.821,17602.88,2.6,486.921,15408.53,4.7,505.268,7252.81,6,44123.994,179002.86,5.9,41283.796,149826.65,2.1,43608.728,881294.84,1.1,41462.405,691829.99,1.2,193.46,6648.51,2.1,198.537,2603.62,7.8,11865.093,441238.6,2.6,11170.046,188068,1.6,1567.411,54779.71,6.5,1477.504,25249.03,10.2,467.14,5.4,0,93.43,37.6,0
"7  Li  [ No Gas ] :  CPS RSD value = 6.63 is over the allowed maximum = 5.0051  V  [ He ] :  CPS RSD value = 6.74 is over the allowed maximum = 5.0059  Co  [ He ] :  CPS RSD value = 5.96 is over the allowed maximum = 5.00107  Ag  [ No Gas ] :  CPS RSD value = 8.74 is over the allowed maximum = 5.00107  Ag  [ He ] :  CPS RSD value = 8.92 is over the allowed maximum = 5.00138  Ba  [ He ] :  CPS RSD value = 5.16 is over the allowed maximum = 5.00178  Hf  [ No Gas ] :  CPS RSD value = 5.63 is over the allowed maximum = 5.00205  Tl  [ No Gas ] :  CPS RSD value = 7.55 is over the allowed maximum = 5.00208  Pb  [ No Gas ] :  CPS RSD value = 8.03 is over the allowed maximum = 5.00232  Th  [ No Gas ] :  CPS RSD value = 5.45 is over the allowed maximum = 5.00232  Th  [ He ] :  CPS RSD value = 9.51 is over the allowed maximum = 5.00103  Rh ( ISTD )  [ No Gas ] :  ISTD Recovery Percent value = 0.17 is outside the allowed range [80.00, 120.00]103  Rh ( ISTD )  [ He ] :  ISTD Recovery Percent value = 0.17 is outside the allowed range [80.00, 120.00]",FALSE,136_QC1.d,06-06-2025 00:45,QC1,,QC MES 50 ppb,52.02,3412028.7,6.6,51.468,14191.6,2.3,50.417,903195.67,4,52.133,15845.13,2,52.472,5282692.39,3.3,52.56,165533.07,4.9,50.847,7627009.94,4,53.68,581360.2,6.7,51.98,7048661.39,3.7,51.108,775174.34,3.4,50.391,8241820.17,4.1,49.124,1397301.58,6,49.652,1806183.58,4.6,50.003,403418.17,1.4,51.249,4477940.03,4.1,50.062,1115525.76,3.2,48.607,1218187.02,2.1,47.45,154308.76,2.6,52.643,4587212.33,3.6,51.097,193731.94,2.2,52.678,8759431.12,1.7,51.169,308650.4,3,51.546,11006548.65,4.5,51.863,401276.35,2.1,53.451,13776244.19,1.3,52.246,1015452.59,1,52.304,6971975.1,1.5,51.91,937695.01,4.5,47.618,1778679.62,4.3,52.024,486824.15,4,54.863,3852458.51,8.7,50.534,1145702.35,8.9,48.943,980109.59,2.2,50.786,218676.48,4.4,48.022,2976314.13,2.1,52.131,432204.64,4.8,50.664,4752395.22,2.8,51.158,613832.62,2.4,50.887,12554197.97,2.4,50.905,969532.3,4,49.843,1449457.22,2.1,51.169,186341.84,2.3,50.36,1213396.78,5.2,50.504,13849309.75,2.2,50.798,2625069.45,3.9,48.834,11932283.56,2.5,49.519,3070212.3,4.5,49.63,14028382.16,1.9,48.803,2784324.64,1.7,47.185,2281448.9,3,49.082,534850.27,3.7,47.803,2001862.8,2.3,49.85,461371.72,3.4,49.86,7368290.18,0.5,49.679,1813377.29,2.3,45.951,2105898.82,2.3,48.384,778716.51,2.3,49.847,13676390.17,1.3,49.784,4311952.59,2.5,44.904,3017840.66,2.3,47.271,945293.81,1,49.949,12905181.04,4.1,49.287,4202979.66,3.6,47.86,4158334.49,3.1,47.018,1350627.09,1.2,48.642,12669429.87,1.9,46.894,4266136.98,1.1,46.142,2610010.69,4,47.473,1004330.61,1.1,49.727,12373426.37,3.5,46.036,2342405.54,2.8,46.872,3080758.39,5.6,45.462,1010550.98,0.2,47.686,10895916.5,4.7,45.401,5193024.2,2.8,48.948,6788548.56,7.6,45.529,2829899.7,1,49.257,981902.84,0.7,46.023,820673.85,3.1,49.793,4944221,8,47.944,3928975.96,2.5,47.277,7680574.47,4.1,46.315,2933753.71,2.5,51.52,9455853.37,5.5,51.21,4255576.11,9.5,49.936,8596240.42,1.1,50.953,4288570.56,4.2,2856.51,2.7,0.2,910.95,13,0.2
"60  Ni  [ He ] :  CPS RSD value = 6.89 is over the allowed maximum = 5.00133  Cs  [ No Gas ] :  CPS RSD value = 5.40 is over the allowed maximum = 5.00137  Ba  [ He ] :  CPS RSD value = 6.84 is over the allowed maximum = 5.00172  Yb  [ No Gas ] :  CPS RSD value = 7.09 is over the allowed maximum = 5.00208  Pb  [ No Gas ] :  CPS RSD value = 5.02 is over the allowed maximum = 5.00232  Th  [ No Gas ] :  CPS RSD value = 6.85 is over the allowed maximum = 5.00103  Rh ( ISTD )  [ No Gas ] :  ISTD Recovery Percent value = 0.01 is outside the allowed range [80.00, 120.00]103  Rh ( ISTD )  [ He ] :  ISTD Recovery Percent value = 0.01 is outside the allowed range [80.00, 120.00]",FALSE,137SMPL.d,06-06-2025 00:50,Sample,,MCS 3317,26595.098,161262.31,4.8,25907.84,670.69,11.8,3458.598,5660.18,8.6,3023.776,83.42,6.9,11613.829,124057.44,0.5,13066.055,3907.82,2.5,81294.788,1111857.33,4.2,87504.304,86080.79,0.6,120794.646,1539700.59,2.4,128027.282,178459.51,2.6,9066.065,136922.6,3.5,9611.437,25132.22,0.7,52881.179,177923.89,2.1,57203.572,42594.38,6.9,27664.087,223672.22,2,28247.966,58138.3,3,113949.686,307238.68,2.5,111634.072,39849.78,1.3,19474.51,154394.36,1.4,22017.247,7586.47,5.3,168400.604,2545450.24,2.3,171033.29,93740.78,1.7,168114.48,3279930.35,2.2,170855.788,120849.66,1.1,24654.028,577329.83,2,25653.8,45300.27,2.3,68299.121,827481.21,2.5,72033.022,118221.46,1.9,1928.249,7943.72,6.4,1938.688,2082.26,3.8,1545.877,15568.31,4.1,2049.092,6294.52,12,194.619,473.82,9.5,162.238,93.43,59,3114.357,19798.38,0.8,3359.564,2849.86,11.1,525.031,5586.83,6.5,487.321,724.08,6.5,6653.72,152357.9,5.4,7113.932,12502,2.8,901204.591,2373204.93,2.2,870807.634,287239.43,6.8,847341.497,1849514.78,1.9,44833.676,1116411.83,3.8,46466.278,218048.85,1.2,83490.896,1852606.73,3.8,83991.164,472984.9,3,9743.141,250077.98,2.7,10110.446,52407.53,2.7,37351.533,164036.89,0.9,37525.612,37124.98,1.7,7306.676,27818.54,3.1,7707.841,6478.15,0.9,2238.556,30066.16,2.3,2132.697,7072.42,0.2,6699.202,27895.92,1.4,6510.015,9523.17,3.6,1027.412,25625.23,4.1,1048.295,8257.66,2.9,4995.383,30494.72,4.1,4978.231,9039.02,4.7,991.812,23295,4.8,1071.203,8291.07,2.6,2555.575,20189.92,2.4,2547.402,6645.12,6.4,400.573,9506.53,8.9,442.139,3657.54,4.9,2241.944,11530.3,7.1,2181.179,4191.58,3.9,357.649,8097.43,8.7,426.305,1978.82,11.1,2220.026,13267.15,2.8,2217.654,4487.5,4,1274.92,26919.33,1.8,1328.474,14048.02,4.7,770.382,11430.23,2.2,775.829,5269.77,9.9,128166.413,232699.15,0.8,122687.421,199246.22,2.9,127579.369,1153833.79,5,125322.082,935549.59,1,382.6,5924.79,3.2,438.37,2576.95,4.9,16612.187,276930.71,6.8,16868.172,127303.27,3.5,2259.818,35441.84,2.5,2284.724,17516.99,2.7,236.9,25.8,0,70.07,14.3,0
"51  V  [ He ] :  CPS RSD value = 5.14 is over the allowed maximum = 5.00133  Cs  [ He ] :  CPS RSD value = 5.61 is over the allowed maximum = 5.00137  Ba  [ No Gas ] :  Concentration value = 157.97 is over the calibration range137  Ba  [ He ] :  Concentration value = 142.85 is over the calibration range138  Ba  [ He ] :  Concentration value = 142.30 is over the calibration range138  Ba  [ He ] :  CPS RSD value = 5.45 is over the allowed maximum = 5.00165  Ho  [ No Gas ] :  CPS RSD value = 7.85 is over the allowed maximum = 5.00166  Er  [ No Gas ] :  CPS RSD value = 8.26 is over the allowed maximum = 5.00169  Tm  [ No Gas ] :  CPS RSD value = 9.22 is over the allowed maximum = 5.00205  Tl  [ No Gas ] :  CPS RSD value = 8.22 is over the allowed maximum = 5.00238  U  [ He ] :  CPS RSD value = 6.13 is over the allowed maximum = 5.00103  Rh ( ISTD )  [ No Gas ] :  ISTD Recovery Percent value = 0.02 is outside the allowed range [80.00, 120.00]103  Rh ( ISTD )  [ He ] :  ISTD Recovery Percent value = 0.02 is outside the allowed range [80.00, 120.00]",FALSE,138SMPL.d,06-06-2025 00:54,Sample,,MCS 3318,17610.338,182616.17,2,16517.318,730.75,3.6,3285.144,9192.28,3.2,3457.633,163.5,18.7,7743.279,139161.21,1.5,8304.78,4241.59,3.4,59476.542,1392807.29,3.4,62662.847,105643.34,5.1,100522.927,2167621.59,2.8,101905.753,242437.74,1.3,6136.592,158478.41,1.5,6526.322,29197.77,3.2,40389.695,231794.76,0.2,41049.522,52210.77,2.3,18635.133,257563.15,0.8,19151.651,67390.88,2.8,42220.984,217392.5,0.6,42294.571,28953.91,4.1,15534.887,210964.71,1.8,17107.584,10100.65,3.1,137649.27,3564158.33,3.9,135791.233,127516.43,2.1,175907.483,5858122.51,2.5,179632.021,216796.57,3.8,17449.246,700258.7,2.3,17691.699,53539.78,2.5,74704.336,1550219.35,2.4,77082.467,216729.88,4.8,1076.662,7663.29,2.8,1289.363,2312.53,1.9,57.535,6357.96,6,<0.000,1952.11,14.8,80.338,370.38,5.4,44.835,60.06,44.1,2155.178,23057.2,1.6,2459.767,3493.99,6.7,229.434,4465.26,4.9,212.782,590.61,4.5,4312.036,168865.02,4.4,4381.47,13186.73,5.6,1015395.707,4575232.85,3.8,918177.725,518251.02,2.1,914692.319,3416420.6,5.4,32581.421,1390510.41,4.8,32300.319,259784.55,2.1,58058.031,2207953.79,4.9,60032.841,579381.62,4.7,6834.516,300661.59,1.5,7036.792,62510.56,1.7,25410.378,191259.63,3,25545.479,43317.43,2.6,5128.351,33457.7,3.4,5217.933,7516.45,2.9,1608.676,37025.13,2,1542.906,8768.51,1.9,4704.93,33575.19,0.6,4578.245,11476.82,1.5,664.499,28403.88,2.3,698.566,9429.71,4.7,3430.125,35887.45,3.8,3700.809,11516.89,1.6,656.992,26444.67,7.8,700.962,9299.51,6.2,1729.332,23412.21,8.3,1766.329,7897.13,9.4,254.137,10334.77,9.2,263.609,3737.66,15.9,1524.304,13434.06,3,1516.935,4996.03,2.1,235.05,9119.19,8.4,219.622,1748.55,5.4,2168.142,22193.53,3.8,2045.036,7085.4,6.1,825.762,29832.81,3.7,795.111,14405.09,2.9,507.976,12692.74,8.2,499.592,5723.8,13.9,47973.399,149672.65,4.9,46421.76,129536.91,4.3,48848.435,759049.36,3.6,47044.104,603553.53,5,219.386,5828.09,6.8,212.783,2153.53,5.8,12602.525,360045.55,4.6,12146.566,157109.42,2.8,1739.683,46724.4,1.8,1723.973,22637.4,6.1,360.37,19.4,0,93.43,43.3,0
"153  Eu  [ No Gas ] :  CPS RSD value = 6.23 is over the allowed maximum = 5.00163  Dy  [ No Gas ] :  CPS RSD value = 5.01 is over the allowed maximum = 5.00165  Ho  [ No Gas ] :  CPS RSD value = 7.28 is over the allowed maximum = 5.00178  Hf  [ No Gas ] :  CPS RSD value = 7.32 is over the allowed maximum = 5.00207  [Pb]  [ He ] :  CPS RSD value = 5.48 is over the allowed maximum = 5.00103  Rh ( ISTD )  [ No Gas ] :  ISTD Recovery Percent value = 0.01 is outside the allowed range [80.00, 120.00]103  Rh ( ISTD )  [ He ] :  ISTD Recovery Percent value = 0.01 is outside the allowed range [80.00, 120.00]",FALSE,139SMPL.d,06-06-2025 00:58,Sample,,MCS 3319,12608.629,125986.28,4.3,13933.962,593.94,15.2,1623.053,4361.74,7.3,1328.403,60.06,16.7,6032.586,108330.98,1.3,6410.591,3176.9,1.7,42997.437,964574.84,0.5,44122.62,71149.51,1.8,77091.733,1607371.33,1.3,77464.714,176991.42,0.3,4530.896,112577.64,4.1,4741.032,20379.39,3.8,29650.012,163795.72,1.8,29642.613,36292.83,2,14450.425,192129.78,4.9,14949.509,50566.76,0.6,26215.919,153856.24,2.2,24078.845,19757.84,0.9,8848.785,115072.32,4.8,10373.818,5860.53,2.5,75407.426,1869488.24,4.7,77605.959,69747.69,3.3,65033.825,2090762.02,2.8,70235.317,81820.37,4,13136.41,504234.18,3.7,13427.617,38866.44,1.8,38419.066,762958.35,2,41136.49,110656.96,1.9,706.941,5336.44,2,664.623,1361.44,7.7,<0.000,4511.99,6.5,<0.000,1301.37,1.3,24.646,193.53,6,0,30.03,57.7,1485.703,15979.25,1.8,1597.628,2292.51,9.1,138.751,3053.43,3,153.346,467.14,7.5,2900.355,109817,2.6,3178.2,9209.25,6,392474.909,1696320.96,0.8,417812.846,226101.13,1.7,409394.203,1465920.71,2.3,23762.856,969848.63,3,26446.625,203401.86,1.9,44548.98,1620216.16,1.1,49213.271,454216.53,2.4,5267.888,221610.72,2.2,5853.165,49726.79,0.7,19161.235,137934.41,3.1,20671.591,33517.95,4.3,3951.053,24658.89,1.5,4198.696,5783.79,1.4,1016.962,22395.75,6.2,970.526,5276.41,9.8,3538.802,24154.54,3.4,3557.951,8531.45,0.4,530.654,21697.52,2.1,541.421,6992.3,3.8,2559.606,25612.08,5,2947.735,8771.86,0.7,488.207,18799.8,7.3,528.591,6705.19,5.3,1241.31,16079.81,0.3,1470.741,6287.91,4,186.591,7266.11,2.6,212.807,2886.56,7.6,1088.147,9175.93,3,1289.517,4061.41,3.7,166.001,6164.41,5.4,169.291,1291.36,6.6,1100.338,10781.39,7.3,1244.218,4127.37,9.1,601.918,20937.72,0.8,699.974,12166.01,1.6,266.87,7239.42,0.7,318.098,3834.46,7.3,24107.948,72462.43,3.3,23481.558,63112.23,5.5,21762.67,326340.23,3.9,23453.176,290029.95,3.1,224.065,5698.02,5.7,263.94,2543.61,3.2,9407.023,257023.54,2.2,10052.105,124333.24,2.7,1207.272,31047.95,2.9,1260.369,15843.19,4.4,193.53,20.9,0,66.73,22.9,0
"63  Cu  [ No Gas ] :  CPS RSD value = 7.26 is over the allowed maximum = 5.00103  Rh ( ISTD )  [ No Gas ] :  ISTD Recovery Percent value = 0.01 is outside the allowed range [80.00, 120.00]103  Rh ( ISTD )  [ He ] :  ISTD Recovery Percent value = 0.01 is outside the allowed range [80.00, 120.00]",FALSE,140SMPL.d,06-06-2025 01:03,Sample,,Wash,0.078,8207.35,4.5,<0.000,16.68,91.7,0.006,146.81,32.2,0.011,3.34,173.2,0.008,19055.87,2.8,0.03,270.27,6.4,0.03,10447.87,3.4,0.047,580.6,21,<0.000,59796.14,1.4,<0.000,1585.02,11.5,0.012,4261.64,8.8,0.01,597.28,7.6,<0.000,2856.51,10.4,<0.000,627.31,11.2,0.131,15915.46,7.3,0.152,4451.88,5.4,<0.000,17512.4,1.6,<0.000,2362.58,6.7,0.009,1184.58,4.7,0.012,56.72,62,0.111,23822.12,3.1,0.105,780.81,14.3,<0.000,13403.63,2.4,<0.000,520.53,18.3,0.008,2676.3,2.9,0.005,153.49,10,<0.000,743.36,6.4,<0.000,106.67,10.8,<0.000,393.73,20.7,<0.000,113.45,36.7,<0.000,4542.03,10.3,<0.000,1711.83,7.1,<0.000,113.45,25.5,0.002,40.04,66.1,<0.000,837.53,4.5,<0.000,123.46,24.8,0.004,1474.9,13.3,<0.000,176.84,59.5,0.03,10705.26,4.2,0.037,914.29,11.7,0.112,11864.12,1.2,0.113,1498.26,7.1,0.102,9195.91,2.5,0.012,3837.77,4.8,0.012,754.11,5.4,0.023,6661.78,2.5,0.021,1685.14,8.9,0.005,1448.2,10.6,0.004,260.26,10.2,0.01,613.96,13.9,0.015,176.84,14.2,0.003,166.83,29.6,0.004,40.04,50,0.002,393.73,32.8,0.002,96.76,41.8,0.003,190.19,32.9,0.002,53.39,75.8,0.002,623.97,25.8,0.002,163.5,35.9,0.003,240.24,18.2,0.004,80.08,76,0.003,694.05,6.8,0.002,176.84,17.3,0.002,223.56,13.7,0.002,53.39,10.8,0.002,613.96,6.2,0.002,183.52,8.3,0.002,130.13,13.3,0.002,43.38,48,0.002,427.1,17.6,0.002,96.76,65.7,0.003,196.67,11.7,0.003,86.67,17.6,0.006,1890.15,13,0.008,1203.4,25.9,<0.000,1227.96,5,<0.000,660.68,15.8,0.039,1818.63,1.7,0.04,1601.71,14.4,0.04,9222.77,6.8,0.037,7445.05,3.1,0.012,2196.88,6.2,0.014,963.37,4.3,0.011,2172.38,14.4,0.01,940.98,5.9,0.012,2212.43,5.8,0.013,1184.58,6.8,136.8,40.3,0,43.38,35.3,0
"63  Cu  [ No Gas ] :  CPS RSD value = 8.44 is over the allowed maximum = 5.00133  Cs  [ No Gas ] :  CPS RSD value = 6.29 is over the allowed maximum = 5.00103  Rh ( ISTD )  [ No Gas ] :  ISTD Recovery Percent value = 0.01 is outside the allowed range [80.00, 120.00]103  Rh ( ISTD )  [ He ] :  ISTD Recovery Percent value = 0.01 is outside the allowed range [80.00, 120.00]",FALSE,141SMPL.d,06-06-2025 01:07,Sample,,Wash,0.071,7753.28,3.6,0.036,33.37,62.4,0.009,190.19,24.1,0.011,3.34,173.2,0.003,18628.2,3.3,0.049,330.34,12.1,0.028,10090.57,4.4,0.048,600.62,19.2,<0.000,59772.79,1,<0.000,1558.32,7.7,0.012,4371.77,3.2,0.011,630.65,11,<0.000,2666.28,9.5,<0.000,674.03,28.5,0.125,15417.79,8.4,0.155,4521.96,6.4,<0.000,19557.47,4.5,<0.000,3163.55,6.3,0.01,1278.01,5.3,0.017,73.41,34.3,0.107,23234.01,3.3,0.13,927.63,9,<0.000,13069.72,3.2,<0.000,533.88,15.9,0.006,2229.09,9.1,0.006,160.16,43.3,<0.000,960.04,11.8,<0.000,100,30,<0.000,363.71,10.4,<0.000,80.08,12.5,<0.000,3971.26,3,<0.000,1348.09,4.9,<0.000,103.44,53.3,0.002,36.7,15.7,<0.000,824.19,5.7,<0.000,123.46,23.4,0.002,1278.01,9.7,<0.000,173.51,26.6,0.03,10695.22,6.3,0.036,884.25,6.4,0.089,11186.15,4.3,0.099,1444.87,5.6,0.127,9790.28,2.4,0.012,3957.92,6.3,0.013,807.5,15.5,0.023,6788.63,3.7,0.021,1688.47,10.9,0.005,1511.61,5.4,0.004,276.94,5.5,0.01,603.96,3.5,0.01,123.46,55.2,0.004,226.89,27,0.005,46.71,53.9,0.003,427.1,3.6,0.002,83.42,42.1,0.004,193.53,39.2,0.002,50.05,34.6,0.002,633.98,13.6,0.002,206.88,22.9,0.004,263.6,5.8,0.004,86.75,94,0.002,617.3,13.1,0.003,270.27,3.7,0.002,206.87,12.2,0.004,116.78,44,0.002,587.27,12.1,0.002,163.5,18.7,0.002,153.49,30.1,0.003,76.74,19.9,0.002,470.48,11.8,0.002,103.44,58.3,0.003,223.33,15.7,0.002,66.67,17.3,0.004,1360.08,8.9,0.005,826.7,6.2,<0.000,1104.49,10.4,<0.000,610.63,6.6,0.05,2055.58,15.4,0.038,1575.02,15.3,0.035,8715.2,6,0.037,7451.71,3.7,0.011,2083.52,15,0.013,906.71,12.8,0.011,2245.8,8.5,0.012,1061.11,2.5,0.012,2262.49,2.7,0.012,1064.45,11.3,113.45,18.4,0,56.72,20.4,0
,,,,,,,,,,,,,,,,,,,,,,,,,,,,,,,,,,,,,,,,,,,,,,,,,,,,,,,,,,,,,,,,,,,,,,,,,,,,,,,,,,,,,,,,,,,,,,,,,,,,,,,,,,,,,,,,,,,,,,,,,,,,,,,,,,,,,,,,,,,,,,,,,,,,,,,,,,,,,,,,,,,,,,,,,,,,,,,,,,,,,,,,,,,,,,,,,,,,,,,,,,,,,,,,,,,,,,,,,,,,,,,,,,,,,,,,,,,,,,,,,,,,,,,,,,,,,,,,,,,,,,,,,,,,,,,,,
,,,,,,,,,,,,,,,,,,,,,,,,,,,,,,,,,,,,,,,,,,,,,,,,,,,,,,,,,,,,,,,,,,,,,,,,,,,,,,,,,,,,,,,,,,,,,,,,,,,,,,,,,,,,,,,,,,,,,,,,,,,,,,,,,,,,,,,,,,,,,,,,,,,,,,,,,,,,,,,,,,,,,,,,,,,,,,,,,,,,,,,,,,,,,,,,,,,,,,,,,,,,,,,,,,,,,,,,,,,,,,,,,,,,,,,,,,,,,,,,,,,,,,,,,,,,,,,,,,,,,,,,,,,,,,,,,
,,,,,,,,,,,,,,,,,,,,,,,,,,,,,,,,,,,,,,,,,,,,,,,,,,,,,,,,,,,,,,,,,,,,,,,,,,,,,,,,,,,,,,,,,,,,,,,,,,,,,,,,,,,,,,,,,,,,,,,,,,,,,,,,,,,,,,,,,,,,,,,,,,,,,,,,,,,,,,,,,,,,,,,,,,,,,,,,,,,,,,,,,,,,,,,,,,,,,,,,,,,,,,,,,,,,,,,,,,,,,,,,,,,,,,,,,,,,,,,,,,,,,,,,,,,,,,,,,,,,,,,,,,,,,,,,,
,,,,,,,,,,,,,,,,,,,,,,,,,,,,,,,,,,,,,,,,,,,,,,,,,,,,,,,,,,,,,,,,,,,,,,,,,,,,,,,,,,,,,,,,,,,,,,,,,,,,,,,,,,,,,,,,,,,,,,,,,,,,,,,,,,,,,,,,,,,,,,,,,,,,,,,,,,,,,,,,,,,,,,,,,,,,,,,,,,,,,,,,,,,,,,,,,,,,,,,,,,,,,,,,,,,,,,,,,,,,,,,,,,,,,,,,,,,,,,,,,,,,,,,,,,,,,,,,,,,,,,,,,,,,,,,,,
,,,,,,,,,,,,,,,,,,,,,,,,,,,,,,,,,,,,,,,,,,,,,,,,,,,,,,,,,,,,,,,,,,,,,,,,,,,,,,,,,,,,,,,,,,,,,,,,,,,,,,,,,,,,,,,,,,,,,,,,,,,,,,,,,,,,,,,,,,,,,,,,,,,,,,,,,,,,,,,,,,,,,,,,,,,,,,,,,,,,,,,,,,,,,,,,,,,,,,,,,,,,,,,,,,,,,,,,,,,,,,,,,,,,,,,,,,,,,,,,,,,,,,,,,,,,,,,,,,,,,,,,,,,,,,,,,
,,,,,,,,,,,,,,,,,,,,,,,,,,,,,,,,,,,,,,,,,,,,,,,,,,,,,,,,,,,,,,,,,,,,,,,,,,,,,,,,,,,,,,,,,,,,,,,,,,,,,,,,,,,,,,,,,,,,,,,,,,,,,,,,,,,,,,,,,,,,,,,,,,,,,,,,,,,,,,,,,,,,,,,,,,,,,,,,,,,,,,,,,,,,,,,,,,,,,,,,,,,,,,,,,,,,,,,,,,,,,,,,,,,,,,,,,,,,,,,,,,,,,,,,,,,,,,,,,,,,,,,,,,,,,,,,,
,,,,,,,,,,,,,,,,,,,,,,,,,,,,,,,,,,,,,,,,,,,,,,,,,,,,,,,,,,,,,,,,,,,,,,,,,,,,,,,,,,,,,,,,,,,,,,,,,,,,,,,,,,,,,,,,,,,,,,,,,,,,,,,,,,,,,,,,,,,,,,,,,,,,,,,,,,,,,,,,,,,,,,,,,,,,,,,,,,,,,,,,,,,,,,,,,,,,,,,,,,,,,,,,,,,,,,,,,,,,,,,,,,,,,,,,,,,,,,,,,,,,,,,,,,,,,,,,,,,,,,,,,,,,,,,,,
,,,,,,,,,,,,,,,,,,,,,,,,,,,,,,,,,,,,,,,,,,,,,,,,,,,,,,,,,,,,,,,,,,,,,,,,,,,,,,,,,,,,,,,,,,,,,,,,,,,,,,,,,,,,,,,,,,,,,,,,,,,,,,,,,,,,,,,,,,,,,,,,,,,,,,,,,,,,,,,,,,,,,,,,,,,,,,,,,,,,,,,,,,,,,,,,,,,,,,,,,,,,,,,,,,,,,,,,,,,,,,,,,,,,,,,,,,,,,,,,,,,,,,,,,,,,,,,,,,,,,,,,,,,,,,,,,
,,,,, ,,,,,,,,,,,,,,,,,,,,,,,,,,,,,,,,,,,,,,,,,,,,,,,,,,,,,,,,,,,,,,,,,,,,,,,,,,,,,,,,,,,,,,,,,,,,,,,,,,,,,,,,,,,,,,,,,,,,,,,,,,,,,,,,,,,,,,,,,,,,,,,,,,,,,,,,,,,,,,,,,,,,,,,,,,,,,,,,,,,,,,,,,,,,,,,,,,,,,,,,,,,,,,,,,,,,,,,,,,,,,,,,,,,,,,,,,,,,,,,,,,,,,,,,,,,,,,,,,,,,,,,,,,,,
