Sample,Rjct,Data File,Acq. Date-Time,Type,Level,Solution Label,Total Dil.,Vial Number,7  Li  [ No Gas ] ,7  Li  [ He ] ,9  Be  [ No Gas ] ,9  Be  [ He ] ,45  Sc  [ No Gas ] ,45  Sc  [ He ] ,51  V  [ No Gas ] ,51  V  [ He ] ,52  Cr  [ No Gas ] ,52  Cr  [ He ] ,59  Co  [ No Gas ] ,59  Co  [ He ] ,60  Ni  [ No Gas ] ,60  Ni  [ He ] ,63  Cu  [ No Gas ] ,63  Cu  [ He ] ,66  Zn  [ No Gas ] ,66  Zn  [ He ] ,71  Ga  [ No Gas ] ,71  Ga  [ He ] ,85  Rb  [ No Gas ] ,85  Rb  [ He ] ,88  Sr  [ No Gas ] ,88  Sr  [ He ] ,89  Y  [ No Gas ] ,89  Y  [ He ] ,90  Zr  [ No Gas ] ,90  Zr  [ He ] ,95  Mo  [ No Gas ] ,95  Mo  [ He ] ,107  Ag  [ No Gas ] ,107  Ag  [ He ] ,111  Cd  [ No Gas ] ,111  Cd  [ He ] ,118  Sn  [ No Gas ] ,118  Sn  [ He ] ,121  Sb  [ No Gas ] ,121  Sb  [ He ] ,133  Cs  [ No Gas ] ,133  Cs  [ He ] ,137  Ba  [ No Gas ] ,137  Ba  [ He ] ,138  Ba  [ He ] ,139  La  [ No Gas ] ,139  La  [ He ] ,140  Ce  [ No Gas ] ,140  Ce  [ He ] ,141  Pr  [ No Gas ] ,141  Pr  [ He ] ,146  Nd  [ No Gas ] ,146  Nd  [ He ] ,147  Sm  [ No Gas ] ,147  Sm  [ He ] ,153  Eu  [ No Gas ] ,153  Eu  [ He ] ,157  Gd  [ No Gas ] ,157  Gd  [ He ] ,159  Tb  [ No Gas ] ,159  Tb  [ He ] ,163  Dy  [ No Gas ] ,163  Dy  [ He ] ,165  Ho  [ No Gas ] ,165  Ho  [ He ] ,166  Er  [ No Gas ] ,166  Er  [ He ] ,169  Tm  [ No Gas ] ,169  Tm  [ He ] ,172  Yb  [ No Gas ] ,172  Yb  [ He ] ,175  Lu  [ No Gas ] ,175  Lu  [ He ] ,178  Hf  [ No Gas ] ,178  Hf  [ He ] ,181  Ta  [ No Gas ] ,181  Ta  [ He ] ,205  Tl  [ No Gas ] ,205  Tl  [ He ] ,206  [Pb]  [ He ] ,207  [Pb]  [ He ] ,208  Pb  [ No Gas ] ,208  Pb  [ He ] ,209  Bi  [ No Gas ] ,209  Bi  [ He ] ,232  Th  [ No Gas ] ,232  Th  [ He ] ,238  U  [ No Gas ] ,238  U  [ He ] ,103  Rh ( ISTD )  [ No Gas ] ,,103  Rh ( ISTD )  [ He ] ,
,,,,,,,,,Conc. [ ppb ],Conc. [ ppb ],Conc. [ ppb ],Conc. [ ppb ],Conc. [ ppb ],Conc. [ ppb ],Conc. [ ppb ],Conc. [ ppb ],Conc. [ ppb ],Conc. [ ppb ],Conc. [ ppb ],Conc. [ ppb ],Conc. [ ppb ],Conc. [ ppb ],Conc. [ ppb ],Conc. [ ppb ],Conc. [ ppb ],Conc. [ ppb ],Conc. [ ppb ],Conc. [ ppb ],Conc. [ ppb ],Conc. [ ppb ],Conc. [ ppb ],Conc. [ ppb ],Conc. [ ppb ],Conc. [ ppb ],Conc. [ ppb ],Conc. [ ppb ],Conc. [ ppb ],Conc. [ ppb ],Conc. [ ppb ],Conc. [ ppb ],Conc. [ ppb ],Conc. [ ppb ],Conc. [ ppb ],Conc. [ ppb ],Conc. [ ppb ],Conc. [ ppb ],Conc. [ ppb ],Conc. [ ppb ],Conc. [ ppb ],Conc. [ ppb ],Conc. [ ppb ],Conc. [ ppb ],Conc. [ ppb ],Conc. [ ppb ],Conc. [ ppb ],Conc. [ ppb ],Conc. [ ppb ],Conc. [ ppb ],Conc. [ ppb ],Conc. [ ppb ],Conc. [ ppb ],Conc. [ ppb ],Conc. [ ppb ],Conc. [ ppb ],Conc. [ ppb ],Conc. [ ppb ],Conc. [ ppb ],Conc. [ ppb ],Conc. [ ppb ],Conc. [ ppb ],Conc. [ ppb ],Conc. [ ppb ],Conc. [ ppb ],Conc. [ ppb ],Conc. [ ppb ],Conc. [ ppb ],Conc. [ ppb ],Conc. [ ppb ],Conc. [ ppb ],Conc. [ ppb ],Conc. [ ppb ],Conc. [ ppb ],Conc. [ ppb ],Conc. [ ppb ],Conc. [ ppb ],Conc. [ ppb ],Conc. [ ppb ],Conc. [ ppb ],Conc. [ ppb ],Conc. [ ppb ],Conc. [ ppb ],Conc. [ ppb ],Conc. [ ppb ],Conc. [ ppb ],Conc. [ ppb ],Conc.,Conc. RSD,Conc.,Conc. RSD
103  Rh ( ISTD )  [ No Gas ] :  CPS RSD value = 5.29 is over the allowed maximum = 5.00,FALSE,001SMPL.d,14-05-2025 11:32,Sample,,Wash,1,1101,,,,,,,,,,,,,,,,,,,,,,,,,,,,,,,,,,,,,,,,,,,,,,,,,,,,,,,,,,,,,,,,,,,,,,,,,,,,,,,,,,,,,,,,,,,
137  Ba  [ No Gas ] :  CPS RSD value = 5.64 is over the allowed maximum = 5.00,FALSE,002SMPL.d,14-05-2025 11:36,Sample,,Wash,1,1101,,,,,,,,,,,,,,,,,,,,,,,,,,,,,,,,,,,,,,,,,,,,,,,,,,,,,,,,,,,,,,,,,,,,,,,,,,,,,,,,,,,,,,,,,,,
,FALSE,003SMPL.d,14-05-2025 11:40,Sample,,Wash,1,1101,,,,,,,,,,,,,,,,,,,,,,,,,,,,,,,,,,,,,,,,,,,,,,,,,,,,,,,,,,,,,,,,,,,,,,,,,,,,,,,,,,,,,,,,,,,
,FALSE,004SMPL.d,14-05-2025 11:44,Sample,,Wash,1,1101,,,,,,,,,,,,,,,,,,,,,,,,,,,,,,,,,,,,,,,,,,,,,,,,,,,,,,,,,,,,,,,,,,,,,,,,,,,,,,,,,,,,,,,,,,,
138  Ba  [ He ] :  CPS RSD value = 5.52 is over the allowed maximum = 5.00,FALSE,005CALB.d,14-05-2025 11:48,CalBlk,1,Blank,1,1101,0,0,0,0,0,0,0,0,0,0,0,0,0,0,0,0,0,0,0,0,0,0,0,0,0,0,0,0,0,0,0,0,0,0,0,0,0,0,0,0,0,0,0,0,0,0,0,0,0,0,0,0,0,0,0,0,0,0,0,0,0,0,0,0,0,0,0,0,0,0,0,0,0,0,0,0,0,0,0,0,0,0,0,0,0,0,0,,,,
88  Sr  [ No Gas ] :  CPS RSD value = 8.49 is over the allowed maximum = 5.00175  Lu  [ No Gas ] :  CPS RSD value = 6.46 is over the allowed maximum = 5.00181  Ta  [ No Gas ] :  CPS RSD value = 6.29 is over the allowed maximum = 5.00232  Th  [ No Gas ] :  CPS RSD value = 6.50 is over the allowed maximum = 5.00,FALSE,006CALS.d,14-05-2025 11:52,CalStd,2,Standard 1,1,1102,0.11,0.112,0.102,0.065,0.088,0.117,0.094,0.097,0.064,0.076,0.099,0.106,0.078,0.093,0.08,0.091,<0.000,<0.000,0.096,0.109,0.085,0.105,0.088,0.093,0.098,0.117,0.096,0.104,0.096,0.093,0.067,0.071,0.101,0.114,0.094,0.097,0.097,0.108,0.099,0.107,<0.000,<0.000,<0.000,0.1,0.107,0.096,0.097,0.098,0.105,0.099,0.105,0.098,0.104,0.098,0.11,0.096,0.096,0.101,0.1,0.101,0.1,0.095,0.104,0.095,0.099,0.095,0.103,0.101,0.107,0.095,0.104,0.103,0.109,0.072,0.068,0.094,0.103,0.076,0.082,0.071,0.078,0.099,0.099,0.093,0.098,0.098,0.101,,,,
157  Gd  [ He ] :  CPS RSD value = 6.11 is over the allowed maximum = 5.00207  [Pb]  [ He ] :  CPS RSD value = 5.98 is over the allowed maximum = 5.00208  Pb  [ No Gas ] :  CPS RSD value = 5.16 is over the allowed maximum = 5.00232  Th  [ No Gas ] :  CPS RSD value = 5.03 is over the allowed maximum = 5.00,FALSE,007CALS.d,14-05-2025 11:56,CalStd,3,Standard 2,1,1103,1.101,1.053,1.029,1.062,0.903,0.992,0.995,1.05,0.975,1.02,1.01,1.04,1.003,1.021,0.991,1.046,<0.000,<0.000,0.991,1.143,0.978,1.068,0.988,1.068,0.972,1.114,0.97,1.085,1.021,1.106,1.06,1.115,1.066,1.047,0.999,1.04,0.961,1.106,1.013,1.08,0.93,1.089,0.993,1.018,1.067,0.981,1.017,0.988,1.059,1.029,1.074,0.978,1.061,0.987,1.063,1.025,1.044,1.018,1.032,1.018,1.071,0.986,1.048,0.932,1.058,1.009,1.027,0.966,1.07,0.991,1.058,0.994,1.075,0.804,0.768,0.969,1.012,1.025,1.048,0.975,1.008,0.978,1.001,0.97,0.971,0.958,1.025,,,,
147  Sm  [ No Gas ] :  CPS RSD value = 5.49 is over the allowed maximum = 5.00208  Pb  [ No Gas ] :  CPS RSD value = 5.69 is over the allowed maximum = 5.00232  Th  [ No Gas ] :  CPS RSD value = 5.76 is over the allowed maximum = 5.00,FALSE,008CALS.d,14-05-2025 12:00,CalStd,4,Standard 3,1,1104,10.836,10.22,10.229,9.87,9.096,9.868,9.56,10.251,9.85,10.263,9.661,9.997,9.781,10.336,9.73,10.248,8.567,8.315,9.53,10.473,9.963,10.45,9.641,10.525,9.792,10.564,9.675,10.307,9.548,10.404,10.906,11.505,10.063,10.236,9.525,10.437,9.64,10.274,9.505,10.609,10.112,10.816,10.253,9.702,10.414,9.746,9.673,9.742,10.229,9.608,10.4,9.75,10.503,9.653,10.168,9.989,10.573,9.567,10.027,9.72,10.268,9.761,9.76,9.226,10.116,9.782,9.818,9.782,10.026,9.399,10.181,9.757,10.057,8.739,8.724,9.854,9.658,10.096,9.866,9.304,9.915,9.783,9.719,9.56,9.751,9.438,9.855,,,,
107  Ag  [ He ] :  CPS RSD value = 5.06 is over the allowed maximum = 5.00147  Sm  [ He ] :  CPS RSD value = 5.15 is over the allowed maximum = 5.00157  Gd  [ No Gas ] :  CPS RSD value = 6.35 is over the allowed maximum = 5.00157  Gd  [ He ] :  CPS RSD value = 5.71 is over the allowed maximum = 5.00207  [Pb]  [ He ] :  CPS RSD value = 5.25 is over the allowed maximum = 5.00209  Bi  [ He ] :  CPS RSD value = 5.19 is over the allowed maximum = 5.00232  Th  [ He ] :  CPS RSD value = 5.73 is over the allowed maximum = 5.00238  U  [ He ] :  CPS RSD value = 6.17 is over the allowed maximum = 5.00,FALSE,009CALS.d,14-05-2025 12:04,CalStd,5,Standard 4,1,1105,21.295,21.955,20.643,19.594,18.255,19.977,19.377,19.949,19.627,20.679,19.735,19.55,19.463,20.715,19.447,20.54,19.066,18.926,19.127,20.857,19.674,20.964,19.809,20.276,19.47,21.398,19.779,20.751,19.574,20.805,20.591,21.406,20.11,21.029,18.906,20.021,19.155,21.104,19.839,20.971,20.175,21.907,20,19.456,20.732,19.696,19.313,19.653,20.581,19.473,21.212,19.406,20.667,19.171,20.383,20.359,20.363,19.795,20.262,20.13,20.527,19.545,20.288,18.699,20.383,20.215,20.048,19.317,20.914,20.009,19.753,19.016,20.667,19.219,18.655,18.532,19.438,20.196,20.345,19.319,19.71,19.313,19.343,19.506,19.263,19.304,19.57,,,,
7  Li  [ No Gas ] :  CPS RSD value = 5.39 is over the allowed maximum = 5.009  Be  [ He ] :  CPS RSD value = 5.01 is over the allowed maximum = 5.00157  Gd  [ No Gas ] :  CPS RSD value = 5.05 is over the allowed maximum = 5.00163  Dy  [ No Gas ] :  CPS RSD value = 5.32 is over the allowed maximum = 5.00205  Tl  [ No Gas ] :  CPS RSD value = 5.59 is over the allowed maximum = 5.00208  Pb  [ No Gas ] :  CPS RSD value = 8.01 is over the allowed maximum = 5.00232  Th  [ No Gas ] :  CPS RSD value = 6.59 is over the allowed maximum = 5.00103  Rh ( ISTD )  [ No Gas ] :  CPS RSD value = 5.81 is over the allowed maximum = 5.00103  Rh ( ISTD )  [ He ] :  CPS RSD value = 5.43 is over the allowed maximum = 5.00,FALSE,010CALS.d,14-05-2025 12:08,CalStd,6,Standard 5,1,4102,49.986,50.515,50.028,50.086,46.62,48.803,48.38,49.722,48.54,48.896,48.527,49.139,47.358,49.459,48.634,50.36,49.319,48.674,48.214,50.771,49.198,49.447,48.483,50.318,48.36,49.348,47.738,50.36,47.754,49.576,51.537,50.074,49.376,50.578,46.96,49.906,48.649,50.337,48.473,51.249,51.492,54.454,52.288,48.879,49.823,49.145,48.612,47.09,49.22,46.626,50.08,48.11,50.244,47.431,49.109,50.093,50.514,48.055,47.761,49.158,51.605,48.867,48.093,48.428,49.545,48.358,47.327,47.347,51.675,47.635,47.498,47.278,52.252,49.355,44.646,47.896,50.821,46.452,50.231,47.901,47.114,48.104,46.67,48.786,48.265,46.78,48.374,,,,
7  Li  [ He ] :  CPS RSD value = 5.42 is over the allowed maximum = 5.00111  Cd  [ He ] :  CPS RSD value = 5.29 is over the allowed maximum = 5.00169  Tm  [ No Gas ] :  CPS RSD value = 5.10 is over the allowed maximum = 5.00,FALSE,011CALS.d,14-05-2025 12:13,CalStd,7,Standard 6,1,1106,76.948,76.298,73.041,76.07,75.166,76.058,75.231,75.572,74.952,75.589,74.945,73.411,73.993,76.369,74.504,75.924,76.319,76.089,74.469,75.04,75.504,76.109,75.782,76.047,73.679,76.345,76.502,74.35,74.458,75.789,74.877,74.189,76.49,75.584,75.436,76.03,74.819,74.635,76.148,74.884,74.32,76.894,71.965,75.335,76.552,74.769,73.155,74.176,75.905,76.227,74.716,72.652,75.456,75.728,73.99,74.844,74.718,76.772,75.324,75.564,74.951,75.97,74.262,74.245,74.107,75.384,76.078,74.371,73.423,74.161,76.992,74.035,72.312,75.239,74.123,74.529,72.973,74.793,73.618,75.258,73.681,76.058,77.12,74.059,73.122,75.789,75.364,,,,
7  Li  [ He ] :  CPS RSD value = 5.39 is over the allowed maximum = 5.00107  Ag  [ He ] :  CPS RSD value = 5.77 is over the allowed maximum = 5.00146  Nd  [ No Gas ] :  CPS RSD value = 5.26 is over the allowed maximum = 5.00178  Hf  [ He ] :  CPS RSD value = 5.00 is over the allowed maximum = 5.00181  Ta  [ He ] :  CPS RSD value = 5.30 is over the allowed maximum = 5.00205  Tl  [ He ] :  CPS RSD value = 5.52 is over the allowed maximum = 5.00209  Bi  [ He ] :  CPS RSD value = 6.92 is over the allowed maximum = 5.00,FALSE,012CALS.d,14-05-2025 12:17,CalStd,8,Standard 7,1,1107,98.202,98.356,101.304,99.248,102.006,99.823,100.805,99.694,100.856,99.948,100.864,101.712,102.205,99.067,101.193,98.993,99.704,100.253,101.513,99.365,100.092,99.206,100.246,98.948,101.938,98.98,100.081,100.125,101.66,99.418,99.114,100.138,99.165,99.043,101.459,99.226,101.017,99.856,99.984,99.207,99.718,98.116,101.108,100.448,98.736,100.687,102.248,102.168,99.572,100.911,99.889,102.85,99.352,100.939,101.109,108.489,99.824,99.728,100.822,108.658,99.101,99.954,101.473,101.69,100.808,100.512,100.537,101.957,100.159,101.87,99.788,102.306,100.751,100.427,101.056,101.714,101.256,101.881,100.865,101.062,102.499,100.314,100.235,101.456,102.449,101.214,100.641,,,,
107  Ag  [ No Gas ] :  CPS RSD value = 5.22 is over the allowed maximum = 5.00,FALSE,013SMPL.d,14-05-2025 12:21,Sample,,Wash,1,4101,0.165,0.269,0.002,<0.000,0.012,0.005,0.075,0.072,0.04,0.055,0.031,0.03,0.1,0.11,0.251,0.265,<0.000,<0.000,0.015,0.017,0.184,0.193,0.016,0.015,0.01,0.01,0.005,0.005,0.208,0.196,0.124,0.142,0.005,<0.000,0.007,0.003,0.024,0.023,0.065,0.07,0.088,0.074,0.078,0.009,0.009,0.018,0.018,0.004,0.004,0.009,0.008,0.006,0.005,0.003,0.001,0.004,0.005,0.002,0.002,0.004,0.005,0.002,0.002,0.003,0.003,0.002,0.001,0.002,0.001,0.002,0.002,0.004,0.005,0.017,0.022,0.018,0.015,0.087,0.086,0.077,0.082,0.019,0.019,0.012,0.013,0.019,0.016,,,,
7  Li  [ No Gas ] :  CPS RSD value = 5.01 is over the allowed maximum = 5.0066  Zn  [ No Gas ] :  CPS RSD value = 5.00 is over the allowed maximum = 5.00,FALSE,014SMPL.d,14-05-2025 12:25,Sample,,Wash,1,4101,0.171,0.224,0,0,<0.000,0.017,0.068,0.073,0.029,0.051,0.031,0.03,0.097,0.107,0.265,0.27,<0.000,<0.000,0.013,0.016,0.176,0.186,0.018,0.017,0.01,0.012,0.003,0.006,0.077,0.067,0.057,0.073,0.003,<0.000,0.007,0.002,0.01,0.016,0.066,0.066,0.103,0.084,0.045,0.011,0.007,0.019,0.015,0.004,0.004,0.01,0.008,0.005,0.004,0.003,0.002,0.003,0.004,0.003,0.002,0.003,0.004,0.003,0.002,0.003,0.004,0.002,0.002,0.003,0.002,0.002,0.002,0.003,0.003,0.008,0.009,0.01,0.01,0.091,0.077,0.08,0.082,0.019,0.018,0.012,0.012,0.019,0.018,,,,
205  Tl  [ No Gas ] :  CPS RSD value = 5.32 is over the allowed maximum = 5.00,FALSE,015_QC1.d,14-05-2025 12:29,QC1,,QC MES 50 ppb,1,4102,50.34,48.619,49.565,48.164,47.603,47.858,49.018,47.785,49.087,47.791,49.27,46.487,47.19,48.766,48.475,48.065,49.005,47.071,48.77,48.262,50.23,47.32,48.528,48.742,49.627,47.609,48.369,49.732,47.547,48.519,52.126,49.861,48.12,51.05,47.169,48.85,49.147,49.499,50.21,49.718,51.213,52.596,52.153,50.225,48.372,49.407,49.591,49.822,47.574,46.704,48.801,48.049,48.892,49.807,49.972,50.166,48.756,49.364,51.345,50.357,49.131,48.908,50.741,48.428,49.739,51.666,50.453,46.361,49.842,50.952,48.453,47.379,49.602,50.734,46.809,49.136,47.423,49.132,48.904,50.38,48.149,50.978,46.519,50.12,48.743,49.516,47.808,,,,
107  Ag  [ No Gas ] :  CPS RSD value = 13.68 is over the allowed maximum = 5.00137  Ba  [ No Gas ] :  Concentration value = 303.72 is over the calibration range137  Ba  [ He ] :  Concentration value = 288.36 is over the calibration range138  Ba  [ He ] :  Concentration value = 278.40 is over the calibration range146  Nd  [ No Gas ] :  CPS RSD value = 5.79 is over the allowed maximum = 5.00178  Hf  [ No Gas ] :  CPS RSD value = 6.97 is over the allowed maximum = 5.00181  Ta  [ He ] :  CPS RSD value = 12.68 is over the allowed maximum = 5.00205  Tl  [ He ] :  CPS RSD value = 5.28 is over the allowed maximum = 5.00206  [Pb]  [ He ] :  CPS RSD value = 5.92 is over the allowed maximum = 5.00,FALSE,016_QC2.d,14-05-2025 12:33,QC2,,SJS-Std,3650.7995,4103,47526.136,53348.62,1520.39,1584.007,10702.54,11335.935,111156.764,108952.342,121791.731,120062.863,12431.37,12279.235,79092.212,82470.682,33926.651,34531.45,111307.907,110892.733,15711.795,16762.994,96904.052,94025.316,260038.338,249726.102,15032.274,15839.607,60849.744,62695.586,3788.179,3855.83,505.005,417.785,556.032,537.254,1580.56,1644.914,1769.858,1800.46,5096.804,5284.838,1108803.447,1052749.884,1016389.714,19273.074,20099.432,38738.299,37249.359,4480.378,4631.054,17014.182,16969.072,3321.134,3493.855,1013.683,842.591,3550.268,3355.2,500.468,484.215,3050,2890.492,565.067,575.6,1712.222,1728.061,256.73,264.351,1655.097,1693.333,261.693,269.204,2147.207,2141.337,1340.732,1874.487,617.282,597.066,19877.533,17481.491,17298.45,18444.137,289.212,282.141,8886.153,9266.334,3148.589,3039.794,,,,
52  Cr  [ He ] :  CPS RSD value = 5.56 is over the allowed maximum = 5.00,FALSE,017QBLK.d,14-05-2025 12:37,FQBlk,,BLK 1,101.6133,1110,5.85,5.693,1.269,0,0.988,2.715,8.324,4.086,100.38,118.43,11.789,12.799,84.749,92.06,20.063,21.382,523.252,499.766,2.071,2.542,6.471,6.798,283.057,299.809,1.667,2.175,17.44,17.849,7.227,6.81,2.304,2.318,1.924,2.289,6.311,6.472,10.382,11.953,2.001,2.098,<0.000,<0.000,<0.000,1.361,1.871,1.977,2.316,1.053,1.336,1.305,1.801,1.034,1.215,1.085,1.469,1.105,1.415,1.06,1.391,1.274,1.375,0.945,1.283,1.02,1.289,1.047,1.319,0.944,1.607,1.033,1.194,1.335,1.496,0.952,0.926,1.877,1.968,4.921,5.549,4.59,4.958,0.998,1.557,1.119,1.383,1.334,1.661,,,,
,FALSE,018SMPL.d,14-05-2025 12:41,Sample,,BLK 2,99.4082,1111,<0.000,<0.000,<0.000,0,<0.000,<0.000,<0.000,<0.000,27.514,23.766,2.258,0.826,9.965,13.367,<0.000,<0.000,19.555,16.943,<0.000,<0.000,0.115,<0.000,52.683,36.297,<0.000,<0.000,2.251,3.185,<0.000,<0.000,0.628,0.471,<0.000,<0.000,0.509,0.32,2.234,<0.000,<0.000,<0.000,2.943,<0.000,4.407,<0.000,<0.000,<0.000,<0.000,<0.000,<0.000,<0.000,<0.000,<0.000,<0.000,<0.000,<0.000,<0.000,<0.000,<0.000,<0.000,<0.000,<0.000,<0.000,<0.000,<0.000,<0.000,<0.000,<0.000,<0.000,<0.000,<0.000,<0.000,0.046,<0.000,<0.000,<0.000,<0.000,<0.000,0.123,<0.000,0.315,<0.000,<0.000,<0.000,<0.000,<0.000,<0.000,<0.000,,,,
66  Zn  [ No Gas ] :  CPS RSD value = 5.49 is over the allowed maximum = 5.00103  Rh ( ISTD )  [ No Gas ] :  CPS RSD value = 23.79 is over the allowed maximum = 5.00,FALSE,019SMPL.d,14-05-2025 12:45,Sample,,BLK 3,100.7201,1112,<0.000,<0.000,<0.000,0,<0.000,<0.000,<0.000,<0.000,<0.000,<0.000,<0.000,<0.000,<0.000,<0.000,<0.000,<0.000,<0.000,<0.000,<0.000,<0.000,<0.000,<0.000,<0.000,<0.000,<0.000,<0.000,<0.000,<0.000,<0.000,<0.000,<0.000,<0.000,<0.000,<0.000,<0.000,<0.000,<0.000,<0.000,<0.000,<0.000,<0.000,<0.000,<0.000,<0.000,<0.000,<0.000,<0.000,<0.000,<0.000,<0.000,<0.000,<0.000,<0.000,<0.000,<0.000,<0.000,<0.000,<0.000,<0.000,<0.000,<0.000,<0.000,<0.000,<0.000,<0.000,<0.000,<0.000,<0.000,<0.000,<0.000,<0.000,<0.000,<0.000,<0.000,<0.000,<0.000,<0.000,<0.000,<0.000,<0.000,<0.000,<0.000,<0.000,<0.000,<0.000,<0.000,<0.000,,,,
118  Sn  [ No Gas ] :  CPS RSD value = 5.23 is over the allowed maximum = 5.00137  Ba  [ No Gas ] :  Concentration value = 306.50 is over the calibration range137  Ba  [ He ] :  Concentration value = 280.04 is over the calibration range138  Ba  [ He ] :  Concentration value = 283.39 is over the calibration range159  Tb  [ He ] :  CPS RSD value = 6.35 is over the allowed maximum = 5.00163  Dy  [ He ] :  CPS RSD value = 6.89 is over the allowed maximum = 5.00165  Ho  [ He ] :  CPS RSD value = 7.24 is over the allowed maximum = 5.00175  Lu  [ No Gas ] :  CPS RSD value = 6.21 is over the allowed maximum = 5.00209  Bi  [ No Gas ] :  CPS RSD value = 7.46 is over the allowed maximum = 5.00,FALSE,020SMPL.d,14-05-2025 12:50,Sample,,SJS-Std,3650.7995,4103,47999.136,48888.685,1421.563,1415.496,10566.438,11256.719,110314.32,107312.988,116083.898,113693.796,11925.516,11742.81,75120.43,77352.503,32159.042,32876.189,95103.579,92750.609,15377.081,16621.832,98750.72,90454.818,249224.758,238042.916,14978.171,15208.727,59552.383,61004.426,3217.064,3125.693,253.012,164.073,428.399,303.332,1282.397,1348.354,1326.473,1328.417,4987.521,5049.163,1118963.6,1022355.235,1034599.776,19096.574,19531.724,39469.433,37909.632,4369.315,4417.932,17327.508,17187.132,3269.407,3254.973,996.478,813.913,3253.076,3173.752,460.151,420.417,2887.748,2842.317,518.834,540.502,1631.112,1587.791,213.353,203.849,1628.054,1632.691,204.607,205.086,2041.556,1978.305,744.411,861.874,496.209,483.48,19743.435,17710.955,17912.665,18110.254,233.56,223.222,9030.376,9174.321,3029.328,3036.342,,,,
118  Sn  [ He ] :  CPS RSD value = 7.46 is over the allowed maximum = 5.00137  Ba  [ No Gas ] :  Concentration value = 157.57 is over the calibration range137  Ba  [ He ] :  Concentration value = 151.08 is over the calibration range138  Ba  [ He ] :  Concentration value = 150.77 is over the calibration range163  Dy  [ No Gas ] :  CPS RSD value = 5.19 is over the allowed maximum = 5.00,FALSE,021SMPL.d,14-05-2025 12:54,Sample,,MCS 575,4017.6616,1201,35531.956,35835.908,2165.068,2262.426,11750.58,12381.174,85952.204,85591.827,67929.882,66882.433,13738.611,13433.416,26716.421,28421.128,27113.946,27167.846,76026,75821.415,21774.667,26303.983,179601.496,172442.285,41668.27,39016.579,28423.817,30450.674,12788.347,12853.945,1384.661,1454.886,<0.000,<0.000,<0.000,<0.000,5406.262,5592.379,271.332,242.575,9901.147,9966.302,633069.121,606993.904,605734.773,70915.925,70398.345,145018.953,133082.503,15516.578,15868.904,58507.402,59371.695,11204.413,11489.411,1724.516,1658.622,10819.825,9855.295,1341.652,1249.302,7050.145,6754.916,1180.822,1172.823,3334.344,3323.314,456.439,417.83,3007.648,3005.624,424.411,389.642,423.462,424.688,1292.326,1284.482,761.457,764.844,31299.844,29738.44,29421.483,30097.303,335.257,312.921,26932.009,27248.905,4440.234,4579.674,,,,
9  Be  [ No Gas ] :  CPS RSD value = 5.27 is over the allowed maximum = 5.00137  Ba  [ No Gas ] :  Concentration value = 169.24 is over the calibration range137  Ba  [ He ] :  Concentration value = 167.36 is over the calibration range138  Ba  [ He ] :  Concentration value = 160.45 is over the calibration range205  Tl  [ He ] :  CPS RSD value = 7.94 is over the allowed maximum = 5.00,FALSE,022SMPL.d,14-05-2025 12:58,Sample,,MCS 576,3799.5597,1202,25655.678,26439.094,2227.166,2069.457,10983.058,11467.689,81532.321,80624.025,68342.81,66271.149,13489.111,13206.405,27135.485,27493.424,27631.972,27660.464,80795.418,77218.558,19837.811,23392.531,168970.606,158969.943,54812.87,51515.934,24385.371,24833.153,10379.255,10771.768,848.093,900.687,<0.000,<0.000,3.688,<0.000,5030.045,5114.577,249.754,202.821,7796.645,7712.712,643045.317,635891.651,609633.517,60531.641,59625.459,125608.993,112024.428,13153.298,13505.023,49717.992,51649.981,9339.08,9573.96,1617.957,1595.384,8814.714,8004.729,1101.849,1028.302,5926.648,5774.179,990.664,1005.638,2667.114,2772.036,334.92,304.531,2289.023,2286.553,282.85,290.573,350.513,339.153,1264.241,1212.767,763.817,747.533,23303.364,20656.266,22162.218,22176.956,360.205,339.104,27273.35,27312.728,3963.219,3912.839,,,,
88  Sr  [ No Gas ] :  CPS RSD value = 5.31 is over the allowed maximum = 5.00137  Ba  [ No Gas ] :  Concentration value = 195.88 is over the calibration range137  Ba  [ He ] :  Concentration value = 187.44 is over the calibration range138  Ba  [ He ] :  Concentration value = 182.34 is over the calibration range146  Nd  [ He ] :  CPS RSD value = 5.82 is over the allowed maximum = 5.00153  Eu  [ He ] :  CPS RSD value = 5.11 is over the allowed maximum = 5.00159  Tb  [ He ] :  CPS RSD value = 6.08 is over the allowed maximum = 5.00207  [Pb]  [ He ] :  CPS RSD value = 7.38 is over the allowed maximum = 5.00209  Bi  [ He ] :  CPS RSD value = 6.04 is over the allowed maximum = 5.00,FALSE,023SMPL.d,14-05-2025 13:02,Sample,,MCS 577,3936.3286,1203,47445.498,45741.854,2544.554,2361.978,13658.843,14278.94,103545.974,103740.251,90167.991,84743.644,14943.9,15058.293,35618.322,36789.508,38060.839,38062.353,107378.57,102914.401,26090.476,30676.445,219987.895,208072.653,36715.062,35027.065,35701.557,35886.973,15579.303,16015.168,1503.651,1597.93,8.141,1.522,13.377,<0.000,7186.434,7463.35,283.653,270.305,14664.975,14589.577,771054.031,737821.287,717739.76,82438.096,79898.018,170829.355,158725.681,18014.752,18520.309,68326.761,68011.436,13260.25,14310.396,2004.178,1866.464,12870.754,11868.008,1572.852,1531.335,8829.573,8469.547,1418.747,1452.034,4017.438,4057.962,502.49,495.189,3568.177,3535.937,452.385,460.06,547.378,513.499,1743.796,1754.753,1012.848,923.394,35666.344,32220.253,34333.686,33535.318,667.102,619.069,35687.738,35184.624,5944.609,5917.771,,,,
137  Ba  [ No Gas ] :  Concentration value = 219.11 is over the calibration range137  Ba  [ He ] :  Concentration value = 208.48 is over the calibration range138  Ba  [ He ] :  Concentration value = 202.54 is over the calibration range159  Tb  [ He ] :  CPS RSD value = 5.40 is over the allowed maximum = 5.00172  Yb  [ No Gas ] :  CPS RSD value = 5.12 is over the allowed maximum = 5.00181  Ta  [ He ] :  CPS RSD value = 5.86 is over the allowed maximum = 5.00205  Tl  [ He ] :  CPS RSD value = 7.24 is over the allowed maximum = 5.00207  [Pb]  [ He ] :  CPS RSD value = 6.57 is over the allowed maximum = 5.00,FALSE,024SMPL.d,14-05-2025 13:06,Sample,,MCS 578,3643.2099,1204,44753.702,46622.95,2186.32,2354.255,12896.71,13961.773,100933.213,100758.555,85363.562,83865.462,15869.074,16162.253,33645.028,35334.807,27525.917,28663.83,90530.018,85457.262,24849.342,29654.665,214461.15,205492.322,34993.693,32663.526,23725.225,24771.458,12957.189,13641.015,1187.29,1228.363,<0.000,<0.000,<0.000,<0.000,6631.702,7078.589,314.561,293.605,12247.795,12458.191,798251.842,759545.569,737892.359,63619.703,64531.625,138078.639,130215.428,14461.42,14494.941,53432.374,56318.317,10347.897,10622.713,1663.875,1545.886,10016.089,8921.297,1168.173,1110.826,6192.798,5925.217,961.189,1009.087,2777.148,2854.912,341.703,339.176,2577.502,2516.354,320.089,316.471,454.064,441.025,1557.47,1554.584,918.315,972.337,29922.565,28567.224,28751.763,28518.535,446.201,429.538,28664.193,28311.425,4481.148,4677.594,,,,
121  Sb  [ No Gas ] :  CPS RSD value = 5.47 is over the allowed maximum = 5.00137  Ba  [ No Gas ] :  Concentration value = 169.27 is over the calibration range137  Ba  [ He ] :  Concentration value = 157.27 is over the calibration range138  Ba  [ He ] :  Concentration value = 156.33 is over the calibration range172  Yb  [ No Gas ] :  CPS RSD value = 5.23 is over the allowed maximum = 5.00181  Ta  [ He ] :  CPS RSD value = 6.10 is over the allowed maximum = 5.00238  U  [ He ] :  CPS RSD value = 6.83 is over the allowed maximum = 5.00,FALSE,025SMPL.d,14-05-2025 13:10,Sample,,MCS 579,3577.3219,1205,34553.974,35796.931,1992.553,1750.27,10438.936,11496.596,81679.778,81042.563,65012.034,64215.854,11555.924,11700.404,24636.184,25710.735,24853.558,25390.224,65746.922,62202.537,20044.865,23893.883,177406.463,166677.3,39515.709,36322.007,20584.595,21155.003,12096.764,12577.921,829.33,836.584,<0.000,<0.000,<0.000,<0.000,5569.449,5785.515,257.279,168.71,9674.984,9781.454,605520.911,562611.402,559231.29,61809.229,60866.791,135855.453,121722.949,13837.593,14104.135,53081.351,53377.316,10182.362,10134.358,1446.888,1415.685,9576.02,8487.517,1081.138,1037.101,5636.284,5553.589,875.969,878.858,2503.649,2532.64,320.688,299.714,2304.298,2359.295,295.971,282.136,394.456,423.525,1763.407,1711.622,736.496,779.514,26961.211,26389.729,26330.458,25973.032,350.192,322.769,26638.35,26562.701,4366.869,4384.092,,,,
137  Ba  [ No Gas ] :  Concentration value = 241.00 is over the calibration range137  Ba  [ He ] :  Concentration value = 223.61 is over the calibration range138  Ba  [ He ] :  Concentration value = 216.41 is over the calibration range103  Rh ( ISTD )  [ No Gas ] :  CPS RSD value = 8.71 is over the allowed maximum = 5.00,FALSE,026SMPL.d,14-05-2025 13:14,Sample,,MCS 580,3728.1405,1206,53064.389,56609.886,2811.569,2581.218,15704.33,16958.359,123788.659,119660.626,101942.39,99223.53,18991.572,18560.976,41094.092,42138.981,39438.705,39614.828,137964.829,128584.849,30019.799,34103.887,251494.099,231456.388,44522.67,40232.125,36820.003,36268.127,21331.882,21870.453,2215.967,2265.46,15.146,<0.000,43.442,<0.000,8201.874,8201.56,401.248,403.825,15146.066,14920.376,898495.028,833656.604,806796.449,75451.819,74059.565,164480.149,146089.681,16662.373,16693.339,65321.099,64078.809,12270.211,12303.699,1989.817,1893.215,11931.981,10601.186,1524.181,1374.082,8425.428,8337.617,1446.116,1420.856,4190.812,4112.214,530.053,529.5,3791.793,3769.997,488.546,479.313,774.634,674.367,2052.215,2056.9,1151.838,1067.734,40552.135,36269.754,38753.913,38230.239,628.805,581.866,29507.255,29313.519,5543.378,5315.523,,,,
59  Co  [ He ] :  CPS RSD value = 5.63 is over the allowed maximum = 5.0088  Sr  [ He ] :  CPS RSD value = 5.72 is over the allowed maximum = 5.00118  Sn  [ He ] :  CPS RSD value = 9.72 is over the allowed maximum = 5.00137  Ba  [ No Gas ] :  Concentration value = 200.70 is over the calibration range137  Ba  [ He ] :  Concentration value = 188.82 is over the calibration range137  Ba  [ He ] :  CPS RSD value = 5.42 is over the allowed maximum = 5.00138  Ba  [ He ] :  Concentration value = 187.30 is over the calibration range139  La  [ He ] :  CPS RSD value = 5.73 is over the allowed maximum = 5.00140  Ce  [ He ] :  CPS RSD value = 6.81 is over the allowed maximum = 5.00146  Nd  [ He ] :  CPS RSD value = 7.77 is over the allowed maximum = 5.00153  Eu  [ He ] :  CPS RSD value = 8.54 is over the allowed maximum = 5.00159  Tb  [ No Gas ] :  CPS RSD value = 6.67 is over the allowed maximum = 5.00159  Tb  [ He ] :  CPS RSD value = 6.90 is over the allowed maximum = 5.00163  Dy  [ He ] :  CPS RSD value = 6.63 is over the allowed maximum = 5.00165  Ho  [ He ] :  CPS RSD value = 6.30 is over the allowed maximum = 5.00169  Tm  [ He ] :  CPS RSD value = 6.20 is over the allowed maximum = 5.00205  Tl  [ He ] :  CPS RSD value = 5.93 is over the allowed maximum = 5.00103  Rh ( ISTD )  [ No Gas ] :  CPS RSD value = 9.50 is over the allowed maximum = 5.00103  Rh ( ISTD )  [ He ] :  CPS RSD value = 25.34 is over the allowed maximum = 5.00,FALSE,027SMPL.d,14-05-2025 13:18,Sample,,MCS 581,4064.2306,1207,50081.014,50006.711,2826.577,2851.433,14028.041,15170.969,107878.873,104627.446,87337.519,82227.654,17738.091,17396.158,35150.437,35704.339,37228.689,36959.953,97838.195,92963.467,25833.512,29576.151,225225.094,210477.617,41361.304,37116.835,33367.745,34857.435,14902.59,15237.172,1418.721,1399.803,<0.000,<0.000,9.208,<0.000,7246.091,7094.25,276.776,194.832,13815.254,13950.757,815689.179,767422.45,761238.824,78242.777,75281.233,163145.431,146366.146,16854.558,16899.32,64209.335,64449.725,12436.912,12721.138,2003.57,1809.462,12014.32,10989.455,1520.493,1416.536,8311.059,8024.943,1412.891,1366.402,3852.839,4001.891,527.281,483.058,3614.655,3657.327,472.707,470.843,532.436,490.081,1791.43,1732.877,1020.213,1000.698,36497.235,33336.717,33782.662,34400.181,611.762,559.177,31820.754,30981.641,5592.562,5760.423,,,,
141  Pr  [ No Gas ] :  CPS RSD value = 5.20 is over the allowed maximum = 5.00163  Dy  [ No Gas ] :  CPS RSD value = 5.51 is over the allowed maximum = 5.00166  Er  [ He ] :  CPS RSD value = 5.39 is over the allowed maximum = 5.00,FALSE,028_QC1.d,14-05-2025 13:22,QC1,,QC MES 50 ppb,1,4102,52.167,50.604,51.107,51.195,46.147,45.217,49.451,47.758,48.793,46.702,49.212,46.51,45.512,47.642,49.121,47.636,44.005,42.615,51.495,48.878,49.338,47.994,48.56,44.352,51.491,49.841,50.656,47.912,47.368,49.67,53.784,51.117,50.779,50.196,49.42,49.449,52.921,50.227,52.028,50.07,54.583,54.96,52.453,52.253,50.792,53.04,49.977,51.894,49.673,50.22,51.048,49.491,51.178,53.141,50.938,53.838,52.396,53.157,52.07,55.626,52.234,52.441,52.31,53.58,53.503,54.422,51.646,51.017,52.443,53.901,51.372,52.345,52.406,52.948,52.016,56.372,51.792,52.94,52.903,55.269,52.627,55.249,50.179,57.978,56.284,53.868,57.244,,,,
137  Ba  [ No Gas ] :  Concentration value = 159.26 is over the calibration range137  Ba  [ He ] :  Concentration value = 149.32 is over the calibration range138  Ba  [ He ] :  Concentration value = 147.28 is over the calibration range140  Ce  [ He ] :  CPS RSD value = 5.87 is over the allowed maximum = 5.00169  Tm  [ He ] :  CPS RSD value = 6.07 is over the allowed maximum = 5.00,FALSE,029SMPL.d,14-05-2025 13:26,Sample,,MCS 582,4370.6594,1208,38824.579,37808.971,2152.877,2017.382,12401.72,12760.358,96526.757,91143.209,77280.03,74832.167,15485.735,15439.306,30872.638,32133.498,30253.839,30253.962,78410.993,71778.411,22932.519,28678.211,194977.977,180184.046,32365.216,32165.855,30723.306,31105.765,13809.286,13965.912,1356.233,1346.797,78.618,100.534,7.779,<0.000,6085.516,6365.53,304.598,280.876,11461.301,11452.152,696051.559,652639.434,643730.459,99454.906,93912.19,199773.912,188524.116,20997.624,21480.416,81448.393,80911.312,15162.033,15442.469,2153.155,1930.076,14241.016,13526.42,1712.19,1521.686,8292.691,7874.793,1335.501,1276.715,3421.605,3564.816,461.082,443.691,2963.711,2948.904,428.659,385.038,522.446,464.057,1572.939,1517.724,918.709,874.415,28758.596,27546.445,28339.894,27670.001,521.673,469.201,41470.722,40102.36,6532.255,6456.688,,,,
95  Mo  [ He ] :  CPS RSD value = 5.19 is over the allowed maximum = 5.00137  Ba  [ No Gas ] :  Concentration value = 321.60 is over the calibration range137  Ba  [ He ] :  Concentration value = 291.15 is over the calibration range138  Ba  [ He ] :  Concentration value = 294.26 is over the calibration range165  Ho  [ He ] :  CPS RSD value = 6.73 is over the allowed maximum = 5.00181  Ta  [ He ] :  CPS RSD value = 7.79 is over the allowed maximum = 5.00206  [Pb]  [ He ] :  CPS RSD value = 5.23 is over the allowed maximum = 5.00,FALSE,030_QC2.d,14-05-2025 13:31,QC2,,SJS-Std,3650.7995,4103,51113.677,51711.895,1484.733,1685.114,10132.457,10634.29,111643.478,107400.421,117084.814,111195.683,11601.187,12010.392,73804.642,76102.841,32211.251,32830.227,96212.364,89813.094,15560.944,15948.32,100339.239,91728.883,263577.5,233455.473,15494.598,15510.044,59623.433,60500.027,3263.074,3375.845,268.795,197.597,463.855,401.013,1388.168,1331.367,1381.707,1343.557,5191.585,5208.19,1174099.865,1062947.655,1074297.517,20440.311,20153.346,39463.053,38431.706,4591.864,4454.795,17434.544,17865.463,3498.616,3415.533,1031.207,851.871,3683.9,3336.078,459.623,442.747,3085.76,2918.309,550.422,566.759,1722.965,1709.992,231.503,215.271,1729.556,1603.517,240.027,217.313,2172.118,2176.878,918.518,1052.395,547.073,529.986,20427.386,18311.967,19377.622,19348.496,264.443,229.572,9839.922,9890.035,3380.275,3303.542,,,,
137  Ba  [ No Gas ] :  Concentration value = 181.79 is over the calibration range137  Ba  [ He ] :  Concentration value = 168.09 is over the calibration range138  Ba  [ He ] :  Concentration value = 165.75 is over the calibration range,FALSE,031SMPL.d,14-05-2025 13:35,Sample,,MCS 583,3798.2532,1209,38561.122,40221.224,2848.613,3015.495,12236.416,13355.863,93454.613,91669.908,75550.485,72348.552,14716.132,14725.757,30679.068,32270.464,28699.281,29506.543,89760.072,85505.198,22666.142,26668.096,189389.092,178410.7,53471.7,48916.207,28259.983,29434.608,12684.449,13162.625,1724.474,1890.231,9.399,<0.000,28.276,<0.000,5910.688,6481.625,296.797,203.735,11429.471,11906.148,690503.079,638458.184,629571.421,62266.139,61030.966,129638.105,115836.236,13879.2,13711.037,50750.105,51325.495,10144.403,9978.814,1641.497,1567.699,9970.443,8590.272,1221.728,1117.708,6646.392,6422.46,1117.684,1057.323,3146.863,3098.809,412.666,412.226,2894.947,2727.301,386.223,364.469,449.402,438.972,1593.549,1574.964,918.054,910.787,34538.725,32057.783,32454.882,33097.211,495.944,470.328,25225.883,25565.238,4733.747,4732.649,,,,
137  Ba  [ No Gas ] :  Concentration value = 205.54 is over the calibration range137  Ba  [ He ] :  Concentration value = 190.46 is over the calibration range138  Ba  [ He ] :  Concentration value = 187.90 is over the calibration range147  Sm  [ He ] :  CPS RSD value = 6.05 is over the allowed maximum = 5.00,FALSE,032SMPL.d,14-05-2025 13:39,Sample,,MCS 584,3707.2313,1210,39336.539,39381.926,1984.109,1745.384,13588.01,14588.313,108351.026,105068.793,84332.744,79765.775,12176.224,12307.867,30310.213,31257.465,28179.403,28534.61,90552.729,86068.414,25571.124,29026.341,191368.122,179474.834,37226.859,32794.759,23713.831,24494.451,11290.666,11615.695,1497.405,1580.249,<0.000,<0.000,<0.000,<0.000,6552.611,6730.088,278.676,249.77,11978.713,12609.825,761977.879,706078.861,696606.343,71167.453,68238.26,145145.072,132082.882,15651.375,15854.557,58789.885,59643.867,11130.732,11679.44,1687.121,1596.52,10919.282,9925.073,1234.143,1188.155,6501.186,6012.2,976.504,976.613,2611.392,2627.172,315.37,317.666,2280.485,2277.824,287.395,284.273,392.46,383.164,1541.645,1479.911,880.454,861.229,29829.746,29067.264,28599.199,28799.632,408.564,363.111,29754.498,28871.198,4415.399,4347.134,,,,
52  Cr  [ No Gas ] :  CPS RSD value = 6.16 is over the allowed maximum = 5.00137  Ba  [ No Gas ] :  Concentration value = 142.36 is over the calibration range137  Ba  [ He ] :  Concentration value = 136.29 is over the calibration range138  Ba  [ He ] :  Concentration value = 128.74 is over the calibration range,FALSE,033SMPL.d,14-05-2025 13:43,Sample,,MCS 585,3989.0039,1211,27592.099,28114.932,2147.071,1951.693,9716.995,9942.705,73740.288,71617.887,55971.617,56310.02,8160.282,8115.277,19049.714,19285.975,20347.63,20941.295,63552.327,58684.41,18251.087,22059.664,152398.966,142766.112,51855.37,47184.025,19656.66,20838.706,7635.413,7704.485,1745.402,1900.643,<0.000,<0.000,<0.000,19.66,5866.139,5831.119,191.992,144.712,8616.893,8509.131,567866.598,543675.628,513554.546,61186.511,57227.463,114887.445,108297.24,12888.734,13028.717,47473.202,48886.735,9313.526,9156.313,1295.745,1271.249,8553.894,7945.285,1013.267,931.085,5121.392,5089.814,790.81,790.188,2121.036,2189.825,261.075,241.238,1797.336,1719.54,219.429,191.37,247.851,223.627,1276.299,1208.982,632.422,647.135,49436.379,47499.06,47818.757,47725.28,281.899,237.611,24192.884,23424.349,2897.907,2955.278,,,,
137  Ba  [ No Gas ] :  Concentration value = 187.86 is over the calibration range137  Ba  [ He ] :  Concentration value = 172.06 is over the calibration range138  Ba  [ He ] :  Concentration value = 168.05 is over the calibration range157  Gd  [ He ] :  CPS RSD value = 6.48 is over the allowed maximum = 5.00169  Tm  [ No Gas ] :  CPS RSD value = 6.17 is over the allowed maximum = 5.00169  Tm  [ He ] :  CPS RSD value = 5.90 is over the allowed maximum = 5.00172  Yb  [ He ] :  CPS RSD value = 6.27 is over the allowed maximum = 5.00175  Lu  [ No Gas ] :  CPS RSD value = 5.40 is over the allowed maximum = 5.00232  Th  [ No Gas ] :  CPS RSD value = 5.29 is over the allowed maximum = 5.00,FALSE,034SMPL.d,14-05-2025 13:47,Sample,,MCS 586,3666.314,1212,41191.009,45727.007,2182.559,1726.12,13481.605,13832.712,101935.482,99912.035,83985.609,78503.057,17424.481,17383.718,35772.291,36917.366,40788.41,40829.075,171777.661,163220.446,24342.303,27195.78,200262.414,190211.671,30329.032,28939.295,26355.525,28401.042,13173.943,13092.562,1791.099,1917.152,13.676,<0.000,32.634,<0.000,6689.169,6859.44,348.057,283.115,12715.306,13138.714,688740.6,630836.27,616118.752,54508.747,54352.993,122829.94,107999.255,12235.047,12551.496,46360.704,46068.056,9499.201,9178.863,1502.599,1361.041,8771.628,8042.504,1137.235,1059.466,6395.025,6011.336,1083.365,1059.333,3067.839,3141.125,408.63,375.749,2853.148,2970.276,383.494,357.823,442.075,420.853,1564.628,1484.19,903.14,886.668,32335.042,30984.618,31577.101,31421.022,716.941,682.687,23745.339,23791.237,4500.612,4608.728,,,,
88  Sr  [ No Gas ] :  CPS RSD value = 5.94 is over the allowed maximum = 5.00137  Ba  [ No Gas ] :  Concentration value = 224.76 is over the calibration range137  Ba  [ He ] :  Concentration value = 206.84 is over the calibration range138  Ba  [ He ] :  Concentration value = 202.98 is over the calibration range165  Ho  [ He ] :  CPS RSD value = 6.07 is over the allowed maximum = 5.00172  Yb  [ No Gas ] :  CPS RSD value = 5.40 is over the allowed maximum = 5.00208  Pb  [ No Gas ] :  CPS RSD value = 5.80 is over the allowed maximum = 5.00103  Rh ( ISTD )  [ No Gas ] :  CPS RSD value = 17.42 is over the allowed maximum = 5.00,FALSE,035SMPL.d,14-05-2025 13:51,Sample,,MCS 587,3825.4784,1301,45358.961,48098.067,2226.414,1589.167,14494.695,15280.675,111428.739,109649.711,94896.764,89060.905,16692.287,17404.375,34811.565,35220.569,30899.446,32158.432,105498,100499.701,26455.366,31054.112,214685.062,200208.813,34827.337,33176.636,25339.515,26087.487,15161.212,15762.641,1564.244,1607.336,<0.000,<0.000,19.811,<0.000,7099.96,6815.901,287.698,266.657,12972.221,12987.141,859818.432,791255.396,776509.801,71540.733,67767.227,155984.021,136262.233,15124.7,15643.054,57346.27,57996.031,10914.957,11189.214,1612.6,1513.538,10509.545,9575.211,1229.053,1148.002,6393.958,6107.183,1031.052,995.179,2728.38,2874.012,352.038,330.138,2550.654,2676.487,332.023,317.136,488.969,517.012,1753.41,1630.252,949.439,974.763,31945.554,30496.659,31201.925,30594.118,442.619,430.227,30893.238,30090.783,5121.389,5248.435,,,,
137  Ba  [ No Gas ] :  Concentration value = 197.90 is over the calibration range137  Ba  [ He ] :  Concentration value = 179.39 is over the calibration range138  Ba  [ He ] :  Concentration value = 185.71 is over the calibration range140  Ce  [ He ] :  CPS RSD value = 5.78 is over the allowed maximum = 5.00169  Tm  [ No Gas ] :  CPS RSD value = 6.77 is over the allowed maximum = 5.00172  Yb  [ He ] :  CPS RSD value = 5.05 is over the allowed maximum = 5.00181  Ta  [ No Gas ] :  CPS RSD value = 6.17 is over the allowed maximum = 5.00,FALSE,036SMPL.d,14-05-2025 13:55,Sample,,MCS 588,3774.9727,1302,40745.074,41582.245,2384.583,2613.643,13033.506,13314.967,96361.667,94449.435,79169.351,75248.465,14215.323,14654.144,30697.705,30377.262,27477.362,28396.496,83303.355,78990.487,22983.302,28110.76,198589.895,181231.129,42393.157,39121.509,28051.364,28167.791,13563.282,14214.798,972.195,945.246,<0.000,<0.000,<0.000,<0.000,6068.25,6339.105,296.31,262.16,10912.766,11723.807,747080.667,677185.639,701032.368,79719.389,77912.087,169185.568,155297.425,17339.403,17937.447,66461.401,67223.551,12754.404,13135.518,1891.314,1747.941,11898.83,10860.447,1345.735,1290.88,7290.128,6913.977,1089.106,1107.969,3212.265,3287.432,385.324,399.514,2861.421,2950.246,359.516,358.88,436.369,423.866,1512.782,1478.55,876.419,865.463,29705.755,28334.295,28517.138,28358.981,416.121,374.262,32632.193,31964.997,5138.475,5191.472,,,,
121  Sb  [ No Gas ] :  CPS RSD value = 5.75 is over the allowed maximum = 5.00137  Ba  [ No Gas ] :  Concentration value = 154.40 is over the calibration range137  Ba  [ He ] :  Concentration value = 143.24 is over the calibration range138  Ba  [ He ] :  Concentration value = 142.79 is over the calibration range147  Sm  [ No Gas ] :  CPS RSD value = 5.61 is over the allowed maximum = 5.00163  Dy  [ He ] :  CPS RSD value = 5.51 is over the allowed maximum = 5.00169  Tm  [ No Gas ] :  CPS RSD value = 5.48 is over the allowed maximum = 5.00181  Ta  [ No Gas ] :  CPS RSD value = 5.02 is over the allowed maximum = 5.00208  Pb  [ No Gas ] :  CPS RSD value = 5.76 is over the allowed maximum = 5.00232  Th  [ No Gas ] :  CPS RSD value = 5.23 is over the allowed maximum = 5.00103  Rh ( ISTD )  [ No Gas ] :  CPS RSD value = 7.26 is over the allowed maximum = 5.00,FALSE,037SMPL.d,14-05-2025 13:59,Sample,,MCS 589,3983.2012,1303,36048.747,39724.482,2165.641,2169.479,11871.69,12358.197,88646.28,83288.122,74090.423,69170.49,13774.707,13437.49,29335.568,30274.09,28132.613,28980.178,74316.058,68695.009,21479.574,25179.743,184657.195,168464.685,41558.868,37445.899,28596.953,28702.25,11460.458,12101.193,1667.511,1696.724,<0.000,<0.000,<0.000,<0.000,5660.903,5628.581,287.593,195.077,10728.64,10809.235,615011.625,570559.794,568742.638,65163.113,60929.996,134772.936,121515.765,14351.826,14461.359,54972.682,54169.839,10641.577,10327.146,1835.491,1743.115,10350.635,9384.392,1271.301,1187.55,7163.455,6580.986,1186.825,1151.356,3306.588,3215.21,414.87,395.329,2838.801,2815.509,379.765,383.577,383.144,384.864,1428.949,1379.229,724.099,742.395,32503.658,30186.097,31668.626,30734.002,467.024,426.956,28345.435,26888.936,4132.944,4292.009,,,,
7  Li  [ No Gas ] :  CPS RSD value = 5.70 is over the allowed maximum = 5.0051  V  [ No Gas ] :  CPS RSD value = 5.43 is over the allowed maximum = 5.00137  Ba  [ No Gas ] :  Concentration value = 102.88 is over the calibration range137  Ba  [ He ] :  Concentration value = 103.69 is over the calibration range138  Ba  [ He ] :  Concentration value = 103.01 is over the calibration range147  Sm  [ He ] :  CPS RSD value = 6.24 is over the allowed maximum = 5.00103  Rh ( ISTD )  [ He ] :  CPS RSD value = 14.04 is over the allowed maximum = 5.00,FALSE,038SMPL.d,14-05-2025 14:03,Sample,,MCS 590,3805.0667,1304,24189.968,25923.096,1754.159,1299.676,7758.342,8139.376,53551.253,53966.405,40437.452,41845.899,7628.712,7635.73,16533.945,17046.899,15413.103,15277.725,39034.082,36815.75,14572.756,16099.535,122351.622,112965.217,51619.73,46798.168,16581.085,17363.68,8425.453,8553.842,943.825,1016.824,<0.000,<0.000,<0.000,<0.000,3327.771,3236.087,179.775,135.081,6144.423,6039.93,391465.644,394529.677,391952.928,29589.698,28944.451,62997.204,58035.059,6802.592,6619.766,25052.914,24986.497,4960.716,4901.48,1111.344,1029.936,4882.237,4434.638,645.195,584.416,3938.105,3907.331,696.027,688.998,1980.491,2081.815,274.191,248.315,1862.363,1818.46,249.139,237.159,277.633,243.109,773.825,728.913,496.482,453.548,28283.146,26710.387,26697.574,27005.862,227.753,199.56,12107.165,11813.707,2144.015,2371.231,,,,
60  Ni  [ He ] :  CPS RSD value = 6.49 is over the allowed maximum = 5.00137  Ba  [ No Gas ] :  Concentration value = 202.58 is over the calibration range137  Ba  [ He ] :  Concentration value = 184.06 is over the calibration range138  Ba  [ He ] :  Concentration value = 183.74 is over the calibration range147  Sm  [ He ] :  CPS RSD value = 5.82 is over the allowed maximum = 5.00166  Er  [ He ] :  CPS RSD value = 6.35 is over the allowed maximum = 5.00175  Lu  [ No Gas ] :  CPS RSD value = 5.68 is over the allowed maximum = 5.00238  U  [ He ] :  CPS RSD value = 5.96 is over the allowed maximum = 5.00,FALSE,039SMPL.d,14-05-2025 14:07,Sample,,MCS 591,3669.0421,1305,43972.73,43293.78,2320.608,2438.689,13371.763,14122.088,97415.509,95194.932,80896.202,76183.005,15333.229,15401.68,32822.869,34965.684,33999.472,34682.587,87195.786,82925.901,24016.286,26750.674,191061.675,174725.4,38482.318,33667.588,23219.086,24169.118,8426.761,8316.979,1397.484,1443.642,<0.000,<0.000,<0.000,<0.000,6656.911,6556.928,246.625,223.427,12705.754,12712.268,743268.111,675325.194,674141.129,52987.643,49747.225,108188.085,95041.243,11251.775,11333.661,42474.398,43591.505,8591.81,8297.891,1431.362,1358.075,8106.323,7438.652,1004.06,963.763,5697.506,5504.832,953.367,937.162,2667.801,2621.732,346.008,342.505,2485.799,2462.615,323.847,314.7,282.795,296.475,1674.789,1591.596,900.639,881.229,32333.519,30954.1,31837.162,31746.827,616.945,585.02,22972.284,23477.409,4286.086,4278.082,,,,
7  Li  [ He ] :  CPS RSD value = 5.18 is over the allowed maximum = 5.0060  Ni  [ No Gas ] :  CPS RSD value = 5.34 is over the allowed maximum = 5.00118  Sn  [ No Gas ] :  CPS RSD value = 7.22 is over the allowed maximum = 5.00163  Dy  [ No Gas ] :  CPS RSD value = 6.50 is over the allowed maximum = 5.00,FALSE,040_QC1.d,14-05-2025 14:12,QC1,,QC MES 50 ppb,1,4102,53.157,52.478,52.113,51.639,47.892,45.499,51.18,47.417,48.412,45.567,50.971,46.554,44.49,45.718,49.891,47.249,43.154,41.377,51.114,48.028,50.631,46.533,47.976,43.632,50.168,48.113,50.529,47.315,46.847,48.331,54.52,51.032,49.46,50.302,51.11,49.936,52.271,48.949,52.119,50.9,54.682,53.424,53.848,51.611,49.694,52.918,50.303,51.821,50.703,49.978,50.339,49.269,51.432,54.089,50.177,51.905,51.017,55.267,53.249,54.322,51.746,54.445,52.915,53.516,53.156,56.296,52.406,50.454,52.764,55.963,49.862,51.584,51.893,54.616,51.228,55.038,51.66,53.743,52.219,57.592,52.115,56.607,51.149,57.211,55.621,55.952,58.207,,,,
137  Ba  [ No Gas ] :  Concentration value = 117.00 is over the calibration range137  Ba  [ No Gas ] :  CPS RSD value = 7.31 is over the allowed maximum = 5.00137  Ba  [ He ] :  Concentration value = 111.56 is over the calibration range138  Ba  [ He ] :  Concentration value = 104.84 is over the calibration range147  Sm  [ He ] :  CPS RSD value = 5.67 is over the allowed maximum = 5.00153  Eu  [ He ] :  CPS RSD value = 5.69 is over the allowed maximum = 5.00172  Yb  [ He ] :  CPS RSD value = 6.03 is over the allowed maximum = 5.00207  [Pb]  [ He ] :  CPS RSD value = 5.44 is over the allowed maximum = 5.00,FALSE,041SMPL.d,14-05-2025 14:16,Sample,,MCS 592,3731.5273,1306,22201.022,24042.212,1640.733,1481.243,9298.846,9734.368,65214.963,64397.509,54766.8,53136.305,7491.328,7609.18,17256.124,17913.913,12037.271,12073.344,65663.645,63601.957,16399.096,21012.549,101310.585,93064.878,46643.663,40621.711,23674.837,24078.123,9131.824,9326.379,1346.577,1352.356,86.004,72.849,55.559,28.901,4069.534,4294.645,207.954,150.843,6907.336,6857.187,436598.258,416281.927,391204.595,75113.87,70086.478,150105.622,136379.639,15699.256,15714.179,60557.915,60835.313,11367.404,11039.429,1657.49,1577.285,10427.266,9250.886,1249.709,1172.665,6330.714,6267.048,1005.711,1020.846,2655.253,2626.313,327.86,337.599,2289.108,2273.063,298.245,286.392,344.886,343.6,1018.063,1062.922,481.657,462.142,27520.103,25069.911,25081.479,26142.33,277.246,240.125,30720.98,31808.129,4141.834,4043.111,,,,
137  Ba  [ No Gas ] :  Concentration value = 191.43 is over the calibration range137  Ba  [ He ] :  Concentration value = 176.43 is over the calibration range138  Ba  [ He ] :  Concentration value = 170.68 is over the calibration range159  Tb  [ No Gas ] :  CPS RSD value = 5.54 is over the allowed maximum = 5.00165  Ho  [ No Gas ] :  CPS RSD value = 6.45 is over the allowed maximum = 5.00169  Tm  [ He ] :  CPS RSD value = 6.17 is over the allowed maximum = 5.00181  Ta  [ No Gas ] :  CPS RSD value = 5.93 is over the allowed maximum = 5.00209  Bi  [ No Gas ] :  CPS RSD value = 5.07 is over the allowed maximum = 5.00103  Rh ( ISTD )  [ No Gas ] :  CPS RSD value = 14.04 is over the allowed maximum = 5.00,FALSE,042SMPL.d,14-05-2025 14:20,Sample,,MCS 593,3633.8504,1307,32923.429,33634.12,2111.4,2113.386,11172.482,11499.043,84228.354,80439.649,65568.642,62549.655,13477.614,13237.473,25070.192,27035.126,26662.152,26552.761,66033.791,65197.988,20831.251,23410.171,185524.536,174609.57,47197.878,43025.95,24781.325,26086.527,9274.191,9685.855,1724.907,1907.564,4.697,<0.000,18.23,<0.000,5766.299,5960.223,251.323,225.993,9910.771,10101.853,695616.695,641122.833,620208.05,39787.11,41646.099,89599.787,77843.171,8916.687,9469.642,34780.41,36543.804,6785.384,7017.959,1386.814,1321.054,6870.697,6490.005,937.269,879.442,5401.383,5677.389,962.536,952.357,2793.933,2845.477,374.288,370.724,2489.887,2634.226,339.96,344.719,319.441,286.234,1448.539,1467.642,784.122,738.28,33243.956,31076.892,31154.794,31407.204,471.718,468.942,17664.544,17592.739,3395.313,3447.008,,,,
89  Y  [ He ] :  CPS RSD value = 5.14 is over the allowed maximum = 5.00121  Sb  [ No Gas ] :  CPS RSD value = 5.44 is over the allowed maximum = 5.00137  Ba  [ No Gas ] :  Concentration value = 322.94 is over the calibration range137  Ba  [ He ] :  Concentration value = 300.03 is over the calibration range138  Ba  [ He ] :  Concentration value = 304.44 is over the calibration range140  Ce  [ No Gas ] :  CPS RSD value = 5.75 is over the allowed maximum = 5.00175  Lu  [ No Gas ] :  CPS RSD value = 5.05 is over the allowed maximum = 5.00178  Hf  [ No Gas ] :  CPS RSD value = 6.10 is over the allowed maximum = 5.00205  Tl  [ He ] :  CPS RSD value = 5.12 is over the allowed maximum = 5.00,FALSE,043_QC2.d,14-05-2025 14:24,QC2,,SJS-Std,3650.7995,4103,48621.285,56622.07,1577.746,1280.686,10300.147,10869.215,115879.893,109687.596,119407.902,114369.339,12203.708,11829.181,74564.373,77506.47,32490.668,33177.523,96388.269,92004.867,16061.156,17112.345,101367.435,95087.97,266612.358,240229.539,15372.616,15951.319,63168.793,62299.431,3318.917,3530.623,279.049,183.481,431.354,398.442,1378.818,1528.685,1373.042,1409.806,5329.076,5231.342,1179003.591,1095336.407,1111451.943,20275.684,20704.928,40360.457,39511.85,4733.465,4715.084,18129.067,18245.493,3513.219,3753.355,1026.54,831.737,3536.301,3336.076,495.57,435.075,3102.482,3075.116,554.935,562.524,1707.315,1830.525,238.887,215.402,1706.261,1796.671,238.986,220.807,2248.534,2210.064,825.964,914.415,544.41,546.973,21400.856,18895.187,18983.362,19731.964,260.774,233.541,9876.775,10398.902,3341.563,3298.45,,,,
137  Ba  [ No Gas ] :  Concentration value = 138.66 is over the calibration range137  Ba  [ He ] :  Concentration value = 130.90 is over the calibration range138  Ba  [ He ] :  Concentration value = 129.63 is over the calibration range138  Ba  [ He ] :  CPS RSD value = 5.28 is over the allowed maximum = 5.00169  Tm  [ He ] :  CPS RSD value = 5.08 is over the allowed maximum = 5.00232  Th  [ He ] :  CPS RSD value = 6.13 is over the allowed maximum = 5.00103  Rh ( ISTD )  [ No Gas ] :  CPS RSD value = 10.23 is over the allowed maximum = 5.00,FALSE,044SMPL.d,14-05-2025 14:28,Sample,,MCS 594,4043.4745,1308,32689.089,34887.96,2453.74,3023.544,10457.075,10642.749,78756.045,77841.624,65271.403,61594.728,10471.606,10598.585,25101.704,26178.286,32791.68,33459.243,66004.842,60682.239,18984.855,23398.687,160547.406,149121.566,45171.502,41119.874,27173.742,28100.4,10287.664,10540.591,1944.948,1955.932,<0.000,<0.000,<0.000,<0.000,5474.108,5473.33,205.617,130.97,11101.852,11006.653,560686.371,529287.075,524140.728,61344.948,56535.69,117430.966,105317.403,13127.195,12926.966,47618.47,47955.504,9228.827,9430.903,1633.087,1505.441,8875.334,8485.11,1168.454,1080.496,6536.638,6278.614,1096.029,1110.251,3024.301,3124.671,403.454,379.058,2803.765,2724.291,351.608,368.653,331.563,288.735,1686.384,1712.66,754.89,756.317,31232.298,28239.762,28225.944,29132.152,416.456,396.486,21867.993,23026.456,3812.571,3734.583,,,,
45  Sc  [ He ] :  CPS RSD value = 6.29 is over the allowed maximum = 5.00137  Ba  [ No Gas ] :  Concentration value = 152.72 is over the calibration range137  Ba  [ He ] :  Concentration value = 139.15 is over the calibration range138  Ba  [ He ] :  Concentration value = 139.91 is over the calibration range153  Eu  [ He ] :  CPS RSD value = 5.18 is over the allowed maximum = 5.00169  Tm  [ No Gas ] :  CPS RSD value = 5.84 is over the allowed maximum = 5.00,FALSE,045SMPL.d,14-05-2025 14:32,Sample,,MCS 595,3937.3832,1309,34478.918,35340.437,2134.423,2617.046,11601.347,11896.868,84975.918,82428.169,71195.862,65798.894,12646.015,12902.967,27339.385,27792.516,26129.378,26199.687,89197.884,86224.202,20888.541,24926.116,173257.695,158760.253,50663.756,45687.521,26386.295,26493.048,11256.075,11662.859,1687.905,1761.769,<0.000,<0.000,20.39,<0.000,5310.79,5329.726,282.615,273.438,9996.063,10085.124,601325.468,547889.8,550893.934,62818.427,58394.562,129023.079,111027.799,13410.817,13184.288,50560.3,51208.538,9720.604,9584.234,1649.783,1558.173,9307.884,8460.927,1165.571,1079.656,6214.156,5786.314,1042.219,1036.174,3020.394,3000.368,403.25,385.825,2786.643,2821.528,368.477,342.831,369.387,355.772,1269.649,1211.976,722.942,697.647,34251.046,31383.988,32230.417,33106.96,422.144,364.889,24232.079,23932.711,4337.427,4326.506,,,,
52  Cr  [ No Gas ] :  CPS RSD value = 7.01 is over the allowed maximum = 5.0060  Ni  [ No Gas ] :  CPS RSD value = 5.56 is over the allowed maximum = 5.00137  Ba  [ No Gas ] :  Concentration value = 169.48 is over the calibration range137  Ba  [ He ] :  Concentration value = 154.27 is over the calibration range138  Ba  [ He ] :  Concentration value = 154.63 is over the calibration range206  [Pb]  [ He ] :  CPS RSD value = 5.53 is over the allowed maximum = 5.00103  Rh ( ISTD )  [ No Gas ] :  CPS RSD value = 12.64 is over the allowed maximum = 5.00,FALSE,046SMPL.d,14-05-2025 14:36,Sample,,MCS 596,3539.355,1310,25085.739,26016.753,1840.381,1764.368,8680.046,8937.309,63758.545,61397.799,48679.457,47634.55,7360.879,7343.179,16589.545,16980.693,15361.758,15308.169,56204.892,52765.099,17340.258,24062.463,150576.941,137598.976,61094.567,53355.771,23645.199,23610.795,5582.113,5570.297,1179.202,1178.964,154.533,132.383,14.892,<0.000,4754.988,4913.908,161.344,137.57,7541.405,7496.787,599861.861,546009.213,547304.692,107010.396,100781.268,222539.03,209134.234,22836.806,22922.104,86558.907,83909.464,15737.302,15738.1,1938.46,1795.739,14424.187,12824.577,1531.566,1429.058,6907.542,6823.913,967.908,951.969,2489.012,2445.245,280.106,273.236,2021.584,1904.2,238.439,219.388,199.414,166.272,1006.161,979.441,633.681,634.376,32793.638,31050.972,30671.704,31363.342,252.64,223.718,42407.806,42433.02,5509.233,5598.145,,,,
9  Be  [ No Gas ] :  CPS RSD value = 5.29 is over the allowed maximum = 5.00137  Ba  [ No Gas ] :  Concentration value = 173.83 is over the calibration range137  Ba  [ He ] :  Concentration value = 157.98 is over the calibration range138  Ba  [ He ] :  Concentration value = 161.03 is over the calibration range139  La  [ He ] :  CPS RSD value = 5.70 is over the allowed maximum = 5.00153  Eu  [ He ] :  CPS RSD value = 5.12 is over the allowed maximum = 5.00,FALSE,047SMPL.d,14-05-2025 14:40,Sample,,MCS 597,3619.1971,1311,42947.665,45504.434,2739.277,2839.929,13041.488,13721.504,98151.012,93738.506,80994.955,75768.482,13409.46,13098.88,32620.383,33843.185,35210.006,35377.793,83479.68,76537.121,24443.505,28867.875,173123.685,152462.415,45382.762,41364.227,37893.356,35141.422,14848.085,15280.224,1428.051,1471.297,12.833,<0.000,8.785,<0.000,6131.684,6519.686,306.219,287.919,12770.028,12748.032,629132.996,571766.877,582783.622,75635.555,70303.854,151204.745,134547.303,16016.021,15742.979,61001.531,60225.41,11585.302,11445.486,1965.674,1881.441,11252.89,10039.063,1462.772,1389.309,8564.348,8162.257,1414.002,1434.558,3923.588,3947.285,522.618,535.647,3533.379,3629.721,467.633,450.707,516.068,495.935,1604.446,1511.007,837.104,830.352,36633.865,33067.939,34047.43,34048.307,713.682,672.342,31424.247,29887.842,5231.212,5247.635,,,,
118  Sn  [ He ] :  CPS RSD value = 5.27 is over the allowed maximum = 5.00137  Ba  [ No Gas ] :  Concentration value = 167.37 is over the calibration range137  Ba  [ He ] :  Concentration value = 149.68 is over the calibration range138  Ba  [ He ] :  Concentration value = 153.49 is over the calibration range205  Tl  [ No Gas ] :  CPS RSD value = 6.42 is over the allowed maximum = 5.00,FALSE,048SMPL.d,14-05-2025 14:44,Sample,,MCS 598,4048.3375,1312,42531.629,42687.984,2339.25,3176.632,13431.288,14079.508,104747.055,103796.887,85671.643,80052.095,16172.166,16481.402,36792.849,38075.456,42033.368,43482.741,96192.168,89803.435,24757.889,28602.399,200552.099,184930.508,31148.824,29840.163,30336.138,32381.909,12617.525,12935.895,1521.768,1630.479,9.27,<0.000,<0.000,<0.000,6876.919,7207.227,333.227,304.221,13489.68,13920.547,677573.178,605963.901,621380.488,67426.897,63704.001,140728.008,122985.777,14677.072,14801.487,55453.89,54911.856,10934.146,11150.663,1779.071,1648.216,10759.958,9659.978,1351.19,1271.315,7416.551,7142.04,1270.935,1229.88,3441.303,3519.878,463.328,445.486,3250.716,3247.408,424.61,404.242,405.824,400.669,1692.623,1623.203,927.066,903.459,32885.551,31114.909,31121.467,31320.19,736.773,704.719,28314.171,27660.764,5150.507,5373.767,,,,
88  Sr  [ No Gas ] :  CPS RSD value = 5.64 is over the allowed maximum = 5.00137  Ba  [ No Gas ] :  Concentration value = 202.57 is over the calibration range137  Ba  [ He ] :  Concentration value = 179.59 is over the calibration range138  Ba  [ He ] :  Concentration value = 185.64 is over the calibration range153  Eu  [ He ] :  CPS RSD value = 5.30 is over the allowed maximum = 5.00,FALSE,049SMPL.d,14-05-2025 14:48,Sample,,MCS 599,3719.8182,1401,46660.537,47728.357,2640.124,2197.723,14333.496,15321.965,110345.117,104457.827,89652.194,84209.888,15582.975,15555.466,35904.797,38148.62,38117.627,38868.157,100127.786,96069.238,25460.142,30363.097,202134.477,183284.071,33242.442,29540.392,31181.184,31792.352,11238.594,11382.852,1129.845,1167.832,18.41,<0.000,<0.000,<0.000,7201.245,7376.767,300.4,193.746,13988.96,13785.177,753525.941,668027.255,690544.501,79956.55,74371.468,167976.664,147839.229,17638.953,17143.752,65643.352,65837.39,12804.127,12441.451,1897.288,1744.278,12376.819,11120.106,1509.959,1399.127,8215.5,7759.847,1285.414,1252.48,3483.482,3521.755,451.137,435.3,2998.601,3055.264,392.669,370.419,386.035,394.953,1870.644,1750.886,1009.138,1015.253,33963.445,32849.671,31898.642,32262.126,729.414,727.45,32658.792,32015.004,5607.839,5947.699,,,,
137  Ba  [ No Gas ] :  Concentration value = 192.78 is over the calibration range137  Ba  [ He ] :  Concentration value = 171.12 is over the calibration range138  Ba  [ He ] :  Concentration value = 173.07 is over the calibration range,FALSE,050SMPL.d,14-05-2025 14:53,Sample,,MCS 600,3694.4651,1402,36019.581,36099.656,2962.078,3171.868,12621.749,13148.377,96810.133,93949.388,79908.667,73563.901,14030.671,14092.342,29928.69,30256.332,26678.542,26814.323,72111.777,69925.516,22240.064,24766.142,194171.956,177599.808,61022.088,55194.75,25640.715,26134.997,9642.248,9529.435,391.939,318.343,<0.000,<0.000,<0.000,<0.000,6198.975,5828.027,378.03,350.39,10199.401,10145.569,712230.215,632212.339,639398.763,61165.711,56992.728,127368.396,108936.632,12759.581,12626.155,48659.715,47238.588,9190.194,9147.805,1620.797,1423.275,9056.622,7974.846,1113.722,996.392,6189.269,5891.315,1028.693,1007.556,2750.639,2748.281,340.084,318.033,2356.17,2301.277,292.843,271.426,332.902,334.979,1525.981,1436.026,910.906,859.901,26980.397,23970.725,25532.663,25549.305,490.731,464.307,24775.577,23579.706,3781.853,3876.415,,,,
9  Be  [ No Gas ] :  CPS RSD value = 7.15 is over the allowed maximum = 5.00137  Ba  [ No Gas ] :  Concentration value = 178.92 is over the calibration range137  Ba  [ He ] :  Concentration value = 164.72 is over the calibration range138  Ba  [ He ] :  Concentration value = 165.51 is over the calibration range166  Er  [ He ] :  CPS RSD value = 7.97 is over the allowed maximum = 5.00207  [Pb]  [ He ] :  CPS RSD value = 5.23 is over the allowed maximum = 5.00232  Th  [ No Gas ] :  CPS RSD value = 5.12 is over the allowed maximum = 5.00,FALSE,051SMPL.d,14-05-2025 14:57,Sample,,MCS 601,3593.1674,1403,33049.948,34546.181,2168.964,2288.747,10267.407,10592.536,79863.462,77672.144,65040.908,59821.121,11467.51,11463.666,24759.811,26207.025,21689.98,21802.12,62626.18,59759.169,19595.599,22367.611,179584.142,161882.227,47348.723,42124.361,21519.101,21830.698,10869.668,11364.672,739.212,787.113,<0.000,<0.000,<0.000,<0.000,4841.073,5000.215,300.078,304.471,9220.889,9267.061,642881.442,591866.326,594715.457,39702.821,40260.18,89599.886,79340.949,9310.006,9352.477,35256.921,36618.92,6784.471,6882.447,1347.965,1266.618,6611.904,6032.03,858.887,800.913,5141.204,4913.277,880.185,870.092,2501.136,2496.157,325.127,306.083,2426.411,2321.485,303.436,278.72,372.268,323.545,1213.79,1169.058,789.047,738.574,30643.42,29004.005,28598.138,29237.421,425.964,392.966,17054.833,17023.863,3267.796,3295.938,,,,
107  Ag  [ No Gas ] :  CPS RSD value = 9.04 is over the allowed maximum = 5.00181  Ta  [ No Gas ] :  CPS RSD value = 5.30 is over the allowed maximum = 5.00,FALSE,052_QC1.d,14-05-2025 15:01,QC1,,QC MES 50 ppb,1,4102,52.297,50.1,51.74,50.65,48.061,45.722,50.625,47.508,49.731,46.046,49.646,45.683,45.82,45.857,49.094,45.995,43.747,41.389,50.27,45.967,50.88,46.794,47.633,43.065,52.084,47.877,50.306,46.815,47.315,47.971,57.95,48.357,50.847,49.442,48.143,48.17,53.428,48.679,51.791,48.609,54.31,52.642,51.865,52.234,48.335,53.635,51.852,53.386,47.958,49.936,50.491,48.743,49.425,53.654,50.974,52.602,51.302,52.387,54.02,53.243,50.97,53.451,54.372,53.845,51.751,55.058,54.348,50.623,53.435,55.637,50.246,51.075,52.564,55.974,52.347,55.807,52.745,53.271,53.762,57.702,51.849,55.676,51.811,57.658,55.338,55.468,59.823,,,,
137  Ba  [ No Gas ] :  Concentration value = 205.54 is over the calibration range137  Ba  [ He ] :  Concentration value = 178.41 is over the calibration range138  Ba  [ He ] :  Concentration value = 186.10 is over the calibration range147  Sm  [ He ] :  CPS RSD value = 6.00 is over the allowed maximum = 5.00165  Ho  [ No Gas ] :  CPS RSD value = 5.70 is over the allowed maximum = 5.00175  Lu  [ No Gas ] :  CPS RSD value = 7.61 is over the allowed maximum = 5.00,FALSE,053SMPL.d,14-05-2025 15:05,Sample,,MCS 602,3831.1875,1404,43855.499,46581.072,3353.626,4244.209,14140.062,14307.45,106441.13,101556.47,86122.952,80526.778,16176.781,16386.053,34201.371,35022.677,33275.568,33940.197,100303.873,93672.778,25808.822,28983.554,189909.248,171054.193,48774.316,43052.131,33591.906,33800.046,9458.739,9351.938,1525.338,1428.499,101.891,87.754,29.142,<0.000,7169.915,7586.629,374.003,291.875,13186.914,13281.065,787452.325,683531.057,712966.21,70300.717,64793.303,147363.371,127273.206,14842.136,14823.584,57445.757,55272.45,10725.675,10902.19,1932.623,1692.531,10947.486,9795.947,1352.372,1267.194,7856.865,7545.74,1324.906,1335.965,3676.502,3675.036,489.892,450.812,3232.249,3182.29,432.763,411.105,369.409,328.776,1807.257,1863.731,1029.019,956.474,36485.294,34112.699,34190.1,34668.754,634.894,624.202,26913.09,25964.672,4623.793,4794.305,,,,
7  Li  [ No Gas ] :  CPS RSD value = 5.01 is over the allowed maximum = 5.00137  Ba  [ No Gas ] :  Concentration value = 197.73 is over the calibration range137  Ba  [ He ] :  Concentration value = 182.36 is over the calibration range138  Ba  [ He ] :  Concentration value = 183.24 is over the calibration range153  Eu  [ No Gas ] :  CPS RSD value = 6.77 is over the allowed maximum = 5.00,FALSE,054SMPL.d,14-05-2025 15:09,Sample,,MCS 603,3567.7332,1405,41515.125,43857.782,2980.015,2470.159,13366.744,13812.687,98725.827,94536.238,81782.789,75174.604,14578.214,14593.807,32645.098,33362.681,32923.902,33380.927,87622.262,81908.079,25172.776,28638.973,174568.905,155665.266,48724.003,42000.414,29171.213,29781.311,10890.919,10856.54,874.512,847.807,15.812,<0.000,<0.000,<0.000,6630.787,6552.267,302.496,248.692,12721.415,12506.375,705443.728,650603.46,653766.439,77109.732,70132.689,157010.693,140181.147,15982.152,15833.73,61941.003,62839.256,11725.392,11764.296,1933.507,1813.368,11270.622,9997.532,1374.892,1267.219,7451.371,6999.084,1220.421,1142.567,3276.341,3377.364,428.264,393.754,2860.652,2959.448,394.151,366.739,351.653,338.016,1721.142,1672.097,872.051,874.689,35005.172,33045.796,33859.716,33783.35,670.678,642.988,31704.306,31191.038,5135.017,5378.567,,,,
137  Ba  [ No Gas ] :  Concentration value = 190.45 is over the calibration range137  Ba  [ He ] :  Concentration value = 170.97 is over the calibration range138  Ba  [ He ] :  Concentration value = 173.56 is over the calibration range153  Eu  [ No Gas ] :  CPS RSD value = 6.17 is over the allowed maximum = 5.00153  Eu  [ He ] :  CPS RSD value = 5.01 is over the allowed maximum = 5.00157  Gd  [ No Gas ] :  CPS RSD value = 5.48 is over the allowed maximum = 5.00209  Bi  [ No Gas ] :  CPS RSD value = 6.37 is over the allowed maximum = 5.00,FALSE,055SMPL.d,14-05-2025 15:13,Sample,,MCS 604,3656.9886,1406,30476.25,32577.837,2400.908,2363.159,10574.044,11495.85,82690.521,79506.456,67989.984,60648.868,11656.703,11685,23495.172,23480.381,22409.941,22331.905,147231.229,140440.921,19736.593,23167.562,179030.521,165746.576,78541.36,68545.14,21231.357,22320.984,5274.584,5260.318,1297.102,1262.725,<0.000,<0.000,76.94,33.473,4909.38,5037.935,222.414,159.201,8488.475,8861.873,696481.399,625239.718,634715.76,66476.916,63386.822,135927.385,117102.786,14029.732,14483.849,52463.365,51622.06,10067.433,10218.325,1608.33,1480.291,9572.33,8428.488,1089.928,1004.143,5809.442,5510.944,864.472,883.853,2431.924,2366.469,281.288,280.871,2039.469,1999.644,251.362,251.175,182.111,168.361,1296.025,1307.986,767.157,773.169,25418.681,23582.834,23204.24,24474.76,336.553,301.727,25577.686,26181.168,3862.586,3909.226,,,,
45  Sc  [ He ] :  CPS RSD value = 5.58 is over the allowed maximum = 5.0090  Zr  [ No Gas ] :  CPS RSD value = 9.42 is over the allowed maximum = 5.00137  Ba  [ No Gas ] :  Concentration value = 324.43 is over the calibration range137  Ba  [ He ] :  Concentration value = 301.15 is over the calibration range138  Ba  [ He ] :  Concentration value = 311.53 is over the calibration range159  Tb  [ He ] :  CPS RSD value = 6.34 is over the allowed maximum = 5.00163  Dy  [ He ] :  CPS RSD value = 5.06 is over the allowed maximum = 5.00169  Tm  [ No Gas ] :  CPS RSD value = 6.52 is over the allowed maximum = 5.00175  Lu  [ No Gas ] :  CPS RSD value = 5.36 is over the allowed maximum = 5.00178  Hf  [ No Gas ] :  CPS RSD value = 11.96 is over the allowed maximum = 5.00178  Hf  [ He ] :  CPS RSD value = 7.42 is over the allowed maximum = 5.00,FALSE,056_QC2.d,14-05-2025 15:17,QC2,,SJS-Std,3650.7995,4103,49835.902,53062.164,1532.699,1449.198,10246.443,10625.166,117447.073,108364.585,122009.707,112893.084,11892.981,11877.48,74696.83,77104.355,32362.11,33095.66,95362.754,91907.875,15962.307,16522.047,99667.516,93666.221,272148.661,246527.979,15315.776,15715.399,64156.454,62317.616,3291.718,3384.327,248.155,165.839,431.945,424.147,1372.896,1477.721,1411.46,1476.047,5224.143,5389.186,1184440.245,1099434.617,1137334.452,20423.178,20793.647,40780.57,40003.69,4632.574,4679.406,17883.307,17997.649,3529.682,3555.539,1055.568,834.376,3801.627,3329.421,483.621,444.119,3135.545,2993.706,572.743,554.056,1804.354,1750.031,227.655,208.181,1731.456,1745.311,230.54,216.814,2376.544,2176.871,819.44,848.606,564.982,543.735,20528.024,19516.333,19239.517,19422.645,259.43,227.389,9861.658,10134.197,3375.898,3477.665,,,,
137  Ba  [ No Gas ] :  Concentration value = 153.47 is over the calibration range137  Ba  [ He ] :  Concentration value = 136.93 is over the calibration range138  Ba  [ He ] :  Concentration value = 139.34 is over the calibration range153  Eu  [ He ] :  CPS RSD value = 5.80 is over the allowed maximum = 5.00209  Bi  [ No Gas ] :  CPS RSD value = 6.10 is over the allowed maximum = 5.00103  Rh ( ISTD )  [ No Gas ] :  CPS RSD value = 6.74 is over the allowed maximum = 5.00,FALSE,057SMPL.d,14-05-2025 15:21,Sample,,MCS 605,3476.1016,1407,27006.872,28200.612,1802.481,1411.94,8974.398,9445.674,67344.213,63708.455,61991.57,56515.952,9258.976,9082.053,21725.156,22556.167,16325.866,16481.008,55847.973,51921.231,17747.415,20015.129,134260.661,121996.161,53933.546,45367.486,18911.233,19682.743,9941.769,9982.224,1225.242,1339.481,<0.000,<0.000,<0.000,<0.000,3897.708,3867.46,240.166,222.489,7635.534,7643.864,533487.446,475970.52,484368.906,52827.063,48793.576,108539.782,95396.339,11251.293,11187.797,41477.025,41551.755,7937.42,8143.049,1319.974,1269.683,7447.647,6761.202,889.064,842.83,4773.317,4763.537,785.177,790.912,2207.843,2342.946,300.662,259.726,2021.918,2217.514,274.227,248.256,320.071,308.103,1131.936,1109.907,583.851,602.822,30919.856,28640.663,29124.672,29707.949,303.366,251.087,22326.852,22393.089,3260.031,3342.022,,,,
118  Sn  [ He ] :  CPS RSD value = 7.24 is over the allowed maximum = 5.00137  Ba  [ No Gas ] :  Concentration value = 165.47 is over the calibration range137  Ba  [ He ] :  Concentration value = 153.95 is over the calibration range138  Ba  [ He ] :  Concentration value = 154.30 is over the calibration range163  Dy  [ He ] :  CPS RSD value = 7.64 is over the allowed maximum = 5.00175  Lu  [ No Gas ] :  CPS RSD value = 5.46 is over the allowed maximum = 5.00209  Bi  [ No Gas ] :  CPS RSD value = 5.14 is over the allowed maximum = 5.00,FALSE,058SMPL.d,14-05-2025 15:25,Sample,,MCS 606,3478.709,1408,30073.571,31925.251,2112.687,2183.759,10037.478,10519.676,78558.502,74058.963,62115.924,58443.678,10346.364,10166.483,23004.092,24291.87,27450.513,27835.831,73074.763,72085.779,18593.836,21710.515,152732.609,139554.599,45120.617,40835.593,19897.673,20046.12,9689.555,10240.521,1380.6,1460.621,<0.000,<0.000,0.562,<0.000,4683.566,4726.316,254.243,245.189,8833.889,8639.828,575611.768,535537.244,536748.572,54800.879,51345.115,113600.711,99436.735,11484.326,11722.746,43991.784,44171.333,8300.385,8480.02,1365.906,1257.422,8001.003,7173.897,909.293,856.139,5010.266,4797.057,790.208,793.796,2257.593,2263.157,280.415,263.3,2053.123,2061.213,260.794,236.077,318.9,317.597,1146.428,1053.746,652.285,677.658,28358.92,27617.965,27832.16,27644.358,331.24,300.824,22769.908,22303.712,3768.882,3875.163,,,,
95  Mo  [ No Gas ] :  CPS RSD value = 5.05 is over the allowed maximum = 5.00137  Ba  [ No Gas ] :  Concentration value = 163.28 is over the calibration range137  Ba  [ He ] :  Concentration value = 146.26 is over the calibration range138  Ba  [ He ] :  Concentration value = 147.82 is over the calibration range169  Tm  [ He ] :  CPS RSD value = 6.61 is over the allowed maximum = 5.00209  Bi  [ No Gas ] :  CPS RSD value = 5.67 is over the allowed maximum = 5.00103  Rh ( ISTD )  [ No Gas ] :  CPS RSD value = 8.70 is over the allowed maximum = 5.00,FALSE,059SMPL.d,14-05-2025 15:29,Sample,,MCS 607,3905.1353,1409,33067.998,35313.519,2376.673,2703.763,10779.769,11120.584,80517.555,78557.246,64474.197,57843.945,11554.032,11774.848,24044.707,24554.058,24464.637,25654.343,76543.234,70515.716,19636.712,24410.379,180966.686,159196.632,50230.9,45000.492,29653.131,28979.41,7055.041,7097.526,914.284,895.116,<0.000,<0.000,<0.000,<0.000,5134.733,5311.252,237.921,210.483,9394.513,9595.736,637637.609,571184.53,577240.939,73304.721,67613.013,151455.178,130690.596,15819.875,15410.303,59065.667,58477.942,11467.185,11171.746,1741.856,1623.827,10775.153,9423.415,1295.256,1142.996,7001.305,6591.525,1140.047,1119.879,3207.889,3130.075,396.384,388.849,2819.566,2690.397,350.024,356.84,232.009,215.255,1214.446,1195.815,715.159,720.488,30724.894,29582.543,29428.739,29807.397,358.911,319.229,26420.333,26354.504,4467.564,4578.076,,,,
137  Ba  [ No Gas ] :  Concentration value = 171.61 is over the calibration range137  Ba  [ He ] :  Concentration value = 154.95 is over the calibration range138  Ba  [ He ] :  Concentration value = 159.47 is over the calibration range163  Dy  [ He ] :  CPS RSD value = 5.51 is over the allowed maximum = 5.00207  [Pb]  [ He ] :  CPS RSD value = 5.66 is over the allowed maximum = 5.00,FALSE,060SMPL.d,14-05-2025 15:34,Sample,,MCS 608,3952.0706,1410,38501.904,38926.888,2055.618,2298.494,11705.413,11934.634,92547.579,86448.58,74948.811,66671.157,14219.823,14291.868,30413.747,29718.715,32126.897,32778.635,79014.451,71941.712,21260.703,25424.269,191203.409,175092.746,31315.351,30163.591,24934.282,25641.79,8278.293,8416.754,1386.758,1479.303,<0.000,<0.000,<0.000,<0.000,5878.671,5804.009,225.835,203.794,12396.089,12613.159,678197.649,612388.792,630225.931,69014.542,64428.324,142049.467,126115.09,14767.927,14789.983,55548.024,55728.961,10662.311,10899.432,1671.752,1593.654,10242.111,9426.271,1260.9,1154.803,6491.553,6337.374,1073.257,969.853,2791.426,2786.091,354.843,340.495,2494.181,2456.055,305.186,314.934,251.507,253.12,1607.968,1542.9,806.108,780.819,32061.228,29515.913,31342.213,30229.454,571.796,568.03,28843.836,27594.202,4594.443,4726.059,,,,
7  Li  [ No Gas ] :  CPS RSD value = 5.04 is over the allowed maximum = 5.00137  Ba  [ No Gas ] :  Concentration value = 193.24 is over the calibration range137  Ba  [ No Gas ] :  CPS RSD value = 5.27 is over the allowed maximum = 5.00137  Ba  [ He ] :  Concentration value = 177.38 is over the calibration range138  Ba  [ He ] :  Concentration value = 180.69 is over the calibration range159  Tb  [ He ] :  CPS RSD value = 6.21 is over the allowed maximum = 5.00205  Tl  [ He ] :  CPS RSD value = 6.54 is over the allowed maximum = 5.00232  Th  [ He ] :  CPS RSD value = 6.32 is over the allowed maximum = 5.00238  U  [ He ] :  CPS RSD value = 5.69 is over the allowed maximum = 5.00,FALSE,061SMPL.d,14-05-2025 15:38,Sample,,MCS 609,3439.4454,1411,34231.923,37038.406,2147.827,2667.129,12347.412,12769.774,93466.312,87305.683,73731.013,68908.385,12657.422,12497.133,27135.393,28225.531,27512.246,28429.689,72016.21,66585.541,22063.554,26490.514,176773.956,157579.57,42484.887,37545.637,24521.67,24886.401,9397.135,9677.777,863.746,929.101,<0.000,<0.000,<0.000,<0.000,5717.163,5562.507,289.918,270.054,10268.535,10160.46,664632.935,610098.054,621460.863,72164.838,67590.933,152246.251,135361.666,15511.626,15771.413,61242.438,61082.964,11501.607,11550.991,1707.443,1632.408,10961.72,9907.034,1291.315,1227.726,6579.332,6396.202,1015.181,1043.44,2800.973,2787.021,341.71,324.907,2489.388,2518.066,313.143,295.478,342.992,328.017,1455.313,1423.529,750.663,730.228,31137.051,30082.179,30456.518,29982.753,403.776,357.454,27849.312,27582.215,4773.221,4768.206,,,,
137  Ba  [ No Gas ] :  Concentration value = 148.87 is over the calibration range137  Ba  [ He ] :  Concentration value = 133.39 is over the calibration range138  Ba  [ He ] :  Concentration value = 133.90 is over the calibration range175  Lu  [ No Gas ] :  CPS RSD value = 5.37 is over the allowed maximum = 5.00,FALSE,062SMPL.d,14-05-2025 15:42,Sample,,MCS 610,3954.4465,1412,30732.715,33676.605,2094.875,2482.366,10154.583,10421.644,78227.156,73822.938,63258.545,57719.437,11149.816,10936.582,24455.47,24644.721,19761.523,20197.072,210286.642,198390.687,19275.728,20607.257,174152.333,155526.771,49737.679,41688.002,21551.098,21694.199,9688.368,9795.304,663.423,636.769,<0.000,<0.000,<0.000,<0.000,4587.345,4616.352,238.128,217.238,8749.973,8919.147,588715.299,527468.616,529489.141,38063.02,38670.798,86770.104,75705.26,9351.915,9210.257,34512.958,34794.902,6848.859,6721.027,1403.047,1314.227,6725.555,6142.569,868.557,805.107,5271.276,5035.265,874.453,852.632,2612.619,2639.801,336.796,328.323,2505.222,2492.306,316.242,298.365,316.702,311.485,1112.314,1087.459,664.198,690.814,28701.525,27864.672,27430.56,27561.537,329.207,290.583,16332.949,16446.056,3019.798,3067.538,,,,
7  Li  [ No Gas ] :  CPS RSD value = 5.33 is over the allowed maximum = 5.00118  Sn  [ He ] :  CPS RSD value = 6.83 is over the allowed maximum = 5.00137  Ba  [ No Gas ] :  Concentration value = 182.19 is over the calibration range137  Ba  [ He ] :  Concentration value = 164.98 is over the calibration range138  Ba  [ He ] :  Concentration value = 167.88 is over the calibration range,FALSE,063SMPL.d,14-05-2025 15:46,Sample,,MCS 611,3921.5319,1501,40867.315,41482.733,2282.943,1918.681,12855.723,13291.061,101038.271,93352.792,79436.042,74319.829,15151.094,15221.256,31287.857,32248.89,29848.064,31031.075,104730.896,93968.712,22859.652,27417.511,204333.948,183303.989,39003.333,34814.473,26602.736,26869.603,11181.775,11489.657,981.088,940.978,<0.000,<0.000,<0.000,<0.000,6100.999,6219.968,323.344,272.338,11499.955,11581.15,714448.712,646959.696,658328.398,78821.749,73666.093,167643.618,147618.796,17098.027,16775.918,64898.503,64943.881,12332.789,12288.248,1823.176,1682.781,11886.887,10306.473,1381.454,1307.834,7270.671,6627.05,1086.725,1094.677,3130.174,2907.669,384.016,367.625,2787.983,2793.867,341.478,346.275,389.478,367.237,1662.977,1535.193,876.122,851.261,28793.024,28193.786,28607.267,27952.994,437.183,425.251,33281.582,32364.742,4930.198,4985.054,,,,
207  [Pb]  [ He ] :  CPS RSD value = 5.56 is over the allowed maximum = 5.00208  Pb  [ No Gas ] :  CPS RSD value = 5.04 is over the allowed maximum = 5.00232  Th  [ He ] :  CPS RSD value = 5.60 is over the allowed maximum = 5.00,FALSE,064_QC1.d,14-05-2025 15:50,QC1,,QC MES 50 ppb,1,4102,52.462,48.922,51.74,50.336,48.508,45.609,50.805,48.063,49.685,45.618,50.59,46.536,44.455,46.264,50.351,46.941,43.215,42.416,51.967,47.636,52.072,46.851,49.401,45.2,52.641,47.508,50.869,48.287,47.663,47.947,54.827,50.967,49.063,51.129,54.424,49.382,53.988,50.077,53.267,50.037,52.544,54.729,52.92,53.353,50.613,52.45,51.53,53.797,49.369,49.726,51.677,49.713,49.573,53.509,50.981,52.871,51.859,53.962,55.142,51.862,51.299,54.661,55.273,54.24,51.005,56.914,55.264,49.73,52.134,55.083,48.802,51.368,51.98,54.744,51.567,56.848,52.98,53.593,54.565,57.546,53.141,56.643,52.216,57.363,56.82,55.099,57.631,,,,
88  Sr  [ No Gas ] :  CPS RSD value = 5.96 is over the allowed maximum = 5.00137  Ba  [ No Gas ] :  Concentration value = 181.51 is over the calibration range137  Ba  [ He ] :  Concentration value = 160.77 is over the calibration range138  Ba  [ He ] :  Concentration value = 163.23 is over the calibration range181  Ta  [ He ] :  CPS RSD value = 5.62 is over the allowed maximum = 5.00,FALSE,065SMPL.d,14-05-2025 15:54,Sample,,MCS 612,3950.8491,1502,40243.324,40110.323,2166.414,2698.941,13048.613,13327.7,102820.191,97259.097,87801.579,78875.406,13534.346,13569.525,32307.299,32426.34,29996.208,30919.255,99757.868,93280.272,24290.731,27745.46,200115.93,176731.552,37848.796,33273.561,24591.039,24813.793,12597.324,12713.303,1253.782,1262.151,42.901,17.564,<0.000,<0.000,6364.435,6576.416,385.124,321.471,12180.362,11948.068,717119.586,635186.104,644898.207,85367.774,80323.471,189064.891,159219.092,18055.191,18337.669,71036.751,69893.631,13331.063,13619.447,1768.357,1694.288,12520.689,10973.425,1372.1,1278.71,6733.643,6250.462,1010.647,1010.671,2749.121,2694.412,332.885,303.44,2320.967,2301.176,300.818,289.722,501.101,464.034,1701.199,1777.894,918.025,898.778,30903.323,29272.264,29429.71,29535.84,507.725,481.919,36415.217,35576.331,5617.603,5834.872,,,,
95  Mo  [ No Gas ] :  CPS RSD value = 6.79 is over the allowed maximum = 5.00137  Ba  [ No Gas ] :  Concentration value = 183.86 is over the calibration range137  Ba  [ He ] :  Concentration value = 161.11 is over the calibration range138  Ba  [ He ] :  Concentration value = 163.40 is over the calibration range165  Ho  [ No Gas ] :  CPS RSD value = 5.13 is over the allowed maximum = 5.00238  U  [ No Gas ] :  CPS RSD value = 5.88 is over the allowed maximum = 5.00,FALSE,066SMPL.d,14-05-2025 15:58,Sample,,MCS 613,3968.8628,1503,38583.829,40826.96,2122.235,2088.393,12638.827,13119.747,99969.375,92600.187,82726.154,77282.583,15056.733,14903.093,31181.451,32155.518,29648.402,29893.004,108095.086,103217.557,23408.382,26150.258,196460.308,175128.961,39221.489,34023.57,22971.621,22978.276,11059.382,11160.048,1158.395,1138.912,<0.000,<0.000,<0.000,<0.000,6018.944,5993.61,354.746,297.222,11041.15,11096.937,729731.526,639421.954,648525.11,61143.832,56297.899,134701.614,115549.295,13339.85,13385.66,51464.877,49738.908,9862.769,10200.505,1596.931,1494.894,9177.634,8343.776,1115.736,1065.919,5941.846,5662.628,970.914,947.405,2688.105,2615.027,328.803,339.799,2456.42,2411.923,305.648,313.559,378.316,359.859,1684.145,1783.929,900.051,876.93,32567.47,29469.232,29903.72,30913.222,477.126,436.209,25599.446,26628.068,4341.82,4248.872,,,,
45  Sc  [ He ] :  CPS RSD value = 5.44 is over the allowed maximum = 5.0095  Mo  [ No Gas ] :  CPS RSD value = 6.48 is over the allowed maximum = 5.00137  Ba  [ No Gas ] :  Concentration value = 178.79 is over the calibration range137  Ba  [ He ] :  Concentration value = 159.79 is over the calibration range138  Ba  [ He ] :  Concentration value = 170.96 is over the calibration range147  Sm  [ He ] :  CPS RSD value = 7.65 is over the allowed maximum = 5.00,FALSE,067SMPL.d,14-05-2025 16:02,Sample,,MCS 614,3496.2734,1504,33797.994,34985.87,2127.28,2420.683,11397.487,11697.825,84802.446,78906.293,72150.256,66128.421,13558.825,13357.404,26701.861,27454.611,23299.944,23540.809,88291.255,82534.451,20615.145,22885.024,169636.465,152971.042,47817.653,40780.887,20462.926,20872.448,8390.043,8396.06,981.183,1014.456,<0.000,<0.000,<0.000,<0.000,5235.248,5135.874,284.695,276.329,9472.904,9605.395,625113.961,558672.748,597732.433,50289.587,47518.266,111359.022,98545.71,10929.518,11217.284,42406.683,42489.718,8122.347,8279.012,1388.9,1279.263,7752.226,7043.121,953.425,883.836,5295.36,5109.155,885.083,897.767,2508.54,2507.958,326.425,316.19,2361.904,2462.938,307.23,308.725,289.122,284.705,1415.607,1356.373,766.396,737.252,31065.699,30147.318,29582.445,29748.297,376.051,365.069,21836.151,21132.733,3720.764,3851.062,,,,
90  Zr  [ No Gas ] :  CPS RSD value = 5.22 is over the allowed maximum = 5.00121  Sb  [ No Gas ] :  CPS RSD value = 5.21 is over the allowed maximum = 5.00137  Ba  [ No Gas ] :  Concentration value = 201.61 is over the calibration range137  Ba  [ He ] :  Concentration value = 181.48 is over the calibration range138  Ba  [ He ] :  Concentration value = 191.53 is over the calibration range,FALSE,068SMPL.d,14-05-2025 16:06,Sample,,MCS 615,3748.4784,1505,42379.6,42088.6,2599.768,2180.052,12896.597,13447.119,105023.994,97161.235,83896.248,76228.418,15189.828,15102.005,31172.334,31525.076,34516.701,35472.016,111609.45,104008.342,24320.078,28286.797,207266.181,187162.669,44745.088,38764.04,25158.56,25039.093,12473.185,13184.212,1247.691,1167.042,<0.000,<0.000,<0.000,<0.000,6672.603,6792.886,328.291,260.319,12013.387,12273.903,755738.261,680281.596,717932.798,73916.524,68535.746,153774.977,139033.259,15551.281,15859.685,59633.992,59342.681,11430.602,11701.094,1716.564,1632.596,10933.244,10153.162,1310.122,1217.302,6642.913,6405.236,1054.311,1032.596,2846.447,2837.374,366.91,340.077,2378.386,2406.25,314.412,310.24,436.564,401.519,1753.911,1758.151,957.254,927.523,33389.373,31085.92,30288.514,31338.819,511.246,489.644,29056.731,28380.903,5371.17,5455.009,,,,
45  Sc  [ He ] :  CPS RSD value = 5.20 is over the allowed maximum = 5.0090  Zr  [ No Gas ] :  CPS RSD value = 6.54 is over the allowed maximum = 5.00137  Ba  [ No Gas ] :  Concentration value = 336.52 is over the calibration range137  Ba  [ He ] :  Concentration value = 298.26 is over the calibration range138  Ba  [ He ] :  Concentration value = 307.92 is over the calibration range178  Hf  [ He ] :  CPS RSD value = 5.25 is over the allowed maximum = 5.00,FALSE,069_QC2.d,14-05-2025 16:10,QC2,,SJS-Std,3650.7995,4103,53711.98,53144.137,1496.434,1584.007,9908.624,10338.359,115588.85,106909.261,122249.097,113485.548,11897.275,11879.598,74399.531,78009.618,32936.813,31948.972,96617.505,94455.725,16116.233,15543.735,102793.019,95563.252,280735.973,236799.412,15227.551,15720.289,66890.134,62017.535,3151.36,3381.143,216.051,111.146,418.353,385.587,1451.366,1452.888,1458.408,1441.984,5342.305,5319.086,1228583.162,1088870.072,1124146.83,21176.088,20462.788,41345.955,39926.619,4722.413,4718.974,18486.711,18533.162,3616.043,3461.767,1035.954,881.241,3883.395,3564.079,484.48,456.449,3261.802,3007.561,593.003,565.345,1749.383,1739.066,259.745,231.289,1837.252,1808.926,243.754,228.542,2334.07,2334.815,808.927,838.157,568.872,567.596,21307.562,20261.512,20396.748,20371.171,272.859,256.164,10845.335,10911.695,3413.627,3609.68,,,,
137  Ba  [ No Gas ] :  Concentration value = 155.88 is over the calibration range137  Ba  [ He ] :  Concentration value = 137.36 is over the calibration range138  Ba  [ He ] :  Concentration value = 134.51 is over the calibration range157  Gd  [ He ] :  CPS RSD value = 8.56 is over the allowed maximum = 5.00159  Tb  [ No Gas ] :  CPS RSD value = 5.02 is over the allowed maximum = 5.00166  Er  [ He ] :  CPS RSD value = 5.54 is over the allowed maximum = 5.00,FALSE,070SMPL.d,14-05-2025 16:14,Sample,,MCS 616,3736.5886,1506,29680.646,28597.109,2386.09,2207.631,8939.678,9248.01,72206.496,67928.366,60628.009,55051.938,8279.049,8395.307,21077.064,21194.338,20623.062,20944.552,72860.205,67475.735,18456.947,21290.811,146638.545,129708.346,60326.457,50244.669,21282.526,21683,9334.59,9335.527,839.647,873.83,<0.000,<0.000,<0.000,<0.000,4777.868,4640.362,254.465,219.794,8716.787,8640.067,582465.908,513254.383,502622.017,54663.921,51251.187,112820.534,95285.991,11284.73,11318.229,43113.306,42306.707,8198.006,8171.636,1423.832,1311.771,7659.448,6923.796,926.141,855.467,5255.949,4977.79,858.302,847.579,2460.89,2370.526,312.862,303.515,2245.238,2145.321,283.326,261.24,307.046,299.592,1242.408,1181.964,659.143,661.242,33907.65,29994.201,32612.902,31887.656,409.322,386.302,23581.869,22846.872,3620.303,3793.783,,,,
9  Be  [ No Gas ] :  CPS RSD value = 5.02 is over the allowed maximum = 5.0045  Sc  [ He ] :  CPS RSD value = 7.04 is over the allowed maximum = 5.00118  Sn  [ No Gas ] :  CPS RSD value = 6.48 is over the allowed maximum = 5.00118  Sn  [ He ] :  CPS RSD value = 6.16 is over the allowed maximum = 5.00137  Ba  [ No Gas ] :  Concentration value = 165.40 is over the calibration range137  Ba  [ He ] :  Concentration value = 145.77 is over the calibration range138  Ba  [ He ] :  Concentration value = 153.82 is over the calibration range140  Ce  [ He ] :  CPS RSD value = 5.27 is over the allowed maximum = 5.00147  Sm  [ No Gas ] :  CPS RSD value = 6.33 is over the allowed maximum = 5.00,FALSE,071SMPL.d,14-05-2025 16:19,Sample,,MCS 617,3980.0417,1507,33058.898,34697.443,2172.865,1984.05,10635.555,11091.124,84430.212,80894.305,73215.385,64992.775,10038.421,10149.881,24011.873,24366.074,20386.573,20778.614,82543.673,74382.322,20315.871,26541.42,171298.402,148650.931,44957.635,39539.767,27103.675,27114.694,8718.609,8914.715,1216.443,1180.23,<0.000,<0.000,<0.000,<0.000,5499.835,5872.192,202.673,186.672,10886.966,10871.944,658280.51,580171.384,612194.131,96740.249,86987.738,189316.869,175835.592,19593.332,19680.016,74406.926,74273.631,13747.577,14032.998,2060.061,1976.844,12777.436,11552.863,1503.067,1362.352,7125.607,6901.028,1116.692,1093.756,2894.903,2878.43,356.503,347.772,2382.709,2479.174,301.547,291.318,302.847,280.467,1430.798,1392.716,746.962,774.217,30191.905,27804.164,28063.94,28067.675,380.537,366.679,36683.337,36523.036,5368.944,5520.401,,,,
9  Be  [ No Gas ] :  CPS RSD value = 7.53 is over the allowed maximum = 5.0089  Y  [ He ] :  CPS RSD value = 5.06 is over the allowed maximum = 5.00137  Ba  [ No Gas ] :  Concentration value = 188.31 is over the calibration range137  Ba  [ He ] :  Concentration value = 166.21 is over the calibration range138  Ba  [ He ] :  Concentration value = 168.14 is over the calibration range169  Tm  [ He ] :  CPS RSD value = 5.49 is over the allowed maximum = 5.00209  Bi  [ He ] :  CPS RSD value = 5.04 is over the allowed maximum = 5.00,FALSE,072SMPL.d,14-05-2025 16:23,Sample,,MCS 618,3896.5825,1508,45576.137,51262.971,2596.932,2086.33,13975.038,14753.601,111556.079,102901.744,88806.259,82667.152,16454.33,16408.824,37817.33,38095.473,47774.109,47415.339,129974.61,122112.22,26290.796,29093.414,188769.283,165973.555,39343.222,33607.949,27137.078,26910.681,10791.687,10738.988,2755.262,2829.316,<0.000,<0.000,25.225,49.384,7248.938,7192.497,444.178,399.855,14482.992,14149.801,733764.887,647656.982,655189.372,64862.771,60342.809,141827.484,121544.1,14064.041,14013.166,54110.675,52011.911,10521.946,10615.984,1753.459,1653.742,10058.995,9247.335,1259.433,1132.294,6799.155,6638.357,1102.843,1082.432,3137.707,3263.238,393.904,374.82,2829.903,2751.785,350.311,342.208,376.392,358.798,1788.631,1770.015,1036.85,999.572,42675.959,38061.998,38692.389,40177.955,959.517,859.309,28380.403,28955.011,5412.42,5346.796,,,,
137  Ba  [ No Gas ] :  Concentration value = 194.86 is over the calibration range137  Ba  [ He ] :  Concentration value = 172.79 is over the calibration range138  Ba  [ He ] :  Concentration value = 178.66 is over the calibration range205  Tl  [ He ] :  CPS RSD value = 6.53 is over the allowed maximum = 5.00208  Pb  [ No Gas ] :  CPS RSD value = 5.14 is over the allowed maximum = 5.00209  Bi  [ No Gas ] :  CPS RSD value = 5.55 is over the allowed maximum = 5.00,FALSE,073SMPL.d,14-05-2025 16:27,Sample,,MCS 619,3586.4465,1509,33453.898,35687.238,2765.651,2913.555,10614.515,11486.916,81855.118,79005.187,65832.207,60309.734,10674.435,11101.101,22332.259,23402.94,21612.243,22291.867,77672.593,72658.349,19799.451,23750.506,170636.722,152516.476,100100.487,92408.373,21580.311,21958.942,4195.935,4289.938,292.01,285.104,<0.000,<0.000,10.447,40.403,5377.678,5674.337,239.803,168.213,9724.988,10034.858,698868.912,619696.278,640772.284,60982.253,57356.464,123107.862,107186.834,12772.915,13014.294,48007.737,47669.642,9040.989,9101.397,1663.817,1614.906,8759.702,7942.785,1032.305,933.175,5514.923,5539.875,837.285,849.187,2390.826,2376.311,286.031,255.717,2017.651,1994.33,249.908,238.24,125.845,131.978,1274.542,1221.692,765.237,780.31,28922.443,28173.433,27052.163,27832.474,406.426,373.706,23311.563,24231.214,3555.118,3682.505,,,,
137  Ba  [ No Gas ] :  Concentration value = 195.99 is over the calibration range137  Ba  [ He ] :  Concentration value = 178.12 is over the calibration range138  Ba  [ He ] :  Concentration value = 180.67 is over the calibration range147  Sm  [ No Gas ] :  CPS RSD value = 5.78 is over the allowed maximum = 5.00205  Tl  [ No Gas ] :  CPS RSD value = 6.83 is over the allowed maximum = 5.00232  Th  [ He ] :  CPS RSD value = 5.39 is over the allowed maximum = 5.00238  U  [ He ] :  CPS RSD value = 5.52 is over the allowed maximum = 5.00,FALSE,074SMPL.d,14-05-2025 16:31,Sample,,MCS 620,3901.3194,1510,39620.725,45378.83,2578.826,2160.897,13233.213,13750.818,102820.576,93866.079,81970.101,74240.323,15440.283,15351.584,31712.74,32520.467,33841.186,34087.654,101459.484,93615.305,24944.151,26941.199,202562.764,179065.369,53783.076,45420.318,24788.851,25054.433,7724.472,7591.54,771.754,759.529,<0.000,<0.000,<0.000,<0.000,6671.571,6745.584,303.332,243.638,11989.501,11964.796,764618.852,694893.936,704836.671,52773.647,48502.812,111318.609,96004.991,11162.107,11103.25,43458.349,43722.966,8107.314,8096.331,1608.045,1456.747,7987.886,7397.14,1064.101,956.626,5996.397,5819.766,1055.197,1033.327,2914.097,3040.485,391.436,361.662,2722.732,2748.895,365.628,349.825,242.854,279.195,1727.875,1615.875,949.212,898.318,35624.31,33902.081,33554.438,33858.864,567.61,530.822,20511.444,20766.439,4093.944,4117.35,,,,
137  Ba  [ No Gas ] :  Concentration value = 172.58 is over the calibration range137  Ba  [ He ] :  Concentration value = 155.19 is over the calibration range138  Ba  [ He ] :  Concentration value = 160.11 is over the calibration range159  Tb  [ He ] :  CPS RSD value = 5.49 is over the allowed maximum = 5.00,FALSE,075SMPL.d,14-05-2025 16:35,Sample,,MCS 621,3461.2602,1511,32623.62,35644.087,2571.461,2875.761,10371.448,11195.903,79642.79,77162.822,65747.426,58693.781,10548.234,10902.233,23480.878,23585.292,18199.085,18686.13,88770.263,83703.409,19566.835,21606.799,138024.616,123934.892,51070.781,43866.93,22224.398,22727.209,8280.139,8503.858,486.524,519.191,<0.000,<0.000,<0.000,<0.000,5132.792,4940.63,192.281,182.968,8929.875,8811.176,597344.563,537149.233,554179.853,46213.047,41565.457,92494.447,82225.523,9595.339,9552.942,36291.535,36020.314,6932.533,7019.787,1405.446,1314.972,6928.392,6321.825,880.518,810.636,5158.264,4863.969,871.652,869.76,2516.862,2524.82,321.923,307.171,2361.71,2333.114,305.819,261.627,280.612,263.965,1247.34,1185.249,714.544,733.896,29110.044,26267.099,27958.266,27528.723,319.221,300.254,18869.562,18458.956,3031.067,3123.281,,,,
141  Pr  [ He ] :  CPS RSD value = 6.24 is over the allowed maximum = 5.00209  Bi  [ He ] :  CPS RSD value = 6.28 is over the allowed maximum = 5.00,FALSE,076_QC1.d,14-05-2025 16:39,QC1,,QC MES 50 ppb,1,4102,54.842,50.369,50.735,50.992,47.425,44.798,50.626,47.039,49.788,45.745,50.981,45.459,44.686,46.518,50.107,46.274,43.393,41.253,51.42,47.378,52.389,46.355,49.792,44.368,52.649,48.047,51.874,48.163,47.836,48.962,55.7,50.258,51.183,50.185,54.318,49.392,54.908,49.76,54.711,48.882,54.486,53.872,51.954,55.18,49.499,54.623,52.395,55.272,52.44,50.513,50.813,51.417,50.003,55.881,50.818,52.513,51.787,56.335,54.448,53.117,51.548,55.718,54.914,55.363,51.853,56.928,56.457,52.097,51.94,56.706,52.259,54.223,53.812,57.007,54.587,58.026,53.78,53.62,55.934,59.964,53.275,58.406,56.13,59.657,58.397,58.763,63.054,,,,
137  Ba  [ No Gas ] :  Concentration value = 164.32 is over the calibration range137  Ba  [ He ] :  Concentration value = 152.47 is over the calibration range138  Ba  [ He ] :  Concentration value = 150.83 is over the calibration range181  Ta  [ No Gas ] :  CPS RSD value = 6.82 is over the allowed maximum = 5.00,FALSE,077SMPL.d,14-05-2025 16:43,Sample,,MCS 622,3894.5343,1512,43399.822,46085.439,2920.816,3019.994,11867.241,12193.769,99307.192,93718.525,80893.971,73527.784,13634.757,13623.045,32179.81,33142.256,32228.043,33411.168,87965.817,81442.45,23184.505,28663.848,173610.981,149163.521,43204.667,38597.904,33835.859,33962.911,13020.004,13385.837,642.591,628.252,41.426,41.026,26.471,10.968,6468.746,6509.198,342.595,315.878,13498.541,13408.086,639951.373,593808.121,587416.564,85955.307,79027.076,171090.947,147470.432,17495.479,17768.652,67691.072,65920.87,13055.612,12766.472,2010.838,1943.899,12713.756,11456.955,1535.758,1410.959,8345.265,8107.509,1376.671,1360.307,3685.163,3699.326,484.771,451.539,3116.331,3203.132,414.273,377.701,523.291,514.757,1931.827,1901.864,972.585,941.213,36096.036,33528.012,34749.459,34088.763,704.575,676.041,34279.964,32733.904,5445.665,5756.492,,,,
137  Ba  [ No Gas ] :  Concentration value = 119.13 is over the calibration range137  Ba  [ No Gas ] :  CPS RSD value = 7.46 is over the allowed maximum = 5.00137  Ba  [ He ] :  Concentration value = 107.65 is over the calibration range138  Ba  [ He ] :  Concentration value = 105.63 is over the calibration range147  Sm  [ He ] :  CPS RSD value = 5.32 is over the allowed maximum = 5.00172  Yb  [ He ] :  CPS RSD value = 8.12 is over the allowed maximum = 5.00232  Th  [ He ] :  CPS RSD value = 7.10 is over the allowed maximum = 5.00238  U  [ He ] :  CPS RSD value = 5.93 is over the allowed maximum = 5.00,FALSE,078SMPL.d,14-05-2025 16:47,Sample,,MCS 623,3641.9744,2101,23925.19,27138.29,1551.17,1580.178,7756.171,8499.54,65584.872,61913.813,46855.666,45890.705,8927.767,8825.861,20185.007,21039.944,18685.397,18771.125,64815.401,62172.45,14679.43,16824.942,128780.136,114532.959,37689.182,31379.887,18647.067,18866.33,9278.675,9354.273,500.694,506.141,<0.000,<0.000,<0.000,<0.000,4149.104,4157.664,161.902,104.754,7325.312,7422.057,433858.758,392047.664,384704.992,45935.733,42281.118,92771.555,81050.806,9826.432,9661.413,36553.811,36587.491,7251.572,7095.19,1285.948,1202.805,6891.901,6117.661,865.457,778.691,4552.807,4385.14,769.295,763.425,2114.138,2155.312,272.609,259.152,1951.864,2003.076,249.455,245.662,304.545,334.212,1131.065,1085.444,578.935,579.741,24660.371,25406.902,23909.62,24291.827,316.68,319.099,18458.221,17951.242,2964.449,3144.945,,,,
137  Ba  [ No Gas ] :  Concentration value = 134.72 is over the calibration range137  Ba  [ He ] :  Concentration value = 119.62 is over the calibration range138  Ba  [ He ] :  Concentration value = 112.47 is over the calibration range181  Ta  [ He ] :  CPS RSD value = 7.37 is over the allowed maximum = 5.00,FALSE,079SMPL.d,14-05-2025 16:51,Sample,,MCS 624,3863.599,2102,27261.677,29222.754,2226.312,2425.337,8999.505,9617.22,66449.891,63526.349,49976.084,49141.005,7896.265,8126.384,20358.144,20260.752,14673.649,15064.029,48943.841,45747.073,17584.868,24115.577,131538.826,115585.601,58701.603,50989.446,23284.703,23122.841,9061.557,9249.068,446.847,406.904,<0.000,<0.000,<0.000,<0.000,4134.711,4255.705,219.003,96.111,7950.992,7910.487,520504.624,462152.222,434539.868,111739.877,103302.354,223310.243,215842.092,23559.59,22775.502,87411.371,89845.286,16987.313,16645.529,2087.405,2037.505,15099.936,12847.667,1462.94,1403.09,6662.123,6426.231,1000.352,1021.242,2657.181,2705.414,328.067,320.085,2349.251,2459.755,311.938,277.513,308.98,309.17,964.768,944.115,638.975,603.68,31327.647,29130.056,29230.274,29727.639,289.333,294.829,46117.616,46926.14,6112.023,6419.098,,,,
7  Li  [ No Gas ] :  CPS RSD value = 5.04 is over the allowed maximum = 5.0052  Cr  [ No Gas ] :  CPS RSD value = 5.26 is over the allowed maximum = 5.00137  Ba  [ No Gas ] :  Concentration value = 162.45 is over the calibration range137  Ba  [ He ] :  Concentration value = 143.93 is over the calibration range138  Ba  [ He ] :  Concentration value = 152.18 is over the calibration range175  Lu  [ No Gas ] :  CPS RSD value = 5.94 is over the allowed maximum = 5.00,FALSE,080SMPL.d,14-05-2025 16:55,Sample,,MCS 625,3824.5269,2103,29601.135,30984.392,2653.122,2647.953,8650.799,9328.205,70301.911,65485.941,55520.002,53201.912,8946.19,8816.417,18568.921,19492.416,16489.847,15976.287,67165.787,64261.38,18055.878,20592.365,138267.341,124560.39,61255.351,54009.693,24342.968,24668.531,5783.156,5876.875,525.188,527.072,<0.000,<0.000,<0.000,<0.000,4716.928,4945.474,215.978,139.737,7496.14,7799.821,621307.851,550449.626,582027.291,50782.415,46126.652,103178.534,90948.743,10389.898,10471.994,39259.754,39613.193,7436.172,7365.996,1381.661,1312.55,7384.545,6629.349,933.581,876.031,5600.624,5151.224,932.542,945.062,2690.039,2801.733,325.294,323.039,2380.304,2471.579,293.959,278.628,209.944,197.037,1193.847,1169.756,651.707,643.543,28286.541,26441.516,27755.634,27494.855,251.988,202.868,20575.774,21057.259,3096.249,3040.745,,,,
118  Sn  [ He ] :  CPS RSD value = 5.25 is over the allowed maximum = 5.00137  Ba  [ No Gas ] :  Concentration value = 194.18 is over the calibration range137  Ba  [ He ] :  Concentration value = 172.51 is over the calibration range138  Ba  [ He ] :  Concentration value = 183.35 is over the calibration range140  Ce  [ He ] :  CPS RSD value = 7.73 is over the allowed maximum = 5.00172  Yb  [ He ] :  CPS RSD value = 5.87 is over the allowed maximum = 5.00,FALSE,081SMPL.d,14-05-2025 17:00,Sample,,MCS 626,3845.8501,2104,39782.423,40897.65,2214.85,1952.658,11442.005,12118.471,99064.484,89215.378,80676.231,72581.296,15372.941,15156.17,30493.837,29639.528,28537.959,28463.539,112118.221,101406.546,22534.802,27487.234,213832.616,185781.869,39153.648,34097.376,25093.953,25050.758,9870.152,10095.769,974.022,909.427,<0.000,<0.000,<0.000,<0.000,6548.969,6364.449,304.867,281.034,11640.287,11709.711,746797.36,663434.055,705120.216,90887.88,82256.47,187580.231,171729.745,19020.826,18909.789,71844.252,71281.88,13828.457,13839,1908.255,1758.496,12825.409,11355.896,1479.774,1358.343,6979.27,6667.727,1048.602,1043.487,2830.157,2876.883,348.812,328.714,2443.18,2509.336,324.08,299.109,353.67,327.626,1629.235,1598.832,911.437,898.121,30380.676,27976.623,28831.858,29211.467,475.169,400.108,37790.446,39222.231,5963.688,6069.301,,,,
7  Li  [ No Gas ] :  CPS RSD value = 6.62 is over the allowed maximum = 5.00137  Ba  [ No Gas ] :  Concentration value = 338.05 is over the calibration range137  Ba  [ He ] :  Concentration value = 302.29 is over the calibration range138  Ba  [ He ] :  Concentration value = 315.78 is over the calibration range165  Ho  [ He ] :  CPS RSD value = 6.80 is over the allowed maximum = 5.00172  Yb  [ He ] :  CPS RSD value = 5.67 is over the allowed maximum = 5.00178  Hf  [ No Gas ] :  CPS RSD value = 6.13 is over the allowed maximum = 5.00,FALSE,082_QC2.d,14-05-2025 17:04,QC2,,SJS-Std,3650.7995,4103,51772.713,53144.014,1588.859,1988.434,9625.017,10265.115,117095.816,106660.283,120541.312,113397.309,12011.983,11799.568,73335.797,76898.791,32307.951,33497.234,96295.356,90295.631,15619.001,16868.434,104469.576,92202.828,271859.761,245539.705,15340.365,15550.161,60618.934,63595.933,3337.453,3296.347,229.944,106.205,405.351,431.864,1470.654,1460.732,1421.801,1386.146,5415.913,5346.5,1234140.66,1103613.739,1152837.813,20939.956,21056.365,41762.433,39380.768,4751.358,4747.266,18586.73,18322.495,3568.194,3664.725,1031.904,875.959,3700.078,3499.145,497.952,466.04,3160.537,3046.769,581.219,579.462,1781.269,1802.697,239.668,237.197,1760.22,1721.385,258.998,231.037,2312.24,2262.706,812.787,878.445,558.124,545.758,22808.946,20147.781,20030.329,21397.079,276.083,235.128,10601.713,11083.497,3623.64,3584.323,,,,
9  Be  [ No Gas ] :  CPS RSD value = 5.95 is over the allowed maximum = 5.00137  Ba  [ No Gas ] :  Concentration value = 123.47 is over the calibration range137  Ba  [ He ] :  Concentration value = 110.13 is over the calibration range138  Ba  [ He ] :  Concentration value = 104.73 is over the calibration range163  Dy  [ He ] :  CPS RSD value = 5.84 is over the allowed maximum = 5.00165  Ho  [ He ] :  CPS RSD value = 7.34 is over the allowed maximum = 5.00169  Tm  [ No Gas ] :  CPS RSD value = 5.12 is over the allowed maximum = 5.00172  Yb  [ No Gas ] :  CPS RSD value = 6.40 is over the allowed maximum = 5.00238  U  [ No Gas ] :  CPS RSD value = 5.93 is over the allowed maximum = 5.00,FALSE,083SMPL.d,14-05-2025 17:08,Sample,,MCS 627,3889.0488,2105,21110.443,22093.637,2047.145,2046.395,6892.563,7315.008,46055.335,47806.05,38127.284,37800.017,5590.353,5554.978,13047.979,13390.924,13160.067,13144.972,38202.668,36287.958,14592.979,16201.014,131065.765,115347.781,64281.018,53960.353,18073.015,18188.815,4578.905,4583.773,420.884,393.788,<0.000,<0.000,<0.000,<0.000,3360.23,3215.616,162.164,85.659,6444.798,6412.814,480183.03,428290.26,407305.238,34880.998,34224.399,78345.787,66950.882,8020.074,7847.199,30939.116,30238.609,5748.833,5874.723,1331.776,1249.235,5652.026,5216.657,752.088,692.356,4531.97,4405.547,787.839,759.106,2283.307,2297.042,301.354,294.918,2216.518,2215.445,263.401,262.861,151.101,168.692,775.68,787.68,585.061,554.88,34030.841,31312.955,31357.886,32328.922,232.4,207.559,15637.863,16069.334,2347.021,2348.577,,,,
118  Sn  [ He ] :  CPS RSD value = 5.18 is over the allowed maximum = 5.00137  Ba  [ No Gas ] :  Concentration value = 156.89 is over the calibration range137  Ba  [ He ] :  Concentration value = 141.40 is over the calibration range138  Ba  [ He ] :  Concentration value = 141.58 is over the calibration range209  Bi  [ No Gas ] :  CPS RSD value = 5.78 is over the allowed maximum = 5.00103  Rh ( ISTD )  [ No Gas ] :  CPS RSD value = 17.44 is over the allowed maximum = 5.00,FALSE,084SMPL.d,14-05-2025 17:12,Sample,,MCS 628,3919.2478,2106,35981.728,37988.639,3036.11,3220.06,12017.774,12942.636,98644.924,92166.943,75209.764,68082.979,11958.424,12083.355,27761.273,27748.433,30484.549,30975.929,73276.531,66670.292,21454.375,24516.377,189302.888,165912.302,46589.734,40427.074,24780.304,24964.967,9958.5,9952.949,451.111,443.47,<0.000,<0.000,<0.000,<0.000,6160.311,6223.349,508.159,478.358,10922.553,10894.57,614874.769,554189.664,554870.174,54932.276,50604.886,111524.106,97259.913,11294.054,11409.853,42848.817,43393.93,8266.886,8311.623,1523.869,1476.913,8152.266,7251.882,998.358,948.662,5858.098,5483.587,1026.859,1003.045,2918.498,2828.123,375.189,361.35,2562.837,2653.736,313.366,314.461,369.047,335.72,1404.049,1361.828,882.643,858.798,33504.856,30934.084,31827.328,31541.215,672.192,670.31,22607.552,21655.177,3832.702,3995.484,,,,
137  Ba  [ No Gas ] :  Concentration value = 180.25 is over the calibration range137  Ba  [ He ] :  Concentration value = 160.77 is over the calibration range138  Ba  [ He ] :  Concentration value = 162.56 is over the calibration range165  Ho  [ He ] :  CPS RSD value = 5.13 is over the allowed maximum = 5.00209  Bi  [ No Gas ] :  CPS RSD value = 6.41 is over the allowed maximum = 5.00,FALSE,085SMPL.d,14-05-2025 17:16,Sample,,MCS 629,3785.667,2107,33799.936,34657.431,2356.142,2131.785,10217.111,10957.538,77059.797,72166.217,65752.08,58955.391,11708.743,11207.073,21493.365,21693.083,21567.785,21788.802,62862.463,58651.947,20004.707,23864.89,174618.51,153440.817,48043.261,39369.874,21751.306,21663.833,4901.363,4940.513,398.922,389.911,<0.000,<0.000,<0.000,<0.000,4978.679,4755.55,108.753,2.943,9483.351,8959.213,682355.549,608617.97,615381.554,79680.729,73328.631,163687.046,139976.345,16604.398,16248.7,63916.741,61255.938,11752.52,11918.482,1720.546,1660.777,11059.361,9741.673,1231.912,1140.753,5901.467,5804.413,913.903,902.795,2453.817,2457.602,302.299,290.482,2123.313,2029.459,267.316,261.048,161.992,154.723,1198.723,1198.226,688.501,714.385,27853.591,25154.654,26394.647,26067.249,315.713,294.438,29337.367,30261.785,4579.683,4719.024,,,,
95  Mo  [ No Gas ] :  CPS RSD value = 5.91 is over the allowed maximum = 5.00133  Cs  [ He ] :  CPS RSD value = 6.75 is over the allowed maximum = 5.00137  Ba  [ No Gas ] :  Concentration value = 166.14 is over the calibration range137  Ba  [ He ] :  Concentration value = 150.77 is over the calibration range138  Ba  [ He ] :  Concentration value = 153.28 is over the calibration range181  Ta  [ No Gas ] :  CPS RSD value = 5.11 is over the allowed maximum = 5.00,FALSE,086SMPL.d,14-05-2025 17:20,Sample,,MCS 630,3677.8351,2108,34714.387,35978.368,2079.778,2037.111,10359.536,10882.073,85387.063,79192.9,70402.928,62645.451,12333.323,12392.426,28230.873,27826.252,29498.127,30057.504,72075.169,65697.63,20560.486,23003.534,167843.795,148112.626,39042.365,33685.803,20149.72,20426.92,7995.891,8214.644,696.419,660.525,<0.000,<0.000,<0.000,<0.000,5390.514,5554.114,268.405,167.731,10700.603,10606.335,611019.997,554496.66,563731.062,59099.811,55187.138,122323.983,105483.645,12493.608,12522.547,47287.996,48014.122,9284.221,9050.928,1529.587,1464.77,8676.171,7563.685,1014.21,951.975,5502.826,5063.699,876.838,853.745,2366.779,2371.467,308.154,272.155,2165.845,2181.55,287.16,269.701,286.03,267.234,1307.854,1282.309,764.204,736.211,32110.569,28640.189,29196.727,30721.575,542.677,510.214,23413.083,24341.68,4030.852,4141.079,,,,
137  Ba  [ No Gas ] :  Concentration value = 139.74 is over the calibration range137  Ba  [ He ] :  Concentration value = 122.90 is over the calibration range138  Ba  [ He ] :  Concentration value = 119.49 is over the calibration range147  Sm  [ He ] :  CPS RSD value = 5.02 is over the allowed maximum = 5.00163  Dy  [ He ] :  CPS RSD value = 5.76 is over the allowed maximum = 5.00165  Ho  [ He ] :  CPS RSD value = 5.11 is over the allowed maximum = 5.00,FALSE,087SMPL.d,14-05-2025 17:24,Sample,,MCS 631,3764.3644,2109,22644.929,24042.853,2147.411,2363.044,9592.508,10011.938,60996.076,57216.766,47092.522,47678.209,9098.355,9075.227,16915.611,17155.033,13486.515,13239.242,50805.992,45736.882,16491.784,18730.648,128091.032,110191.431,66489.429,59059.265,31750.438,31425.162,6045,6083.564,534.489,561.378,42.823,8.003,<0.000,<0.000,4043.326,4058.76,218.434,147.292,6866.426,6676.783,526035.839,462650.607,449787.814,47681.186,43258.768,96375.266,85838,9982.122,9828.193,37547.697,37449.882,7221.133,7480.746,1534.425,1385.859,7541.94,6791.635,1054.105,960.939,7252.223,6789.892,1239.777,1249.404,3700.029,3701.845,456.218,454.324,3385.284,3341.12,413.894,407.538,198.14,190.991,985.404,946.379,555.12,546.265,34506.653,32412.023,32694.534,32735.232,270.271,240.191,17826.914,17758.54,2990.995,3054.439,,,,
118  Sn  [ No Gas ] :  CPS RSD value = 9.03 is over the allowed maximum = 5.00141  Pr  [ He ] :  CPS RSD value = 6.38 is over the allowed maximum = 5.00163  Dy  [ No Gas ] :  CPS RSD value = 8.86 is over the allowed maximum = 5.00178  Hf  [ No Gas ] :  CPS RSD value = 5.19 is over the allowed maximum = 5.00232  Th  [ He ] :  CPS RSD value = 6.28 is over the allowed maximum = 5.00,FALSE,088_QC1.d,14-05-2025 17:28,QC1,,QC MES 50 ppb,1,4102,54.839,50.739,51.623,52.758,47.637,44.465,51.169,47.482,50.87,45.738,50.624,45.871,44.898,46.317,50.161,46.525,44.222,41.896,50.804,47.96,53.423,46.932,49.249,44.226,54.257,48.604,51.825,47.444,48.017,49.52,56.036,51.634,51.175,51.16,52.94,49.798,55.856,50.628,54.462,48.817,54.596,54.703,52.788,55.092,49.75,54.767,52.293,54.932,51.502,50.952,50.649,50.062,51.242,57.72,50.871,53.132,51.779,56.706,55.081,55.494,50.804,56.154,56.606,57.216,50.785,58.047,57.345,52.205,51.992,57.211,50.906,58.494,53.138,56.204,54.491,60.586,53.115,55.38,54.625,58.213,53.8,59.041,53.779,59.632,59.715,59.847,63.292,,,,
137  Ba  [ No Gas ] :  Concentration value = 105.66 is over the calibration range137  Ba  [ He ] :  Concentration value = 105.98 is over the calibration range138  Ba  [ He ] :  Concentration value = 100.47 is over the calibration range159  Tb  [ No Gas ] :  CPS RSD value = 5.29 is over the allowed maximum = 5.00166  Er  [ He ] :  CPS RSD value = 5.66 is over the allowed maximum = 5.00169  Tm  [ No Gas ] :  CPS RSD value = 5.81 is over the allowed maximum = 5.00,FALSE,089SMPL.d,14-05-2025 17:32,Sample,,MCS 632,3676.5791,2110,21244.318,23111.429,1309.666,1086.088,7300.327,7674.081,59190.511,54449.359,43799.667,43607.032,7879.568,7692.764,17139.635,17495.424,15554.736,15506.356,40947.974,37092.575,13957.295,15405.126,127353.354,108949.276,25626.097,25169.647,15069.884,14636.008,7893.532,7987.242,511.266,483.215,31.639,10.659,<0.000,<0.000,3601.413,3645.503,193.198,175.296,6786.912,6748.88,388452.885,389646.348,369396.859,30764.413,31619.898,73074.744,63404.227,7290.179,7429.94,28062.967,27362.688,5324.77,5495.532,927.13,868.854,5196.447,4695.244,629.647,572.547,3672.377,3628.375,625.631,584.974,1732.991,1820.098,230.048,215.865,1672.111,1643.049,213.228,188.944,286.996,287.871,881.261,899.827,532.073,498.094,22842.23,19616.196,20888.879,21514.827,251.796,207.211,14469.842,14989.875,2372.236,2436.695,,,,
9  Be  [ No Gas ] :  CPS RSD value = 5.28 is over the allowed maximum = 5.00137  Ba  [ No Gas ] :  Concentration value = 166.24 is over the calibration range137  Ba  [ He ] :  Concentration value = 142.92 is over the calibration range138  Ba  [ He ] :  Concentration value = 152.09 is over the calibration range139  La  [ No Gas ] :  CPS RSD value = 7.47 is over the allowed maximum = 5.00157  Gd  [ No Gas ] :  CPS RSD value = 6.00 is over the allowed maximum = 5.00181  Ta  [ No Gas ] :  CPS RSD value = 6.53 is over the allowed maximum = 5.00,FALSE,090SMPL.d,14-05-2025 17:36,Sample,,MCS 633,3652.7952,2111,28748.547,29675.044,2518.188,2461.611,10493.878,10795.785,84521.49,78598.088,66848.085,59504.131,11412.782,11291.579,23942.878,24328.316,22317.228,22636.698,64519.921,60459.183,19202.94,21096.276,177811.885,156765.686,54428.961,44638.324,20539.705,20731.106,8950.708,9053.058,389.252,332.771,<0.000,<0.000,<0.000,<0.000,5150.266,5096.282,428.398,329.403,8681.771,8798.663,607227.483,522073.818,555538.524,44198.527,41846.319,95411.783,79680.543,9527.816,9521.207,37200.684,35542.59,6748.41,6974.791,1305.09,1174.666,6934.454,5866.094,814.52,778.669,5011.498,4602.278,825.542,788.582,2333.622,2303.014,294.759,275.688,2036.186,1991.511,244.27,243.397,335.283,311.752,1218.736,1179.099,801.938,800.009,27437.844,25158.396,25188.783,25591.687,463.146,455.096,20766.379,20408.137,3183.269,3342.357,,,,
137  Ba  [ No Gas ] :  Concentration value = 130.08 is over the calibration range137  Ba  [ He ] :  Concentration value = 112.05 is over the calibration range138  Ba  [ He ] :  Concentration value = 105.93 is over the calibration range153  Eu  [ He ] :  CPS RSD value = 5.22 is over the allowed maximum = 5.00163  Dy  [ He ] :  CPS RSD value = 5.02 is over the allowed maximum = 5.00169  Tm  [ No Gas ] :  CPS RSD value = 5.54 is over the allowed maximum = 5.00103  Rh ( ISTD )  [ No Gas ] :  CPS RSD value = 17.49 is over the allowed maximum = 5.00,FALSE,091SMPL.d,14-05-2025 17:41,Sample,,MCS 634,3788.0121,2112,22676.268,21944.113,1949.04,1923.292,9156.008,9552.519,68657.96,61623.088,62402.261,54445.894,8066.935,7811.563,17350.03,17172.839,11848.885,11580.113,54932.474,49779.88,16739.558,20200.161,111707.635,95322.85,51595.673,43000.403,20577.134,20304.499,6484.181,6449.008,742.745,697.898,<0.000,<0.000,<0.000,<0.000,4054.592,4108.671,220.477,182.573,6566.712,6560.607,492738.626,424452.759,401271.632,68292.45,62170.69,140553.775,119753.583,14431.056,14360.211,54664.946,52886.663,10227.867,10482.968,1570.293,1455.893,9544.488,8112.295,1016.446,955.032,5452.352,4956.108,868.338,860.126,2524.578,2502.883,323.915,312.597,2397.802,2382.57,311.753,283.218,198.945,208.799,1011.17,968.383,498.823,503.33,28918.541,27347.466,28770.866,27033.974,250.511,218.432,29728.425,27859.139,3909.227,4011.368,,,,
137  Ba  [ No Gas ] :  Concentration value = 140.00 is over the calibration range137  Ba  [ He ] :  Concentration value = 124.03 is over the calibration range138  Ba  [ He ] :  Concentration value = 117.74 is over the calibration range147  Sm  [ He ] :  CPS RSD value = 6.55 is over the allowed maximum = 5.00165  Ho  [ He ] :  CPS RSD value = 5.15 is over the allowed maximum = 5.00172  Yb  [ No Gas ] :  CPS RSD value = 6.90 is over the allowed maximum = 5.00,FALSE,092SMPL.d,14-05-2025 17:45,Sample,,MCS 635,3407.3622,2201,19830.846,20731.754,1741.171,1604.204,6064.854,6158.478,41765.152,43148.051,34270.564,34743.778,4811.172,4749.44,11236.719,11205.847,14141.803,14273.265,39129.411,36812.905,13422.171,14758.167,119784.023,107364.366,64184.614,55367.629,11492.669,11765.019,4790.582,4799.673,283.356,290.641,<0.000,<0.000,<0.000,<0.000,4357.247,4237.621,153.4,97.123,5729.347,5916.671,477033.649,422629.293,401193.43,32802.792,33452.604,74657.47,63808.092,7523.874,7644.961,28800.308,28548.668,5444.588,5232.273,1028.503,989.141,5055.006,4417.57,584.968,548.146,3103.999,3027.118,468.796,475.345,1375.846,1438.66,167.581,148.596,1316.991,1312.518,145.942,154.15,162.773,141.929,767.338,749.363,498.844,469.546,36250.477,32462.211,32916.843,34112.558,194.842,160.183,14468.663,15063.32,2089.86,2150.55,,,,
137  Ba  [ No Gas ] :  Concentration value = 141.01 is over the calibration range137  Ba  [ He ] :  Concentration value = 123.38 is over the calibration range138  Ba  [ He ] :  Concentration value = 121.91 is over the calibration range138  Ba  [ He ] :  CPS RSD value = 7.34 is over the allowed maximum = 5.00147  Sm  [ He ] :  CPS RSD value = 5.23 is over the allowed maximum = 5.00175  Lu  [ No Gas ] :  CPS RSD value = 5.33 is over the allowed maximum = 5.00209  Bi  [ No Gas ] :  CPS RSD value = 5.95 is over the allowed maximum = 5.00232  Th  [ He ] :  CPS RSD value = 5.25 is over the allowed maximum = 5.00103  Rh ( ISTD )  [ No Gas ] :  CPS RSD value = 9.91 is over the allowed maximum = 5.00,FALSE,093SMPL.d,14-05-2025 17:49,Sample,,MCS 636,3827.3258,2202,27155.838,28219.221,2228.719,2084.581,8454.599,8820.176,62654.136,58637.991,46908.266,46212.082,10022.274,9885.382,19474.496,19277.712,19685.993,19509.012,60031.904,56990.506,16143.914,18166.425,162431.256,143702.948,57978.905,49260.878,28562.614,28100.417,5894.12,6080.598,429.637,394.199,<0.000,<0.000,<0.000,<0.000,4657.875,4729.753,174.334,88.266,7463.846,7373.304,539684.039,472213.584,466588.323,51015.912,46260.866,99936.565,85378.682,10690.894,10484.72,40194.752,39347.868,7871.872,7810.726,1425.014,1372.003,8087.723,7063.988,1017.427,945.098,6265.201,5851.845,1076.746,1100.224,3247.386,3149.946,413.202,401.199,2984.675,2928.103,380.894,384.528,192.145,163.617,976.429,956.42,609.686,611.577,32235.767,30909.019,30118.44,30561.483,277.044,267.926,18814.763,17971.972,2918.238,3004.683,,,,
9  Be  [ No Gas ] :  CPS RSD value = 5.48 is over the allowed maximum = 5.0052  Cr  [ No Gas ] :  CPS RSD value = 7.53 is over the allowed maximum = 5.00137  Ba  [ No Gas ] :  Concentration value = 136.00 is over the calibration range137  Ba  [ He ] :  Concentration value = 120.11 is over the calibration range138  Ba  [ He ] :  Concentration value = 117.31 is over the calibration range103  Rh ( ISTD )  [ No Gas ] :  CPS RSD value = 8.35 is over the allowed maximum = 5.00,FALSE,094SMPL.d,14-05-2025 17:53,Sample,,MCS 637,3957.6636,2203,24904.615,27583.597,2339.505,2886.272,9747.424,10506.182,66880.045,61491.663,53883.697,50621.635,7509.365,7346.414,19118.832,19683.092,16535.456,16246.232,61558.046,54600.33,18571.109,25935.248,136663.65,120532.29,69022.415,59386.664,29161.441,28889.699,7840.174,7955.586,606.999,629.248,<0.000,<0.000,<0.000,<0.000,4395.513,4260.095,177.474,135.369,8731.347,8706.109,538227.551,475350.837,464269.193,141289.467,127191.622,283553.076,271128.91,28986.574,28345.747,106856.912,107226.524,20477.994,20210.776,2730.028,2656.235,17079.142,15007.363,1639.558,1454.362,7660.065,7300.951,1245.573,1192.835,3429.265,3478.978,433.031,416.289,3054.861,3030.355,389.403,357.041,254.384,250.998,1302.523,1201.001,576.081,587.905,32873.321,32243.597,32663.658,31812.851,335.493,338.368,53740.634,51009.665,6983.858,7517.12,,,,
90  Zr  [ No Gas ] :  CPS RSD value = 5.29 is over the allowed maximum = 5.00118  Sn  [ No Gas ] :  CPS RSD value = 5.97 is over the allowed maximum = 5.00137  Ba  [ No Gas ] :  Concentration value = 340.54 is over the calibration range137  Ba  [ He ] :  Concentration value = 305.02 is over the calibration range138  Ba  [ He ] :  Concentration value = 321.35 is over the calibration range140  Ce  [ No Gas ] :  CPS RSD value = 7.64 is over the allowed maximum = 5.00159  Tb  [ He ] :  CPS RSD value = 5.77 is over the allowed maximum = 5.00172  Yb  [ He ] :  CPS RSD value = 8.23 is over the allowed maximum = 5.00181  Ta  [ He ] :  CPS RSD value = 6.44 is over the allowed maximum = 5.00205  Tl  [ He ] :  CPS RSD value = 8.01 is over the allowed maximum = 5.00238  U  [ He ] :  CPS RSD value = 5.83 is over the allowed maximum = 5.00,FALSE,095_QC2.d,14-05-2025 17:57,QC2,,SJS-Std,3650.7995,4103,52017.575,54412.514,1519.249,1853.625,9620.343,10109.524,116982.796,108668.784,124291.549,110533.88,11839.407,12016.554,74445.916,76091.263,32954.072,32755.994,95957.156,91950.546,15737.001,16045.412,103397.068,92460.109,274569.03,241102.531,15517.916,16093.241,65886.04,61596.623,3206.061,3340.863,223.604,107.263,462.674,357.312,1428.651,1501.242,1441.21,1462.8,5363.469,5419.041,1243253.577,1113573.307,1173188.161,21034.679,21417.6,42631.158,40524.291,4879.936,4651.308,18456.25,18732.411,3605.479,3560.676,1036.389,865.404,3743.49,3542.686,503.141,464.673,3238.063,3080.529,605.899,598.237,1763.359,1826.307,245.701,225.905,1861.255,1848.029,242.274,232.783,2380.08,2347.399,828.923,859.256,572.046,567.801,22486.839,20126.008,20416.637,20663.969,275.008,241.875,10586.351,10806.893,3604.757,3618.273,,,,
7  Li  [ No Gas ] :  CPS RSD value = 6.29 is over the allowed maximum = 5.00137  Ba  [ No Gas ] :  Concentration value = 189.98 is over the calibration range137  Ba  [ He ] :  Concentration value = 164.19 is over the calibration range138  Ba  [ He ] :  Concentration value = 170.30 is over the calibration range172  Yb  [ No Gas ] :  CPS RSD value = 5.52 is over the allowed maximum = 5.00172  Yb  [ He ] :  CPS RSD value = 5.26 is over the allowed maximum = 5.00,FALSE,096SMPL.d,14-05-2025 18:01,Sample,,MCS 638,3739.9925,2204,40014.62,43753.798,5213.28,5489.717,12671.197,13798.035,115697.332,108049.932,111644.897,102768.067,16225.966,16345.812,32609.391,33557.514,34971.008,34964.225,85707.431,80862.469,35645.799,37263.921,189513.565,169062.986,28331.731,25838.213,23088.589,23199.767,7774.212,7689.458,706.119,617.43,<0.000,<0.000,<0.000,<0.000,6780.352,6647.517,226.802,168.629,13328.722,13222.865,710530.677,614071.317,636911.312,59990.499,55886.886,129226.565,110658.161,12860.161,12844.702,48480.29,49138.791,9727.47,9626.767,1528.566,1440.825,9192.936,8378.992,1123.815,1042.674,6224.143,5890.261,959.959,974.819,2704.581,2713.032,351.471,333.791,2516.544,2549.105,327.017,313.373,259.671,246.566,1705.111,1695.685,922.873,912.566,33830.254,30970.819,31503.818,31946.227,744.117,716.951,27533.912,26991.629,4578.741,4826.049,,,,
52  Cr  [ No Gas ] :  CPS RSD value = 8.04 is over the allowed maximum = 5.00137  Ba  [ No Gas ] :  Concentration value = 133.49 is over the calibration range137  Ba  [ He ] :  Concentration value = 117.52 is over the calibration range138  Ba  [ He ] :  Concentration value = 113.38 is over the calibration range159  Tb  [ No Gas ] :  CPS RSD value = 5.50 is over the allowed maximum = 5.00166  Er  [ He ] :  CPS RSD value = 5.88 is over the allowed maximum = 5.00169  Tm  [ No Gas ] :  CPS RSD value = 5.27 is over the allowed maximum = 5.00172  Yb  [ He ] :  CPS RSD value = 5.31 is over the allowed maximum = 5.00205  Tl  [ No Gas ] :  CPS RSD value = 6.44 is over the allowed maximum = 5.00,FALSE,097SMPL.d,14-05-2025 18:05,Sample,,MCS 639,3801.9675,2205,27016.713,26796.722,2489.997,2386.649,9672.649,10061.078,67271.611,63592.158,57872.932,53856.612,8660.471,8623.794,18549.301,18468.006,13373.402,13484.13,58528.295,53985.349,17915.098,20955.916,112820.589,100653.109,76155.083,67333.358,26890.026,27659.407,9218.732,9481.258,554.86,622.142,<0.000,<0.000,11.69,0,4417.8,4345.75,182.317,143.837,7342.462,7367.689,507507.398,446796.365,431070.461,57711.029,53859.945,115591.872,101054.282,11938.809,12022.412,45196.057,45952.858,8462.286,8637.291,1545.449,1487.729,8343.714,7546.577,1079.321,1044.809,6323.157,5953.261,1102.968,1105.736,3220.954,3275.352,448.252,410.168,3032.329,3182.948,414.488,374.701,290.397,301.857,1118.231,1002.615,565.358,555.511,33406.909,32233.23,32421.262,31723.591,308.773,331.258,23307.26,22610.104,3472.931,3772.335,,,,
121  Sb  [ No Gas ] :  CPS RSD value = 7.83 is over the allowed maximum = 5.00137  Ba  [ No Gas ] :  Concentration value = 189.18 is over the calibration range137  Ba  [ He ] :  Concentration value = 158.20 is over the calibration range138  Ba  [ He ] :  Concentration value = 173.06 is over the calibration range103  Rh ( ISTD )  [ He ] :  CPS RSD value = 5.36 is over the allowed maximum = 5.00,FALSE,098SMPL.d,14-05-2025 18:09,Sample,,MCS 640,4005.526,2206,29643.301,30296.189,2401.181,2514.468,11201.107,12139.552,92538.426,87508.127,76474.279,68242.53,12850.969,13029.605,26318.917,26307.646,22727.185,22739.113,78029.094,71078.784,20896.947,25296.48,196444.389,175703.417,73090.486,63649.024,25879.729,26372.805,7011.279,7089.055,297.315,253.338,<0.000,<0.000,<0.000,<0.000,5605.355,5671.604,219.827,236.651,8726.878,8903.128,757766.178,633674.048,693178.189,92132.331,80957.445,184221.222,159080.268,18646.18,18163.626,69570.02,68792.836,13245.149,13027.167,1933.835,1740.205,12445.116,10684.682,1422.264,1283.773,7395.484,6953.171,1059.045,1061.237,2792.84,2720.592,316.886,288.912,2170.181,2146.051,251.556,231.583,247.485,235.216,1407.612,1362.795,844.538,891.911,22951.223,21578.885,21108.984,21667.461,359.198,326.129,38243.166,39455.96,4863.676,4993.535,,,,
"7  Li  [ No Gas ] :  CPS RSD value = 5.12 is over the allowed maximum = 5.0051  V  [ No Gas ] :  CPS RSD value = 8.81 is over the allowed maximum = 5.0051  V  [ He ] :  CPS RSD value = 8.10 is over the allowed maximum = 5.0052  Cr  [ He ] :  CPS RSD value = 7.02 is over the allowed maximum = 5.0059  Co  [ He ] :  CPS RSD value = 8.49 is over the allowed maximum = 5.0063  Cu  [ He ] :  CPS RSD value = 10.66 is over the allowed maximum = 5.0071  Ga  [ He ] :  CPS RSD value = 8.66 is over the allowed maximum = 5.0085  Rb  [ No Gas ] :  CPS RSD value = 5.91 is over the allowed maximum = 5.0085  Rb  [ He ] :  CPS RSD value = 8.03 is over the allowed maximum = 5.0088  Sr  [ He ] :  CPS RSD value = 9.30 is over the allowed maximum = 5.0089  Y  [ No Gas ] :  CPS RSD value = 5.86 is over the allowed maximum = 5.0089  Y  [ He ] :  CPS RSD value = 7.35 is over the allowed maximum = 5.0090  Zr  [ He ] :  CPS RSD value = 10.36 is over the allowed maximum = 5.00133  Cs  [ He ] :  CPS RSD value = 9.20 is over the allowed maximum = 5.00137  Ba  [ No Gas ] :  Concentration value = 126.49 is over the calibration range137  Ba  [ He ] :  CPS RSD value = 9.50 is over the allowed maximum = 5.00138  Ba  [ He ] :  CPS RSD value = 9.62 is over the allowed maximum = 5.00139  La  [ He ] :  CPS RSD value = 12.63 is over the allowed maximum = 5.00140  Ce  [ He ] :  CPS RSD value = 6.71 is over the allowed maximum = 5.00141  Pr  [ He ] :  CPS RSD value = 14.87 is over the allowed maximum = 5.00146  Nd  [ He ] :  CPS RSD value = 11.26 is over the allowed maximum = 5.00147  Sm  [ No Gas ] :  CPS RSD value = 5.82 is over the allowed maximum = 5.00147  Sm  [ He ] :  CPS RSD value = 17.02 is over the allowed maximum = 5.00157  Gd  [ No Gas ] :  CPS RSD value = 5.96 is over the allowed maximum = 5.00157  Gd  [ He ] :  CPS RSD value = 11.82 is over the allowed maximum = 5.00159  Tb  [ No Gas ] :  CPS RSD value = 6.54 is over the allowed maximum = 5.00159  Tb  [ He ] :  CPS RSD value = 14.38 is over the allowed maximum = 5.00163  Dy  [ No Gas ] :  CPS RSD value = 5.48 is over the allowed maximum = 5.00163  Dy  [ He ] :  CPS RSD value = 9.92 is over the allowed maximum = 5.00165  Ho  [ No Gas ] :  CPS RSD value = 5.78 is over the allowed maximum = 5.00165  Ho  [ He ] :  CPS RSD value = 15.97 is over the allowed maximum = 5.00166  Er  [ No Gas ] :  CPS RSD value = 5.26 is over the allowed maximum = 5.00166  Er  [ He ] :  CPS RSD value = 12.78 is over the allowed maximum = 5.00172  Yb  [ No Gas ] :  CPS RSD value = 8.03 is over the allowed maximum = 5.00175  Lu  [ No Gas ] :  CPS RSD value = 5.16 is over the allowed maximum = 5.00181  Ta  [ No Gas ] :  CPS RSD value = 5.80 is over the allowed maximum = 5.00181  Ta  [ He ] :  CPS RSD value = 13.35 is over the allowed maximum = 5.00205  Tl  [ No Gas ] :  CPS RSD value = 5.35 is over the allowed maximum = 5.00206  [Pb]  [ He ] :  CPS RSD value = 13.45 is over the allowed maximum = 5.00207  [Pb]  [ He ] :  CPS RSD value = 15.10 is over the allowed maximum = 5.00208  Pb  [ No Gas ] :  CPS RSD value = 6.76 is over the allowed maximum = 5.00208  Pb  [ He ] :  CPS RSD value = 13.40 is over the allowed maximum = 5.00232  Th  [ No Gas ] :  CPS RSD value = 6.53 is over the allowed maximum = 5.00232  Th  [ He ] :  CPS RSD value = 12.66 is over the allowed maximum = 5.00238  U  [ He ] :  CPS RSD value = 18.33 is over the allowed maximum = 5.00103  Rh ( ISTD )  [ No Gas ] :  CPS RSD value = 6.46 is over the allowed maximum = 5.00103  Rh ( ISTD )  [ He ] :  CPS RSD value = 9.46 is over the allowed maximum = 5.00103  Rh ( ISTD )  [ He ] :  ISTD Recovery Percent value = 63.93 is outside the allowed range [80.00, 120.00]",FALSE,099SMPL.d,14-05-2025 18:13,Sample,,MCS 641,3859.8108,2207,24429.98,14358.632,1715.075,1318.375,7563.987,6047.584,55584.377,42361.786,47780.655,34210.885,8209.574,5889.154,16922.671,11836.344,16211.201,12025.922,49277.857,27963.745,14788.557,12962.323,136425.454,83785.558,47411.186,23375.669,20433.499,14366.634,9440.582,6494.217,355.464,187.011,<0.000,<0.000,<0.000,<0.000,3718.954,2576.486,186.592,<0.000,6794.453,4472.028,488234.776,280122.75,268632.422,55849.072,34986.424,120297.681,65865.13,11723.128,7775.542,45897.772,28367.81,8396.236,5420.321,1335.343,755.147,8261.911,4546.086,998.516,532.565,5382.462,3105.148,838.77,464.157,2223.892,1361.977,271.261,125.443,1907.752,1116.096,232.84,104.979,300.405,151.708,923.986,506.751,554.478,270.498,13978.421,13153.467,23160.773,13381.023,215.131,67.961,23596.867,13094.804,3387.247,1861.586,,,,
"45  Sc  [ No Gas ] :  CPS RSD value = 8.68 is over the allowed maximum = 5.0051  V  [ He ] :  CPS RSD value = 7.93 is over the allowed maximum = 5.0059  Co  [ No Gas ] :  CPS RSD value = 6.84 is over the allowed maximum = 5.0059  Co  [ He ] :  CPS RSD value = 5.70 is over the allowed maximum = 5.0066  Zn  [ No Gas ] :  CPS RSD value = 5.02 is over the allowed maximum = 5.0066  Zn  [ He ] :  CPS RSD value = 5.22 is over the allowed maximum = 5.0085  Rb  [ No Gas ] :  CPS RSD value = 6.77 is over the allowed maximum = 5.0088  Sr  [ No Gas ] :  CPS RSD value = 5.50 is over the allowed maximum = 5.0088  Sr  [ He ] :  CPS RSD value = 5.79 is over the allowed maximum = 5.0090  Zr  [ No Gas ] :  CPS RSD value = 10.09 is over the allowed maximum = 5.0090  Zr  [ He ] :  CPS RSD value = 6.53 is over the allowed maximum = 5.00111  Cd  [ No Gas ] :  CPS RSD value = 5.15 is over the allowed maximum = 5.00111  Cd  [ He ] :  CPS RSD value = 6.68 is over the allowed maximum = 5.00121  Sb  [ No Gas ] :  CPS RSD value = 5.77 is over the allowed maximum = 5.00133  Cs  [ No Gas ] :  CPS RSD value = 6.93 is over the allowed maximum = 5.00137  Ba  [ No Gas ] :  CPS RSD value = 5.27 is over the allowed maximum = 5.00139  La  [ No Gas ] :  CPS RSD value = 5.34 is over the allowed maximum = 5.00140  Ce  [ He ] :  CPS RSD value = 5.10 is over the allowed maximum = 5.00141  Pr  [ No Gas ] :  CPS RSD value = 6.75 is over the allowed maximum = 5.00147  Sm  [ He ] :  CPS RSD value = 5.14 is over the allowed maximum = 5.00157  Gd  [ No Gas ] :  CPS RSD value = 7.40 is over the allowed maximum = 5.00157  Gd  [ He ] :  CPS RSD value = 6.90 is over the allowed maximum = 5.00163  Dy  [ No Gas ] :  CPS RSD value = 7.62 is over the allowed maximum = 5.00163  Dy  [ He ] :  CPS RSD value = 8.78 is over the allowed maximum = 5.00165  Ho  [ No Gas ] :  CPS RSD value = 7.05 is over the allowed maximum = 5.00166  Er  [ No Gas ] :  CPS RSD value = 5.03 is over the allowed maximum = 5.00166  Er  [ He ] :  CPS RSD value = 7.95 is over the allowed maximum = 5.00169  Tm  [ No Gas ] :  CPS RSD value = 9.70 is over the allowed maximum = 5.00172  Yb  [ He ] :  CPS RSD value = 6.05 is over the allowed maximum = 5.00175  Lu  [ No Gas ] :  CPS RSD value = 6.14 is over the allowed maximum = 5.00175  Lu  [ He ] :  CPS RSD value = 7.26 is over the allowed maximum = 5.00181  Ta  [ He ] :  CPS RSD value = 5.46 is over the allowed maximum = 5.00207  [Pb]  [ He ] :  CPS RSD value = 6.18 is over the allowed maximum = 5.00209  Bi  [ He ] :  CPS RSD value = 5.71 is over the allowed maximum = 5.00238  U  [ He ] :  CPS RSD value = 8.62 is over the allowed maximum = 5.00103  Rh ( ISTD )  [ No Gas ] :  CPS RSD value = 5.40 is over the allowed maximum = 5.00103  Rh ( ISTD )  [ No Gas ] :  ISTD Recovery Percent value = 31.19 is outside the allowed range [80.00, 120.00]103  Rh ( ISTD )  [ He ] :  CPS RSD value = 6.64 is over the allowed maximum = 5.00103  Rh ( ISTD )  [ He ] :  ISTD Recovery Percent value = 38.87 is outside the allowed range [80.00, 120.00]",FALSE,100_QC1.d,14-05-2025 18:18,QC1,,QC MES 50 ppb,1,4102,9.945,17.987,17.529,24.231,19.717,23.142,21.001,24.936,18.781,21.803,16.961,21.832,15.285,21.657,15.654,22.511,11.287,17.047,15.201,21.097,16.517,19.368,13.492,16.513,16.21,20.006,14.536,19.425,14.991,19.918,15.142,19.921,15.338,19.429,13.87,18.187,15.241,19.27,16.878,18.257,15.965,19.274,18.877,16.77,17.792,15.623,16.837,15.75,17.559,14.223,16.536,14.157,17.264,14.133,16.27,14.505,17.83,14.924,16.194,14.435,17.37,14.434,15.809,13.151,16.735,14.622,16.099,13.535,16.918,13.324,15.17,13.851,16.687,12.401,15.075,13.304,16.485,16.367,16.512,12.728,16.285,13.465,15.895,12.67,15.565,12.549,15.807,,,,
137  Ba  [ No Gas ] :  Concentration value = 154.76 is over the calibration range137  Ba  [ He ] :  Concentration value = 145.13 is over the calibration range138  Ba  [ He ] :  Concentration value = 148.59 is over the calibration range159  Tb  [ He ] :  CPS RSD value = 5.59 is over the allowed maximum = 5.00181  Ta  [ He ] :  CPS RSD value = 5.69 is over the allowed maximum = 5.00205  Tl  [ He ] :  CPS RSD value = 5.17 is over the allowed maximum = 5.00232  Th  [ He ] :  CPS RSD value = 6.10 is over the allowed maximum = 5.00103  Rh ( ISTD )  [ He ] :  CPS RSD value = 8.97 is over the allowed maximum = 5.00,FALSE,101SMPL.d,14-05-2025 18:22,Sample,,MCS 642,3953.485,2208,30687.27,35041.91,2300.926,2627.749,12612.403,13135.006,87898.104,87047.808,74320.126,67942.889,13015.152,13497.767,26405.974,27707.882,25044.975,26366.407,68394.512,64608.398,20984.777,23829.756,167075.365,151725.656,52820.24,46463.788,23101.052,24083.534,12971.795,13996.246,781.134,781.154,29.35,14.519,<0.000,<0.000,5218.487,5525.699,286.287,303.244,10215.206,10320.643,611831.639,573753.859,587442.101,38059.523,41334.61,88217.359,80071.864,8976.06,9603.96,34434.478,35351.057,6606.16,7081.269,1349.452,1354.306,6680.419,6486.56,884.829,880.634,5165.001,5307.932,925.152,956.28,2782.106,2978.86,360.323,365.358,2531.933,2795.769,343.903,326.397,472.349,482.3,1393.185,1531.473,736.326,790.078,35838.105,32377.525,31032.07,33415.147,461.502,432.587,17467.931,18463.996,3125.156,3374.411,,,,
121  Sb  [ No Gas ] :  CPS RSD value = 5.53 is over the allowed maximum = 5.00137  Ba  [ No Gas ] :  Concentration value = 299.53 is over the calibration range137  Ba  [ He ] :  Concentration value = 268.13 is over the calibration range138  Ba  [ He ] :  Concentration value = 276.51 is over the calibration range165  Ho  [ He ] :  CPS RSD value = 5.35 is over the allowed maximum = 5.00169  Tm  [ He ] :  CPS RSD value = 7.43 is over the allowed maximum = 5.00209  Bi  [ No Gas ] :  CPS RSD value = 5.23 is over the allowed maximum = 5.00103  Rh ( ISTD )  [ No Gas ] :  CPS RSD value = 12.17 is over the allowed maximum = 5.00,FALSE,102SMPL.d,14-05-2025 18:26,Sample,,MCS 643,3972.0069,2209,47770.801,50652.576,3401.758,3960.162,17626.361,18635.56,152282.396,137505.603,129377.128,112741.918,22912.675,21849.97,44856.243,44992.754,38520.264,37521.469,116830.68,105801.383,32672.365,36392.095,323987.057,288839.364,113619.824,92050.396,32161.065,32617.214,7728.506,7537.25,708.46,685.697,<0.000,<0.000,84.854,69.916,8655.407,9072.578,346.884,268.639,14049.619,13963.415,1189754.118,1065030.005,1098312.462,101888.518,94161.752,205766.111,193954.98,21182.687,21182.167,80761.336,79018.346,15359.559,15724.391,2499.155,2329.015,14366.119,13007.667,1695.892,1600.763,9037.693,8533.821,1348.793,1387.524,3682.223,3652.212,453.629,437.66,3107.629,3137.261,394.577,380.87,289.812,269.948,2364.516,2391.725,1460.683,1491.422,33339.304,30004.959,30855.349,31710.288,483.449,446.275,42831.057,44467.964,6173.428,6225.475,,,,
9  Be  [ No Gas ] :  CPS RSD value = 8.00 is over the allowed maximum = 5.0063  Cu  [ No Gas ] :  CPS RSD value = 5.92 is over the allowed maximum = 5.00137  Ba  [ No Gas ] :  Concentration value = 134.21 is over the calibration range137  Ba  [ He ] :  Concentration value = 119.73 is over the calibration range138  Ba  [ He ] :  Concentration value = 113.79 is over the calibration range165  Ho  [ He ] :  CPS RSD value = 5.03 is over the allowed maximum = 5.00166  Er  [ No Gas ] :  CPS RSD value = 5.06 is over the allowed maximum = 5.00208  Pb  [ No Gas ] :  CPS RSD value = 6.74 is over the allowed maximum = 5.00209  Bi  [ No Gas ] :  CPS RSD value = 11.26 is over the allowed maximum = 5.00238  U  [ No Gas ] :  CPS RSD value = 5.68 is over the allowed maximum = 5.00238  U  [ He ] :  CPS RSD value = 6.17 is over the allowed maximum = 5.00103  Rh ( ISTD )  [ No Gas ] :  CPS RSD value = 20.61 is over the allowed maximum = 5.00,FALSE,103SMPL.d,14-05-2025 18:30,Sample,,MCS 641_repeat,3859.6378,2207,26387.521,28154.747,1829.416,2173.44,7424.576,7827.201,61891.8,57798.161,53266.707,49969.55,8578.284,8641.601,18459.359,18280.108,17010.109,17155.474,54292.507,48882.156,15621.094,18987.887,148860.18,127653.575,52010.507,43653.342,22288.482,21874.048,10221.268,10161.157,454.326,403.129,<0.000,<0.000,<0.000,<0.000,4038.336,3966.601,243.607,150.02,7388.335,7237.026,518016.133,462124.419,439192.486,63834.823,56852.139,130624.207,111729.681,12867.12,12565.386,49966.843,48486.395,9293.641,9462.942,1423.556,1356.013,9143.298,8272.749,1091.905,1007.88,5834.011,5734.624,906.276,875.19,2492.956,2478.89,304.027,296.296,2142.938,2099.968,270.974,267.204,305.758,343.912,1019.696,991.685,627.398,635.129,27164.066,25678.253,25640.89,25972.805,250.422,214.381,25969.523,26786.91,3911.881,4066.131,,,,
139  La  [ He ] :  CPS RSD value = 5.79 is over the allowed maximum = 5.00178  Hf  [ No Gas ] :  CPS RSD value = 7.42 is over the allowed maximum = 5.00205  Tl  [ He ] :  CPS RSD value = 6.70 is over the allowed maximum = 5.00209  Bi  [ He ] :  CPS RSD value = 8.74 is over the allowed maximum = 5.00,FALSE,104SMPL.d,14-05-2025 18:34,Sample,,QC MES 50 ppb,1,4102,56.208,50.649,52.801,52.12,47.766,44.896,53.106,48.168,53.156,46.843,52.404,46.919,45.974,47.407,52.654,47.124,44.689,43.164,54.231,47.523,55.249,48.995,51.271,45.103,56.337,49.93,54.461,49.214,49.646,50.858,57.449,50.285,53.848,51.502,56.656,50.992,57.998,51.793,56.265,50.304,56.885,57.081,54.253,56.476,54.105,57.741,54.376,56.542,56.252,52.19,51.999,52.289,53.067,58.739,52.795,55.704,53.727,58.598,57.201,62.469,53.672,58.937,58.438,59.116,53.26,59.55,58.696,52.939,53.894,61.585,51.529,57.16,55.696,60.549,55.547,61.393,59.05,56.145,57.827,62.421,55.915,61.156,56.903,62.602,61.521,62.827,64.622,,,,
137  Ba  [ No Gas ] :  Concentration value = 170.26 is over the calibration range137  Ba  [ He ] :  Concentration value = 148.25 is over the calibration range138  Ba  [ He ] :  Concentration value = 157.94 is over the calibration range146  Nd  [ He ] :  CPS RSD value = 5.86 is over the allowed maximum = 5.00159  Tb  [ He ] :  CPS RSD value = 5.47 is over the allowed maximum = 5.00163  Dy  [ No Gas ] :  CPS RSD value = 5.71 is over the allowed maximum = 5.00166  Er  [ No Gas ] :  CPS RSD value = 7.70 is over the allowed maximum = 5.00172  Yb  [ He ] :  CPS RSD value = 6.27 is over the allowed maximum = 5.00181  Ta  [ He ] :  CPS RSD value = 5.60 is over the allowed maximum = 5.00103  Rh ( ISTD )  [ No Gas ] :  CPS RSD value = 20.70 is over the allowed maximum = 5.00,FALSE,105SMPL.d,14-05-2025 18:38,Sample,,MCS 642_repeat,3953.4699,2208,36128.871,34775.955,2532.188,2262.775,11452.899,11773.634,90992.713,85367.867,79484.782,68133.836,13264.23,13338.565,28147.74,27972.262,26026.198,26295.093,75291.032,66627.134,22079.1,24253.039,180817.973,155337.359,56977.943,47021.166,24340.455,24402.002,14218.694,14418.03,856.487,828.187,63.957,46.614,<0.000,<0.000,5656.271,5787.683,348.339,305.29,11077.341,11001.019,673116.614,586088.736,624404.897,41663.409,41117.492,101000.979,84719.515,9981.971,9467.583,38091.177,37080,7330.564,7174.505,1521.919,1346.435,7330.462,6667.276,988.989,869.042,5919.631,5783.821,1039.724,992.987,3015.154,3004.417,395.316,394.655,2960.643,2858.345,388.638,377.202,551.824,500.254,1557.062,1551.617,896.224,890.391,37430.242,34488.836,35142.84,35142.574,511.941,489.548,20151.264,19897.066,3483.669,3667.751,,,,
137  Ba  [ No Gas ] :  Concentration value = 283.32 is over the calibration range137  Ba  [ He ] :  Concentration value = 252.31 is over the calibration range138  Ba  [ He ] :  Concentration value = 264.01 is over the calibration range140  Ce  [ He ] :  CPS RSD value = 7.14 is over the allowed maximum = 5.00172  Yb  [ No Gas ] :  CPS RSD value = 5.09 is over the allowed maximum = 5.00175  Lu  [ No Gas ] :  CPS RSD value = 5.86 is over the allowed maximum = 5.00,FALSE,106SMPL.d,14-05-2025 18:42,Sample,,MCS 643_repeat,3971.8814,2209,46016.374,47535.01,3238.621,3116.675,16784,17549.003,140455.585,131239.136,118079.661,103075.281,21329.797,20848.51,41599.093,41250.444,36399.81,35630.708,110229.8,98286.828,30873.437,35246.481,306839.29,265323.076,105093.348,89359.501,30067.64,29914.686,7082.51,7152.256,640.588,602.697,<0.000,<0.000,59.138,44.745,8481.459,8292.232,259.959,240.838,13931.746,13675.627,1125328.096,1002161.932,1048602.954,98304.204,87768.951,197285.299,182932.899,20050.402,19986.225,77433.743,75457.587,14530.027,14460.64,2322.533,2097.482,13527.19,12181.201,1626.752,1461.091,8333.884,7993.066,1317.221,1270.457,3423.52,3406.125,434.02,399.779,2893.911,2874.824,382.029,355.879,264.729,238.838,2221.229,2249.708,1413.895,1392.278,30674.179,28408.529,29051.95,29489.385,473.688,453.818,40422.928,39559.964,5799.84,5851.839,,,,
90  Zr  [ He ] :  CPS RSD value = 5.06 is over the allowed maximum = 5.00137  Ba  [ No Gas ] :  Concentration value = 171.14 is over the calibration range137  Ba  [ He ] :  Concentration value = 150.47 is over the calibration range138  Ba  [ He ] :  Concentration value = 158.52 is over the calibration range169  Tm  [ No Gas ] :  CPS RSD value = 5.26 is over the allowed maximum = 5.00238  U  [ He ] :  CPS RSD value = 5.69 is over the allowed maximum = 5.00,FALSE,107SMPL.d,14-05-2025 18:46,Sample,,MCS 644,3647.2331,2210,30552.423,30937.78,1824.583,1683.468,8958.406,9459.619,73905.692,66943.201,61791.998,54749.22,8753.108,8540.266,20615.331,20698.534,20459.737,20117.236,62124.811,56711.825,17841.67,21183.283,164814.784,143861.614,42854.753,35768.635,21875.559,22051.826,5976.184,6186.364,471.137,433.853,<0.000,<0.000,<0.000,<0.000,4972.804,5076.756,192.3,146.489,9350.283,9639.517,624183.907,548813.195,578153.95,71779.679,66421.954,149627.348,127105.398,15036.799,15170.217,57965.76,57304.287,10770.801,10870.929,1494.339,1422.234,10052.418,8759.034,1173.955,1078.61,5927.342,5700.122,922.591,905.764,2365.14,2414.904,288.125,283.401,2009.562,2018.215,262.69,257.236,199.155,209.035,1243.278,1212.462,689.41,688.465,29140.426,26424.969,27003.359,27505.492,359.452,322.932,29847.481,30119.527,4332.067,4355.392,,,,
137  Ba  [ No Gas ] :  Concentration value = 345.22 is over the calibration range137  Ba  [ He ] :  Concentration value = 303.82 is over the calibration range138  Ba  [ He ] :  Concentration value = 313.60 is over the calibration range140  Ce  [ No Gas ] :  CPS RSD value = 6.01 is over the allowed maximum = 5.00209  Bi  [ No Gas ] :  CPS RSD value = 6.84 is over the allowed maximum = 5.00,FALSE,108_QC2.d,14-05-2025 18:50,QC2,,SJS-Std,3650.7995,4103,49826.014,55271.924,1537.962,1685.114,9496.323,10304.794,118604.133,106729.777,123444.306,111553.769,11802.612,11814.936,74352.966,76265.536,32151.449,32374.687,95349.191,88682.882,16026.551,16300.336,105401.637,91331.093,279928.95,240421.915,15654.053,15445.493,69633.631,62325.438,3379.126,3399.155,229.405,112.909,422.489,390.731,1468.566,1364.036,1472.243,1471.317,5310.897,5186.859,1260340.684,1109171.049,1144874.933,21005.531,21261.954,43797.549,39444.691,4826.924,4748.068,18719.069,18643.151,3686.582,3687.847,1055.82,872.002,3773.445,3385.506,494.856,475.219,3255.409,3086.558,577.25,584.404,1853.566,1855.379,240.708,231.946,1850.797,1821.179,249.456,226.296,2261.339,2227.804,871.702,917.928,585.356,546.162,22130.323,20172.54,20110.917,20929.975,280.916,260.73,10541.467,10903.09,3612.285,3592.736,,,,
137  Ba  [ No Gas ] :  Concentration value = 218.75 is over the calibration range137  Ba  [ He ] :  Concentration value = 193.44 is over the calibration range138  Ba  [ He ] :  Concentration value = 206.09 is over the calibration range,FALSE,109SMPL.d,14-05-2025 18:55,Sample,,MCS 645,3961.8362,2211,50607.932,51011.341,3757.695,3694.007,14073.258,15010.638,118238.156,110667.647,102547.632,89932.15,17414.145,17380.675,38749.518,40417.795,40768.116,41214.768,99023.842,93235.649,29387.92,32958.82,216327.222,191268.951,63684.047,53375.678,43341.014,40283.733,10972.97,11230.084,786.857,833.386,<0.000,<0.000,<0.000,<0.000,8227.149,8316.679,366.724,297.723,15729.38,15853.549,866639.127,766358.621,816503.959,89645.633,79339.185,178610.786,155384.613,18956.746,18090.784,68686.596,68008.344,13354.548,12872.494,2478.68,2323.41,13182.532,12123.063,1697.905,1501.176,9645.797,9361.449,1674.326,1595.537,4522.721,4548.131,613.471,581.225,4089.13,4082.364,542.049,541.321,392.333,389.005,2040.448,1957.564,1060.556,1133.343,44139.232,41098.147,41652.527,41895.326,861.906,854.305,38513.269,38295.395,6420.941,6596.507,,,,
90  Zr  [ He ] :  CPS RSD value = 5.35 is over the allowed maximum = 5.00137  Ba  [ No Gas ] :  Concentration value = 270.34 is over the calibration range137  Ba  [ He ] :  Concentration value = 233.41 is over the calibration range138  Ba  [ He ] :  Concentration value = 245.60 is over the calibration range157  Gd  [ No Gas ] :  CPS RSD value = 5.14 is over the allowed maximum = 5.00166  Er  [ No Gas ] :  CPS RSD value = 5.67 is over the allowed maximum = 5.00175  Lu  [ No Gas ] :  CPS RSD value = 6.14 is over the allowed maximum = 5.00205  Tl  [ He ] :  CPS RSD value = 5.85 is over the allowed maximum = 5.00232  Th  [ He ] :  CPS RSD value = 5.22 is over the allowed maximum = 5.00238  U  [ He ] :  CPS RSD value = 5.44 is over the allowed maximum = 5.00,FALSE,110SMPL.d,14-05-2025 18:59,Sample,,MCS 646,3498.3445,2212,36778.393,36614.089,2712.296,2422.149,13101.502,13883.294,110768.777,104463.995,93452.826,81550.787,15567.682,15764.909,32059.934,31562.415,28455.773,29071.56,85495.645,77126.637,24466.518,28214.913,246076.335,211311.078,77765.619,68737.658,20179.082,20147.786,3175.659,3230.961,330.75,305.505,<0.000,<0.000,9.058,<0.000,7339.619,7234.653,226.864,172.239,10552.936,10781.004,945749.342,816558.365,859183.436,65432.746,59722.81,135582.56,116201.215,13779.307,13362.486,51817.657,51713.456,10070.7,9641.943,1646.591,1536.95,9267.785,8417.743,1096.898,982.659,5408.133,5189.716,857.728,812.212,2225.624,2267.458,266.344,251.7,1942.111,1924.079,241.563,232.388,116.068,122.709,1587.344,1554.102,1067.782,1087.246,25373.109,23664.319,24360.852,24508.04,373.871,348.168,27069.982,25983.563,3466.651,3668.155,,,,
7  Li  [ No Gas ] :  CPS RSD value = 5.07 is over the allowed maximum = 5.00137  Ba  [ No Gas ] :  Concentration value = 312.36 is over the calibration range137  Ba  [ He ] :  Concentration value = 265.57 is over the calibration range138  Ba  [ He ] :  Concentration value = 278.88 is over the calibration range205  Tl  [ He ] :  CPS RSD value = 6.32 is over the allowed maximum = 5.00103  Rh ( ISTD )  [ No Gas ] :  CPS RSD value = 8.57 is over the allowed maximum = 5.00,FALSE,111SMPL.d,14-05-2025 19:03,Sample,,MCS 647,3898.381,2301,64367.198,66011.156,3686.869,3958.768,18722.553,19695.099,156259.16,144592.91,128619.215,111580.901,21979.654,21780.761,49016.829,49335.078,47154.969,46583.19,140296.615,128409.624,36555.292,38984.095,323227.088,279400.104,62057.456,51512.321,44583.122,40588.078,15802.065,15819.282,1180.381,1188.826,4.031,<0.000,<0.000,<0.000,9693.429,9815.528,502.835,414.185,18338.836,18621.08,1217680.87,1035309.96,1087179.261,93720.704,85313.638,201858.375,190432.346,19909.377,19571.605,76028.521,77018.481,14995.035,15054.828,2581.902,2452.02,14764.967,13410.868,1812.906,1693.069,10545.924,9920.583,1701.11,1689.737,4856.319,4868.806,631.522,615.687,4405.356,4542.199,593.763,569.165,577.559,546.403,2483.573,2487.345,1516.322,1441.733,49664.128,45944.89,46992.594,46727.486,798.041,774.035,38202.659,37167.886,6584.247,6928.664,,,,
139  La  [ He ] :  CPS RSD value = 6.68 is over the allowed maximum = 5.00163  Dy  [ No Gas ] :  CPS RSD value = 8.91 is over the allowed maximum = 5.00175  Lu  [ No Gas ] :  CPS RSD value = 6.24 is over the allowed maximum = 5.00181  Ta  [ No Gas ] :  CPS RSD value = 5.48 is over the allowed maximum = 5.00209  Bi  [ He ] :  CPS RSD value = 8.63 is over the allowed maximum = 5.00,FALSE,112_QC1.d,14-05-2025 19:07,QC1,,QC MES 50 ppb,1,4102,57.129,48.843,52.852,50.687,46.042,43.007,52.549,46.685,52.105,45.168,52.763,45.521,45.024,45.649,52.379,46.236,44.639,40.771,52.585,47.954,54.743,47.042,50.219,44.26,55.367,48.23,52.569,48.471,49.261,49.875,56.466,51.979,50.389,50.881,57.938,51.048,56.718,50.704,56.755,51.042,56.483,56.195,54.439,55.761,52.75,57.869,55.375,55.484,55.419,52.648,52.351,50.687,51.27,59.474,53.308,53.089,52.558,59.488,58.872,58.464,53.534,58.704,59.1,58.745,53.696,59.64,58.472,54.249,54.085,57.451,52.789,63.662,53.636,56.005,56.493,63.052,54.674,56.178,58.583,60.811,55.272,62.794,57.698,61.26,61.265,63.396,64.845,,,,
137  Ba  [ No Gas ] :  Concentration value = 216.94 is over the calibration range137  Ba  [ He ] :  Concentration value = 188.23 is over the calibration range138  Ba  [ He ] :  Concentration value = 204.15 is over the calibration range140  Ce  [ He ] :  CPS RSD value = 8.50 is over the allowed maximum = 5.00153  Eu  [ No Gas ] :  CPS RSD value = 5.67 is over the allowed maximum = 5.00166  Er  [ He ] :  CPS RSD value = 6.21 is over the allowed maximum = 5.00169  Tm  [ He ] :  CPS RSD value = 5.17 is over the allowed maximum = 5.00208  Pb  [ No Gas ] :  CPS RSD value = 5.19 is over the allowed maximum = 5.00103  Rh ( ISTD )  [ No Gas ] :  CPS RSD value = 13.99 is over the allowed maximum = 5.00,FALSE,113SMPL.d,14-05-2025 19:11,Sample,,MCS 648,3597.2853,2302,41773.569,42406.802,3529.599,3719.424,11428.456,11969.639,94849.127,88659.024,79633.214,70870.505,11742.42,11623.226,26811.183,27213.361,22789.241,23055.221,74056.328,67311.412,23888.212,28023.209,194243.878,172257.614,59360.883,50890.111,30335.867,30428.85,12133.828,12443.409,783.592,718.083,47.831,27.813,<0.000,<0.000,6460.8,6373.274,293.558,261.006,12297.218,12468.435,780405.758,677099.276,734376.186,85435.735,73563.661,171356.897,154383.378,17611.245,16688.683,65281.111,66510.946,12611.759,12277.712,2058.207,1915.292,12051.108,10395.218,1423.791,1330.458,8091.918,7619.697,1233.448,1212.608,3556.094,3607.8,442.64,439.467,3097.552,3098.461,405.578,380.104,467.927,481.102,2832.603,2871.782,990.224,981.409,36383.003,33684.778,35270.564,34869.256,492.301,468.132,33156.475,33486.535,5123.902,5424.924,,,,
95  Mo  [ He ] :  CPS RSD value = 5.95 is over the allowed maximum = 5.00137  Ba  [ No Gas ] :  Concentration value = 242.91 is over the calibration range137  Ba  [ He ] :  Concentration value = 212.41 is over the calibration range138  Ba  [ He ] :  Concentration value = 214.28 is over the calibration range178  Hf  [ No Gas ] :  CPS RSD value = 5.75 is over the allowed maximum = 5.00208  Pb  [ No Gas ] :  CPS RSD value = 5.09 is over the allowed maximum = 5.00232  Th  [ No Gas ] :  CPS RSD value = 5.31 is over the allowed maximum = 5.00,FALSE,114SMPL.d,14-05-2025 19:15,Sample,,MCS 649,3773.9152,2303,65045.108,64707.362,6410.234,5887.934,16212.362,17409.57,136951.572,125689.938,118830.522,107545.622,20654.56,20493.587,48764.861,48807.537,50100.541,50726.844,122788.384,115376.456,34262.266,38523.149,240391.009,211312.373,63052.207,52098.106,53480.781,48900.257,22464.741,22320.198,3179.569,3002.099,53.107,16.413,1941.815,1913.383,8799.568,9094.929,467.293,397.046,20087.93,19839.856,916721.23,801610.305,808691.939,91220.273,84506.005,188612.637,176745.266,18911.187,18732.314,72373.804,72128.544,13809.151,13834.406,2569.038,2433.502,14053.633,12713.946,1848.578,1746.616,11186.017,10155.911,1900.407,1930.468,5396.386,5327.464,738.185,701.439,4714.483,4795.811,653.213,626.856,789.396,773.684,2440.219,2306.516,3102.797,3173.282,52536.788,46770.698,48513.73,49005.402,1127.336,1060.596,35951.082,36842.625,8164.789,8297.846,,,,
137  Ba  [ No Gas ] :  Concentration value = 214.54 is over the calibration range137  Ba  [ He ] :  Concentration value = 188.13 is over the calibration range138  Ba  [ He ] :  Concentration value = 196.55 is over the calibration range175  Lu  [ No Gas ] :  CPS RSD value = 5.25 is over the allowed maximum = 5.00103  Rh ( ISTD )  [ No Gas ] :  CPS RSD value = 12.64 is over the allowed maximum = 5.00,FALSE,115SMPL.d,14-05-2025 19:19,Sample,,MCS 650,3573.9659,2304,35586.257,38006.251,3339.368,3233.379,12186.742,13287.107,104548.271,94252.49,83998.674,73305.804,13937.016,13868.555,29723.175,29215.744,26274.753,25709.567,75995.597,68098.254,23425.092,26518.911,211009.668,183132.982,71454.286,59956.517,30779.516,30217.309,17306.956,17557.426,307.666,316.256,<0.000,<0.000,115.105,67.945,6452.488,6462.543,530.636,476.966,10502.147,10628.921,766756.74,672364.845,702461.996,73232.422,65845.504,148019.955,127285.264,15241.031,15076.99,56190.883,56490.595,10572.434,10871.63,1796.992,1718.247,10420.695,9172.993,1275.441,1215.704,7311.526,6810.802,1213.818,1201.978,3315.775,3422.104,442.316,428.26,2962.341,2896.031,374.104,343.924,623.097,572.586,1684.835,1636.276,1009.389,997.231,33323.272,30404.275,31188.896,31630.377,584.283,528.067,29120.075,28997.378,4809.788,4797.354,,,,
89  Y  [ No Gas ] :  CPS RSD value = 10.02 is over the allowed maximum = 5.00118  Sn  [ He ] :  CPS RSD value = 7.72 is over the allowed maximum = 5.00137  Ba  [ No Gas ] :  Concentration value = 220.81 is over the calibration range137  Ba  [ He ] :  Concentration value = 195.95 is over the calibration range138  Ba  [ He ] :  Concentration value = 202.19 is over the calibration range140  Ce  [ He ] :  CPS RSD value = 6.47 is over the allowed maximum = 5.00153  Eu  [ He ] :  CPS RSD value = 5.45 is over the allowed maximum = 5.00209  Bi  [ He ] :  CPS RSD value = 5.23 is over the allowed maximum = 5.00238  U  [ He ] :  CPS RSD value = 7.26 is over the allowed maximum = 5.00,FALSE,116SMPL.d,14-05-2025 19:23,Sample,,MCS 651,3943.1,2305,46900.06,48206.828,3003.389,3057.654,13520.596,14481.514,116728.598,104830.753,95013.106,85637.569,14301.227,13627.362,33416.069,34590.912,31192.436,30687.265,86961.347,81813.305,27787.799,32383.42,220901.237,190812.582,53368.698,43593.134,37595.773,35058.901,15434.722,15357.71,679.602,638.374,<0.000,<0.000,<0.000,<0.000,7759.652,7455.021,290.27,235.006,14493.052,14286.345,870658.652,772647.657,797244.06,92784.083,82832.671,186650.009,167495.955,19047.133,18678.422,71328.376,70669.026,13814.16,13860.958,2191.853,2071.238,13140.839,12037.79,1644.906,1500.897,8628.036,8477.569,1500.133,1437.276,3917.542,4027.08,523.151,483.558,3475.841,3371.715,461.7,410.983,509.485,486.59,1902.017,1835.086,1039.159,1061.987,39177.324,35249.327,36344.438,36813.706,608.432,588.612,37705.399,37540.874,5589.723,5836.941,,,,
89  Y  [ No Gas ] :  CPS RSD value = 9.47 is over the allowed maximum = 5.00137  Ba  [ No Gas ] :  Concentration value = 203.64 is over the calibration range137  Ba  [ He ] :  Concentration value = 175.80 is over the calibration range138  Ba  [ He ] :  Concentration value = 182.68 is over the calibration range,FALSE,117SMPL.d,14-05-2025 19:27,Sample,,MCS 652,3629.7629,2306,46436.819,43033.844,3545.757,3417.891,13699.152,14435.194,115990.358,108484.235,88326.039,76774.199,15271.762,15619.306,34061.076,33408.585,32876.196,33420.938,91950.371,84991.193,25295.737,28378.306,229874.663,198579.89,59204.359,49991.343,33964.956,32703.176,18076.533,18628.221,710.855,637.148,<0.000,<0.000,<0.000,<0.000,6840.848,7045.954,679.393,669.729,12959.043,13078.772,739177.751,638119.553,663087.048,60568.391,55309.167,125898.728,105509.874,12919.119,12791.157,48320.381,48007.855,9486.99,9206.243,1829.859,1751.633,9469.542,8620.061,1245.578,1127.866,7720.618,7123.189,1297.1,1333.183,3852.238,3880.335,488.726,488.753,3405.368,3367.387,426.049,425.471,668.37,669.647,1728.973,1690.769,1056.024,1083.816,37697.745,34885.712,36569.043,35815.178,830.854,840.948,25452.794,24387.527,4702.827,4883.403,,,,
137  Ba  [ No Gas ] :  Concentration value = 177.67 is over the calibration range137  Ba  [ He ] :  Concentration value = 155.01 is over the calibration range138  Ba  [ He ] :  Concentration value = 159.74 is over the calibration range205  Tl  [ He ] :  CPS RSD value = 7.91 is over the allowed maximum = 5.00209  Bi  [ No Gas ] :  CPS RSD value = 6.68 is over the allowed maximum = 5.00,FALSE,118SMPL.d,14-05-2025 19:31,Sample,,MCS 653,3672.168,2307,34534.385,34853.015,3045.465,2983.227,11382.164,12274.041,77914.385,73444.171,68600.52,61140.171,11932.806,11887.402,25611.121,25957.321,22407.695,22243.704,60358.79,54178.111,20177.596,24318.218,171951.462,146336.307,42763.15,35984.374,25201.997,25302.932,11602.362,11651.311,1802.101,1814.696,<0.000,<0.000,1005.176,967.058,4585.549,4495.917,208.281,130.364,11569.272,11548.417,652448.767,569211.622,586585.085,77360.659,69506.602,160115.33,133568.683,16368.042,16636.889,63472.203,61298.79,11931.515,12569.441,1918.357,1833.892,11334.599,9796.227,1361.89,1250.754,6869.575,6670.424,1107.25,1100.961,3074.731,3035.824,403.52,375.425,2783.264,2782.4,368.376,346.096,388.962,377.24,1214.475,1223.483,1944.011,1878.302,35454.301,31313.252,32336.864,32615.085,372.269,369.06,31135.223,31009.043,5340.707,5606.622,,,,
118  Sn  [ No Gas ] :  CPS RSD value = 5.39 is over the allowed maximum = 5.00121  Sb  [ No Gas ] :  CPS RSD value = 6.04 is over the allowed maximum = 5.00137  Ba  [ No Gas ] :  Concentration value = 236.96 is over the calibration range137  Ba  [ He ] :  Concentration value = 209.48 is over the calibration range138  Ba  [ He ] :  Concentration value = 214.97 is over the calibration range163  Dy  [ He ] :  CPS RSD value = 5.12 is over the allowed maximum = 5.00209  Bi  [ He ] :  CPS RSD value = 6.64 is over the allowed maximum = 5.00,FALSE,119SMPL.d,14-05-2025 19:36,Sample,,MCS 654,3838.8983,2308,36475.83,36650.535,2649.557,2657.903,17120.622,18194.028,132205.225,122773.312,107995.952,93938.352,15632.794,15637.068,36946.515,36139.185,37573.265,37679.036,83731.441,74681.137,30887.953,33325.097,249382.93,216903.548,46513.18,38695.09,23015.808,23141.811,9738.589,9776.126,947.053,923.377,<0.000,<0.000,82.632,37.841,8721.489,8563.53,526.797,456.611,11378.757,11365.375,909680.331,804156.69,825238.042,75966.162,71552.713,170750.642,142258.536,16076.441,16222.692,64391.846,63155.505,11747.213,11797.969,1965.688,1872.006,11064.866,9859.191,1308.887,1240.742,7061.565,6533.098,1024.867,1052.891,2799.772,2818.914,335.817,311.687,2270.198,2285.064,278.283,283.086,353.032,335.45,2131.352,2095.442,1102.428,1101.793,32767.945,28855.517,29621.708,30613.399,638.998,609.177,34305.59,34440.757,5590.925,6046.32,,,,
137  Ba  [ No Gas ] :  Concentration value = 242.24 is over the calibration range137  Ba  [ He ] :  Concentration value = 204.78 is over the calibration range138  Ba  [ He ] :  Concentration value = 220.64 is over the calibration range169  Tm  [ He ] :  CPS RSD value = 7.67 is over the allowed maximum = 5.00103  Rh ( ISTD )  [ No Gas ] :  CPS RSD value = 9.81 is over the allowed maximum = 5.00,FALSE,120SMPL.d,14-05-2025 19:40,Sample,,MCS 655,3817.9061,2309,51641.795,51426.016,4341.255,3806.521,15473.999,16345.219,126936.829,114773.117,106271.317,93917.837,19506.626,18799.818,42792.055,42777.179,35322.331,34860.328,101739.812,91146.934,31586.106,33885.883,233461.412,202590.359,68658.214,55978.493,31532.769,32116.822,14205.169,14024.275,2339.769,2312.253,2176.107,2145.351,1307.185,1217.829,7991.811,7855.819,455.729,403.655,15994.638,16154.919,924846.294,781817.78,842389.319,73072.368,66693.648,157363.718,134189.552,15444.799,15406.884,60902.364,59813.811,11727.945,11705.222,2186.26,2036.21,11742.131,10197.323,1414.769,1365.114,8320.102,7798.178,1349.112,1336.208,3840.157,3836.102,505.18,472.052,3429.714,3559.029,469.483,440.74,506.579,486.09,2055.609,1980.292,2379.192,2415.622,49570.285,46017.213,47602.96,47665.127,645.725,599.407,30905.711,30338.272,6331.502,6434.622,,,,
63  Cu  [ He ] :  CPS RSD value = 5.40 is over the allowed maximum = 5.0090  Zr  [ No Gas ] :  CPS RSD value = 8.39 is over the allowed maximum = 5.00137  Ba  [ No Gas ] :  Concentration value = 359.96 is over the calibration range137  Ba  [ He ] :  Concentration value = 304.57 is over the calibration range138  Ba  [ He ] :  Concentration value = 317.92 is over the calibration range140  Ce  [ No Gas ] :  CPS RSD value = 6.94 is over the allowed maximum = 5.00172  Yb  [ He ] :  CPS RSD value = 5.10 is over the allowed maximum = 5.00181  Ta  [ No Gas ] :  CPS RSD value = 5.68 is over the allowed maximum = 5.00,FALSE,121_QC2.d,14-05-2025 19:44,QC2,,SJS-Std,3650.7995,4103,50574.381,54985.509,1544.397,1988.434,9303.97,9709.848,120102.543,107571.287,121565.77,110744.452,12081.759,11835.226,72887.129,77381.928,32669.683,32691.422,93863.705,90557.444,16081.233,16430.535,104331.977,92624.74,277929.086,243108.29,15867.4,15798.949,64043.295,63012.136,3311.106,3388.56,283.905,176.778,440.809,362.45,1442.397,1485.557,1502.266,1363.431,5278,5252.086,1314134.562,1111930.58,1160656.165,20709.183,20941.783,45372.648,40322.143,4673.701,4759.67,19338.159,18844.685,3695.261,3622.335,1058.106,888.504,3787.529,3461.512,499.237,453.023,3325.568,3172.227,603.687,593.438,1790.996,1892.045,240.032,228.663,1852.699,1897.631,248.963,241.517,2408.261,2387.463,797.79,828.621,594.054,575.282,23066.129,20682.46,20642.404,21485.569,287.274,244.654,10779.43,11194.01,3701.429,3829.237,,,,
137  Ba  [ No Gas ] :  Concentration value = 177.02 is over the calibration range137  Ba  [ He ] :  Concentration value = 154.42 is over the calibration range138  Ba  [ He ] :  Concentration value = 159.09 is over the calibration range166  Er  [ He ] :  CPS RSD value = 7.95 is over the allowed maximum = 5.00,FALSE,122SMPL.d,14-05-2025 19:48,Sample,,MCS 656,3477.9798,2310,27670.432,27709.22,2559.346,2825.407,8180.966,8910.183,71442.63,65527.195,55369.309,48702.412,8980.344,9053.914,18737.411,18481.527,20955.471,21050.345,60167.691,54073.473,16219.194,18681.581,165560.149,139576.003,80355.284,69320.797,21163.388,21429.603,8130.192,8206.002,300.228,303.727,<0.000,<0.000,<0.000,<0.000,4516.998,4370.284,424.625,367.715,8158.235,7821.81,615682.734,537070.534,553327.136,60764.29,53858.289,122222.849,105409.916,12588.475,12037.136,47180.12,47385.628,8827.59,8356.937,1518.853,1446.513,8300.695,7094.931,1010.225,923.505,5534.169,5203.791,919.128,872.478,2563.678,2477.572,314.406,286.012,2149.656,2098.594,263.77,253.381,302.919,295.742,1142.109,1109.454,740.532,719.907,31193.658,29201.206,30012.599,29709.107,425.025,359.944,24346.083,24604.385,3891.214,4041.846,,,,
137  Ba  [ No Gas ] :  Concentration value = 243.52 is over the calibration range137  Ba  [ He ] :  Concentration value = 208.89 is over the calibration range138  Ba  [ He ] :  Concentration value = 220.88 is over the calibration range175  Lu  [ No Gas ] :  CPS RSD value = 5.53 is over the allowed maximum = 5.00205  Tl  [ He ] :  CPS RSD value = 5.98 is over the allowed maximum = 5.00209  Bi  [ No Gas ] :  CPS RSD value = 5.77 is over the allowed maximum = 5.00103  Rh ( ISTD )  [ No Gas ] :  CPS RSD value = 13.29 is over the allowed maximum = 5.00,FALSE,123SMPL.d,14-05-2025 19:52,Sample,,MCS 657,3580.6023,2311,40182.17,44617.835,3008.559,2743.503,13674.489,14682.662,115984.372,105656.512,96682.642,85370.293,14323.684,14252.933,35521.552,35014.624,36310.666,35940.242,77795.654,71073.198,26845.992,30383.321,218814.861,193079.954,65007.03,53197.855,25666.414,26070.892,11385.261,11350.248,684.523,729.297,<0.000,<0.000,40.563,12.605,7535.242,7372.651,382.075,294.129,12242.211,12264.243,871960.609,747940.321,790874.991,85433.127,76639.025,179004.444,168526.95,17804.453,17658.668,67738.462,67878.455,12876.951,12799.987,1996.426,1853.6,12083.28,11039.294,1465.093,1311.631,7412.206,7101.913,1164.705,1079.604,3061.482,3000.659,388.914,365.033,2551.397,2566.999,324.972,310.786,374.905,381.293,3261.796,3108.245,1071.172,1061.399,35738.489,32431.611,33944.163,33621.3,746.783,696.329,37478.836,37589.051,5661.248,5834.165,,,,
139  La  [ He ] :  CPS RSD value = 6.10 is over the allowed maximum = 5.00157  Gd  [ No Gas ] :  CPS RSD value = 5.08 is over the allowed maximum = 5.00178  Hf  [ He ] :  CPS RSD value = 5.06 is over the allowed maximum = 5.00209  Bi  [ He ] :  CPS RSD value = 5.35 is over the allowed maximum = 5.00,FALSE,124_QC1.d,14-05-2025 19:56,QC1,,QC MES 50 ppb,1,4102,56.185,51.513,53.472,52.582,46.838,43.519,53.191,48.095,51.323,45.935,52.523,46.33,45.981,46.665,51.874,46.878,44.813,41.298,53.697,48.372,54.718,47.218,52.217,45.586,55.579,49.231,54.008,49.548,49.997,50.079,57.907,49.713,52.623,52.634,58.249,50.566,58.158,52.021,57.945,51.588,57.396,57.555,54.404,57.95,56.662,58.859,55.067,58.062,57.13,52.495,54.118,52.562,53.197,58.494,54.638,57.224,55.496,59.213,58.701,64.904,54.738,59.857,59.647,61.69,55.019,59.956,60.807,56.256,56.202,59.219,54.096,64.839,56.004,60.217,59.864,63.529,55.179,58.962,56.237,62.495,56.943,62.659,59.528,62.748,63.895,63.939,64.405,,,,
137  Ba  [ No Gas ] :  Concentration value = 318.78 is over the calibration range137  Ba  [ He ] :  Concentration value = 281.84 is over the calibration range138  Ba  [ He ] :  Concentration value = 292.93 is over the calibration range,FALSE,125SMPL.d,14-05-2025 20:00,Sample,,MCS 658,3703.0926,2312,55490.18,54901.304,4073.485,3726.235,17202.773,18522.689,148817.693,137523.105,129649.254,111630.307,21149.337,21483.075,46958.764,45944.485,41852.894,43199.25,123383.451,112609.211,33820.722,36851.022,296915.822,258434.48,91974.353,76704.826,38029.884,33716.496,12154.101,12192.284,556.829,590.922,80.698,64.062,17.978,5.215,9579.456,9386.254,393.313,332.019,16848.71,16452.013,1180478.145,1043674.354,1084761.344,78035.366,70505.754,159697.217,136503.718,15887.548,15626.613,60985.71,59985.747,11499.334,11961.291,2095.289,1918.014,11759.937,10313.809,1455.663,1373.205,8414.886,7924.18,1369.829,1381.053,3790.209,3767.4,504.674,502.092,3387.929,3283.172,449.018,412.548,493.92,447.114,2790.403,2908.432,1446.8,1426.799,36868.145,33618.444,35037.599,35030.728,805.801,768.496,32750.348,32994.021,5249.409,5487.305,,,,
137  Ba  [ No Gas ] :  Concentration value = 189.68 is over the calibration range137  Ba  [ He ] :  Concentration value = 161.56 is over the calibration range138  Ba  [ He ] :  Concentration value = 171.83 is over the calibration range205  Tl  [ He ] :  CPS RSD value = 5.10 is over the allowed maximum = 5.00232  Th  [ He ] :  CPS RSD value = 5.96 is over the allowed maximum = 5.00,FALSE,126SMPL.d,14-05-2025 20:04,Sample,,MCS 659,3785.8329,2401,35722.184,35337.846,2610.501,1992.083,10449.118,11223.776,87535.685,81486.467,74670.764,66734.591,11258.124,11463.067,24631.503,24728.149,24210.723,25273.027,61816.875,55672.887,20643.944,24771.778,181437.354,158089.836,83111.163,70507.864,27127.851,27514.114,9281.06,9368.801,443.541,423.977,<0.000,<0.000,44.727,37.318,5751.69,6057.644,252.333,198.165,10193.119,10429.413,718091.188,611653.696,650509.111,73313.05,67396.284,153049.707,130437.166,15309.036,15264.207,57852.981,58838.744,10846.569,10811.803,1765.37,1700.923,10547.809,9248.221,1260.962,1154.17,6878.35,6742.791,1128.124,1104.717,3161.67,3096.114,392.586,383.776,2761.546,2686.898,348.943,350.856,309.557,338.521,1547.971,1498.655,791.742,796.846,29784.315,28446.134,28234.541,28607.541,515.32,493.286,30452.306,30480.522,4476.818,4755.379,,,,
95  Mo  [ No Gas ] :  CPS RSD value = 7.10 is over the allowed maximum = 5.00121  Sb  [ No Gas ] :  CPS RSD value = 5.74 is over the allowed maximum = 5.00137  Ba  [ No Gas ] :  Concentration value = 232.13 is over the calibration range137  Ba  [ He ] :  Concentration value = 201.17 is over the calibration range138  Ba  [ He ] :  Concentration value = 211.14 is over the calibration range206  [Pb]  [ He ] :  CPS RSD value = 5.70 is over the allowed maximum = 5.00207  [Pb]  [ He ] :  CPS RSD value = 5.18 is over the allowed maximum = 5.00209  Bi  [ He ] :  CPS RSD value = 6.23 is over the allowed maximum = 5.00232  Th  [ He ] :  CPS RSD value = 6.06 is over the allowed maximum = 5.00,FALSE,127SMPL.d,14-05-2025 20:08,Sample,,MCS 660,3666.3853,2402,41884.444,46508.694,3965.49,3587.76,13511.49,13937.2,117110.403,109157.249,96749.518,85306.083,16981.232,16916.053,33973.011,34694.34,34613.246,35470.876,100076.569,91515.603,26781.857,29823.711,233591.682,202841.599,80702.28,66647.175,30419.531,31271.772,16586.319,16167.955,800.095,796.772,27.625,<0.000,<0.000,<0.000,10013.782,10259.28,585.861,489.299,12432.906,12264.75,851072.484,737559.578,774131.829,70526.544,62807.084,143893.963,124183.427,14620.249,14069.081,53727.717,54640.695,10589.036,10486.142,1958.717,1838.633,10207.567,9383.467,1315.719,1212.412,7539.68,7415.329,1265.131,1252.941,3590.706,3702.948,458.356,444.612,3158.959,3315.738,421.146,395.427,550.412,585.095,1845.878,1820.886,1085.824,1098,39935.381,35018.707,35998.438,36890.332,716.773,705.235,25393.186,25730.908,4773.173,5049.808,,,,
137  Ba  [ No Gas ] :  Concentration value = 116.45 is over the calibration range137  Ba  [ No Gas ] :  CPS RSD value = 6.84 is over the allowed maximum = 5.00137  Ba  [ He ] :  Concentration value = 107.96 is over the calibration range138  Ba  [ He ] :  Concentration value = 102.14 is over the calibration range153  Eu  [ He ] :  CPS RSD value = 7.00 is over the allowed maximum = 5.00163  Dy  [ He ] :  CPS RSD value = 7.06 is over the allowed maximum = 5.00172  Yb  [ No Gas ] :  CPS RSD value = 6.67 is over the allowed maximum = 5.00205  Tl  [ He ] :  CPS RSD value = 5.41 is over the allowed maximum = 5.00,FALSE,128SMPL.d,14-05-2025 20:12,Sample,,MCS 661,3900.6935,2403,23552.329,23252.627,2109.533,2160.55,7364.989,7578.051,63866.933,58726.125,43806.996,42927.227,8644.088,8463.88,17320.256,17368.452,18957.523,18811.134,46511.671,42097.173,14813.21,16930.457,140673.215,120549.114,51935.554,43169.159,20257.193,20281.865,9951.963,10021.173,334.557,276.135,<0.000,<0.000,<0.000,<0.000,4148.987,4060.484,429.748,412.405,6294.312,6222.951,454240.74,421135.691,398419.771,55497.968,50241.785,110482.317,94265.544,11189.569,11152.202,41093.771,41008.51,7948.072,7684.383,1277.487,1232.521,7515.621,6506.465,875.097,823.018,4790.54,4666.386,795.139,800.911,2249.556,2274.201,279.359,276.441,1958.94,1892.212,226.228,234.587,327.534,313.36,1046.003,1032.298,572.709,553.3,26418.391,24100.836,24176.277,24877.513,358.024,330.74,19982.846,19805.378,3640.554,3706.273,,,,
137  Ba  [ No Gas ] :  Concentration value = 117.73 is over the calibration range137  Ba  [ No Gas ] :  CPS RSD value = 7.93 is over the allowed maximum = 5.00137  Ba  [ He ] :  Concentration value = 107.49 is over the calibration range138  Ba  [ He ] :  Concentration value = 103.35 is over the calibration range166  Er  [ No Gas ] :  CPS RSD value = 5.22 is over the allowed maximum = 5.00,FALSE,129SMPL.d,14-05-2025 20:16,Sample,,MCS 662,3761.8568,2404,20280.313,21033.867,1808.385,1840.557,8303.84,8845.317,55804.339,51134.997,42168.257,43461.065,7989.788,7911.026,14737.867,14990.656,13393.113,13387.047,43692.581,39512.203,14545.581,16764.786,118354.003,99823.303,59769.724,51772.833,24098.482,23688.529,5411.375,5517.52,579.051,545.722,<0.000,<0.000,<0.000,<0.000,3595.352,3633.084,189.702,165.716,6292.747,6476.345,442876.738,404378.565,388803.842,49891.162,46981.51,103617.82,87376.466,10312.486,10637.002,38925.664,38930.681,7598.387,7658.579,1391.573,1332.546,7297.018,6653.905,934.808,884.705,5734.767,5581.912,963.606,1006.285,2980.642,2939.63,397.233,394.743,2921.367,2907.493,382.067,375.634,174.261,165.532,873.397,842.849,493.692,500.898,29883.921,27359.67,27569.745,28581.602,234.944,201.384,18549.862,18431.75,2913.471,3058.809,,,,
137  Ba  [ No Gas ] :  Concentration value = 238.42 is over the calibration range137  Ba  [ He ] :  Concentration value = 208.89 is over the calibration range138  Ba  [ He ] :  Concentration value = 220.82 is over the calibration range153  Eu  [ He ] :  CPS RSD value = 7.23 is over the allowed maximum = 5.00,FALSE,130SMPL.d,14-05-2025 20:21,Sample,,MCS 663,3845.0538,2405,41578.93,44552.042,3447.153,3869.119,13241.649,13857.872,117598.787,108608.295,98545.485,89054.139,16859.177,17023.609,35648.59,36263.789,33715.231,33855.409,86204.426,79604.935,26189.698,29164.511,233680.465,203571.985,78724.659,65147.988,24197.385,24054.777,5931.302,5776.035,619.221,586.798,<0.000,<0.000,587.501,514.403,7282.931,7441.854,264.025,173.366,13399.037,13229.336,916755.193,803210.611,849051.472,69215.031,60790.31,138841.528,120203.078,13961.251,13891.981,54104.397,53766.961,10110.607,10254.825,1794.388,1641.618,9722.768,8528.722,1213.064,1119.345,6259.528,6229.323,1017.89,944.031,2689.092,2731.066,326.162,315.645,2199.955,2285.045,273.242,262.778,213.521,192.675,1617.814,1612.068,1694.317,1701.342,29746.74,27262.898,27612.618,28384.655,588.964,568.33,26964.518,27935.886,4477.343,4641.42,,,,
9  Be  [ No Gas ] :  CPS RSD value = 5.26 is over the allowed maximum = 5.00137  Ba  [ No Gas ] :  Concentration value = 149.37 is over the calibration range137  Ba  [ He ] :  Concentration value = 131.78 is over the calibration range138  Ba  [ He ] :  Concentration value = 130.75 is over the calibration range138  Ba  [ He ] :  CPS RSD value = 6.57 is over the allowed maximum = 5.00147  Sm  [ No Gas ] :  CPS RSD value = 5.86 is over the allowed maximum = 5.00169  Tm  [ No Gas ] :  CPS RSD value = 5.21 is over the allowed maximum = 5.00172  Yb  [ He ] :  CPS RSD value = 7.87 is over the allowed maximum = 5.00205  Tl  [ No Gas ] :  CPS RSD value = 5.20 is over the allowed maximum = 5.00,FALSE,131SMPL.d,14-05-2025 20:25,Sample,,MCS 664,4040.4915,2406,29969.344,30605.926,3006.959,3170.512,10237.466,10810.476,85851.123,79790.703,68146.055,60995.65,11125.817,10901.721,24052.543,24321.577,23372.98,23466.646,62100.03,55989.342,20338.26,22335.19,190969.63,166095.363,52997.572,43568.26,21650.392,21173.097,8408.568,8507.432,424.495,430.225,<0.000,<0.000,<0.000,<0.000,5864.888,5931.002,511.304,434.518,9391.5,9190.189,603530.899,532460.233,528294.117,52741.771,48139.001,107018.19,90070.236,10563.119,10637.364,40532.015,40292.458,7815.368,7525.903,1428.417,1369.503,7360.923,6452.764,903.239,827.027,5064.61,4979.844,874.808,872.594,2353.558,2460.673,288.391,282.86,2006.778,2078.875,249.079,234.433,288.024,286.624,1297.102,1295.227,878.098,835.224,30226.557,27225.498,27721.522,28085.106,552.955,538.553,20431.564,20666.209,3526.311,3740.137,,,,
9  Be  [ No Gas ] :  CPS RSD value = 6.26 is over the allowed maximum = 5.00118  Sn  [ He ] :  CPS RSD value = 7.57 is over the allowed maximum = 5.00137  Ba  [ No Gas ] :  Concentration value = 201.06 is over the calibration range137  Ba  [ He ] :  Concentration value = 178.16 is over the calibration range138  Ba  [ He ] :  Concentration value = 187.15 is over the calibration range205  Tl  [ No Gas ] :  CPS RSD value = 5.75 is over the allowed maximum = 5.00209  Bi  [ No Gas ] :  CPS RSD value = 7.94 is over the allowed maximum = 5.00,FALSE,132SMPL.d,14-05-2025 20:29,Sample,,MCS 665,3602.9774,2407,36697.497,39647.306,3455.458,3559.006,10895.32,11795.849,86883.916,81668.318,71531.204,63993.775,11719.965,11639.913,25991.519,26532.671,25002.492,24571.86,71353.603,65189.894,21595.185,23337.28,178584.712,154760.353,63290.119,53474.194,29315.791,28559.992,8102.88,8252.53,484.794,440.088,<0.000,<0.000,<0.000,<0.000,5788.877,5708.238,242.82,202.597,10941.404,10819.52,724417.694,641922.242,674306.093,52250.709,47701.591,108064.309,91930.041,10801.705,10825.052,41638.314,40647.059,7913.476,8241.058,1697.408,1468.523,7881.782,7290.138,1052.761,946.539,6322.532,6085.714,1108.391,1131.964,3318.485,3340.775,456.444,411.124,3167.53,3151.196,431.841,408.293,308.589,263.489,1435.062,1334.82,845.894,849.589,33978.282,33051.373,33164.683,32753.777,459.308,412.059,20257.714,20172.17,3391.673,3629.277,,,,
85  Rb  [ No Gas ] :  Concentration value = 102.48 is over the calibration range137  Ba  [ No Gas ] :  Concentration value = 380.03 is over the calibration range137  Ba  [ He ] :  Concentration value = 337.52 is over the calibration range138  Ba  [ He ] :  Concentration value = 356.71 is over the calibration range209  Bi  [ No Gas ] :  CPS RSD value = 7.02 is over the allowed maximum = 5.00209  Bi  [ He ] :  CPS RSD value = 6.03 is over the allowed maximum = 5.00,FALSE,133SMPL.d,14-05-2025 20:33,Sample,,MCS 666,3677.2833,2408,58970.473,62267.356,4559.484,4379.234,20849.299,22588.691,178839.164,170044.075,151486.173,133688.078,26729.775,26884.714,54679.296,56244.579,49034.922,48471.872,142442.975,132134.549,38987.441,43190.453,376831.385,323295.851,112846.587,97450.693,39149.3,35460.023,7731.092,7725.728,470.946,412.889,<0.000,<0.000,18.448,<0.000,11203.216,11373.707,400.458,397.363,17753.614,17670.338,1397471.263,1241146.54,1311719.448,93412.438,82818.625,194122.34,184485.514,19298.971,19215.312,74046.036,73641.512,14144.861,14335.829,2471.231,2378.518,13873.553,12056.761,1664.035,1598.013,9213.808,8786.55,1486.735,1432.946,3928.183,3979.599,483.215,458.9,3262.347,3234.415,414.046,400.623,304.729,298.292,2693.421,2616.127,1782.028,1751.541,40610.114,36430.342,37172.214,37843.975,728.569,710.933,38059.01,37507.355,5525.143,5759.942,,,,
71  Ga  [ He ] :  CPS RSD value = 5.27 is over the allowed maximum = 5.0090  Zr  [ No Gas ] :  CPS RSD value = 7.98 is over the allowed maximum = 5.0095  Mo  [ He ] :  CPS RSD value = 5.89 is over the allowed maximum = 5.00137  Ba  [ No Gas ] :  Concentration value = 359.58 is over the calibration range137  Ba  [ He ] :  Concentration value = 305.95 is over the calibration range138  Ba  [ He ] :  Concentration value = 330.28 is over the calibration range140  Ce  [ No Gas ] :  CPS RSD value = 9.02 is over the allowed maximum = 5.00159  Tb  [ He ] :  CPS RSD value = 6.46 is over the allowed maximum = 5.00,FALSE,134_QC2.d,14-05-2025 20:37,QC2,,SJS-Std,3650.7995,4103,53532.458,56008.457,1577.746,1853.625,9272.146,10057.679,118663.861,108582.637,127620.802,110771.021,11902.081,11698.543,74780.613,76616.133,32213.274,32096.524,96048.544,90284.146,16024.687,16203.319,106718.307,93216.572,281048.213,240974.283,15718.726,15725.605,66225.983,61247.583,3359.158,3298.464,221.177,112.909,414.215,380.449,1435.522,1527.378,1455.18,1356.809,5414.406,5250.236,1312743.426,1116962.727,1205802.124,20942.122,21264.987,44167.443,41824.982,4923.724,4811.065,18907.296,19074.948,3682.841,3692.995,1087.204,857.149,3850.136,3524.958,509.569,463.712,3226.625,3197.547,599.572,587.649,1878.178,1813.24,242.372,233.389,1877.427,1877.784,254.666,246.009,2342.136,2331.374,813.97,806.818,587.093,578.516,22638.555,20732.001,20417.771,21249.75,280.648,244.852,11020.363,11269.523,3670.909,3724.395,,,,
137  Ba  [ No Gas ] :  Concentration value = 206.97 is over the calibration range137  Ba  [ He ] :  Concentration value = 171.97 is over the calibration range138  Ba  [ He ] :  Concentration value = 180.58 is over the calibration range163  Dy  [ He ] :  CPS RSD value = 5.08 is over the allowed maximum = 5.00178  Hf  [ No Gas ] :  CPS RSD value = 5.25 is over the allowed maximum = 5.00205  Tl  [ No Gas ] :  CPS RSD value = 5.14 is over the allowed maximum = 5.00103  Rh ( ISTD )  [ No Gas ] :  CPS RSD value = 5.03 is over the allowed maximum = 5.00,FALSE,135SMPL.d,14-05-2025 20:41,Sample,,MCS 667,3806.2053,2409,43593.104,42779.457,2407.967,2810.952,13251.879,14198.24,109193.29,98045.029,94379.006,83325.092,13693.256,13665.333,32478.6,32428.528,26400.472,25980.17,82070.365,73879.658,25632.158,28042.63,198992.553,168309.211,53156.169,44541.984,23557.402,23251.427,19591.163,19339.676,806.821,791.813,<0.000,<0.000,<0.000,<0.000,7135.309,6932.984,359.721,249.533,12849.528,12870.681,787776.528,654538.312,687315.375,54196.595,49417.962,125919.102,103585.998,11437.37,11697.626,47152.355,43987.013,8763.492,8665.676,1605.28,1424.672,8339.133,7716.717,1110.099,996.358,6069.962,5813.253,1020.909,1012.849,2873.777,2936.03,378.638,360.648,2687.603,2750.641,350.022,331.668,656.971,672.389,1837.797,1756.068,913.575,943.277,38879.196,36383.059,37427.505,37389.865,554.986,508.775,23256.666,23273.744,4736.076,4830.673,,,,
163  Dy  [ No Gas ] :  CPS RSD value = 9.11 is over the allowed maximum = 5.00205  Tl  [ He ] :  CPS RSD value = 8.71 is over the allowed maximum = 5.00103  Rh ( ISTD )  [ No Gas ] :  CPS RSD value = 7.26 is over the allowed maximum = 5.00,FALSE,136_QC1.d,14-05-2025 20:45,QC1,,QC MES 50 ppb,1,4102,55.692,49.943,52.022,51.621,46.239,42.579,52.546,46.794,51.476,45.606,52.464,45.283,44.203,46.158,50.697,46.577,44.145,40.6,52.639,47.49,54.933,46.723,51.437,44.426,55.479,48.878,53.872,49.181,49.101,49.33,57.416,51.643,51.287,51.333,58.419,51.142,56.617,51.496,57.117,50.808,56.703,56.314,53.853,57.532,52.61,58.358,54.928,58.165,55.947,53.277,52.08,51.271,52.846,60.964,51.862,53.898,55.766,61.982,54.768,59.636,55.387,61.077,56.155,59.429,55.995,61.074,58.721,55.047,55.42,61.517,51.1,63.976,55.301,60.269,56.989,63.918,58.752,57.499,57.627,63.572,56.464,64.512,64.72,64.208,63.74,65.179,67.623,,,,
89  Y  [ No Gas ] :  CPS RSD value = 6.97 is over the allowed maximum = 5.00137  Ba  [ No Gas ] :  Concentration value = 273.84 is over the calibration range137  Ba  [ He ] :  Concentration value = 235.18 is over the calibration range138  Ba  [ He ] :  Concentration value = 244.65 is over the calibration range166  Er  [ He ] :  CPS RSD value = 5.68 is over the allowed maximum = 5.00178  Hf  [ No Gas ] :  CPS RSD value = 6.73 is over the allowed maximum = 5.00,FALSE,137SMPL.d,14-05-2025 20:49,Sample,,MCS 668,3601.3327,2410,47788.366,48347.235,3259.263,2659.683,14003.085,14749.636,119412.691,109489.034,101662.492,85904.343,15283.777,15478.022,36598.301,35837.831,32553.424,33140.512,101382.581,92235.355,28265.543,31799.325,248976.52,211433.859,53704.553,44816.422,32028.227,30740.049,16078.817,16571.765,697.314,694.855,103.224,101.981,<0.000,<0.000,7687.645,7766.445,396.132,369.557,13972.941,14339.791,986199.761,846952.789,881053.719,77390.262,72986.928,166273.343,139058.055,16226.465,16408.566,62532.853,62210.208,11991.053,11770.978,1982.661,1842.827,11432.055,10141.273,1414.149,1279.419,7642.791,7114.436,1302.492,1274.772,3653.231,3516.174,468.61,457.453,3153.643,3101.366,439.711,424.847,614.72,606.864,2239.159,2267.374,1187.296,1198.306,40445.867,37900.548,39263.429,38497.941,646.134,615.154,32797.357,30911.245,5540.657,5723.633,,,,
137  Ba  [ No Gas ] :  Concentration value = 277.14 is over the calibration range137  Ba  [ He ] :  Concentration value = 237.80 is over the calibration range138  Ba  [ He ] :  Concentration value = 249.77 is over the calibration range209  Bi  [ No Gas ] :  CPS RSD value = 5.28 is over the allowed maximum = 5.00,FALSE,138SMPL.d,14-05-2025 20:53,Sample,,MCS 669,3810.7552,2411,40008.506,41592.039,3064.484,2392.165,15221.223,16133.001,129505.819,118353.135,109017.799,97246.668,18214.589,17663.026,35585.406,36891.882,31296.818,30728.648,99831.628,91396.572,28538.007,29816.504,273016.099,240433.474,107128.978,88253.743,23988.787,24665.865,6330.95,6119.275,413.917,375.909,37.017,31.673,<0.000,<0.000,8270.249,8529.429,274.198,256.744,12448.423,12187.683,1056102.17,906210.103,951806.769,62008.206,55918.038,127182.02,107515.349,12857.906,12869.897,49378.807,48338.536,9357.51,9309.562,1799.063,1596.638,9043.562,8198.856,1137.499,1021.741,6314.053,6052.123,1006.401,988.104,2783.848,2827.297,339.275,322.014,2418.408,2408.445,316.201,287.262,227.947,214.827,2078.019,2146.655,1261.048,1252.98,30179.774,28125.684,28532.523,28739.274,430.443,439.137,24355.454,24255.215,3884.027,4156.17,,,,
121  Sb  [ No Gas ] :  CPS RSD value = 6.18 is over the allowed maximum = 5.00137  Ba  [ No Gas ] :  Concentration value = 243.02 is over the calibration range137  Ba  [ He ] :  Concentration value = 211.11 is over the calibration range138  Ba  [ He ] :  Concentration value = 221.24 is over the calibration range172  Yb  [ He ] :  CPS RSD value = 5.78 is over the allowed maximum = 5.00103  Rh ( ISTD )  [ No Gas ] :  CPS RSD value = 15.13 is over the allowed maximum = 5.00,FALSE,139SMPL.d,14-05-2025 20:57,Sample,,MCS 670,3431.508,2412,57897.113,62490.352,3906.854,4466.677,14652.523,15215.994,120944.138,111617.427,106156.079,93479.825,16994.612,17072.895,41574.371,41711.599,41812.613,41524.502,101871.251,92325.294,29732.614,34023.137,213625.64,188695.23,50150.253,41051.85,46373.284,41837.88,16063.663,16280.711,815.062,797.507,32.572,<0.000,<0.000,<0.000,8448.79,8053.259,399.78,331.679,17136.298,17288.771,833930.453,724416.423,759197.92,104606.49,94561.938,217631.088,204241.675,21642.705,21276.384,81792.013,80550.701,15772.832,16039.312,2383.818,2254.331,15286.995,13831.821,1861.205,1694.14,9770.343,9824.219,1730.748,1688.429,4612.331,4688.551,616.724,582.092,4045.363,3886.755,536.067,508.276,550.742,534.174,2199.69,2111.739,1138.652,1196.967,43111.669,39893.383,41313.432,40946.686,950.405,898.269,42058.376,41528.834,7053.543,7262.177,,,,
"9  Be  [ No Gas ] :  CPS RSD value = 7.57 is over the allowed maximum = 5.0051  V  [ No Gas ] :  CPS RSD value = 5.56 is over the allowed maximum = 5.0052  Cr  [ No Gas ] :  CPS RSD value = 5.19 is over the allowed maximum = 5.0071  Ga  [ No Gas ] :  CPS RSD value = 6.73 is over the allowed maximum = 5.0089  Y  [ No Gas ] :  CPS RSD value = 6.42 is over the allowed maximum = 5.00121  Sb  [ No Gas ] :  CPS RSD value = 6.36 is over the allowed maximum = 5.00137  Ba  [ No Gas ] :  Concentration value = 248.64 is over the calibration range137  Ba  [ He ] :  Concentration value = 220.25 is over the calibration range138  Ba  [ He ] :  Concentration value = 229.45 is over the calibration range159  Tb  [ No Gas ] :  CPS RSD value = 5.59 is over the allowed maximum = 5.00165  Ho  [ No Gas ] :  CPS RSD value = 6.44 is over the allowed maximum = 5.00165  Ho  [ He ] :  CPS RSD value = 5.47 is over the allowed maximum = 5.00166  Er  [ He ] :  CPS RSD value = 6.08 is over the allowed maximum = 5.00169  Tm  [ No Gas ] :  CPS RSD value = 6.77 is over the allowed maximum = 5.00172  Yb  [ No Gas ] :  CPS RSD value = 7.02 is over the allowed maximum = 5.00205  Tl  [ No Gas ] :  CPS RSD value = 6.80 is over the allowed maximum = 5.00208  Pb  [ No Gas ] :  CPS RSD value = 5.02 is over the allowed maximum = 5.00209  Bi  [ No Gas ] :  CPS RSD value = 8.03 is over the allowed maximum = 5.00232  Th  [ No Gas ] :  CPS RSD value = 6.60 is over the allowed maximum = 5.00238  U  [ No Gas ] :  CPS RSD value = 10.01 is over the allowed maximum = 5.00103  Rh ( ISTD )  [ No Gas ] :  CPS RSD value = 39.40 is over the allowed maximum = 5.00103  Rh ( ISTD )  [ No Gas ] :  ISTD Recovery Percent value = 120.27 is outside the allowed range [80.00, 120.00]",FALSE,140SMPL.d,14-05-2025 21:02,Sample,,MCS 671,3858.0646,2501,44994.424,44313.581,3299.858,3454.788,14051.873,14933.504,120850.5,111326.238,102462.104,91279.468,16595.497,16181.262,34790.7,35692.327,33092.785,32740.719,91683.22,86456.039,27214.699,29843.683,250438.775,217062.028,88022.931,73911.95,26855.833,26875.324,7349.239,7394.644,561.217,512.665,<0.000,<0.000,8.116,<0.000,7698.289,7830.632,273.512,263.93,13422.901,13248.198,959280.302,849751.343,885225.116,69411.333,63671.801,144714.674,123453.189,14485.909,14245.547,55446.342,56538.772,10694.358,10395.53,1880.245,1790.953,10460.655,9415.399,1270.562,1202.862,7073.676,7018.886,1118.84,1092.637,3057.388,3175.266,377.805,364.174,2545.246,2722.733,330.849,321.947,264.293,242.87,1872.457,1877.572,1150.512,1171.016,34024.639,31322.829,31771.989,32088.604,603.271,584.73,26975.372,27937.932,4389.583,4483.771,,,,
137  Ba  [ No Gas ] :  Concentration value = 149.46 is over the calibration range137  Ba  [ He ] :  Concentration value = 127.91 is over the calibration range138  Ba  [ He ] :  Concentration value = 137.83 is over the calibration range159  Tb  [ He ] :  CPS RSD value = 7.20 is over the allowed maximum = 5.00,FALSE,141SMPL.d,14-05-2025 21:06,Sample,,MCS 672,3994.67,2502,30018.877,31377.958,2637.971,2433.863,9165.895,9873.406,82033.822,75644.109,63065.12,56575.753,10607.241,10456.96,21773.15,22397.944,20436.015,20279.741,67719.446,61859.089,18777.709,22318.42,170618.21,145761.117,69172.379,60492.904,21545.646,21481.352,7737.269,8001.129,588.037,580.658,<0.000,<0.000,<0.000,<0.000,5070.724,5172.614,588.012,580.733,8049.473,8202.176,597058.41,510948.202,550570.367,75716.148,69030.745,159648.49,137400.743,15882.856,16013.015,59934.595,59019.415,11034.271,11364.518,1789.689,1657.806,10322.358,9199.44,1144.623,1062.955,5852.297,5777.396,869.183,896.081,2443.089,2413.861,271.803,247.758,2020.955,1923.748,233.657,202.835,278.047,282.748,1277.124,1206.293,745.338,744.752,32172.463,30842.789,31563.803,31675.937,463.273,415.371,33546.172,33822.605,4756.275,4783.95,,,,
137  Ba  [ No Gas ] :  Concentration value = 253.78 is over the calibration range137  Ba  [ He ] :  Concentration value = 216.26 is over the calibration range138  Ba  [ He ] :  Concentration value = 225.66 is over the calibration range140  Ce  [ He ] :  CPS RSD value = 6.44 is over the allowed maximum = 5.00175  Lu  [ No Gas ] :  CPS RSD value = 9.05 is over the allowed maximum = 5.00181  Ta  [ He ] :  CPS RSD value = 6.28 is over the allowed maximum = 5.00,FALSE,142SMPL.d,14-05-2025 21:10,Sample,,MCS 673,3685.4743,2503,56054.233,56209.783,3238.497,3130.092,15336.52,16409.963,128964.381,119123.231,106165.249,96728.402,18153.104,17991.128,41627.904,42824.283,44948.655,45829.496,99109.095,90854.76,30658.588,35240.781,228717.274,195186.715,53858.253,44690.547,29521.032,29652.693,9379.601,9452.969,1004.245,1012.667,<0.000,<0.000,<0.000,<0.000,8572.34,8925.395,399.783,337.123,16485.015,16902.855,935312.252,797012.611,831671.934,88059.102,80104.897,191053.401,163419.544,18835.016,18432.28,69660.319,69783.997,13940.04,13533.518,2155.142,2073.623,13273.976,11650.185,1561.905,1432.216,8149.23,8039.01,1243.577,1221.088,3425.518,3499.898,441.352,417.224,2964.659,3076.568,389.821,365.235,338.069,290.299,2262.751,2211.436,1202.825,1214.244,43574.825,41594.521,41746.719,42215.71,1012.95,967.555,37478.214,38290.069,6617.431,7009.47,,,,
7  Li  [ No Gas ] :  CPS RSD value = 5.16 is over the allowed maximum = 5.00137  Ba  [ No Gas ] :  Concentration value = 187.18 is over the calibration range137  Ba  [ He ] :  Concentration value = 161.72 is over the calibration range138  Ba  [ He ] :  Concentration value = 166.41 is over the calibration range,FALSE,143SMPL.d,14-05-2025 21:14,Sample,,MCS 674,3908.3189,2504,35742.849,38408.321,2528.326,2705.967,11267.698,11701.237,94768.101,84678.558,76731.668,67545.64,12865.216,12360.304,27174.676,27605.69,25143.146,24505.085,81070.692,73180.227,23238.191,26095.863,209487.773,182665.284,57480.791,46992.902,29068.727,29634.44,8743.925,8610.375,725.537,693.98,<0.000,<0.000,<0.000,<0.000,5902.618,5920.371,308.024,289.65,10708.124,10742.001,731548.605,632040.31,650400.745,80525.098,73659.025,167669.501,140256.71,16916.446,16935.384,64755.331,64264.734,12110.709,12407.98,2063.217,1916.471,11541.383,10545.738,1433.642,1320.769,7569.686,7280.448,1214.627,1182.801,3380.47,3370.566,408.739,371.869,2801.239,2943.818,366.461,361.405,288.109,297.446,1534.567,1447.404,837.311,839.084,36925.704,34567.581,35760.56,35540.943,463.325,400.443,31689.123,30996.378,4684.205,4891.88,,,,
137  Ba  [ No Gas ] :  Concentration value = 134.47 is over the calibration range137  Ba  [ He ] :  Concentration value = 121.79 is over the calibration range138  Ba  [ He ] :  Concentration value = 113.99 is over the calibration range159  Tb  [ No Gas ] :  CPS RSD value = 5.14 is over the allowed maximum = 5.00208  Pb  [ No Gas ] :  CPS RSD value = 5.04 is over the allowed maximum = 5.00,FALSE,144SMPL.d,14-05-2025 21:18,Sample,,MCS 675,3930.0852,2505,25887.265,26598.727,2078.191,1886.586,7584.843,8160.53,60633.021,56008.651,43560.044,43744.122,8113.939,8077.175,17916.627,18376.096,19706.35,19733.155,39224.316,34768.296,15434.849,16792.533,126740.856,112104.719,51096.379,42084.42,17599.452,18198.726,5938.969,6080.727,482.502,444.695,<0.000,<0.000,<0.000,<0.000,3736.354,3652.006,170.681,172.108,7158.654,6951.001,528484.393,478636.369,447979.755,35474.328,36106.529,80202.467,70441.908,8279.569,8295.49,30957.33,32338.893,6171.299,6303.309,1218.274,1205.206,5968.044,5414.737,746.99,715.889,4533.657,4337.064,746.717,756.169,2306.744,2281.817,287.342,292.093,2208.148,2339.975,278.341,275.841,201.856,171.088,887.356,869.189,560.827,576.625,29529.677,27072.784,27605.066,28014.332,266.652,249.697,14985.637,15027.622,2518.672,2645.575,,,,
137  Ba  [ No Gas ] :  Concentration value = 201.80 is over the calibration range137  Ba  [ He ] :  Concentration value = 175.36 is over the calibration range138  Ba  [ He ] :  Concentration value = 185.70 is over the calibration range181  Ta  [ He ] :  CPS RSD value = 7.11 is over the allowed maximum = 5.00,FALSE,145SMPL.d,14-05-2025 21:22,Sample,,MCS 676,3513.7807,2506,38509.747,37208.83,2412.771,2205.742,11210.263,12023.642,96326.022,87556.838,79036.35,68853.061,12468.411,12430.964,29301.36,30064.338,25223.644,25289.271,83552.376,75189.354,22899.728,25687.868,201294.456,170960.651,56808.614,45716.055,26902.694,27456.6,13268.296,13278.51,868.235,851.293,<0.000,<0.000,<0.000,<0.000,5905.055,6093.122,362.025,308.67,11684.936,11645.956,709085.131,616189.593,652515.025,60450.884,55137.292,125343.817,106952.858,12838.412,12538.089,48611.713,48167.841,9454.096,9277.208,1849.263,1728.726,9314.989,8259.907,1178.204,1101.593,6951.618,6366.98,1124.502,1126.918,3287.042,3188.252,429.705,404.487,2963.536,2883.233,377.733,367.919,450.553,423.156,1539.745,1452.858,923.751,870.026,38300.686,36653.85,37198.22,36668.128,557.366,529.302,24264.802,24419.932,4259.088,4347.563,,,,
137  Ba  [ No Gas ] :  Concentration value = 232.22 is over the calibration range137  Ba  [ He ] :  Concentration value = 202.03 is over the calibration range138  Ba  [ He ] :  Concentration value = 211.80 is over the calibration range,FALSE,146SMPL.d,14-05-2025 21:26,Sample,,MCS 677,3992.4464,2507,49615.308,50286.836,2604.506,2911.675,13783.914,14706.081,116149.14,107279.56,101093.764,89430.979,17497.273,17390.163,35441.929,35398.196,34833.512,34742.952,97737.046,89219.594,27529.606,32973.739,247869.56,208972.64,49970.013,41953.283,28548.625,27866.062,9296.819,9471.481,856.723,827.083,<0.000,<0.000,<0.000,<0.000,8207.031,8234.994,323.968,316.578,15075.369,15061.635,927108.097,806587.186,845616.947,97445.678,86897.807,204883.624,193885.709,20118.141,19977.548,79114.547,75898.605,14560.014,14490.441,2120.085,1978.662,13857.639,12021.792,1589.822,1511.272,8196.46,7561.335,1223.773,1202.548,3295.242,3233.735,404.619,386.625,2986.693,2887.151,357.011,368.366,334.314,301.348,2022.126,2009.92,1156.851,1081.258,40364.209,37362.354,37866.316,38420.536,728.364,686.307,41375.151,42032.382,6446.552,6763.024,,,,
139  La  [ He ] :  CPS RSD value = 7.02 is over the allowed maximum = 5.00178  Hf  [ No Gas ] :  CPS RSD value = 6.61 is over the allowed maximum = 5.00,FALSE,147_QC1.d,14-05-2025 21:30,QC1,,QC MES 50 ppb,1,4102,55.245,50.436,51.93,52.166,45.526,42.613,52.274,47.668,50.347,44.652,52.51,45.164,43.488,44.428,51.527,45.805,42.976,40.01,53.299,46.307,54.197,46.192,51.64,43.719,55.011,48.149,53.961,48.26,48.103,48.967,55.605,48.787,50.57,50.767,56.8,50.669,56.616,51.081,56.489,50.82,55.57,56.044,53.9,57.632,53.718,57.227,54.73,58.021,56.938,51.459,53.146,52.507,52.446,59.282,53.637,54.284,53.935,58.899,58.937,63.256,54.35,59.52,59.83,59.996,54.551,60.115,60.959,54.407,55.734,60.784,54.065,60.45,55.873,60.241,56.875,62.97,63.789,57.711,58.45,62.907,57.074,63.593,55.024,62.741,65.408,64.409,68.56,,,,
90  Zr  [ No Gas ] :  CPS RSD value = 63.74 is over the allowed maximum = 5.00137  Ba  [ No Gas ] :  Concentration value = 358.85 is over the calibration range137  Ba  [ He ] :  Concentration value = 308.67 is over the calibration range138  Ba  [ He ] :  Concentration value = 317.83 is over the calibration range178  Hf  [ He ] :  CPS RSD value = 6.21 is over the allowed maximum = 5.00181  Ta  [ No Gas ] :  CPS RSD value = 5.35 is over the allowed maximum = 5.00208  Pb  [ No Gas ] :  CPS RSD value = 5.91 is over the allowed maximum = 5.00209  Bi  [ No Gas ] :  CPS RSD value = 5.38 is over the allowed maximum = 5.00,FALSE,148_QC2.d,14-05-2025 21:34,QC2,,SJS-Std,3650.7995,4103,50468.849,51548.194,1476.547,1550.305,9388.627,9630.547,116932.738,104930.551,126245.129,109087.723,11378.082,11277.87,74118.009,74205.083,31729.571,31460.622,96421.231,87956.471,15911.344,15915.177,107065.963,89615.753,282018.421,234290.715,15675.073,15312.473,111968.648,61446.527,3401.394,3399.163,382.261,281.232,462.674,395.872,1457.291,1446.361,1525.944,1472.266,5401.912,5190.514,1310100.392,1126892.783,1160326.78,21155.69,21525.417,42588.23,39983.109,4761.706,4785.978,19141.711,19088.123,3643.395,3779.047,1081.575,916.556,3854.614,3332.38,523.093,457.818,3259.896,3143.254,595.561,599.371,1854.941,1882.781,245.598,227.612,1887.407,1843.933,249.95,238.023,2472.928,2559.87,1409.904,1646.186,628.245,639.185,22235.758,21128.113,21171.164,21176.377,296.675,272.835,11183.555,11069.872,3672.239,3690.39,,,,
95  Mo  [ No Gas ] :  CPS RSD value = 5.13 is over the allowed maximum = 5.00137  Ba  [ No Gas ] :  Concentration value = 194.56 is over the calibration range137  Ba  [ He ] :  Concentration value = 165.43 is over the calibration range138  Ba  [ He ] :  Concentration value = 177.30 is over the calibration range181  Ta  [ No Gas ] :  CPS RSD value = 5.26 is over the allowed maximum = 5.00238  U  [ No Gas ] :  CPS RSD value = 5.30 is over the allowed maximum = 5.00,FALSE,149SMPL.d,14-05-2025 21:38,Sample,,MCS 678,3884.3366,2508,40712.281,40566.798,2753.767,2940.37,12026.798,12713.73,98862.817,90459.462,83994.544,72168.701,12522.3,12418.344,29430.047,30010.231,26570.746,26210.374,72165.683,64800.116,24084.423,26080.202,196291.795,166372.72,46669.73,38087.052,26955.483,27581.272,8835.628,8780.484,701.732,695.357,<0.000,<0.000,<0.000,<0.000,6657.662,6713.432,272.078,187.216,12795.834,13016.504,755723.278,642596.588,688680.801,65520.592,58478.108,133133.097,112761.35,13632.588,13552.121,53005.555,50318.794,9854.291,10516.914,1843.631,1763.796,9944.017,9102.654,1223.574,1154.717,7165.455,6942.014,1146.334,1143.673,3257.222,3259.683,430.769,395.997,2862.26,2798.416,384.291,354.939,307.038,316.303,1938.624,1884.972,970.688,971.469,37092.339,32994.89,34605.021,34790.986,578.203,539.074,26074.825,26318.892,4574.526,4709.012,,,,
137  Ba  [ No Gas ] :  Concentration value = 268.83 is over the calibration range137  Ba  [ He ] :  Concentration value = 229.22 is over the calibration range138  Ba  [ He ] :  Concentration value = 244.85 is over the calibration range147  Sm  [ He ] :  CPS RSD value = 5.16 is over the allowed maximum = 5.00153  Eu  [ He ] :  CPS RSD value = 6.45 is over the allowed maximum = 5.00,FALSE,150SMPL.d,14-05-2025 21:43,Sample,,MCS 679,3599.6045,2509,42848.861,45580.786,2990.474,3057.163,14366.188,15136.768,124110.049,113312.838,103141.971,91815.301,17746.638,17278.908,37015.618,37418.772,34219.775,34226.351,90184.853,83423.586,27684.262,30175.238,247027.337,211907.673,81229.582,67773.553,24179.823,24500.931,6635.252,6384.475,485.476,456.387,8.508,<0.000,25.632,<0.000,7622.961,7726.573,350.123,297.553,13610.059,12974.363,967676.827,825112.596,881358.721,66892.502,58837.17,135632.278,116943.811,13803.559,13530.916,52026.812,51920.12,9993.265,9979.338,1794.492,1639.395,9738.283,8684.71,1198.639,1106.187,6421.391,6261.059,1025.47,1045.629,2868.104,2847.36,356.904,341.978,2470.406,2466.077,312.418,307.514,264.934,219.271,2039.285,1983.797,1207.761,1187.746,31596.558,28415.041,28706.875,29723.371,640.524,630.325,26192.414,26503.534,4108.813,4191.335,,,,
45  Sc  [ He ] :  CPS RSD value = 5.10 is over the allowed maximum = 5.00137  Ba  [ No Gas ] :  Concentration value = 125.84 is over the calibration range137  Ba  [ He ] :  Concentration value = 107.72 is over the calibration range138  Ba  [ He ] :  Concentration value = 104.17 is over the calibration range165  Ho  [ No Gas ] :  CPS RSD value = 5.28 is over the allowed maximum = 5.00,FALSE,151SMPL.d,14-05-2025 21:47,Sample,,MCS 680,3630.9314,2510,21283.284,23841.619,1922.331,1441.311,8156.14,8853.015,57303.374,52641.562,44507.703,43960.832,6695.617,6729.431,16115.396,16112.868,14843.681,15152.253,54847.804,49300.797,15365.295,18077.798,122065.532,102740.139,53198.309,44307.541,25355.387,24875.832,7751.471,7588.672,560.908,538.322,<0.000,<0.000,7.051,<0.000,3844.725,3801.778,238.798,190.057,6582.41,6707.496,456921.703,391112.993,378242.459,56123.958,50850.91,119807.495,101595.629,11665.14,11744.791,46762.572,45731.388,8294.98,8765.385,1477.595,1418.838,8142.575,7401.81,1010.527,924.421,5905.455,5684.839,1040.349,1052.34,3179.63,3221.13,437.351,399.032,3154.243,3089.108,408.826,381.922,267.66,263.257,879.93,868.167,506.432,502.567,32100.25,30334.932,30807.035,30897.731,320.796,284.969,22690.021,23372.285,3636.209,3677.666,,,,
137  Ba  [ No Gas ] :  Concentration value = 189.95 is over the calibration range137  Ba  [ He ] :  Concentration value = 166.06 is over the calibration range138  Ba  [ He ] :  Concentration value = 176.77 is over the calibration range169  Tm  [ No Gas ] :  CPS RSD value = 5.18 is over the allowed maximum = 5.00205  Tl  [ He ] :  CPS RSD value = 5.17 is over the allowed maximum = 5.00,FALSE,152SMPL.d,14-05-2025 21:51,Sample,,MCS 681,3463.0046,2511,31154.446,31082.52,2085.389,1886.15,9934.264,10657.417,82181.01,76065.317,71795.354,62781.563,9023.29,8880.617,23552.212,23531.134,19943.267,20290.178,61265.457,53922.423,20838.72,24908.876,164102.536,139391.829,56786.705,44695.306,22368.862,23079.913,7478.428,7209.465,665.599,605.869,<0.000,<0.000,<0.000,<0.000,5445.769,5265.641,183.812,131.911,10060.312,9920.649,657808.674,575064.481,612165.302,88442.088,79525.456,180495.92,175722.723,18044.576,17968.278,67745.254,67854.83,13293.737,13027.929,1896.543,1714.714,12009.978,11101.379,1387.26,1244.859,6543.65,6373.533,980.159,1010.769,2578.437,2575.286,323.32,293.375,2145.604,2210.809,281.26,276.198,268.118,253.793,1352.913,1300.906,756.481,753.07,34164.034,32512.359,31644.752,32666.363,413.085,397.748,34320.123,35062.205,4992.436,5297.262,,,,
"7  Li  [ No Gas ] :  CPS RSD value = 5.42 is over the allowed maximum = 5.009  Be  [ No Gas ] :  CPS RSD value = 5.41 is over the allowed maximum = 5.0095  Mo  [ No Gas ] :  CPS RSD value = 9.42 is over the allowed maximum = 5.00118  Sn  [ No Gas ] :  CPS RSD value = 5.80 is over the allowed maximum = 5.00121  Sb  [ No Gas ] :  CPS RSD value = 7.84 is over the allowed maximum = 5.00133  Cs  [ No Gas ] :  CPS RSD value = 5.31 is over the allowed maximum = 5.00137  Ba  [ No Gas ] :  Concentration value = 140.59 is over the calibration range137  Ba  [ No Gas ] :  CPS RSD value = 5.66 is over the allowed maximum = 5.00137  Ba  [ He ] :  Concentration value = 123.77 is over the calibration range138  Ba  [ He ] :  Concentration value = 130.28 is over the calibration range138  Ba  [ He ] :  CPS RSD value = 6.33 is over the allowed maximum = 5.00139  La  [ No Gas ] :  CPS RSD value = 5.28 is over the allowed maximum = 5.00140  Ce  [ No Gas ] :  CPS RSD value = 6.83 is over the allowed maximum = 5.00141  Pr  [ No Gas ] :  CPS RSD value = 5.43 is over the allowed maximum = 5.00146  Nd  [ No Gas ] :  CPS RSD value = 7.18 is over the allowed maximum = 5.00153  Eu  [ No Gas ] :  CPS RSD value = 5.04 is over the allowed maximum = 5.00163  Dy  [ No Gas ] :  CPS RSD value = 6.23 is over the allowed maximum = 5.00165  Ho  [ No Gas ] :  CPS RSD value = 5.77 is over the allowed maximum = 5.00166  Er  [ No Gas ] :  CPS RSD value = 5.63 is over the allowed maximum = 5.00205  Tl  [ No Gas ] :  CPS RSD value = 5.39 is over the allowed maximum = 5.00232  Th  [ No Gas ] :  CPS RSD value = 5.34 is over the allowed maximum = 5.00103  Rh ( ISTD )  [ No Gas ] :  CPS RSD value = 45.13 is over the allowed maximum = 5.00103  Rh ( ISTD )  [ No Gas ] :  ISTD Recovery Percent value = 124.28 is outside the allowed range [80.00, 120.00]",FALSE,153SMPL.d,14-05-2025 21:55,Sample,,MCS 682,3739.1654,2512,26537.993,28030.175,2229.53,1691.383,10314.052,11316.657,77302.327,70713.554,66706.678,58952.476,8736.285,8603.974,21896.239,22373.855,17963.537,18307.063,57502.77,51045.753,19317.467,22529.424,123458.868,104585.454,59892.593,51179.29,28245.396,28122.096,8454.176,8529.973,796.165,749.656,<0.000,<0.000,<0.000,<0.000,4915.837,5060.068,226.887,217.037,9057.511,9144.157,525685.513,462812.147,487145.738,60251.681,54157.057,123173.655,105761.561,12346.731,12223.258,46777.183,47831.692,8985.585,8865.981,1704.206,1597.766,8836.65,8200.8,1187.968,1126.032,7148.343,6985.738,1235.327,1241.184,3404.171,3445.458,456.74,443.079,3209.262,3153.096,404.492,405.063,311.373,304.483,1361.502,1336.654,630.243,621.513,36631.04,34721.244,34032.714,35582.489,434.924,407.915,23646.347,24327.598,4016.064,4194.484,,,,
137  Ba  [ No Gas ] :  Concentration value = 249.06 is over the calibration range137  Ba  [ He ] :  Concentration value = 209.67 is over the calibration range138  Ba  [ He ] :  Concentration value = 226.00 is over the calibration range140  Ce  [ He ] :  CPS RSD value = 8.34 is over the allowed maximum = 5.00166  Er  [ No Gas ] :  CPS RSD value = 5.32 is over the allowed maximum = 5.00205  Tl  [ He ] :  CPS RSD value = 5.97 is over the allowed maximum = 5.00209  Bi  [ He ] :  CPS RSD value = 5.58 is over the allowed maximum = 5.00,FALSE,154SMPL.d,14-05-2025 22:00,Sample,,MCS 683,3485.5901,3101,38549.863,40035.314,3142.769,3153.425,13576.803,14529.108,117575.401,108392.26,95950.6,84004.111,16049.725,16032.209,33479.581,33746.441,27298.948,26877.024,92534.276,85590.989,25736.607,29023.341,243846.192,210073.542,88910.492,73934.278,25870.345,25827.757,8909.561,9158.647,626.938,635.1,<0.000,<0.000,<0.000,<0.000,7245.305,7376.908,502.722,436.268,11952.48,11820.364,868108.206,730814.332,787733.259,80508.018,71205.773,168795.301,148548.94,16202.454,16063.179,63737.143,62071.23,11857.324,11952.867,2018.717,1837.528,11066.281,10124.016,1353.584,1265.293,6988.405,6661.444,1100.893,1106.008,2957.013,2898.104,350.718,359.86,2421.456,2438.697,297.232,286.814,326.799,316.586,1841.762,1797.638,1137.783,1125.202,34557.583,32002.676,31326.567,32610.147,606.461,575.289,32806.615,33249.833,4941.775,5118.745,,,,
118  Sn  [ He ] :  CPS RSD value = 5.99 is over the allowed maximum = 5.00137  Ba  [ No Gas ] :  Concentration value = 232.25 is over the calibration range137  Ba  [ He ] :  Concentration value = 202.17 is over the calibration range138  Ba  [ He ] :  Concentration value = 210.60 is over the calibration range169  Tm  [ No Gas ] :  CPS RSD value = 6.15 is over the allowed maximum = 5.00207  [Pb]  [ He ] :  CPS RSD value = 5.38 is over the allowed maximum = 5.00,FALSE,155SMPL.d,14-05-2025 22:04,Sample,,MCS 684,3708.8763,3102,35942.366,34952.002,2457.565,2465.165,11371.479,12353.329,99841.918,93605.439,84241.2,74521.987,14144.391,13976.996,28281.394,28714.236,25177.973,25304.802,75331.477,70453.604,22879.226,28483.83,221921.321,190276.543,88969.997,75451.501,25282.41,24893.086,3889.891,3910.593,556.23,522.972,<0.000,<0.000,16.806,<0.000,6118.532,6524.449,247.988,230.657,10010.213,10222.962,861390.821,749832.105,781086.67,96557.421,88754.858,201725.883,190087.186,20184.216,19707.943,77654.458,75771.866,14156.196,14279.829,2175.895,2076.724,13310.325,11936.901,1475.103,1374.378,7206.943,6962.262,1094.044,1082.534,2863.224,2829.247,338.293,308.336,2313.654,2221.308,284.456,276.541,146.463,123.125,1663.45,1754,992.524,960.671,28117.588,25652.371,25664.673,26556.185,417.48,391.301,42085.174,42546.364,5623.254,5934.929,,,,
137  Ba  [ No Gas ] :  Concentration value = 120.82 is over the calibration range137  Ba  [ No Gas ] :  CPS RSD value = 8.65 is over the allowed maximum = 5.00137  Ba  [ He ] :  Concentration value = 111.55 is over the calibration range138  Ba  [ He ] :  Concentration value = 105.39 is over the calibration range139  La  [ No Gas ] :  CPS RSD value = 9.40 is over the allowed maximum = 5.00169  Tm  [ No Gas ] :  CPS RSD value = 5.01 is over the allowed maximum = 5.00238  U  [ He ] :  CPS RSD value = 6.80 is over the allowed maximum = 5.00,FALSE,156SMPL.d,14-05-2025 22:08,Sample,,MCS 685,3480.5924,3103,18634.2,20007.188,2008.957,2088.548,7511.322,7983.301,41987.271,43659.756,40322.819,40308.502,5665.277,5493.166,12964.797,13390.007,12592.855,12830.359,33582.478,30723.577,13770.188,15503.396,105084.343,93089.988,72891.54,60334.355,22047.017,22872.372,6302.573,6225.307,518.416,635.201,<0.000,<0.000,<0.000,<0.000,3066.079,2890.343,183.513,124.464,5828.129,5879.347,420532.273,388251.747,366807.615,38770.853,37898.663,87234.141,74211.963,8492.327,8525.927,33377.043,33349.643,6198.941,6204.825,1208.758,1138.489,6147.654,5457.221,853.269,797.905,5403.061,5020.068,991.187,1012.136,2982.231,3048.746,433.491,411.561,3052.92,3092.034,406.76,390.14,203.159,195.67,737.403,722.474,455.317,443.399,31530.617,27906.025,29212.044,29615.726,299.831,286.984,19370.713,20078.296,2712.529,2867.472,,,,
89  Y  [ No Gas ] :  CPS RSD value = 8.89 is over the allowed maximum = 5.00137  Ba  [ No Gas ] :  Concentration value = 178.91 is over the calibration range137  Ba  [ He ] :  Concentration value = 156.45 is over the calibration range138  Ba  [ He ] :  Concentration value = 160.50 is over the calibration range166  Er  [ No Gas ] :  CPS RSD value = 5.60 is over the allowed maximum = 5.00205  Tl  [ No Gas ] :  CPS RSD value = 5.01 is over the allowed maximum = 5.00,FALSE,157SMPL.d,14-05-2025 22:12,Sample,,MCS 686,3675.7148,3104,32304.471,34474.715,2718.999,2443.124,11728.493,12331.954,88714.645,79022.801,74177.991,66363.17,11692.073,11417.861,24419.722,25169.48,16296.548,15736.153,117298.429,107204.064,22384.758,24165.687,140405.907,117391.089,78435.766,65901.057,33045.687,31115.514,11412.961,11565.725,1136.513,1168.92,4.615,<0.000,54.134,20.704,5800.191,5627.248,251.49,258.124,9115.444,8878.394,657610.467,575082.474,589942.121,63590.279,56962.213,129714.708,110488.926,13190.976,12992.136,49945.995,50111.207,9388.899,9224.363,1837.31,1742.558,9250.653,8479.789,1222.154,1154.161,7232.513,6888.486,1340.538,1324.582,3866.205,3841.953,520.97,510.283,3740.834,3720.493,476.816,491.42,410.416,396.603,1469.595,1413.625,750.156,779.164,40574.813,39612.607,38844.468,39920.262,438.635,388.801,25877.945,26123.823,4242.399,4238.778,,,,
137  Ba  [ No Gas ] :  Concentration value = 260.15 is over the calibration range137  Ba  [ He ] :  Concentration value = 230.95 is over the calibration range138  Ba  [ He ] :  Concentration value = 245.07 is over the calibration range147  Sm  [ No Gas ] :  CPS RSD value = 5.34 is over the allowed maximum = 5.00172  Yb  [ He ] :  CPS RSD value = 6.20 is over the allowed maximum = 5.00175  Lu  [ No Gas ] :  CPS RSD value = 6.28 is over the allowed maximum = 5.00238  U  [ He ] :  CPS RSD value = 5.03 is over the allowed maximum = 5.00,FALSE,158SMPL.d,14-05-2025 22:16,Sample,,MCS 687,3540.737,3105,46698.922,49756.155,3134.017,2647.585,12704.635,13610.52,114698.386,103712.327,94616.278,80685.656,14042.134,13950.747,30323.829,30853.446,26147.772,26236.415,83016.159,75337.427,26621.398,28050.919,228390.544,192363.169,71937.966,59357.244,21585.442,21597.635,7646.117,7840.83,333.358,294.826,<0.000,<0.000,<0.000,<0.000,7330.227,7540.567,190.063,178.913,13918.983,13899.7,921117.244,817749.428,867724.656,53792.222,48495.467,107992.843,93242.241,11112.721,11018.155,41553.815,40907.29,8007.911,8084.97,1515.513,1377.503,7819.972,7061.017,941.342,909.313,5448.189,5215.13,859.108,890.414,2497.665,2454.8,301.863,294.738,2159.84,2133.633,264.327,255.049,301.616,265.59,1747.071,1705.533,1077.244,1080.584,31925.18,30415.703,29598.699,30117.065,612.49,581.118,21851.773,22080.978,3492.341,3551.839,,,,
205  Tl  [ He ] :  CPS RSD value = 7.23 is over the allowed maximum = 5.00,FALSE,159_QC1.d,14-05-2025 22:20,QC1,,QC MES 50 ppb,1,4102,56.162,50.032,52.148,51.491,45.095,42.195,52.098,47.166,51.231,45.251,53.001,45.541,43.818,45.113,51.891,45.481,44.36,41.226,54.276,46.424,54.484,47.412,52.372,43.649,54.983,49.008,53.997,47.486,48.175,48.949,55.874,49.33,50.89,50.658,57.87,50.34,58.097,50.082,57.023,50.575,55.973,54.938,53.915,57.803,51.264,57.003,54.422,58.655,57.213,51.232,52.731,52.167,52.272,60.436,53.073,55.774,54.256,60.443,59.582,64.249,53.425,59.312,60.235,61.385,55.013,61.529,60.666,54.471,56.115,60.609,54.51,65.778,57.037,60.58,57.233,64.614,61.693,57.115,60.152,62.563,57.051,64.25,63.273,64.231,65.253,64.942,67.308,,,,
137  Ba  [ No Gas ] :  Concentration value = 163.35 is over the calibration range137  Ba  [ He ] :  Concentration value = 139.38 is over the calibration range138  Ba  [ He ] :  Concentration value = 148.90 is over the calibration range159  Tb  [ He ] :  CPS RSD value = 7.05 is over the allowed maximum = 5.00163  Dy  [ He ] :  CPS RSD value = 6.19 is over the allowed maximum = 5.00165  Ho  [ He ] :  CPS RSD value = 6.99 is over the allowed maximum = 5.00103  Rh ( ISTD )  [ No Gas ] :  CPS RSD value = 5.29 is over the allowed maximum = 5.00,FALSE,160SMPL.d,14-05-2025 22:24,Sample,,MCS 688,4054.645,3106,37358.82,37710.667,2465.716,2769.847,11247.93,11570.062,92612.118,84508.246,76934.474,68896.407,11294.522,10767.103,28723.712,30419.491,25485.999,24741.41,73896.878,68358.925,22548.972,23959.078,172156.143,146284.115,66517.793,53253.718,24850.649,24585.955,14232.396,13872.314,839.604,862.323,127.451,92.089,<0.000,<0.000,5821.928,5963.384,357.111,291.036,11204.793,11005.095,662316.08,565126.023,603737.903,57325.928,51872.81,121487.512,101188.683,11938.921,12128.486,46820.885,46075.745,8974.139,8911.481,1690.621,1532.7,8858.146,8078.486,1116.529,1051.034,6462.392,6198.055,1098.538,1100.611,3125.236,3211.034,436.703,413.068,2838.483,2846.544,409.304,411.522,589.905,554.97,1756.888,1877.249,906.083,888.246,36294.837,34686.143,33692.436,35009.49,557.579,524.124,24173.76,24380.583,4359.719,4597.977,,,,
90  Zr  [ No Gas ] :  CPS RSD value = 9.66 is over the allowed maximum = 5.00118  Sn  [ No Gas ] :  CPS RSD value = 8.17 is over the allowed maximum = 5.00133  Cs  [ No Gas ] :  CPS RSD value = 5.69 is over the allowed maximum = 5.00137  Ba  [ No Gas ] :  Concentration value = 355.09 is over the calibration range137  Ba  [ He ] :  Concentration value = 309.26 is over the calibration range138  Ba  [ He ] :  Concentration value = 322.55 is over the calibration range139  La  [ No Gas ] :  CPS RSD value = 6.17 is over the allowed maximum = 5.00141  Pr  [ He ] :  CPS RSD value = 5.26 is over the allowed maximum = 5.00147  Sm  [ No Gas ] :  CPS RSD value = 6.12 is over the allowed maximum = 5.00157  Gd  [ No Gas ] :  CPS RSD value = 6.08 is over the allowed maximum = 5.00159  Tb  [ He ] :  CPS RSD value = 5.98 is over the allowed maximum = 5.00163  Dy  [ No Gas ] :  CPS RSD value = 5.03 is over the allowed maximum = 5.00166  Er  [ He ] :  CPS RSD value = 5.10 is over the allowed maximum = 5.00172  Yb  [ No Gas ] :  CPS RSD value = 6.42 is over the allowed maximum = 5.00103  Rh ( ISTD )  [ No Gas ] :  CPS RSD value = 38.76 is over the allowed maximum = 5.00,FALSE,161_QC2.d,14-05-2025 22:28,QC2,,SJS-Std,3650.7995,4103,51213.532,54658.066,1518.66,1718.816,9316.17,9966.136,118683.373,105169.003,127561.478,110722.932,11736.938,11482.328,74809.487,76156.329,31891.923,31529.297,97913.202,86243.63,15452.839,16258.786,110537.948,90865.412,281667.558,237356.927,15965.986,15453.09,67035.136,61028.602,3360.301,3510.47,308.593,187.363,422.49,377.876,1463.799,1464.651,1479.905,1499.711,5291.623,5312.376,1296364.649,1129038.265,1177555.445,20583.347,21624.147,42746.56,40887.524,4801.702,4902.551,18849.501,18766.603,3676.632,3746.939,1098.729,854.839,3885.199,3589.904,534.099,466.588,3369.636,3211.415,631.432,607.414,1878.934,1845.688,273.736,256.629,1878.147,1840.432,266.346,264.973,2414.194,2423.525,1019.78,1105.867,629.472,622.197,22698.924,20847.639,20898.866,21366.39,307.689,285.735,11299.032,11203.18,3688.202,3880.432,,,,
118  Sn  [ He ] :  CPS RSD value = 6.25 is over the allowed maximum = 5.00137  Ba  [ No Gas ] :  Concentration value = 200.88 is over the calibration range137  Ba  [ He ] :  Concentration value = 170.14 is over the calibration range138  Ba  [ He ] :  Concentration value = 182.69 is over the calibration range165  Ho  [ He ] :  CPS RSD value = 6.16 is over the allowed maximum = 5.00172  Yb  [ He ] :  CPS RSD value = 5.05 is over the allowed maximum = 5.00,FALSE,162SMPL.d,14-05-2025 22:32,Sample,,MCS 689,3742.6767,3107,36434.239,38290.428,2631.739,2176.677,11460.242,12190.631,88389.748,80484.325,86646.195,74415.652,11765.65,11681.659,27245.411,27903.651,21170.545,21016.404,75038.908,69087.8,24139.896,26030.48,185884.55,160455.266,60144.508,49816.142,25712.609,25965.422,11129.422,10891.823,726.16,702.581,<0.000,<0.000,5.451,<0.000,5534.311,5358.419,329.103,277.373,9322.844,9425.585,751841.105,636794.862,683732.164,57327.825,51261.115,128191.864,108050.322,12115.289,11804.094,45891.496,45925.146,9174.964,8668.687,1699.647,1602.309,9291.503,8172.065,1137.417,1079.134,6563.533,6160.693,1071.017,1034.33,3077.102,3097.578,402.89,385.056,2770.331,2728.684,368.082,345.321,374.967,386.829,1351.194,1302.338,857.685,820.316,37595.916,34547.563,36548.47,35503.651,416.783,386.32,23746.126,23065.154,3918.199,4141.551,,,,
9  Be  [ No Gas ] :  CPS RSD value = 6.06 is over the allowed maximum = 5.00137  Ba  [ No Gas ] :  Concentration value = 157.73 is over the calibration range137  Ba  [ He ] :  Concentration value = 132.86 is over the calibration range138  Ba  [ He ] :  Concentration value = 147.16 is over the calibration range146  Nd  [ No Gas ] :  CPS RSD value = 5.42 is over the allowed maximum = 5.00153  Eu  [ He ] :  CPS RSD value = 5.18 is over the allowed maximum = 5.00,FALSE,163SMPL.d,14-05-2025 22:36,Sample,,MCS 690,3922.2295,3108,30719.825,30677.103,1879.823,1991.439,9137.676,10071.25,75196.788,69644.433,62643.918,53699.971,9524.856,9507.965,23234.825,22457.073,17679.659,17892.027,57244.469,51840.738,18815.413,22762.531,152326.988,127240.887,57499.674,47334.645,20115.501,19914.866,9913.792,9968.377,566.828,531.432,<0.000,<0.000,<0.000,<0.000,4647.746,4856.886,247.837,188.027,8728.374,8641.291,618639.376,521098.698,577197.195,65512.602,57564.494,137091.4,118485.474,13672.39,13559.945,53282.092,52876.331,10205.748,10298.985,1638.238,1481.938,9889.494,9023.878,1116.957,1024.517,5650.196,5514.335,828.056,871.637,2389.166,2399.964,304.484,274.017,2153.67,2169.129,292.689,256.256,333.205,359.932,1237.121,1172.003,663.182,703.438,33099.873,31087.553,31591.317,31741.703,370.198,348.986,25207.902,25660.736,4236.7,4378.104,,,,
137  Ba  [ No Gas ] :  Concentration value = 152.33 is over the calibration range137  Ba  [ He ] :  Concentration value = 132.18 is over the calibration range138  Ba  [ He ] :  Concentration value = 131.88 is over the calibration range138  Ba  [ He ] :  CPS RSD value = 6.98 is over the allowed maximum = 5.00172  Yb  [ He ] :  CPS RSD value = 5.24 is over the allowed maximum = 5.00175  Lu  [ No Gas ] :  CPS RSD value = 5.88 is over the allowed maximum = 5.00205  Tl  [ He ] :  CPS RSD value = 5.10 is over the allowed maximum = 5.00,FALSE,164SMPL.d,14-05-2025 22:41,Sample,,MCS 691,4028.1393,3109,27529.683,29609.616,1733.074,2231.141,9744.694,10222.031,79994.793,73995.044,73170.376,64559.811,9624.019,9592.429,23658.179,24201.348,23604.915,23611.083,96535.658,87688.021,19173.707,22719.574,154648.864,131109.474,45972.111,36842.565,20884.522,20411.7,8983.179,8964.178,663.361,632.273,<0.000,<0.000,14.341,<0.000,4985.39,4897.12,240.289,215.023,8217.087,8208.361,613613.582,532458.323,531235.058,72804.007,67716.809,155762.702,127236.375,15142.849,15389.186,58828.522,58418.784,11153.54,11236.921,1679.254,1688.087,10193.899,9263.524,1169.341,1106.354,5958.569,5746.511,916.516,916.668,2429.511,2351.288,306.622,287.79,2209.997,2098.27,272.336,278.87,313.739,297.735,1308.927,1262.094,656.925,638.536,29377.54,26369.975,27211.33,27311.531,361.126,326.875,30725.589,30792.373,4478.072,4812.798,,,,
137  Ba  [ No Gas ] :  Concentration value = 192.45 is over the calibration range137  Ba  [ He ] :  Concentration value = 165.07 is over the calibration range138  Ba  [ He ] :  Concentration value = 172.65 is over the calibration range175  Lu  [ No Gas ] :  CPS RSD value = 5.01 is over the allowed maximum = 5.00,FALSE,165SMPL.d,14-05-2025 22:45,Sample,,MCS 692,3679.7351,3110,32750.379,33687.634,3267.667,3261.096,11212.369,11957.948,85608.689,77266.232,73617.232,66316.233,13140.295,12984.385,23686.117,23807.342,14978.013,14777.175,71628.078,63581.317,21470.748,25170.563,136053.702,113496.165,86198.335,72379.076,29559.923,29277.218,8670.031,8712.67,788.454,763.368,<0.000,<0.000,296.589,256.504,5637.507,5620.254,214.953,159.237,8979.909,8966.878,708150.178,607415.015,635311.564,82644.826,75088.334,168173.754,141241.847,16771.072,16895.859,63445.417,63043.896,12385.569,12409.851,1998.383,1833.675,11951.734,10567.833,1376.26,1292.198,7657.304,7283.967,1215.758,1288.14,3363.985,3252.094,434.678,426.635,3066.067,3108.852,392.53,385.295,304.293,322.118,1396.681,1367.921,1011.997,1030.208,38484.708,33959.509,34846.364,36177.96,365.725,349.414,30180.77,31003.866,5425.786,5418.207,,,,
137  Ba  [ No Gas ] :  Concentration value = 197.54 is over the calibration range137  Ba  [ He ] :  Concentration value = 168.88 is over the calibration range138  Ba  [ He ] :  Concentration value = 178.97 is over the calibration range153  Eu  [ He ] :  CPS RSD value = 5.83 is over the allowed maximum = 5.00169  Tm  [ No Gas ] :  CPS RSD value = 5.08 is over the allowed maximum = 5.00238  U  [ He ] :  CPS RSD value = 5.84 is over the allowed maximum = 5.00,FALSE,166SMPL.d,14-05-2025 22:49,Sample,,MCS 693,3682.5198,3111,35191.747,35240.087,2522.741,2821.593,9352.071,9917.327,79425.732,71101.981,65206.044,57513.919,10447.846,10085.273,20101.745,20773.213,19531.581,19405.455,64185.432,57405.76,19430.99,23071.939,187372.916,159987.892,86557.266,70567.711,22352.444,22594.345,5462.18,5515.454,274.503,219.02,<0.000,<0.000,<0.000,<0.000,5030.135,4971.545,147.435,118.325,9530.164,9352.878,727452.522,621897.747,659045.79,86318.84,78532.872,179348.606,144516.103,17379.456,17427.666,67523.808,65636.875,12816.778,12745.103,2046.826,1875.047,11850.653,10500.502,1338.551,1219.122,6236.418,5997.091,973.435,968.815,2630.658,2711.737,332.424,318.594,2280.645,2264.995,291.673,284.14,190.846,166.654,1301.835,1289.315,768.689,790.402,28497.682,25730.513,26094.858,26559.933,380.725,344.074,36585.609,37166.922,5122.548,5263.577,,,,
95  Mo  [ No Gas ] :  CPS RSD value = 5.42 is over the allowed maximum = 5.00118  Sn  [ He ] :  CPS RSD value = 5.04 is over the allowed maximum = 5.00137  Ba  [ No Gas ] :  Concentration value = 260.39 is over the calibration range137  Ba  [ He ] :  Concentration value = 223.92 is over the calibration range138  Ba  [ He ] :  Concentration value = 232.73 is over the calibration range172  Yb  [ No Gas ] :  CPS RSD value = 5.11 is over the allowed maximum = 5.00,FALSE,167SMPL.d,14-05-2025 22:53,Sample,,MCS 694,3497.1867,3112,43616.52,46870.923,2270.207,2615.053,12584.209,13492.821,110417.165,100692.317,87712.762,76434.623,14428.895,14061.579,31244.248,31937.421,28956.129,28251.758,101230.535,94106.279,25228.292,30276.35,231738.193,197249.506,45157.199,37103.981,26158.068,26037.613,10436.222,10613.842,829.283,794.505,<0.000,<0.000,<0.000,<0.000,7289.171,7308.697,303.438,263.713,12704.959,12409.582,910631.107,783095.379,813914.104,99279.419,90313.721,218903.831,201859.021,20462.907,20548.042,79198.956,78449.608,14822.388,14640.147,2031.351,1910.726,13884.983,12018.528,1591.561,1459.111,7687.276,7235.73,1141.998,1153.953,3144.746,3093.996,387.882,373.135,2751.617,2707.973,359.652,375.026,383.392,353.24,1756.155,1690.067,1002.628,970.378,35358.823,30656.62,32923.655,32789.777,446.163,381.326,41924.769,42241.151,6113.284,6394.629,,,,
9  Be  [ No Gas ] :  CPS RSD value = 5.31 is over the allowed maximum = 5.00137  Ba  [ No Gas ] :  Concentration value = 163.69 is over the calibration range137  Ba  [ He ] :  Concentration value = 139.67 is over the calibration range138  Ba  [ He ] :  Concentration value = 145.78 is over the calibration range,FALSE,168SMPL.d,14-05-2025 22:57,Sample,,MCS 695,3807.4282,3201,30541.741,31443.274,2723.66,2811.855,10163.227,10320.539,84808.503,76095.493,71825.741,63667.359,9538.53,9183.614,23046.57,23654.31,18903.492,18148.298,113451.394,101124.942,20558.033,22191.779,127674.472,107706.137,60337.772,48626.159,26857.93,26519.137,11421.38,11375.308,630.626,574.431,<0.000,<0.000,<0.000,<0.000,5300.877,5200.186,196.709,174.628,10030.972,9463.823,623241.286,531798.318,555061.423,53981.717,47965.933,114025.916,92179.011,11154.09,10779.98,42768.38,40934.07,8220.148,7972.569,1566.133,1394.138,8171.313,7122.822,1065.17,974.508,6495.002,6043.097,1144.406,1105.559,3228.292,3221.539,440.26,406.647,2934.67,2960.383,383.435,399.965,394.907,364.303,1406.811,1358.637,688.509,714.483,35924.045,34109.001,33460.071,34435.418,444.918,430.681,23614.986,24169.563,3678.147,3667.093,,,,
137  Ba  [ No Gas ] :  Concentration value = 168.32 is over the calibration range137  Ba  [ He ] :  Concentration value = 147.81 is over the calibration range138  Ba  [ He ] :  Concentration value = 162.02 is over the calibration range,FALSE,169SMPL.d,14-05-2025 23:01,Sample,,MCS 696,4050.7843,3202,32190.237,32817.552,2926.317,2430.657,10955.632,11765.546,87614.661,79194.014,75795.527,65588.854,10677.798,10413.946,23005.999,22740.915,15281.007,15356.119,218534.214,200810.055,22454.043,26726.967,138836.742,118025.532,99773.369,82046.929,30216.648,30302.432,10886.234,11081.6,991.636,990.799,<0.000,<0.000,119.316,88.419,5838.057,5989.613,286.745,262.422,9039.178,9235.961,681834.767,598735.068,656326.507,98170.602,86180.409,193563.082,192879.447,20142.708,19108.548,74493.676,75539.246,14170.686,14276.611,2240.464,2112.394,13257.259,12139.946,1546.306,1438.793,8189.097,7842.745,1325.122,1294.599,3593.887,3681.128,467.651,461.786,3158.43,3343.945,422.612,414.178,396.45,381.878,1558.894,1537.225,749.327,739.955,47145.891,42904.389,44265.061,44474.628,415.619,385.75,39562.402,39589.149,6014.472,5861.139,,,,
45  Sc  [ He ] :  CPS RSD value = 7.21 is over the allowed maximum = 5.00121  Sb  [ No Gas ] :  CPS RSD value = 5.17 is over the allowed maximum = 5.00137  Ba  [ No Gas ] :  Concentration value = 186.94 is over the calibration range137  Ba  [ He ] :  Concentration value = 164.09 is over the calibration range138  Ba  [ He ] :  Concentration value = 171.10 is over the calibration range205  Tl  [ He ] :  CPS RSD value = 5.04 is over the allowed maximum = 5.00,FALSE,170SMPL.d,14-05-2025 23:05,Sample,,MCS 697,3564.2672,3203,33303.725,35945.885,1920.738,1645.173,9491.465,10310.752,79114.963,72266.935,65511.114,56805.632,9524.876,9377.078,22207.527,22282.016,20965.632,20593.804,58090.214,52824.521,20096.508,24321.12,173131.209,144206.346,44831.673,35455.101,24498.801,24374.567,8183.14,8190.764,572.313,572.905,<0.000,<0.000,<0.000,<0.000,5517.6,5511.562,236.806,145.928,10551.806,10442.074,666293.488,584845.763,609853.712,98672.131,87880.613,199535.837,191225.972,20168.402,19960.79,76623.045,75846.123,14300.107,14002.078,1929.196,1849.013,13251.368,11728.03,1472.691,1352.679,7311.185,6911.456,1052.519,1031.506,2786.758,2804.991,332.722,307.852,2362.995,2398.552,306.564,283.3,280.912,252.284,1544.02,1460.362,785.1,790.098,31477.576,29464.076,30474.188,30026.904,393.856,386.315,40394.626,38470.641,5796.58,6070.843,,,,
206  [Pb]  [ He ] :  CPS RSD value = 5.34 is over the allowed maximum = 5.00209  Bi  [ He ] :  CPS RSD value = 8.38 is over the allowed maximum = 5.00,FALSE,171_QC1.d,14-05-2025 23:09,QC1,,QC MES 50 ppb,1,4102,56.689,50.997,52.036,50.391,45.816,41.877,52.506,46.687,52.062,44.508,52.234,44.974,44.015,45.224,51.084,45.528,44.284,41.251,53.855,47.177,55.736,46.24,52.157,44.14,56.463,48.277,54.292,47.932,48.795,49.399,57.479,49.936,51.99,51.462,58.651,50.572,59.239,51.757,58.442,50.574,57.669,56.699,53.774,57.346,58.328,59.381,55.087,59.396,57.996,53.503,52.427,53.026,53.492,61.68,53.457,57.37,54.801,60.066,60.134,65.894,54.292,60.243,60.406,61.836,56.108,62.054,60.728,55.413,56.968,61.68,53.428,65.199,56.528,60.822,60.241,65.313,56.312,60.483,57.827,64.844,58.623,66.424,60.94,64.165,67.963,65.722,66.947,,,,
137  Ba  [ No Gas ] :  Concentration value = 220.22 is over the calibration range137  Ba  [ He ] :  Concentration value = 186.44 is over the calibration range138  Ba  [ He ] :  Concentration value = 197.60 is over the calibration range166  Er  [ No Gas ] :  CPS RSD value = 5.07 is over the allowed maximum = 5.00205  Tl  [ He ] :  CPS RSD value = 6.01 is over the allowed maximum = 5.00103  Rh ( ISTD )  [ No Gas ] :  CPS RSD value = 13.76 is over the allowed maximum = 5.00,FALSE,172SMPL.d,14-05-2025 23:14,Sample,,MCS 698,3546.1677,3204,34961.758,34213.424,2241.753,2357.051,10541.564,10937.033,93119.121,83101.894,79509.841,67691.54,12896.45,12828.624,26785.818,26084.698,23186.44,22807.052,85184.097,73818.536,21535.479,23494.56,213004.795,177714.488,55124.567,44602.086,25822.298,24486.188,11893.676,11951.189,921.683,843.704,65.359,41.127,<0.000,<0.000,5901.104,5721.145,293.02,256.378,10756.892,10391.993,780946.183,661143.537,700729.045,57103.023,50194.799,120020.321,99622.076,11868.985,11349.213,45535.511,45095.861,8638.037,8363.419,1639.308,1561.806,8421.871,7526.17,1097.784,1013.014,6241.808,5782.683,1050.02,1035.603,3083.666,2987.384,405.097,372.238,2814.885,2768.593,373.592,322.343,490.247,423.168,1599.599,1594.304,947.89,888.461,37677.598,34021.177,36349.998,35214.485,436.315,389.367,23563.652,22873.273,3984.857,4034.378,,,,
45  Sc  [ He ] :  CPS RSD value = 5.87 is over the allowed maximum = 5.00137  Ba  [ No Gas ] :  Concentration value = 173.53 is over the calibration range137  Ba  [ He ] :  Concentration value = 147.82 is over the calibration range138  Ba  [ He ] :  Concentration value = 152.92 is over the calibration range172  Yb  [ He ] :  CPS RSD value = 6.12 is over the allowed maximum = 5.00,FALSE,173SMPL.d,14-05-2025 23:18,Sample,,MCS 699,3994.7995,3205,33220.888,35049.94,2988.336,3761.62,10356.698,10581.413,89953.005,80370.631,73305.949,61082.561,11949.021,11574.652,25634.84,25139.155,20561.851,19869.266,61102.737,52972.579,20204.074,22640.728,188640.294,155945.668,59514.338,47870.215,27928.408,26606.489,13581.507,13304.153,257.358,217.89,<0.000,<0.000,<0.000,<0.000,5800.014,5726.522,503.968,446.168,9802.032,9721.931,693230.534,590500.598,610868.969,64097.863,58074.97,130346.181,107314.085,13186.442,12973.843,49376.59,47392.594,9562.533,9126.008,1620.655,1482.62,9293.559,8368.385,1146.23,1043.172,6726.651,6216.911,1117.206,1103.222,3288.386,2984.152,403.663,392.745,2780.936,2559.255,346.895,341.549,508.989,473.577,1466.025,1461.275,885.537,904.129,30338.521,28341.613,28590.191,28648.687,556.308,507.916,25442.425,24357.897,3996.747,4326.517,,,,
7  Li  [ No Gas ] :  CPS RSD value = 5.45 is over the allowed maximum = 5.0090  Zr  [ He ] :  CPS RSD value = 5.81 is over the allowed maximum = 5.00137  Ba  [ No Gas ] :  Concentration value = 363.62 is over the calibration range137  Ba  [ He ] :  Concentration value = 298.20 is over the calibration range138  Ba  [ He ] :  Concentration value = 324.92 is over the calibration range140  Ce  [ No Gas ] :  CPS RSD value = 7.30 is over the allowed maximum = 5.00165  Ho  [ He ] :  CPS RSD value = 5.65 is over the allowed maximum = 5.00166  Er  [ He ] :  CPS RSD value = 6.79 is over the allowed maximum = 5.00181  Ta  [ He ] :  CPS RSD value = 5.59 is over the allowed maximum = 5.00,FALSE,174_QC2.d,14-05-2025 23:22,QC2,,SJS-Std,3650.7995,4103,50107.004,54576.215,1512.225,1752.518,9218.959,9767.863,118826.457,104681.746,126779.994,111609.929,11951.133,11586.947,75244.466,76160.509,31806.397,32263.179,96553.653,88736.732,15956.178,15596.365,108805.445,91096.904,293232.906,240650.689,15916.609,15610.54,71515.211,63655.041,3306.764,3249.706,282.016,127.376,466.81,362.456,1482.3,1352.275,1522.961,1482.678,5425.823,5313.601,1327499.991,1088659.508,1186213.819,21454.427,21218.802,47134.289,40452.662,4971.379,4803.066,18888.37,18264.123,3798.423,3595.354,1070.332,892.462,3910.614,3446.018,513.333,485.083,3407.343,3038.915,620.796,605.295,1859.187,1835.577,255.479,240.479,1893.589,1804.251,259.327,228.043,2483.318,2349.694,881.662,968.883,618.414,578.316,22946.113,20762.554,21395.594,21454.569,289.064,271.843,11073.829,11352.845,3717.725,3783.466,,,,
137  Ba  [ No Gas ] :  Concentration value = 164.59 is over the calibration range137  Ba  [ He ] :  Concentration value = 142.78 is over the calibration range138  Ba  [ He ] :  Concentration value = 150.95 is over the calibration range181  Ta  [ No Gas ] :  CPS RSD value = 5.68 is over the allowed maximum = 5.00,FALSE,175SMPL.d,14-05-2025 23:26,Sample,,MCS 700,3819.4584,3206,28578.415,28204.008,2113.343,2256.592,8438.391,9003.093,68481.94,62574.5,57660.932,49211.998,8862.128,8899.889,19540.328,19195.982,19916.465,20198.16,52805.004,46627.518,17236.29,18450.931,157842.494,132049.816,58685.149,47824.179,21155.362,21153.146,9090.375,9226.304,456.238,465.422,<0.000,<0.000,<0.000,<0.000,4401.587,4412.258,229.328,183.1,8317.101,7981.56,628640.148,545326.582,576555.115,33263.323,33390.38,76528.958,64590.709,7716.845,7668.497,29264.493,28975.609,5603.661,5637.841,1247.384,1197.873,5625.843,4988.907,751.946,709.363,4772.061,4613.97,875.758,874.946,2531.397,2724.349,358.07,345.69,2464.241,2460.358,326.219,318.725,328.678,342.126,1095.915,1070.619,688.65,671.462,32133.935,30269.187,30364.296,30611.503,301.388,271.736,15485.242,15704.269,2575.951,2659.699,,,,
137  Ba  [ No Gas ] :  Concentration value = 226.10 is over the calibration range137  Ba  [ He ] :  Concentration value = 196.39 is over the calibration range138  Ba  [ He ] :  Concentration value = 207.87 is over the calibration range140  Ce  [ He ] :  CPS RSD value = 5.68 is over the allowed maximum = 5.00169  Tm  [ He ] :  CPS RSD value = 6.51 is over the allowed maximum = 5.00207  [Pb]  [ He ] :  CPS RSD value = 5.18 is over the allowed maximum = 5.00,FALSE,176SMPL.d,14-05-2025 23:30,Sample,,MCS 701,3919.7296,3207,57338.966,65406.19,3705.188,3148.086,15306.112,15748.901,131668.672,120362.263,113887.719,97468.252,17470.111,17748.712,44624.847,44053.117,42004.578,42639.955,131538.797,118104.577,30633.071,34092.448,234899.433,194098.972,58448.825,47265.111,50514.425,43902.152,18817.208,19325.796,942.191,903.011,8.396,<0.000,12.687,<0.000,9019.299,8578.081,425.332,361.599,18264.716,17737.306,886261.267,769777.182,814788.35,91816.49,80521.492,182931.519,161277.327,18724.361,18235.672,69761.513,68775.828,13813.891,13367.104,2343.844,2246.933,13746.624,11957.003,1744.749,1650.001,10635.688,9827.525,1722.455,1753.058,5135.942,4933.113,622.951,618.919,4309.74,4316.806,584.804,581.395,664.757,665.43,2378.29,2289.869,1294.59,1270.564,47909.868,45279.739,46124.036,46349.196,1003.646,920.284,35563.052,36571.099,6246.083,6481.944,,,,
118  Sn  [ He ] :  CPS RSD value = 6.71 is over the allowed maximum = 5.00137  Ba  [ No Gas ] :  Concentration value = 140.43 is over the calibration range137  Ba  [ He ] :  Concentration value = 122.72 is over the calibration range138  Ba  [ He ] :  Concentration value = 117.30 is over the calibration range172  Yb  [ No Gas ] :  CPS RSD value = 5.24 is over the allowed maximum = 5.00205  Tl  [ No Gas ] :  CPS RSD value = 5.64 is over the allowed maximum = 5.00103  Rh ( ISTD )  [ He ] :  CPS RSD value = 5.05 is over the allowed maximum = 5.00,FALSE,177SMPL.d,14-05-2025 23:34,Sample,,MCS 702,3545.666,3208,15959.904,17322.036,1047.177,1211.074,5026.098,5576.1,66186.782,60790.693,31346.326,30640.727,5702.996,5740.591,14797.644,14790.818,14492.469,14762.375,22490.674,19178.634,10233.953,14466.395,128716.596,107684.903,38664.764,31473.788,19018.583,19246.632,7533.26,7584.497,336.906,332.271,<0.000,<0.000,<0.000,<0.000,4298.519,4179.777,147.971,63.394,8381.481,8218.175,497911.076,435113.246,415889.036,75671.923,67813.998,140684.341,117612.406,15663.699,15418.605,58566.591,57709.65,11195.882,11134.186,1519.596,1410.53,10272.78,8984.005,1133.287,1019.13,5573.954,5155.531,787.083,819.086,2193.863,2061.073,253.729,230.111,1819.21,1688.818,224.752,213.963,265.072,255.409,1145.055,1084.857,543.941,517.275,24407.425,21607.334,22396.204,22818.596,417.899,383.528,28683.687,29079.308,3597.99,3675.197,,,,
9  Be  [ No Gas ] :  CPS RSD value = 7.30 is over the allowed maximum = 5.00137  Ba  [ No Gas ] :  Concentration value = 187.14 is over the calibration range137  Ba  [ He ] :  Concentration value = 160.14 is over the calibration range138  Ba  [ He ] :  Concentration value = 171.37 is over the calibration range140  Ce  [ He ] :  CPS RSD value = 5.37 is over the allowed maximum = 5.00159  Tb  [ No Gas ] :  CPS RSD value = 5.03 is over the allowed maximum = 5.00172  Yb  [ He ] :  CPS RSD value = 6.52 is over the allowed maximum = 5.00103  Rh ( ISTD )  [ No Gas ] :  CPS RSD value = 11.22 is over the allowed maximum = 5.00,FALSE,178SMPL.d,14-05-2025 23:38,Sample,,MCS 703,3901.2056,3209,32446.603,33573.013,2209.225,2016.778,11360.35,12094.01,88953.708,79419.819,74935.936,64020.624,10590.356,10433.619,24103.6,23863.984,20380.713,20129.719,62505.723,55785.4,21993.549,24119.063,177238.334,149616.243,53681.792,44940.122,27385.466,25965.855,7956.41,8072.529,605.127,531.98,<0.000,<0.000,<0.000,<0.000,5458.838,5461.014,238.784,169.832,9988.003,10032.913,730084.218,624749.296,668534.795,58998.631,52810.214,122771.045,103277.013,12277.836,12146.178,47077.424,46283.241,8955.786,9038.587,1665.472,1607.723,8733.338,7959.1,1131.226,1021.223,6530.196,6335.155,1180.768,1144.26,3298.529,3358.577,465.739,427.752,3177.097,3143.101,428.761,427.952,290.522,233.977,1617.101,1591.21,784.903,789.569,32574.901,29897.272,30817.319,30575.119,415.489,388.473,22924.754,22930.641,3885.063,3873.613,,,,
9  Be  [ No Gas ] :  CPS RSD value = 6.17 is over the allowed maximum = 5.0066  Zn  [ No Gas ] :  Concentration value = 378.13 is over the calibration range66  Zn  [ He ] :  Concentration value = 318.95 is over the calibration range95  Mo  [ No Gas ] :  CPS RSD value = 7.70 is over the allowed maximum = 5.00137  Ba  [ No Gas ] :  Concentration value = 211.56 is over the calibration range137  Ba  [ He ] :  Concentration value = 184.65 is over the calibration range138  Ba  [ He ] :  Concentration value = 193.85 is over the calibration range208  Pb  [ No Gas ] :  CPS RSD value = 5.86 is over the allowed maximum = 5.00,FALSE,179SMPL.d,14-05-2025 23:42,Sample,,MCS 704,3570.8171,3210,33222.522,34771.431,1780.061,1747.088,10073.229,10831.03,92042.443,83909.283,74256.501,65597.78,12127.378,11933.647,24090.743,24893.153,19701.765,19852.236,1350223.793,1138900.485,20885.336,24108.081,198833.275,166992.156,38589.077,31475.278,23281.642,22879.873,11456.564,11345.109,625.888,637.16,<0.000,<0.000,<0.000,<0.000,6273.681,6373.696,412.095,413.62,10431.034,10096.231,755455.418,659363.81,692215.212,68573.416,59398.509,138864.443,119127.562,13994.6,13465.775,53621.571,52295.386,10415.092,9954.853,1523.742,1398.897,9995.231,8265.283,1167.363,1093.985,6197.001,5828.77,973.599,969.971,2595.793,2645.986,340.154,309.958,2281.719,2281.923,304.5,273.08,397.876,395.35,1350.738,1297.038,840.042,812.723,28618.475,26879.054,27016.586,27164.444,315.661,303.936,28723.934,28248.733,4383.477,4586.868,,,,
66  Zn  [ No Gas ] :  Concentration value = 391.42 is over the calibration range66  Zn  [ He ] :  Concentration value = 321.11 is over the calibration range137  Ba  [ No Gas ] :  Concentration value = 149.40 is over the calibration range137  Ba  [ He ] :  Concentration value = 127.62 is over the calibration range138  Ba  [ He ] :  Concentration value = 122.73 is over the calibration range138  Ba  [ He ] :  CPS RSD value = 6.92 is over the allowed maximum = 5.00166  Er  [ No Gas ] :  CPS RSD value = 6.49 is over the allowed maximum = 5.00238  U  [ He ] :  CPS RSD value = 6.32 is over the allowed maximum = 5.00103  Rh ( ISTD )  [ No Gas ] :  CPS RSD value = 5.85 is over the allowed maximum = 5.00,FALSE,180SMPL.d,14-05-2025 23:46,Sample,,MCS 705,3932.6823,3211,27267.264,27189.17,1915.078,1851.528,8047.252,8757.36,66415.908,59352.877,48572.065,47165.91,9199.035,8860.699,19180.418,19316.984,19886.064,19477.329,1539347.957,1262831.761,16474.417,17958.97,149089.213,123790.1,55052.097,43820.936,23175.184,22667.996,9607.328,9694.16,390.783,407.333,<0.000,<0.000,<0.000,<0.000,4386.51,4283.906,300.069,252.729,8033.877,7725.422,587549.512,501907.665,482667.162,36544.894,36450.429,85654.424,72220.088,8719.601,8103.281,32489.438,31439.29,6297.459,6074.91,1312.786,1195.333,6119.605,5406.405,831.669,761.989,5086.544,4739.698,935.758,888.862,2729.92,2657.953,351.644,316.049,2444.551,2388.675,310.484,301.83,312.91,331.327,1093.27,1044.219,628.234,638,30574.895,29919.105,29782.725,29593.348,312.155,294.969,16173.874,15469.217,2690.342,2755.841,,,,
66  Zn  [ No Gas ] :  Concentration value = 371.69 is over the calibration range66  Zn  [ He ] :  Concentration value = 310.29 is over the calibration range121  Sb  [ No Gas ] :  CPS RSD value = 6.67 is over the allowed maximum = 5.00137  Ba  [ No Gas ] :  Concentration value = 155.30 is over the calibration range137  Ba  [ No Gas ] :  CPS RSD value = 5.34 is over the allowed maximum = 5.00137  Ba  [ He ] :  Concentration value = 133.33 is over the calibration range138  Ba  [ He ] :  Concentration value = 143.76 is over the calibration range,FALSE,181SMPL.d,14-05-2025 23:50,Sample,,MCS 706,3555.1552,3212,24803.1,25336.032,1854.862,1706.605,10089.08,10810.288,72924.889,66324.388,62939.016,54003.123,8242.484,8010.108,19023.228,18699.038,15032.725,14543.812,1321414.244,1103128.108,18575.73,21272.2,124903.397,103186.021,58808.572,46719.125,23720.651,23438.751,7854.54,7740.982,663.065,673.566,<0.000,<0.000,<0.000,<0.000,4578.553,4696.463,289.112,230.311,7956.156,8007.282,552122.7,474016.687,511080.258,66253.714,59230.045,134915.348,113999.619,13553.171,13542.11,51509.371,50483.953,9630.399,9519.207,1571.512,1494.373,9284.779,8509.813,1192.03,1090.12,6635.07,6355.493,1097.141,1085.83,3045.645,3180.606,408.1,400.041,2917.294,2875.101,383.569,360.34,269.693,254.422,1157.16,1101.465,560.846,566.315,30667.149,28969.917,29405.022,29316.78,341.832,324.442,27336.311,27325.725,3999.614,4196.667,,,,
45  Sc  [ He ] :  CPS RSD value = 6.38 is over the allowed maximum = 5.0089  Y  [ He ] :  CPS RSD value = 5.25 is over the allowed maximum = 5.00118  Sn  [ No Gas ] :  CPS RSD value = 5.50 is over the allowed maximum = 5.00121  Sb  [ No Gas ] :  CPS RSD value = 6.46 is over the allowed maximum = 5.00133  Cs  [ He ] :  CPS RSD value = 5.16 is over the allowed maximum = 5.00137  Ba  [ No Gas ] :  Concentration value = 118.35 is over the calibration range137  Ba  [ No Gas ] :  CPS RSD value = 11.19 is over the allowed maximum = 5.00137  Ba  [ He ] :  Concentration value = 109.79 is over the calibration range138  Ba  [ He ] :  Concentration value = 104.46 is over the calibration range163  Dy  [ He ] :  CPS RSD value = 7.34 is over the allowed maximum = 5.00166  Er  [ He ] :  CPS RSD value = 6.66 is over the allowed maximum = 5.00103  Rh ( ISTD )  [ He ] :  CPS RSD value = 19.58 is over the allowed maximum = 5.00,FALSE,182SMPL.d,14-05-2025 23:55,Sample,,MCS 707,3690.4853,3301,19938.857,19104.625,1966.276,1703.432,8501.524,9553.311,63427.685,56640.952,47735.242,48677.062,8077.094,7735.97,15123.606,15013.198,10595.874,10178.232,77106.52,67671.117,15803.31,18365.929,97774.011,80643.611,68179.166,55399.035,27629.788,27396.893,6659.701,6687.585,713.99,669.222,<0.000,<0.000,<0.000,<0.000,3731.58,3624.922,181.146,105.194,5791.416,5641.793,436779.356,405181.861,385504.292,65801.35,58251.32,134800.104,114048.848,13690.137,13522.372,51124.197,50731.683,9801.955,9686.545,1567.869,1508.198,9748.396,8709.677,1241.798,1128.428,6994.138,6638.973,1230.205,1201.017,3474.054,3470.98,490.687,475.549,3488.327,3353.473,474.289,463.622,235.928,219.029,1069.759,1070.129,472.015,445.613,29206.567,27163.701,27704.11,27876.959,257.906,248.717,25990.296,26169.133,4207.671,4257.54,,,,
7  Li  [ He ] :  CPS RSD value = 5.46 is over the allowed maximum = 5.00139  La  [ He ] :  CPS RSD value = 8.47 is over the allowed maximum = 5.00178  Hf  [ No Gas ] :  CPS RSD value = 8.49 is over the allowed maximum = 5.00205  Tl  [ He ] :  CPS RSD value = 9.32 is over the allowed maximum = 5.00209  Bi  [ He ] :  CPS RSD value = 8.87 is over the allowed maximum = 5.00,FALSE,183_QC1.d,14-05-2025 23:59,QC1,,QC MES 50 ppb,1,4102,55.322,50.661,50.327,50.631,46.129,42.028,51.403,46.45,52.074,44.738,52.163,45.429,44.664,44.476,52.064,45.649,44.306,41.148,53.723,46.714,56.59,46.539,51.553,43.727,56.99,47.357,53.565,48.322,49.286,48.593,57.36,48.885,51.959,50.395,59.056,50.257,58.192,50.794,57.548,49.647,56.989,55.638,52.181,57.784,55.775,59.138,54.514,58.271,55.487,53.301,52.255,52.387,51.777,60.237,52.446,56.112,54.573,60.843,58.729,62.78,53.738,61.155,59.977,60.732,54.528,62.386,59.886,54.752,57.049,62.604,51.697,62.23,56.802,59.726,57.728,64.43,58.15,57.52,57.093,63.755,55.887,65.506,61.027,64.531,64.16,64.486,68.102,,,,
118  Sn  [ He ] :  CPS RSD value = 6.13 is over the allowed maximum = 5.00137  Ba  [ No Gas ] :  Concentration value = 200.68 is over the calibration range137  Ba  [ He ] :  Concentration value = 166.63 is over the calibration range138  Ba  [ He ] :  Concentration value = 181.13 is over the calibration range140  Ce  [ He ] :  CPS RSD value = 9.64 is over the allowed maximum = 5.00,FALSE,184SMPL.d,15-05-2025 00:03,Sample,,MCS 708,3758.5082,3302,27557.684,28259.358,2340.448,2359.368,10350.245,10888.37,90720.629,82262.746,80082.507,68830.076,12555.901,12229.27,24929.951,25095.228,22227.723,22303.057,86049.465,75970.197,20066.742,24501.615,199060.067,166964.582,79906.072,65249.256,26544.101,26442.166,6274.408,6253.802,602.019,497.253,53.029,37.05,<0.000,<0.000,5641.56,5504.944,319.734,247.381,8466.078,8093.429,754247.689,626287.88,680782.541,90547.721,78898.489,187360.002,158968.233,18217.116,17862.052,70345.412,67609.173,13047.568,12532.509,2023.267,1899.79,12082.111,10630.373,1500.131,1332.162,7205.752,7026.219,1153.733,1114.63,2995.185,2973.049,361.998,324.357,2410.726,2370.023,309.833,292.573,318.861,269.564,1556.712,1610.812,993.784,947.078,24674.618,23229.542,23311.66,23528.717,396.325,373.651,36355.11,36037.895,5124.067,5361.355,,,,
137  Ba  [ No Gas ] :  Concentration value = 148.91 is over the calibration range137  Ba  [ He ] :  Concentration value = 127.69 is over the calibration range138  Ba  [ He ] :  Concentration value = 130.57 is over the calibration range138  Ba  [ He ] :  CPS RSD value = 7.47 is over the allowed maximum = 5.00153  Eu  [ He ] :  CPS RSD value = 8.78 is over the allowed maximum = 5.00,FALSE,185SMPL.d,15-05-2025 00:07,Sample,,MCS 709,3850.5401,3303,26226.018,27268.496,2010.207,1457.393,7425.192,8307.427,59253.139,53839.081,41675.306,41146.501,9013.205,8920.736,16380.643,16430.281,15513.256,15425.607,61261.528,56287.66,16129.474,18066.139,140899.074,120070.104,67771.539,54973.832,18665.519,18952.114,5624.188,5447.02,357.351,304.982,<0.000,<0.000,<0.000,<0.000,3905.732,3840.056,195.125,165.631,6520.884,6364.089,573391.638,491666.979,502775.911,50418.1,44168.138,104505.091,87529.117,10283.657,10093.75,38354.505,38320,7433.738,7448.615,1392.999,1279,7065.172,6265.451,863.597,754.314,4710.824,4486.053,797.617,788.823,2343.236,2299.633,321.635,293.52,2308.94,2367.724,313.6,285.523,210.257,187.523,1008.077,979.178,668.014,663.06,30177.382,28212.043,28176.331,29347.239,231.42,226.433,18693.496,19524.877,3086.009,3099.93,,,,
133  Cs  [ He ] :  CPS RSD value = 5.55 is over the allowed maximum = 5.00137  Ba  [ No Gas ] :  Concentration value = 129.86 is over the calibration range137  Ba  [ He ] :  Concentration value = 108.07 is over the calibration range138  Ba  [ He ] :  Concentration value = 105.87 is over the calibration range153  Eu  [ He ] :  CPS RSD value = 5.42 is over the allowed maximum = 5.00163  Dy  [ He ] :  CPS RSD value = 5.85 is over the allowed maximum = 5.00166  Er  [ He ] :  CPS RSD value = 7.52 is over the allowed maximum = 5.00,FALSE,186SMPL.d,15-05-2025 00:11,Sample,,MCS 710,3900.3935,3304,23755.35,23818.957,1793.733,2196.39,7257.061,8017.405,60312.395,54422.909,44671.328,44947.093,9085.736,8792.71,18800.185,19256.202,17233.949,16903.394,210546.211,193002.385,14918.567,16339.959,144337.987,119329.879,58126.825,49215.661,21408.288,20558.102,9561.031,9719.565,895.276,810.277,<0.000,<0.000,44.186,13.731,3856.042,3800.382,316.497,248.634,6834.031,6863.955,506515.653,421527.585,412949.537,36344.987,36013.989,88833.499,73728.799,8787.379,8332.277,33559.093,33130.51,6464.911,6478.123,1334.15,1214.086,6580.681,5758.023,865.604,801.279,5398.363,5138.649,899.197,881.109,2664.776,2653.705,357.261,341.232,2447.85,2500.65,343.445,324.679,340.388,356.093,1009.597,979.502,606.125,619.796,31777.922,30445.691,30611.543,30688.274,317.531,290.428,18708.75,19051.62,2989.116,3223.595,,,,
137  Ba  [ No Gas ] :  Concentration value = 357.57 is over the calibration range137  Ba  [ He ] :  Concentration value = 301.70 is over the calibration range138  Ba  [ He ] :  Concentration value = 320.80 is over the calibration range175  Lu  [ No Gas ] :  CPS RSD value = 6.72 is over the allowed maximum = 5.00205  Tl  [ He ] :  CPS RSD value = 6.10 is over the allowed maximum = 5.00209  Bi  [ No Gas ] :  CPS RSD value = 5.79 is over the allowed maximum = 5.00,FALSE,187_QC2.d,15-05-2025 00:15,QC2,,SJS-Std,3650.7995,4103,50110.005,54617.12,1521.585,1819.923,9066.963,9709.872,117334.087,105557.761,124850.166,108400.75,11419.696,11566.538,73707.654,74215.143,31341.714,31299.613,96499.297,88827.01,15423.164,15588.102,108535.449,90180.259,281183.793,237706.421,15653.81,15498.641,70284.686,62134.373,3274.92,3388.56,250.583,152.429,478.04,323.893,1513.244,1360.118,1516.495,1446.708,5375.602,5208.803,1305419.144,1101429.643,1171174.696,20932.465,21103.789,42639.126,40568.535,4944.203,4774.333,19202.999,18486.745,3784.436,3671.154,1069.004,910.945,3961.576,3606.135,506.664,476.178,3318.99,3169.197,622.902,600.356,1873.151,1891.207,247.469,229.319,1865.53,1864.945,256.532,239.022,2377.744,2417.221,901.778,950.287,598.765,593.483,23004.481,21396.499,21099.373,21685.349,284.498,262.912,11044.009,11202.847,3629.574,3781.199,,,,
137  Ba  [ No Gas ] :  Concentration value = 201.89 is over the calibration range137  Ba  [ He ] :  Concentration value = 174.51 is over the calibration range138  Ba  [ He ] :  Concentration value = 177.63 is over the calibration range,FALSE,188SMPL.d,15-05-2025 00:19,Sample,,MCS 711,3873.4757,3305,39338.734,41538.668,2076.187,1823.653,11585.641,12516.321,99510.859,88514.422,82828.174,72039.381,15492.944,14984.803,29585.158,30465.613,32457.095,31905.564,102852.572,94569.031,23053.988,24486.056,201657.309,171045.097,45664.743,35092.118,24275.946,23794.054,8071.008,8263.023,752.767,690.042,<0.000,<0.000,<0.000,<0.000,6702.995,6479.545,280.903,168.624,12069.291,11322.027,782025.705,675952.477,688044.074,63173.951,55240.336,134076.579,108996.254,13341.134,12415.746,49450.152,48591.501,9425.444,9284.024,1578.914,1456.859,9284.78,8071.098,1113.494,1029.682,6345.577,5980.673,1048.387,998.219,2968.449,2850.119,384.998,373.431,2730.57,2718.743,375.01,356.858,303.711,255.365,1637.861,1605.629,932.216,925.608,35638.679,32530.367,32067.692,33201.542,579.055,545.991,26697.144,26689.493,4614.423,4912.529,,,,
137  Ba  [ No Gas ] :  Concentration value = 140.90 is over the calibration range137  Ba  [ He ] :  Concentration value = 119.15 is over the calibration range138  Ba  [ He ] :  Concentration value = 113.82 is over the calibration range140  Ce  [ No Gas ] :  CPS RSD value = 5.44 is over the allowed maximum = 5.00153  Eu  [ He ] :  CPS RSD value = 7.70 is over the allowed maximum = 5.00163  Dy  [ He ] :  CPS RSD value = 6.38 is over the allowed maximum = 5.00209  Bi  [ No Gas ] :  CPS RSD value = 5.71 is over the allowed maximum = 5.00,FALSE,189SMPL.d,15-05-2025 00:23,Sample,,MCS 712,3924.9994,3306,33225.632,33689.78,2067.96,2101.546,9197.033,10330.906,80057.485,71065.206,67041.861,58650.848,9743.593,9482.899,26372.572,26713.825,24440.337,24091.6,84575.889,77793.277,18930.18,20739.961,147489.492,122492.051,54431.001,43684.582,24994.662,24409.948,15099.023,15043.183,794.44,687.832,<0.000,<0.000,<0.000,<0.000,4878.965,4736.589,298.652,201.381,9851.939,9457.538,553042.399,467664.599,446743.618,52062.405,44876.358,106552.115,88439.631,10823.761,10780.635,41053.74,40172.04,7944.027,8008.677,1583.722,1402.76,7746.186,7091.774,1050.74,954.92,6216.011,5931.064,1104.329,1092.762,3184.15,3182.266,435.555,405.508,3072.358,2991.538,392.385,368.313,550.577,535.38,1259.825,1261.341,733.877,715.89,34232.416,31594.02,32532.279,32710.532,487.163,473.43,21627.967,21196.443,3994.017,4217.939,,,,
71  Ga  [ He ] :  CPS RSD value = 5.62 is over the allowed maximum = 5.00118  Sn  [ He ] :  CPS RSD value = 5.17 is over the allowed maximum = 5.00137  Ba  [ No Gas ] :  Concentration value = 151.17 is over the calibration range137  Ba  [ He ] :  Concentration value = 126.15 is over the calibration range138  Ba  [ He ] :  Concentration value = 130.80 is over the calibration range138  Ba  [ He ] :  CPS RSD value = 7.66 is over the allowed maximum = 5.00163  Dy  [ He ] :  CPS RSD value = 5.17 is over the allowed maximum = 5.00181  Ta  [ He ] :  CPS RSD value = 5.65 is over the allowed maximum = 5.00232  Th  [ No Gas ] :  CPS RSD value = 6.37 is over the allowed maximum = 5.00,FALSE,190SMPL.d,15-05-2025 00:27,Sample,,MCS 713,3687.444,3307,26166.427,26650.717,2147.263,2144.555,8542.214,8947.645,60559.722,54780.569,47091.497,45843.948,9999.47,9794.016,19707.985,19263.086,20614.29,20341.473,73219.169,65520.93,15640.94,17606.092,165465.972,137785.628,58975.324,46827.407,37995.273,32413.004,10198.811,10070.568,529.69,482.503,10.214,<0.000,<0.000,<0.000,4358.865,4427.469,263.763,232.192,7810.727,7690.258,557433.709,465168.099,482321.016,56923.363,51210.215,118865.029,97941.343,11779.462,11614,45655.542,43927.327,8732.285,8638.146,1721.434,1597.673,8786.305,8115.676,1175.31,1057.943,7621.943,7227.803,1403.658,1364.511,4267.637,4466.363,586.72,554.772,4117.397,4204.377,567.179,543.409,358.112,347.624,1033.495,983.474,705.8,651.523,43165.286,40115.206,40749.453,41469.819,335.92,281.587,28755.525,29878.476,3751.209,3872.796,,,,
137  Ba  [ No Gas ] :  Concentration value = 216.49 is over the calibration range137  Ba  [ He ] :  Concentration value = 186.36 is over the calibration range138  Ba  [ He ] :  Concentration value = 191.93 is over the calibration range,FALSE,191SMPL.d,15-05-2025 00:32,Sample,,MCS 714,3575.822,3308,38820.551,39709.23,2228.98,1815.557,10670.365,11605.339,97473.282,87148.043,78936.051,68856.38,12686.985,12615.132,27678.238,28402.333,26535.408,26256.418,93566.15,87936.304,22647.617,26489.233,204466.268,169186.393,43124.453,34299.316,26407.85,26060.611,12816.144,12860.422,587.742,566.462,9.641,<0.000,120.374,103.228,6432.184,6346.745,277.141,194.585,11518.229,11169.305,774125.591,666397.637,686308.658,97692.317,85492.715,198752.585,180192.238,20042.26,19340.857,75042.541,73512.107,14168.556,13593.577,1915.939,1792.564,13487.981,11507.233,1538.546,1442.04,7463.239,6894.747,1143.682,1117.895,3026.827,3016.897,397.826,369.69,2673.616,2717.966,358.55,312.815,454.363,425.585,1581.428,1474.747,1025.977,1018.162,29418.773,29398.23,29202.784,28592.172,437.595,413.62,38289.847,38212.842,6108.207,6278.52,,,,
52  Cr  [ No Gas ] :  CPS RSD value = 6.99 is over the allowed maximum = 5.00137  Ba  [ No Gas ] :  Concentration value = 148.38 is over the calibration range137  Ba  [ He ] :  Concentration value = 125.91 is over the calibration range138  Ba  [ He ] :  Concentration value = 126.68 is over the calibration range138  Ba  [ He ] :  CPS RSD value = 7.35 is over the allowed maximum = 5.00166  Er  [ No Gas ] :  CPS RSD value = 5.20 is over the allowed maximum = 5.00166  Er  [ He ] :  CPS RSD value = 5.07 is over the allowed maximum = 5.00,FALSE,192SMPL.d,15-05-2025 00:36,Sample,,MCS 715,3812.1372,3309,26817.694,26483.901,2396.446,2111.5,8197.461,8788.347,74901.48,67423.478,54211.291,48401.296,9752.507,9137.571,19384.008,18850.926,18261.502,17992.454,73276.109,65092.989,17881.533,19761.544,161850.263,134160.02,46508.185,36742.848,24686.436,24265.128,14087.823,14438.292,298.33,278.712,<0.000,<0.000,<0.000,<0.000,5031.899,4945.822,419.723,428.73,7918.022,7817.829,565626.239,479967.679,482934.968,59276.946,54555.712,119963.282,100012.373,12000.128,11947.697,44744.741,44353.854,8493.39,8585.207,1464.948,1455.855,8204.99,7308.285,1055.827,941.35,5775.626,5499.5,1022.035,960.141,2795.2,2820.839,358.036,341.738,2423.008,2443.451,289.456,275.64,497.423,506.253,1555.738,1511.062,697.81,679.683,26868.903,24066.456,25110.187,25237.811,440.698,404.06,25388.104,24583.398,3706.52,3816.299,,,,
9  Be  [ No Gas ] :  CPS RSD value = 6.50 is over the allowed maximum = 5.00118  Sn  [ He ] :  CPS RSD value = 5.72 is over the allowed maximum = 5.00137  Ba  [ No Gas ] :  Concentration value = 132.55 is over the calibration range137  Ba  [ He ] :  Concentration value = 112.13 is over the calibration range138  Ba  [ He ] :  Concentration value = 106.70 is over the calibration range153  Eu  [ He ] :  CPS RSD value = 6.12 is over the allowed maximum = 5.00163  Dy  [ He ] :  CPS RSD value = 5.30 is over the allowed maximum = 5.00166  Er  [ No Gas ] :  CPS RSD value = 5.03 is over the allowed maximum = 5.00169  Tm  [ He ] :  CPS RSD value = 5.97 is over the allowed maximum = 5.00205  Tl  [ He ] :  CPS RSD value = 10.18 is over the allowed maximum = 5.00207  [Pb]  [ He ] :  CPS RSD value = 5.43 is over the allowed maximum = 5.00,FALSE,193SMPL.d,15-05-2025 00:40,Sample,,MCS 716,3837.7036,3310,22448.77,23522.162,2115.444,2409.082,8259.419,8911.415,62120.714,56059.042,45327.817,44233.087,7902.702,7716.951,16938.23,16416.582,16159.196,15821.389,63001.723,55982.666,16486.801,18728.524,130480.032,106216.852,69696.301,56215.639,25250.889,24112.412,7629.775,7644.822,581.317,555.613,<0.000,<0.000,<0.000,<0.000,3944.256,3846.49,178.334,112.373,7605.675,7562.504,508686.936,430320.421,409476.771,59449.584,52108.001,117705.831,97934.118,12217.29,11900.951,46000.694,45073.206,8900.455,8787.389,1533.705,1467.005,8454.887,7580.209,1056.426,943.91,6291.145,5804.86,1055.569,1030.433,3166.746,3132.773,423.35,398.976,3116.145,3091.339,411.688,387.93,258.898,253.006,964.851,949.185,563.89,549.68,33479.008,31117.479,31179.237,32194.024,322.404,287.429,23325.728,24001.466,3582.773,3558.291,,,,
"52  Cr  [ No Gas ] :  CPS RSD value = 7.62 is over the allowed maximum = 5.00118  Sn  [ He ] :  CPS RSD value = 6.36 is over the allowed maximum = 5.00137  Ba  [ No Gas ] :  Concentration value = 115.33 is over the calibration range137  Ba  [ No Gas ] :  CPS RSD value = 10.81 is over the allowed maximum = 5.00137  Ba  [ He ] :  Concentration value = 102.94 is over the calibration range159  Tb  [ He ] :  CPS RSD value = 5.76 is over the allowed maximum = 5.00166  Er  [ No Gas ] :  CPS RSD value = 5.46 is over the allowed maximum = 5.00172  Yb  [ No Gas ] :  CPS RSD value = 6.42 is over the allowed maximum = 5.00172  Yb  [ He ] :  CPS RSD value = 7.82 is over the allowed maximum = 5.00103  Rh ( ISTD )  [ No Gas ] :  CPS RSD value = 26.07 is over the allowed maximum = 5.00103  Rh ( ISTD )  [ No Gas ] :  ISTD Recovery Percent value = 132.52 is outside the allowed range [80.00, 120.00]",FALSE,194SMPL.d,15-05-2025 00:44,Sample,,MCS 717,3814.6211,3311,22416.301,24534.802,1860.644,1549.442,7629.891,8443.479,65726.264,57960.174,51720.208,48778.571,7316.876,7015.691,17021.827,17627.298,12957.359,12484.776,55584.471,48918.879,15700.828,17726.739,102723.166,84965.007,53986.081,42949.864,19052.988,19329.691,6813.849,6803.364,460.182,379.609,<0.000,<0.000,<0.000,<0.000,3990.423,3921.708,143.019,85.997,6923.377,6740.428,439950.783,392687.368,372840.677,51265.779,47293.626,109363.988,92004.344,10493.723,10343.473,39752.151,40679.652,7572.2,7522.858,1307.759,1265.342,7300.36,6591.331,923.195,818.758,5059.848,4911.454,843.819,852.585,2362.704,2469.793,293.25,291.742,2113.99,2180.361,253.432,253.658,229.063,234.161,1029.446,1037.022,500.082,493.767,27569.938,25775.966,26199.773,26553.831,327.388,303.119,21388.16,22138.904,4302.553,4360.065,,,,
139  La  [ He ] :  CPS RSD value = 6.99 is over the allowed maximum = 5.00141  Pr  [ He ] :  CPS RSD value = 7.61 is over the allowed maximum = 5.00163  Dy  [ No Gas ] :  CPS RSD value = 8.65 is over the allowed maximum = 5.00172  Yb  [ No Gas ] :  CPS RSD value = 12.01 is over the allowed maximum = 5.00205  Tl  [ He ] :  CPS RSD value = 8.14 is over the allowed maximum = 5.00238  U  [ He ] :  CPS RSD value = 5.44 is over the allowed maximum = 5.00,FALSE,195_QC1.d,15-05-2025 00:48,QC1,,QC MES 50 ppb,1,4102,56.293,50.773,50.95,49.615,44.596,40.939,51.808,46.071,50.654,43.221,51.735,45.069,43.77,43.355,51.071,44.888,43.223,39.739,54.107,46.564,53.841,45.559,53.022,43.466,54.963,47.184,54.785,46.842,48.745,48.785,54.721,47.809,52.159,51.122,58.691,49.329,57.802,50.708,58.102,49.335,56.739,55.689,53.185,57.717,55.63,59.557,55.644,58.92,54.697,52.382,51.847,52.201,53.272,60.527,52.75,56.198,53.348,60.684,59.388,62.835,54.276,60.409,60.934,62.512,54.949,61.151,61.694,58.248,55.552,62.45,54.114,64.166,55.178,61.009,60.828,63.82,60.965,60.3,58.199,64.351,57.68,65.975,64.071,65.484,67.054,65.306,68.35,,,,
137  Ba  [ No Gas ] :  Concentration value = 151.83 is over the calibration range137  Ba  [ He ] :  Concentration value = 128.55 is over the calibration range138  Ba  [ He ] :  Concentration value = 129.39 is over the calibration range138  Ba  [ He ] :  CPS RSD value = 6.65 is over the allowed maximum = 5.00165  Ho  [ He ] :  CPS RSD value = 5.75 is over the allowed maximum = 5.00172  Yb  [ He ] :  CPS RSD value = 7.35 is over the allowed maximum = 5.00,FALSE,196SMPL.d,15-05-2025 00:52,Sample,,MCS 718,3990.3136,3312,30192.405,27721.873,1785.212,1768.152,8949.335,9575.864,76783.295,69716.813,66955.482,56129.901,9963.463,9587.258,22211.234,21987.998,18067.658,17394.236,69612.039,59539.676,18620.108,20454.873,165926.108,132365.057,51659.957,39413.151,19612.198,19360.891,9794.833,9500.801,664.703,626.336,78.703,66.717,<0.000,<0.000,4907.8,4605.346,303.059,269.877,9037.493,8663.909,605849.522,512937.94,516293.736,59101.308,51492.331,123332.073,100938.568,12337.815,11780.03,46549.012,44979.151,8919.671,8577.55,1440.583,1305.219,8284.293,7202.525,977.801,907.562,5325.59,5099.418,874.257,855.734,2500.719,2425.503,311.306,297.86,2320.502,2244.418,288.778,285.524,403.937,361.804,1383.376,1537.914,760.414,753.889,31103.658,29535.843,28932.012,29334.626,354.31,319.9,25046.645,24436.496,3854.99,3864.751,,,,
121  Sb  [ No Gas ] :  CPS RSD value = 5.85 is over the allowed maximum = 5.00137  Ba  [ No Gas ] :  Concentration value = 117.89 is over the calibration range137  Ba  [ No Gas ] :  CPS RSD value = 10.16 is over the allowed maximum = 5.00137  Ba  [ He ] :  Concentration value = 104.73 is over the calibration range163  Dy  [ He ] :  CPS RSD value = 5.27 is over the allowed maximum = 5.00205  Tl  [ No Gas ] :  CPS RSD value = 6.15 is over the allowed maximum = 5.00,FALSE,197SMPL.d,15-05-2025 00:56,Sample,,MCS 719,3781.4194,3401,22797.812,24321.256,1957.763,1954.853,6874.703,7125.191,61794.846,56257.25,42297.726,40653.886,7919.031,7809.173,16834.975,16394.173,17558.046,17428.437,64139.717,57463.584,13987.568,16384.046,140255.596,116498.995,49529.779,39478.292,19168.441,18539.308,9497.666,9835.223,472.625,358.752,10.335,<0.000,<0.000,<0.000,3974.906,3803.618,424.097,395.876,6588.085,6354.677,445791.954,396021.768,375682.391,53305.321,47363.989,114059.733,93815.21,11417.685,11272.509,43547.306,42014.204,8261.137,8293.609,1307.666,1205.778,8024.308,7138.427,940.803,840.739,4964.734,4886.203,823.913,771.592,2215.557,2288.046,291.343,265.811,1891.405,1935.3,237.311,225.346,363.516,347.6,1023.917,1029.35,641.92,610.315,27444.953,26205.469,26273.01,26241.259,409.782,374.284,26554.502,26947.062,3383.495,3687.866,,,,
147  Sm  [ No Gas ] :  CPS RSD value = 5.18 is over the allowed maximum = 5.00147  Sm  [ He ] :  CPS RSD value = 6.95 is over the allowed maximum = 5.00159  Tb  [ No Gas ] :  CPS RSD value = 5.16 is over the allowed maximum = 5.00175  Lu  [ No Gas ] :  CPS RSD value = 6.20 is over the allowed maximum = 5.00,FALSE,198SMPL.d,15-05-2025 01:00,Sample,,MCS 720,4023.6956,3402,16071.763,16005.241,1462.966,965.761,5865.272,6687.545,44364.204,44910.358,35279.959,35291.905,6457.363,6341.367,11995.237,12199.226,12379.906,12254.765,30400.804,27109.691,11611.795,13466.861,102385.612,84560.711,42802.008,35011.91,19469.499,19002.257,4878.667,4927.286,356.242,387.573,<0.000,<0.000,<0.000,<0.000,3117.825,3086.356,6.682,<0.000,5879.713,5630.706,347533.534,337124.513,320545.521,32281.526,32167.609,73028.649,60819.669,7236.095,7315.343,28535.51,27659.658,5143.626,5328.943,1086.055,949.425,5293.524,4885.484,701.383,625.396,4470.076,4155.767,823.419,805.773,2431.034,2443.479,326.866,306.431,2346.199,2377.7,304.129,290.388,188.022,165.711,781.89,750.756,432.199,419,23491.145,21418.313,21900.961,21866.014,221.108,196.811,15482.94,15131.112,2241.605,2436.753,,,,
137  Ba  [ No Gas ] :  Concentration value = 155.53 is over the calibration range137  Ba  [ He ] :  Concentration value = 130.44 is over the calibration range138  Ba  [ He ] :  Concentration value = 138.78 is over the calibration range153  Eu  [ No Gas ] :  CPS RSD value = 5.42 is over the allowed maximum = 5.00238  U  [ He ] :  CPS RSD value = 5.13 is over the allowed maximum = 5.00103  Rh ( ISTD )  [ No Gas ] :  CPS RSD value = 16.48 is over the allowed maximum = 5.00,FALSE,199SMPL.d,15-05-2025 01:04,Sample,,MCS 721,3955.2678,3403,25780.268,23622.225,2012.281,1716.109,7159.059,7766.694,64647.43,57243.987,46174.911,45562.83,7683.346,7388.168,16129.292,15985.841,15463.639,14739.176,67030.402,58141.04,15392.424,16918.137,152613.43,125448.527,74772.608,59681.005,15234.042,14593.962,5683.01,5440.785,243.867,224.914,<0.000,<0.000,44.168,52.913,4316.714,4193.771,196.937,68.668,7388.13,7092.67,615153.108,515928.458,548906.8,38027.596,37314.273,88311.979,72410.601,8792.257,8456.089,33031.34,31318.351,6275.299,6116.753,1198.739,1088.831,6105.047,5249.481,742.532,636.733,4048.81,3851.093,643.273,610.659,1886.554,1828.854,225.793,202.785,1629.948,1695.524,205.456,189.75,191.238,173.423,1349.442,1296.786,637.273,599.816,26608.991,24278.465,25087.622,25058.735,345.183,306.984,16930.815,17201.031,2872.392,2955.649,,,,
137  Ba  [ No Gas ] :  Concentration value = 360.55 is over the calibration range137  Ba  [ He ] :  Concentration value = 303.93 is over the calibration range138  Ba  [ He ] :  Concentration value = 322.30 is over the calibration range140  Ce  [ No Gas ] :  CPS RSD value = 10.56 is over the allowed maximum = 5.00166  Er  [ He ] :  CPS RSD value = 5.67 is over the allowed maximum = 5.00169  Tm  [ No Gas ] :  CPS RSD value = 5.21 is over the allowed maximum = 5.00,FALSE,200_QC2.d,15-05-2025 01:09,QC2,,SJS-Std,3650.7995,4103,50685.613,51998.352,1532.112,1651.411,8916.494,9899.034,119703.741,104596.045,125720.395,108474.541,11689.465,11335.423,73119.238,74925.89,31727.025,30902.893,96295.347,86688.973,15966.176,15782.1,108888.058,91002.862,286225.823,231960.142,15856.587,15690.877,69991.31,59371.117,3351.932,3191.399,244.783,146.078,452.037,383.017,1491.861,1373.182,1455.829,1434.407,5395.725,5228.893,1316289.566,1109594.154,1176664.094,21278.019,20938.299,44288.931,40320.539,4971.713,4712.421,18679.234,18806.095,3782.558,3443.775,1097.233,959.135,3970.816,3438.629,522.047,475.219,3324.067,3197.539,612.116,598.379,1834.883,1935.88,246.014,242.449,1928.31,1905.208,248.469,232.284,2389.39,2507.651,892.4,900.549,611.555,636.554,23765.913,21116.463,21819.293,21799.643,295.869,273.629,11341.778,11249.986,3900.924,3977.264,,,,
9  Be  [ No Gas ] :  CPS RSD value = 6.80 is over the allowed maximum = 5.00137  Ba  [ No Gas ] :  Concentration value = 189.96 is over the calibration range137  Ba  [ He ] :  Concentration value = 160.74 is over the calibration range138  Ba  [ He ] :  Concentration value = 171.49 is over the calibration range153  Eu  [ He ] :  CPS RSD value = 6.43 is over the allowed maximum = 5.00169  Tm  [ He ] :  CPS RSD value = 7.06 is over the allowed maximum = 5.00,FALSE,201SMPL.d,15-05-2025 01:13,Sample,,MCS 722,3959.1162,3404,39087.919,39129.408,2539.615,2375.652,10817.347,11770.605,97195.426,87018.797,82448.966,70313.242,11780.839,11461.021,28081.591,28436.039,26558.629,25781.915,76352.948,68805.371,23298.336,25920.705,193881.191,158186.156,46817.153,34228.791,26696.382,26672.076,10558.026,10127.336,520.815,528.391,<0.000,<0.000,<0.000,<0.000,6301.299,6441.258,276.055,173.377,12761.949,12923.184,752061.083,636388.741,678945.828,78700.176,67651.859,162778.755,135405.13,16194.928,15696.152,62185.69,59857.608,11797.22,11642.838,1874.06,1691.75,11478.973,9915.298,1395.108,1265.914,7201.431,6946.656,1199.162,1146.383,3121.71,3105.193,413.49,389.806,2702.686,2714.915,358.431,316.306,368.902,372.615,1696.737,1615.269,975.605,914.264,31879.597,30975.097,31118.619,30801.61,527.343,498.858,32402.369,31761.08,4866.789,5163.022,,,,
52  Cr  [ No Gas ] :  CPS RSD value = 7.84 is over the allowed maximum = 5.00137  Ba  [ No Gas ] :  Concentration value = 143.48 is over the calibration range137  Ba  [ He ] :  Concentration value = 119.81 is over the calibration range138  Ba  [ He ] :  Concentration value = 118.93 is over the calibration range138  Ba  [ He ] :  CPS RSD value = 6.96 is over the allowed maximum = 5.00147  Sm  [ He ] :  CPS RSD value = 6.59 is over the allowed maximum = 5.00153  Eu  [ He ] :  CPS RSD value = 5.06 is over the allowed maximum = 5.00159  Tb  [ He ] :  CPS RSD value = 6.05 is over the allowed maximum = 5.00165  Ho  [ He ] :  CPS RSD value = 7.27 is over the allowed maximum = 5.00207  [Pb]  [ He ] :  CPS RSD value = 6.57 is over the allowed maximum = 5.00209  Bi  [ No Gas ] :  CPS RSD value = 5.13 is over the allowed maximum = 5.00103  Rh ( ISTD )  [ He ] :  CPS RSD value = 5.87 is over the allowed maximum = 5.00,FALSE,202SMPL.d,15-05-2025 01:17,Sample,,MCS 723,3807.819,3405,26464.356,27904.696,1834.748,1898.197,7726.536,8218.434,88051.604,78304.698,52240.425,47824.288,7110.207,6817.25,18631.793,18925.082,17824.606,17437.446,36293.89,29907.541,17127.772,19655.224,137924.811,114166.89,53310.148,41193.898,18248.924,18154.021,7973.609,7640.915,408.781,405.449,<0.000,<0.000,<0.000,<0.000,4472.76,4213.336,191.614,134.192,8555.558,8408.297,546363.408,456218.213,452859.554,55924.414,49675.367,116142.575,95025.333,11503.359,11148.5,43067.682,41795.941,8243.789,8143.723,1336.89,1238.294,7697.609,6807.616,911.934,803.282,5009.215,4737.783,807.206,787.731,2344.191,2336.559,285.727,264.381,2191.793,2149.688,260.699,244.096,266.806,265.945,1058.878,1039.894,674.698,655.705,31075.251,29881.245,30301.256,29965.304,442.349,423.686,23586.493,23348.003,3748.856,3857.824,,,,
9  Be  [ No Gas ] :  CPS RSD value = 5.14 is over the allowed maximum = 5.00137  Ba  [ No Gas ] :  Concentration value = 123.87 is over the calibration range137  Ba  [ He ] :  Concentration value = 104.36 is over the calibration range138  Ba  [ He ] :  Concentration value = 101.27 is over the calibration range,FALSE,203SMPL.d,15-05-2025 01:21,Sample,,MCS 724,3749.8633,3406,21322.86,20924.792,1906.575,2042.39,6627.496,7012.476,57337.012,51610.506,41740.678,40674.684,7229.731,6903.898,15213.393,15442.277,14532.73,13900.676,39267.532,33174.084,13453.18,15888.681,132541.097,110107.375,50282.951,40091.01,19421.789,19074.625,8129.674,7931.282,201.265,211.058,<0.000,<0.000,<0.000,<0.000,3453.711,3508.698,363.145,284.708,5863.262,5904.705,464494.039,391327.071,379748.847,55086.837,51241.069,117509.448,96811.637,11567.278,11146.078,42743.4,43190.76,8157.908,8153.104,1287.453,1216.396,7754.918,6731.334,921.541,817.951,5008.804,4609.866,795.432,774.146,2222.664,2171.107,275.662,253.344,1846.568,1832.242,225.757,199.63,280.336,284.213,956.551,908.577,566.12,554.129,23145.958,21261.538,22001.435,22110.618,347.767,323.251,21744.202,20975.597,3283.291,3552.502,,,,
52  Cr  [ No Gas ] :  CPS RSD value = 8.46 is over the allowed maximum = 5.0071  Ga  [ He ] :  CPS RSD value = 5.38 is over the allowed maximum = 5.0089  Y  [ No Gas ] :  CPS RSD value = 10.19 is over the allowed maximum = 5.00137  Ba  [ No Gas ] :  Concentration value = 148.07 is over the calibration range137  Ba  [ He ] :  Concentration value = 122.84 is over the calibration range138  Ba  [ He ] :  Concentration value = 123.22 is over the calibration range138  Ba  [ He ] :  CPS RSD value = 6.15 is over the allowed maximum = 5.00157  Gd  [ He ] :  CPS RSD value = 5.60 is over the allowed maximum = 5.00163  Dy  [ He ] :  CPS RSD value = 7.38 is over the allowed maximum = 5.00,FALSE,204SMPL.d,15-05-2025 01:25,Sample,,MCS 725,3651.5846,3407,24368.739,24509.192,2490.425,2393.376,8173.781,8558.564,63395.965,56473.783,53123.41,47159.364,8276.901,8200.195,17165.882,17492.32,11170.936,10745.911,55231.921,49947.405,16510.783,19145.545,100369.988,85507.449,75262.832,59284.554,36634.765,33582.431,8998.383,8796.582,562.366,590.119,<0.000,<0.000,8.864,<0.000,4177.286,4243.172,164.265,122.062,6845.827,6552.937,540672.666,448552.343,449961.979,73822.402,63634.737,145794.902,121953.406,14916.656,14216.497,53526.555,53955.054,10432.938,10199.376,1716.509,1607.239,9999.882,8912.207,1246.656,1137.527,7414.959,7029.46,1322.522,1280.254,3972.366,3987.691,565.326,532.293,3866.637,3975.35,515.306,511.66,311.906,289.917,1097.807,1059.454,534.801,534.548,32073.088,30006.248,29927.513,30389.88,279.009,254.631,28861.658,29646.965,4466.883,4608.131,,,,
9  Be  [ No Gas ] :  CPS RSD value = 5.18 is over the allowed maximum = 5.00137  Ba  [ No Gas ] :  Concentration value = 139.25 is over the calibration range137  Ba  [ He ] :  Concentration value = 114.84 is over the calibration range138  Ba  [ He ] :  Concentration value = 113.44 is over the calibration range172  Yb  [ He ] :  CPS RSD value = 6.91 is over the allowed maximum = 5.00,FALSE,205SMPL.d,15-05-2025 01:29,Sample,,MCS 726,3754.5781,3408,21702.098,21666.293,2059.394,2010.298,7922.908,8850.153,63136.562,57255.706,59551.301,49770.873,7102.079,7096.964,15428.922,15083.189,8418.198,8050.111,47385.367,40221.405,16976.748,21153.748,97214.005,80057.496,67821.687,54668.822,23458.868,23279.687,7179.336,7039.785,581.198,607.851,<0.000,<0.000,<0.000,<0.000,4215.941,4102.007,173.94,81.724,5919.099,5892.714,522818.638,431179.32,425903.094,86075.337,73742.897,174017.415,144014.107,17460.318,16737.71,64691.071,64206.906,12328.855,12283.806,1713.373,1662.764,11296.955,10049.464,1331.879,1192.606,6685.402,6385.227,1000.958,1011.896,2864.558,2838.963,337.326,339.819,2528.314,2375.339,292.925,295.86,254.596,235.768,1009.147,1027.012,480.53,447.737,32170.335,29176.813,29019.723,30168.58,249.312,230.179,34378.186,34528.156,4937.83,5035.35,,,,
121  Sb  [ No Gas ] :  CPS RSD value = 5.07 is over the allowed maximum = 5.00137  Ba  [ No Gas ] :  Concentration value = 157.66 is over the calibration range137  Ba  [ He ] :  Concentration value = 132.96 is over the calibration range138  Ba  [ He ] :  Concentration value = 142.87 is over the calibration range147  Sm  [ No Gas ] :  CPS RSD value = 5.49 is over the allowed maximum = 5.00153  Eu  [ He ] :  CPS RSD value = 7.58 is over the allowed maximum = 5.00157  Gd  [ He ] :  CPS RSD value = 7.84 is over the allowed maximum = 5.00159  Tb  [ No Gas ] :  CPS RSD value = 5.30 is over the allowed maximum = 5.00165  Ho  [ No Gas ] :  CPS RSD value = 5.37 is over the allowed maximum = 5.00,FALSE,206SMPL.d,15-05-2025 01:33,Sample,,MCS 727,3582.1306,3409,27805.016,30546.127,2810.57,2447.059,8475.586,9209.954,74473.613,66855.097,57874.502,49932.985,8797.553,8740.146,20834.492,21240.394,16591.701,16602.298,275623.166,260931.704,17569.222,19197.49,160736.457,134400.979,67908.533,55482.181,23772.924,23133.26,10272.908,10284.407,1266.588,1363.7,<0.000,<0.000,220.885,148.812,4777.611,4675.636,467.615,411.216,8366.817,8211.04,564749.073,476279.865,511779.363,51929.032,44930.993,102888.653,84992.057,10417.939,10147.408,38753.294,37237.999,7303.93,7017.705,1350.126,1299.008,7037.813,6133.812,923.259,805.711,5406.183,5171.852,950.91,909.417,2719.082,2650.221,336.078,319.831,2280.318,2262.806,291.041,265.377,364.069,351.161,1210.13,1144.554,761.099,769.844,35231.85,32557.277,32509.505,33159.071,513.434,475.512,20114.736,20613.68,3238.669,3401.47,,,,
"7  Li  [ No Gas ] :  CPS RSD value = 7.50 is over the allowed maximum = 5.00137  Ba  [ No Gas ] :  CPS RSD value = 5.00 is over the allowed maximum = 5.00166  Er  [ No Gas ] :  CPS RSD value = 5.14 is over the allowed maximum = 5.00169  Tm  [ No Gas ] :  CPS RSD value = 5.27 is over the allowed maximum = 5.00172  Yb  [ No Gas ] :  CPS RSD value = 6.58 is over the allowed maximum = 5.00178  Hf  [ No Gas ] :  CPS RSD value = 15.16 is over the allowed maximum = 5.00181  Ta  [ No Gas ] :  CPS RSD value = 6.12 is over the allowed maximum = 5.00205  Tl  [ He ] :  CPS RSD value = 8.82 is over the allowed maximum = 5.00208  Pb  [ No Gas ] :  CPS RSD value = 6.71 is over the allowed maximum = 5.00209  Bi  [ He ] :  CPS RSD value = 6.76 is over the allowed maximum = 5.00232  Th  [ No Gas ] :  CPS RSD value = 5.48 is over the allowed maximum = 5.00103  Rh ( ISTD )  [ No Gas ] :  CPS RSD value = 23.72 is over the allowed maximum = 5.00103  Rh ( ISTD )  [ No Gas ] :  ISTD Recovery Percent value = 120.44 is outside the allowed range [80.00, 120.00]",FALSE,207_QC1.d,15-05-2025 01:37,QC1,,QC MES 50 ppb,1,4102,54.607,50.874,49.639,49.587,44.329,40.666,50.52,45.259,50.294,43.85,50.545,44.255,42.76,44.661,51.11,44.587,42.144,40.653,53.421,45.3,55.104,45.828,50.576,42.982,55.817,47.328,52.681,46.773,47.991,48.881,53.332,47.61,50.536,50.511,59.104,49.558,57.375,50.371,57.456,49.191,55.805,55.351,52.564,58.315,51.326,57.793,54.825,60.178,58.469,51.776,51.553,52.759,53.13,60.636,51.88,56.385,54.186,60.119,59.079,64.791,53.72,60.697,59.74,61.08,55.035,61.319,60.92,54.554,56.356,60.952,52.891,60.228,56.781,61.282,58.222,63.157,60.711,58.778,57.852,64.581,57.072,64.257,58.899,64.22,65.254,65.46,69.477,,,,
9  Be  [ No Gas ] :  CPS RSD value = 5.47 is over the allowed maximum = 5.00137  Ba  [ No Gas ] :  Concentration value = 138.45 is over the calibration range137  Ba  [ He ] :  Concentration value = 114.47 is over the calibration range138  Ba  [ He ] :  Concentration value = 110.79 is over the calibration range153  Eu  [ He ] :  CPS RSD value = 6.35 is over the allowed maximum = 5.00103  Rh ( ISTD )  [ No Gas ] :  CPS RSD value = 15.33 is over the allowed maximum = 5.00,FALSE,208SMPL.d,15-05-2025 01:42,Sample,,MCS 728,3922.1804,3410,24764.017,24962.971,2084.695,2100.036,9012.552,9491.009,71830.977,63533.272,61577.132,51723.488,7593.857,7294.31,18252.117,18374.492,17716.662,17599.449,55695.592,47334.077,18348.416,20933.537,120193.623,99305.269,65126.286,51593.007,23800.635,23133.029,8406.957,8137.07,688.403,728.308,128.069,100.832,19.677,<0.000,4676.3,4434.006,257.953,144.32,8426.67,7924.24,543021.287,448985.203,434555.29,71444.245,61760.461,146269.14,120024.949,14554.837,14102.774,55062.532,53626.134,10673.247,10247.683,1826.291,1658.584,10305.248,8783.946,1224.502,1150.787,6707.386,6315.998,1078.744,1076.19,2981.78,2959.791,406.668,369.38,2736.516,2678.921,365.637,352.766,355.009,359.311,1322.377,1401.421,667.792,634.99,33363.622,31276.185,31318.725,31964.36,409.255,378.62,29191.914,29588.676,4517.815,4560.591,,,,
118  Sn  [ He ] :  CPS RSD value = 5.28 is over the allowed maximum = 5.00137  Ba  [ No Gas ] :  Concentration value = 141.57 is over the calibration range137  Ba  [ He ] :  Concentration value = 121.67 is over the calibration range138  Ba  [ He ] :  Concentration value = 119.85 is over the calibration range138  Ba  [ He ] :  CPS RSD value = 7.85 is over the allowed maximum = 5.00166  Er  [ No Gas ] :  CPS RSD value = 5.34 is over the allowed maximum = 5.00,FALSE,209SMPL.d,15-05-2025 01:46,Sample,,MCS 729,3956.8936,3411,21232.135,21902.626,1886.924,1570.703,8809.703,9297.292,66336.428,59516.712,49524.991,49001.322,7068.447,6891.73,16677.187,16195.877,14895.95,14064.568,79122.618,71434.432,17260.253,20073.241,127601.375,105259.931,56616.675,45793.091,20664.849,20248.852,6056.156,5995.148,646.933,608.462,20.899,<0.000,12.807,<0.000,4495.59,4430.728,204.15,164.054,7661.509,7386.332,560171.163,481419.913,474223.098,67334.847,58265.458,137466.672,112252.99,13698.635,12966.244,50762.403,49139.972,9757.303,9425.485,1474.974,1346.885,8795.696,7540.174,1022.171,923.294,5487.838,5061.953,976.739,954.96,2692.489,2619.485,385.504,350.586,2629.99,2534.979,356.089,331.276,250.439,213.771,1229.562,1221.031,600.038,554.259,31031.258,29427.127,30092.169,29829.856,333.873,275.277,26828.042,26639.353,3946.395,3973.176,,,,
"88  Sr  [ No Gas ] :  CPS RSD value = 5.05 is over the allowed maximum = 5.00137  Ba  [ No Gas ] :  Concentration value = 161.83 is over the calibration range137  Ba  [ He ] :  Concentration value = 138.63 is over the calibration range138  Ba  [ He ] :  Concentration value = 150.32 is over the calibration range103  Rh ( ISTD )  [ No Gas ] :  CPS RSD value = 10.75 is over the allowed maximum = 5.00103  Rh ( ISTD )  [ No Gas ] :  ISTD Recovery Percent value = 127.72 is outside the allowed range [80.00, 120.00]",FALSE,210SMPL.d,15-05-2025 01:50,Sample,,MCS 730,3857.5077,3412,34337.136,35963.655,2212.909,1922.967,10227.763,10894.687,86673.09,77026.626,72701.362,62732.464,11111.26,10924.145,27503.938,27880.644,21056.002,21179.809,66533.345,58479.435,21256.279,26462.782,163719.867,134876.367,52685.489,42439.538,25228.382,24894.327,11062.483,11132.151,591.943,665.932,<0.000,<0.000,<0.000,<0.000,5631.923,5546.315,301.562,292.883,10604.099,10333.277,624277.842,534755.892,579858.536,112766.121,98147.128,224521.106,217527.996,22976.27,22475.153,84934.77,85636.309,16378.489,16325.391,2352.492,2276.539,14363.819,12548.238,1473.68,1329.98,6944.131,6922.793,1116.265,1100.689,3088.051,3058.494,389.459,367.036,2715.281,2756.268,365.347,342.731,407.698,407.155,1498.574,1495.991,860.193,805.303,32853.974,31547.753,31630.009,32061.318,473.106,433.198,41832.388,43472.861,5984.314,6154.025,,,,
52  Cr  [ No Gas ] :  CPS RSD value = 9.40 is over the allowed maximum = 5.00137  Ba  [ No Gas ] :  Concentration value = 130.98 is over the calibration range137  Ba  [ He ] :  Concentration value = 112.46 is over the calibration range138  Ba  [ He ] :  Concentration value = 107.21 is over the calibration range165  Ho  [ He ] :  CPS RSD value = 6.03 is over the allowed maximum = 5.00169  Tm  [ No Gas ] :  CPS RSD value = 6.22 is over the allowed maximum = 5.00,FALSE,211SMPL.d,15-05-2025 01:54,Sample,,MCS 731,3986.0692,3501,26218.036,27334.917,2248.97,1692.676,8271.122,8549.851,72206.947,64886.659,57497.712,49894.976,8865.341,8670.625,19861.056,19940.121,18040.36,18114.78,48568.172,41608.962,16597.161,18590.073,141360.173,114598.622,52497.395,41455.911,21033.659,20780.595,8039.207,8086.917,232.532,253.264,<0.000,<0.000,<0.000,<0.000,4416.17,4346.339,352.902,285.081,7665.284,7515.333,522104.957,448273.941,427366.127,53151.257,47064.155,109755.305,91491.099,10816.608,10667.961,41032.417,40427.261,7792.322,7472.225,1364.799,1288.332,7647.088,6429.526,924.668,855.1,5083.516,4836.32,877.55,874.1,2344.92,2343.761,296.888,273.029,2031.141,1890.297,255.362,231.82,287.607,280.266,1195.971,1129.389,659.784,661.452,25351.549,23845.763,24380.136,24258.13,451.42,434.849,21856.937,21487.869,3288.887,3549.236,,,,
95  Mo  [ No Gas ] :  CPS RSD value = 6.96 is over the allowed maximum = 5.00137  Ba  [ No Gas ] :  Concentration value = 177.43 is over the calibration range137  Ba  [ He ] :  Concentration value = 148.68 is over the calibration range138  Ba  [ He ] :  Concentration value = 158.47 is over the calibration range153  Eu  [ He ] :  CPS RSD value = 7.17 is over the allowed maximum = 5.00,FALSE,212SMPL.d,15-05-2025 01:58,Sample,,MCS 732,3593.9752,3502,32683.715,33506.693,1872.815,2388.794,9478.787,9811.023,83183.243,74920.925,72310.918,60762.092,11142.072,10889.165,25588.893,25386.532,23925.062,23588.051,64871.009,56626.022,19711.441,20794.78,179356.549,146809.073,47974.779,38571.21,21406.049,20538.271,11569.903,11581.524,612.325,600.623,<0.000,<0.000,<0.000,<0.000,5312.21,5197.013,292.779,250.522,9895.136,9612.892,637669.018,534367.153,569545.008,53014.338,47214.647,114921.997,94412.044,11058.034,11123.629,44107.338,41235.971,8027.878,8095.141,1526.079,1385.544,7902.593,7093.704,1013.977,883.022,5395.368,5218.047,906.152,889.895,2653.206,2514.53,330.578,323.732,2405.409,2359.355,301.507,292.785,410.658,405.795,1354.812,1329.613,785.999,788.721,33184.501,31203.412,32064.695,32060.547,437.965,413.571,23214.275,23393.093,3797.108,3982.244,,,,
90  Zr  [ No Gas ] :  CPS RSD value = 7.67 is over the allowed maximum = 5.00137  Ba  [ No Gas ] :  Concentration value = 356.13 is over the calibration range137  Ba  [ He ] :  Concentration value = 303.74 is over the calibration range138  Ba  [ He ] :  Concentration value = 322.78 is over the calibration range140  Ce  [ No Gas ] :  CPS RSD value = 9.33 is over the allowed maximum = 5.00166  Er  [ He ] :  CPS RSD value = 5.66 is over the allowed maximum = 5.00169  Tm  [ No Gas ] :  CPS RSD value = 5.60 is over the allowed maximum = 5.00178  Hf  [ No Gas ] :  CPS RSD value = 9.07 is over the allowed maximum = 5.00181  Ta  [ He ] :  CPS RSD value = 7.06 is over the allowed maximum = 5.00,FALSE,213_QC2.d,15-05-2025 02:02,QC2,,SJS-Std,3650.7995,4103,50634.055,54862.631,1480.053,1617.709,8842.383,9545.113,118346.35,102506.644,124191.795,107799.441,11654.189,11177.582,72863.611,72567.267,31950.243,31111.975,94505.646,85117.045,15794.264,15579.77,109273.349,89358.639,286464.735,237608.077,15824.017,15457.362,66211.044,61757.88,3354.817,3380.084,257.598,158.428,431.943,375.308,1515.722,1438.519,1471.86,1408.856,5459.304,5245.946,1300144.015,1108885.148,1178387.364,21693.303,21123.813,44305.729,40345.324,5037.937,4778.253,19048.433,18715.913,3716.09,3613.341,1109.905,894.112,3928.891,3557.44,517.003,462.476,3394.675,3160.76,607.852,609.25,1890.929,1753.819,255.011,246.913,1844.373,1778.57,263.496,249.004,2403.415,2402.35,865.292,853.836,595.59,585.997,22396.877,20935.441,20637.805,21522.547,298.287,272.041,11299.292,11475.701,3732.233,3898.479,,,,
7  Li  [ No Gas ] :  CPS RSD value = 5.57 is over the allowed maximum = 5.00137  Ba  [ No Gas ] :  Concentration value = 167.47 is over the calibration range137  Ba  [ He ] :  Concentration value = 143.49 is over the calibration range138  Ba  [ He ] :  Concentration value = 150.50 is over the calibration range,FALSE,214SMPL.d,15-05-2025 02:06,Sample,,MCS 733,3857.5365,3503,27892.655,28009.711,2573.999,2101.035,8304.965,8551.357,70197.54,63402.359,62671.792,52497.138,8452.873,8357.346,19384.769,19531.649,13995.438,13737.801,47141.659,42305.749,18284.278,20058.29,164104.448,135847.911,79584.902,63555.155,23988.839,23692.891,7420.816,7380.557,426.319,407.384,<0.000,<0.000,<0.000,<0.000,4567.632,4546.038,243.746,166.932,8085.621,7682.172,646038.984,553529.954,580550.083,58068.12,50760.239,120031.522,97681.687,12075.688,11662.125,45803.088,44770.194,9005.893,8730.919,1791.265,1719.523,8431.921,7254.033,1024.158,928.217,5785.64,5492.28,1000.433,985.154,2843.749,2854.881,380.224,351.914,2665.012,2600.229,357.467,336.67,266.045,268.813,1148.237,1108.476,789.314,742.262,38243.485,36681.859,37325.156,36855.144,291.148,258.927,23739.513,23787.695,3641.544,3713.439,,,,
118  Sn  [ He ] :  CPS RSD value = 5.26 is over the allowed maximum = 5.00137  Ba  [ No Gas ] :  Concentration value = 219.84 is over the calibration range137  Ba  [ He ] :  Concentration value = 183.97 is over the calibration range138  Ba  [ He ] :  Concentration value = 194.11 is over the calibration range166  Er  [ He ] :  CPS RSD value = 7.72 is over the allowed maximum = 5.00209  Bi  [ No Gas ] :  CPS RSD value = 5.47 is over the allowed maximum = 5.00,FALSE,215SMPL.d,15-05-2025 02:10,Sample,,MCS 734,3929.9874,3504,34788.579,36727.451,3102.404,2902.367,9922.12,10662.597,86027.085,77075.227,70784.751,60858.46,11896.629,11712.171,24831.323,24749.59,22063.276,21606.025,79788.816,72305.757,21005.927,23968.73,180074.335,149938.939,83601.433,66351.198,29495.497,28388.584,6581.796,6570.495,524.444,392.232,<0.000,<0.000,<0.000,<0.000,6231.438,5841.997,247.91,164.974,10423.856,9965.607,863961.52,723005.495,762857.956,85981.356,75218.299,173888.281,140484.032,17100.308,17113.607,65239.311,63358.402,12297.404,12317.53,2078.456,1937.762,11506.655,10389.191,1365.013,1227.796,7115.935,6794.735,1209.185,1160.768,3360.524,3490.54,439.135,418.183,2996.592,3002.239,400.028,377.648,254.198,250.475,1406.537,1435.188,925.199,849.832,36463.216,33790.482,32702.182,34212.84,419.517,377.664,32475.785,32703.217,4919.969,5080.105,,,,
52  Cr  [ No Gas ] :  CPS RSD value = 7.79 is over the allowed maximum = 5.00137  Ba  [ No Gas ] :  Concentration value = 146.98 is over the calibration range137  Ba  [ He ] :  Concentration value = 120.01 is over the calibration range138  Ba  [ He ] :  Concentration value = 119.30 is over the calibration range138  Ba  [ He ] :  CPS RSD value = 7.40 is over the allowed maximum = 5.00163  Dy  [ He ] :  CPS RSD value = 5.92 is over the allowed maximum = 5.00208  Pb  [ No Gas ] :  CPS RSD value = 5.30 is over the allowed maximum = 5.00209  Bi  [ No Gas ] :  CPS RSD value = 6.52 is over the allowed maximum = 5.00,FALSE,216SMPL.d,15-05-2025 02:14,Sample,,MCS 735,3542.925,3505,24267.607,26559.084,1586.759,1897.006,6948.298,7563.834,61588.319,54771.293,48734.596,45957.577,8537.304,8313.473,18933.995,18995.845,17395.368,16981.398,52000.47,47325.199,15238.155,16504.524,145458.255,121305.216,46702.315,36608.224,18643.704,18587.765,7607.685,7503.991,544.229,564.334,<0.000,<0.000,<0.000,<0.000,4000.155,3821.272,306.278,208.401,7085.999,6841.427,520735.531,425187.925,422682.147,51643.94,44936.768,108700.64,88126.44,10804.139,10272.289,40745.955,40263.796,7813.284,7381.268,1282.739,1167.851,7433.595,6329.752,899.114,806.608,5045.209,4626.673,812.012,785.285,2269.468,2290.205,287.256,273.003,1991.559,2012.035,251.506,239.708,268.765,236.902,943.553,927.67,586.034,593.803,28390.464,27957.985,27707.436,27514.13,303.637,270.359,19176.925,18857.25,3205.603,3249.823,,,,
118  Sn  [ He ] :  CPS RSD value = 6.67 is over the allowed maximum = 5.00137  Ba  [ No Gas ] :  Concentration value = 153.17 is over the calibration range137  Ba  [ He ] :  Concentration value = 127.04 is over the calibration range138  Ba  [ He ] :  Concentration value = 132.62 is over the calibration range138  Ba  [ He ] :  CPS RSD value = 8.92 is over the allowed maximum = 5.00,FALSE,217SMPL.d,15-05-2025 02:18,Sample,,MCS 736,3972.8301,3506,30767.317,31028.444,2765.554,3264.157,9631.632,10187.921,86707.418,76989.997,67671.497,56834.143,11709.869,11618.665,24443.081,23307.238,23048.878,23018.672,68204.346,60067.308,19250.888,21191.815,185626.179,153133.329,56859.722,44422.354,22057.001,22249.644,10548.091,10637.68,422.728,289.308,<0.000,<0.000,<0.000,<0.000,5376.622,5421.826,561.052,512.697,9289.955,9007.04,608500.55,504717.729,526884.43,62001.516,53870.929,126738.408,105661.569,12675.125,12301.402,47495.561,47082.117,9021.384,8772.202,1548.811,1434.947,8337.249,7494.97,1042.55,958.797,5685.333,5484.97,941.865,935.131,2723.85,2721.337,320.13,319.847,2310.837,2314.613,284.528,272.325,372.02,345.286,1348.77,1296.738,834.858,820.794,32277.048,28456.48,29248.625,30370.231,564.755,535.584,24531.677,25386.935,4189.762,4284.185,,,,
121  Sb  [ No Gas ] :  CPS RSD value = 6.31 is over the allowed maximum = 5.00137  Ba  [ No Gas ] :  Concentration value = 179.77 is over the calibration range137  Ba  [ He ] :  Concentration value = 149.33 is over the calibration range138  Ba  [ He ] :  Concentration value = 165.89 is over the calibration range165  Ho  [ He ] :  CPS RSD value = 5.25 is over the allowed maximum = 5.00175  Lu  [ No Gas ] :  CPS RSD value = 7.20 is over the allowed maximum = 5.00205  Tl  [ He ] :  CPS RSD value = 7.17 is over the allowed maximum = 5.00,FALSE,218SMPL.d,15-05-2025 02:23,Sample,,MCS 737,3442.774,3507,27036.365,27737.365,2334.768,1716.222,9145.764,9849.968,81966.962,72605.173,64848.34,55088.871,10316.625,9923.582,22656.022,22861.673,20958.465,20569.824,63060.343,53956.273,18201.429,19459.81,168911.697,138457.803,59339.95,45946.478,20908.575,20968.586,8981.113,9037.119,280.04,269.688,<0.000,<0.000,<0.000,<0.000,4934.325,4998.095,426.536,372.914,8031.676,7810.491,618907.812,514106.655,571110.867,51405.666,44377.744,104224.059,88046.503,10353.396,10061.636,39545.358,39162.208,7157.952,7016.227,1377.117,1279.609,6896.18,6195.382,880.447,796.866,5087.853,4936.499,866.801,858.324,2512.325,2543.542,317.997,318.039,2280.205,2346.525,287.581,268.23,299.652,307.845,1228.793,1196.654,759.302,746.954,26861.745,25281.786,25187.848,25349.418,456.538,425.562,19585.376,19604.475,3295.262,3433.129,,,,
139  La  [ He ] :  CPS RSD value = 7.99 is over the allowed maximum = 5.00205  Tl  [ He ] :  CPS RSD value = 9.50 is over the allowed maximum = 5.00209  Bi  [ He ] :  CPS RSD value = 12.03 is over the allowed maximum = 5.00232  Th  [ He ] :  CPS RSD value = 5.45 is over the allowed maximum = 5.00103  Rh ( ISTD )  [ No Gas ] :  CPS RSD value = 6.21 is over the allowed maximum = 5.00,FALSE,219_QC1.d,15-05-2025 02:27,QC1,,QC MES 50 ppb,1,4102,56.682,48.585,50.107,51.676,45.468,41.416,52.048,46.548,52.273,44.827,52.583,45.354,44.361,44.644,52.728,45.586,43.647,40.368,55.058,46.692,55.125,46.471,53.272,43.921,55.976,48.198,55.554,47.875,49.062,49.272,55.268,47.277,52.318,51.856,59.435,49.67,58.496,51.836,59.911,50.108,55.96,56.698,53.597,60.515,57.242,58.283,55.579,60.319,58.593,53.03,52.848,53.004,52.129,61.496,53.95,55.878,53.843,61.769,59.988,64.027,53.826,62.645,62.366,61.156,53.648,64.732,62.435,54.435,55.328,64.131,55.069,66.058,54.604,61.933,59.804,64.438,58.91,58.683,58.486,65.63,57.557,64.752,58.628,66.415,67.179,65.148,69.891,,,,
9  Be  [ No Gas ] :  CPS RSD value = 5.40 is over the allowed maximum = 5.0045  Sc  [ He ] :  CPS RSD value = 5.02 is over the allowed maximum = 5.0059  Co  [ He ] :  CPS RSD value = 5.17 is over the allowed maximum = 5.00118  Sn  [ He ] :  CPS RSD value = 5.41 is over the allowed maximum = 5.00137  Ba  [ No Gas ] :  Concentration value = 164.45 is over the calibration range137  Ba  [ He ] :  Concentration value = 132.94 is over the calibration range138  Ba  [ He ] :  Concentration value = 146.52 is over the calibration range,FALSE,220SMPL.d,15-05-2025 02:31,Sample,,MCS 738,3667.0567,3508,24378.174,26585.544,2337.579,2572.779,9786.811,10482.48,70620.504,63108.183,61476.536,53597.675,9179.465,9114.08,20716.221,20440.763,18753.536,18834.059,86580.204,76576.94,18163.759,22902.623,156936.335,128312.132,77559.585,62414.435,42641.543,36450.421,9402.632,9297.868,989.367,1000.162,144.666,137.867,89.022,46.475,4418.334,4462.089,424.496,308.831,8621.94,8642.984,603063.788,487490.207,537283.401,99992.061,85802.519,211878.354,191417.713,20118.9,19390.377,78772.684,75844.789,14568.53,13824.118,2505.162,2320.458,13513.575,11870.748,1669.684,1501.721,9102.696,8607.825,1600.631,1562.191,4671.974,4475.997,639.013,601.061,4429.392,4357.177,595.101,566.483,391.181,342.257,1317.265,1463.581,721.129,712.323,43933.747,39688.786,41145.081,41565.902,711.055,685.218,42717.969,41969.362,5805.103,6025.883,,,,
137  Ba  [ No Gas ] :  Concentration value = 198.85 is over the calibration range137  Ba  [ He ] :  Concentration value = 166.23 is over the calibration range138  Ba  [ He ] :  Concentration value = 178.02 is over the calibration range172  Yb  [ He ] :  CPS RSD value = 5.86 is over the allowed maximum = 5.00,FALSE,221SMPL.d,15-05-2025 02:35,Sample,,MCS 739,3932.4277,3509,40986.271,44110,2361.139,2141.825,11658.273,12700.216,106979.065,93364.369,86150.409,74293.034,13961.637,13591.666,31665.419,32205.292,34472.12,33904.156,83165.606,74452.313,25067.809,28354.152,204120.795,170270.804,45506.67,35121.031,23678.989,23654.077,7776,7831.11,746.185,798.677,42.992,42.185,<0.000,<0.000,7124.367,7441.824,316.736,283.286,13482.627,13268.519,781980.525,653704.407,700035.305,82407.035,70355.215,173102.976,141818.502,16536.412,15878.736,63524.852,61881.56,11981.474,11751.463,1782.689,1646.912,11299.362,10068.308,1334.196,1170.642,6664.476,6360.501,1018.545,993.331,2741.354,2671.864,329.709,320.272,2277.857,2390.414,305.204,276.275,274.17,282.037,2017.276,1985.229,1035.35,988.067,36547.096,34299.594,34078.984,35067.083,735.853,686.039,32545.789,34172.111,5632.787,5888.292,,,,
"9  Be  [ No Gas ] :  CPS RSD value = 6.79 is over the allowed maximum = 5.0088  Sr  [ No Gas ] :  CPS RSD value = 8.04 is over the allowed maximum = 5.00137  Ba  [ No Gas ] :  Concentration value = 215.50 is over the calibration range137  Ba  [ He ] :  Concentration value = 186.35 is over the calibration range138  Ba  [ He ] :  Concentration value = 196.17 is over the calibration range159  Tb  [ No Gas ] :  CPS RSD value = 5.66 is over the allowed maximum = 5.00169  Tm  [ No Gas ] :  CPS RSD value = 8.58 is over the allowed maximum = 5.00209  Bi  [ No Gas ] :  CPS RSD value = 5.26 is over the allowed maximum = 5.00103  Rh ( ISTD )  [ No Gas ] :  CPS RSD value = 41.24 is over the allowed maximum = 5.00103  Rh ( ISTD )  [ No Gas ] :  ISTD Recovery Percent value = 127.42 is outside the allowed range [80.00, 120.00]",FALSE,222SMPL.d,15-05-2025 02:39,Sample,,MCS 740 (Dup. of 599),3817.8064,3510,45121.445,46675.207,2434.287,2502.324,12432.274,13399.043,111275.53,100452.981,92883.294,80102.809,14769.574,14577.633,34378.008,35250.702,36288.761,37722.552,120470.205,109547.2,24953.707,29871.62,214026.638,178687.249,33934.539,28492.857,28043.696,27747.296,7805.687,8130.154,1093.763,1057.897,53.866,58.667,<0.000,<0.000,7713.465,7754.386,323.293,261.178,14757.365,14523.604,822748.214,711432.321,748933.635,97949.079,88015.329,202623.016,189515.703,19911.641,19866.026,76656.465,75369.437,14122.138,14910.53,2146.755,2016.124,13513.879,12304.5,1595.78,1538.043,7851.189,7604.637,1217.441,1204.028,3190.767,3184.005,388.664,376.579,2697.806,2633.269,344.837,324.329,288.954,288.764,1913.179,1930.101,1069.363,1013.22,36784.274,33995.021,34221.566,34837.428,769.815,733.325,39711.351,39897.459,6407.026,6576.565,,,,
66  Zn  [ No Gas ] :  Concentration value = 109.79 is over the calibration range66  Zn  [ No Gas ] :  CPS RSD value = 6.68 is over the allowed maximum = 5.0095  Mo  [ No Gas ] :  CPS RSD value = 5.91 is over the allowed maximum = 5.00133  Cs  [ No Gas ] :  CPS RSD value = 5.12 is over the allowed maximum = 5.00137  Ba  [ No Gas ] :  Concentration value = 134.74 is over the calibration range137  Ba  [ He ] :  Concentration value = 114.45 is over the calibration range138  Ba  [ He ] :  Concentration value = 107.43 is over the calibration range169  Tm  [ No Gas ] :  CPS RSD value = 8.49 is over the allowed maximum = 5.00172  Yb  [ No Gas ] :  CPS RSD value = 5.72 is over the allowed maximum = 5.00103  Rh ( ISTD )  [ No Gas ] :  CPS RSD value = 10.54 is over the allowed maximum = 5.00,FALSE,223SMPL.d,15-05-2025 02:43,Sample,,MCS 741 (Dup. of 624),3830.448,3511,24355.464,26739.907,1824.17,1944.838,7166.269,7787.205,59928.164,53350.268,42301.162,41086.528,6953.861,6667.202,17413.986,17311.517,13521.092,12979.454,420533.145,369065.269,15734.084,18902.481,127759.804,104241.827,53002.401,40559.564,18723.928,18185.417,7063.778,6861.055,1126.483,1133.65,<0.000,<0.000,14.257,<0.000,3822.861,3736.347,234.59,143.922,7176.284,6921.939,516129.662,438392.304,411505.604,78756.066,67588.422,167920.075,141007.933,16884.989,16549.135,66795.349,64883.61,13064.524,13173.36,1588.716,1436.862,12229.492,10660.772,1209.615,1105.302,5521.459,5252.931,812.315,807.522,2316.982,2174.871,278.639,251.762,2107.019,2050.407,259.085,233.766,230.9,238.132,947.772,897.636,612.654,621.199,30920.793,30343.071,29898.834,29691.517,284.126,245.45,29476.8,28797.248,4129.41,4201.27,,,,
7  Li  [ No Gas ] :  CPS RSD value = 5.31 is over the allowed maximum = 5.0089  Y  [ No Gas ] :  CPS RSD value = 8.17 is over the allowed maximum = 5.00137  Ba  [ No Gas ] :  Concentration value = 172.96 is over the calibration range137  Ba  [ He ] :  Concentration value = 143.84 is over the calibration range138  Ba  [ He ] :  Concentration value = 155.16 is over the calibration range,FALSE,224SMPL.d,15-05-2025 02:47,Sample,,MCS 742 (Dup. of 649),3606.6384,3512,41792.071,41951.08,2641.888,2397.211,10077.551,10590.052,88814.983,78012.014,76717.851,64472.417,12536.909,12074.591,29627.663,29114.467,32379.141,31883.399,184273.64,167179.27,21311.853,23160.851,167917.389,135712.071,44585.728,34766.016,34957.924,31051.183,9609.343,9535.011,1853.029,1754.048,4.662,<0.000,154.683,91.419,5877.124,5976.312,375.417,389.729,12269.278,11919.982,623796.1,518773.201,559602.333,66663.607,58526.461,138571.548,111481.958,13561.849,13276.897,52592.076,50408.825,9871.927,9880.673,1767.176,1694.795,9922.521,8654.937,1305.005,1196.582,7581.824,7176.88,1311.813,1324.824,3741.414,3650.515,500.584,485.249,3388.838,3358.633,450.225,436.568,350.475,314.025,1578.997,1537.178,895.526,883.025,40354.8,39175.203,38050.092,38274.149,769.487,731.997,26566.729,25286.824,4635.664,4784.036,,,,
137  Ba  [ No Gas ] :  Concentration value = 182.62 is over the calibration range137  Ba  [ He ] :  Concentration value = 152.15 is over the calibration range138  Ba  [ He ] :  Concentration value = 163.97 is over the calibration range140  Ce  [ He ] :  CPS RSD value = 7.63 is over the allowed maximum = 5.00172  Yb  [ He ] :  CPS RSD value = 5.55 is over the allowed maximum = 5.00,FALSE,225SMPL.d,15-05-2025 02:51,Sample,,MCS 743 (Dup. of 674),3814.3541,1101,34077.766,38126.044,2129.472,1971.879,9718.801,10572.011,86270.751,76408.052,74360.069,62999.972,11581.07,11404.175,26148.202,26119.997,23121.743,22906.393,81004.373,72963.882,20654.593,23695.044,192993.212,160925.923,45811.265,36162.699,39959.055,34922.655,8841.81,8851.741,837.21,731.531,<0.000,<0.000,<0.000,<0.000,5474.433,5547.112,322.192,254.024,9644.71,9361.197,696593.172,580366.214,625422.509,93304.713,79299.577,188504.773,159283.417,18918.317,17854.313,71451.394,68452.382,13612.684,13197.387,2085.47,1856.244,12879.02,11360.223,1561.52,1388.085,8170.196,7844.009,1491.831,1453.415,4827.597,4805.309,701.436,666.941,4364.934,4428.423,543.208,560.286,341.495,306.424,1379.734,1406.508,779.943,747.269,34488.766,32290.633,32302.055,33000.783,431.503,395.378,36091.301,38140.545,5453.783,5800.919,,,,
137  Ba  [ No Gas ] :  Concentration value = 360.22 is over the calibration range137  Ba  [ He ] :  Concentration value = 300.18 is over the calibration range138  Ba  [ He ] :  Concentration value = 324.41 is over the calibration range140  Ce  [ No Gas ] :  CPS RSD value = 9.02 is over the allowed maximum = 5.00157  Gd  [ He ] :  CPS RSD value = 5.06 is over the allowed maximum = 5.00166  Er  [ He ] :  CPS RSD value = 13.01 is over the allowed maximum = 5.00178  Hf  [ He ] :  CPS RSD value = 7.70 is over the allowed maximum = 5.00209  Bi  [ No Gas ] :  CPS RSD value = 5.48 is over the allowed maximum = 5.00,FALSE,226_QC2.d,15-05-2025 02:56,QC2,,SJS-Std,3650.7995,4103,51752.412,50771.166,1470.695,1449.198,8796.195,9505.494,118366.327,102849.895,127430.014,106619.028,11587.132,11222.467,73885.333,73657.175,31225.709,31573.333,97051.49,85019.674,15672.232,15385.775,109201.962,90299.53,286013.823,230411.755,15655.658,15433.97,69806.287,61392.937,3430.93,3372.652,272.169,157.017,427.808,401.013,1472.374,1443.747,1442.369,1470.368,5451.061,5199.668,1315088.091,1095879.824,1184338.842,21340.55,21204.122,46483.208,40053.564,4925.456,4726.287,18799.913,19070.507,3768.904,3657.03,1053.451,893.453,3978.028,3481.424,518.855,459.736,3332.535,3186.687,598.521,564.218,1852.491,2050.012,265.415,249.539,1884.785,1852.102,249.348,232.534,2426.719,2345.115,839.894,877.139,604.903,593.683,23365.154,20964.657,21278.356,21699.507,280.469,268.667,11504.134,11571.461,3731.049,3897.828,,,,
121  Sb  [ No Gas ] :  CPS RSD value = 8.25 is over the allowed maximum = 5.00137  Ba  [ No Gas ] :  Concentration value = 172.00 is over the calibration range137  Ba  [ He ] :  Concentration value = 145.35 is over the calibration range138  Ba  [ He ] :  Concentration value = 151.37 is over the calibration range166  Er  [ He ] :  CPS RSD value = 6.04 is over the allowed maximum = 5.00232  Th  [ He ] :  CPS RSD value = 5.64 is over the allowed maximum = 5.00103  Rh ( ISTD )  [ No Gas ] :  CPS RSD value = 6.72 is over the allowed maximum = 5.00,FALSE,227SMPL.d,15-05-2025 03:00,Sample,,MCS 744 (Dup. of 699),4004.6625,1102,31370.218,32713.068,2959.763,2661.765,10075.447,10828.382,91073.85,79825.169,70865.515,61271.821,11920.972,11466.109,24240.846,24221.013,19840.217,19303.845,56973.749,48613.185,20312.473,22809.131,180428.781,150439.896,62607.05,48912.1,24888.488,24292.463,10243.411,9957.186,376.404,374.121,<0.000,<0.000,<0.000,<0.000,5680.462,5531.242,474.909,388.115,9535.64,9156.846,688782.607,582066.934,606193.126,66862.132,58455.19,136895.376,108372.421,13417.966,13103.158,50254.955,47172.804,9597.419,9199.333,1676.999,1427.973,9164.434,8018.615,1090.396,988.589,6343.325,5914.337,1009.205,979.034,2797.732,2828.251,344.552,310.742,2387.01,2302.424,285.065,291.752,380.104,331.746,1416.436,1376.406,851.662,800.529,30272.647,27289.522,29012.542,28464.993,555.814,501.113,25313.575,25057.926,4227.447,4155.77,,,,
137  Ba  [ No Gas ] :  Concentration value = 130.99 is over the calibration range137  Ba  [ He ] :  Concentration value = 109.85 is over the calibration range138  Ba  [ He ] :  Concentration value = 103.92 is over the calibration range175  Lu  [ No Gas ] :  CPS RSD value = 6.36 is over the allowed maximum = 5.00103  Rh ( ISTD )  [ No Gas ] :  CPS RSD value = 16.50 is over the allowed maximum = 5.00,FALSE,228SMPL.d,15-05-2025 03:04,Sample,,MCS 745 (Dup. of 724),4113.433,1103,23565.654,25673.1,2199.534,1936.626,7529.29,7970.739,67360.33,59039.023,47641.959,45212.57,8156.769,7947.466,18311.319,18031.425,16420.451,15520.47,40190.681,33761.468,15645.893,16826.56,155740.909,129255.063,62042.984,49125.721,19158.873,18464.217,7237.513,7028.966,350.528,278.066,<0.000,<0.000,<0.000,<0.000,4065.161,3819.431,463.951,414.646,6773.903,6510.852,538826.118,451869.848,427467.519,38847.735,38725.156,92559.785,72739.969,8892.012,8930.487,33618.674,31881.32,6264.297,6136.933,1231.226,1121.956,6094.045,5419.488,748.649,667.754,4553.489,4326.616,759.836,743.878,2212.349,2144.629,265.527,243.142,2001.488,1958.59,235.846,231.637,265.111,204.191,1073.693,1012.405,678.795,652.054,27264.28,24561.778,25923.182,25751.723,386.024,353.698,15788.451,15679.375,2671.94,2697.819,,,,
121  Sb  [ No Gas ] :  CPS RSD value = 7.14 is over the allowed maximum = 5.00,FALSE,229SMPL.d,15-05-2025 03:08,Sample,,MCS 746,4123.956,1104,17024.845,17559.301,1256.947,1979.651,5309.61,5855.123,42452.846,42673.853,36061.843,34933.015,5350.44,5078.956,12046.651,12057.574,8817.384,8210.634,17388.904,14310.986,12179.003,14287.466,99746.693,82493.908,47392.227,35564.833,15503.902,15306.339,7209.06,6826.971,204.388,210.579,<0.000,<0.000,87.432,29.036,2893.676,2848.773,110.894,20.304,4948.089,4894.284,362519.082,349685.326,338501.536,59220.378,50824.849,121141.989,99989.105,12057.457,11678.862,45636.589,44132.951,8440.431,8204.057,1208.644,1100.593,8065.94,6722.011,858.654,771.492,4447.073,4292.043,686.971,663.494,1927.395,1907.337,214.747,201.943,1645.231,1639.302,200.534,193.615,239.278,207.297,908.352,857.266,392.931,397.013,22205.903,20189.953,21439.318,21080.485,166.564,136.936,23791.24,23980.606,3148.97,3189.411,,,,
137  Ba  [ No Gas ] :  Concentration value = 103.00 is over the calibration range137  Ba  [ He ] :  Concentration value = 101.91 is over the calibration range163  Dy  [ No Gas ] :  CPS RSD value = 5.85 is over the allowed maximum = 5.00103  Rh ( ISTD )  [ No Gas ] :  CPS RSD value = 13.14 is over the allowed maximum = 5.00,FALSE,230SMPL.d,15-05-2025 03:12,Sample,,MCS 747,3719.0819,1105,32002.821,32839.173,3051.569,2746.61,3698.99,4363.84,27320.622,27701.485,21064.373,19813.362,3570.044,3461.713,6611.591,6531.321,5214.409,4747.234,10578.275,7827.478,14359.559,17034.316,203335.84,170918.866,81551.983,63195.333,21606.092,21001.595,6176.603,6033.262,231.657,213.641,<0.000,<0.000,114.361,78.557,5243.315,4874.384,118.407,26.985,10272.908,9978.614,383048.583,378996.529,358882.31,67974.407,58638.195,143009.345,118030.236,14307.975,13762.238,55691.775,52525.535,11010.104,11138.782,1366.699,1218.186,10486.922,9665.939,1315.305,1134.236,6454.97,6121.863,953.049,927.929,2303.03,2261.065,250.455,234.544,1709.114,1643.017,200.111,179.436,219.88,178.792,1333.709,1250.683,950.579,921.063,38120.75,33381.35,35706.343,35216.997,613.393,531.306,39211.489,38805.853,6944.49,7236.075,,,,
139  La  [ He ] :  CPS RSD value = 9.55 is over the allowed maximum = 5.00172  Yb  [ No Gas ] :  CPS RSD value = 5.37 is over the allowed maximum = 5.00205  Tl  [ He ] :  CPS RSD value = 8.19 is over the allowed maximum = 5.00,FALSE,231_QC1.d,15-05-2025 03:16,QC1,,QC MES 50 ppb,1,4102,55.178,49.034,49.873,49.92,44.451,40.319,51.146,44.641,51.739,43.856,52.081,43.3,43.234,44.342,51.402,45.234,42.625,39.581,54.584,46.477,53.966,45.163,52.956,43.002,54.568,47.465,55.351,46.935,48.294,49.367,54.816,46.745,52.173,50.59,59.384,49.889,59.326,50.927,58.892,50.017,57.071,56.382,53.487,59.021,56.79,59.956,55.215,60.208,58.118,52.589,53.197,53.229,52.328,61.632,53.453,55.685,53.684,61.488,60.159,66.423,54.435,61.388,60.956,62.913,54.511,63.01,62.281,55.005,56.599,63.099,54.648,63.617,56.395,62.908,61.49,64.454,59.491,58.528,59.684,66.052,57.224,65.681,65.977,67.516,66.897,67.711,72.338,,,,
137  Ba  [ No Gas ] :  Concentration value = 226.00 is over the calibration range137  Ba  [ He ] :  Concentration value = 184.93 is over the calibration range138  Ba  [ He ] :  Concentration value = 200.68 is over the calibration range103  Rh ( ISTD )  [ No Gas ] :  CPS RSD value = 12.40 is over the allowed maximum = 5.00,FALSE,232SMPL.d,15-05-2025 03:20,Sample,,MCS 748,3742.479,1106,46763.204,48270.789,2649.002,2280.208,13287.759,13826.029,117767.926,103495.432,99308.023,83831.589,16275.429,16041.38,39226.226,37829.534,40348.796,40020.322,98228.694,84964.332,26809.579,29805.631,231393.73,188834.065,39493.731,29731.075,44800.748,37864.157,20946.203,20661.244,1174.337,1275.953,224.379,175.429,25.439,<0.000,7707.452,7593.348,437.464,397.62,14829.929,14901.077,845800.613,692107.344,751047.899,83561.042,72220.733,172914.26,139497.346,17166.948,16813.613,65569.458,62778.532,12966.222,12562.084,2073.467,1945.867,12918.954,11247.066,1650.995,1561.321,9733.273,9249.802,1688.055,1603.611,4774.139,4725.593,651.615,606.826,4267.53,4346.776,617.812,595.278,792.361,737.925,2152.193,2216.176,1116.558,1093.616,37532.032,34839.447,35281.004,35777.622,913.665,893.128,34950.886,35089.346,6427.243,6471.904,,,,
137  Ba  [ No Gas ] :  Concentration value = 135.00 is over the calibration range137  Ba  [ He ] :  Concentration value = 112.22 is over the calibration range138  Ba  [ He ] :  Concentration value = 106.93 is over the calibration range163  Dy  [ No Gas ] :  CPS RSD value = 6.06 is over the allowed maximum = 5.00169  Tm  [ No Gas ] :  CPS RSD value = 5.83 is over the allowed maximum = 5.00175  Lu  [ No Gas ] :  CPS RSD value = 5.35 is over the allowed maximum = 5.00,FALSE,233SMPL.d,15-05-2025 03:24,Sample,,MCS 749,3718.7807,1107,38721.594,38629.41,3703.086,3467.383,4773.66,5009.601,34295.475,33556.373,24737.646,24512.902,5064.078,4734.345,9804.506,9522.209,6959.645,6431.839,18537.01,15249.589,15890.215,17337.824,225362.04,185159.136,77561.695,61733.068,17752.79,17265.793,7209.984,7026.974,216.057,222.257,22.525,<0.000,10.833,<0.000,5684.223,5465.41,149.28,87.691,12203.438,11562.972,502040.616,417337.746,397660.388,49673.863,42402.931,100226.203,83216.329,9986.96,9609.884,38158.78,36618.621,7358.043,7172.824,1101.817,958.505,7244.659,6511.543,929.16,832.259,4905.912,4679.242,771.756,738.384,2053.18,1997.251,228.61,202.831,1549.191,1557.288,182.227,148.16,263.367,270.791,1354.071,1412.467,1093.197,1031.46,39328.572,34516.16,35539.904,36391.52,701.08,653.824,25809.326,25787.657,5723.572,5693.439,,,,
71  Ga  [ He ] :  CPS RSD value = 7.09 is over the allowed maximum = 5.00,FALSE,234SMPL.d,15-05-2025 03:28,Sample,,MCS 750,3701.9402,1108,28494.254,29866.906,2613.777,2631.427,3882.673,4566.374,31218.749,31639.532,23812.001,22996.889,3710.661,3699.445,9661.361,9360.542,6239.271,6037.64,11706.303,9297.259,13883.156,17343.705,162957.169,136492.288,60926.703,48683.329,22018.66,21336.242,6993.718,6902.395,606.714,610.076,<0.000,<0.000,30.554,<0.000,5073.011,4997.777,121.784,42.208,9647.163,9436.854,298184.771,288285.196,280528.114,70840.61,62288.998,151733.282,124423.983,15196.412,14649.228,56514.087,54667.454,11760.404,11429.165,1056.968,986.292,10902.388,9179.75,1294.728,1149.732,6679.291,6263.23,933.122,915.486,2375.19,2302.794,262.75,241.852,1713.774,1675.678,196.132,183.416,269.893,235.941,1127.041,1121.261,863.406,799.899,33912.604,30469.544,30016.18,31473.959,706.002,655.494,41376.222,42262.912,5928.727,6175.327,,,,
71  Ga  [ He ] :  CPS RSD value = 5.76 is over the allowed maximum = 5.00137  Ba  [ No Gas ] :  Concentration value = 133.15 is over the calibration range137  Ba  [ He ] :  Concentration value = 109.68 is over the calibration range138  Ba  [ He ] :  Concentration value = 108.95 is over the calibration range169  Tm  [ He ] :  CPS RSD value = 5.45 is over the allowed maximum = 5.00172  Yb  [ No Gas ] :  CPS RSD value = 5.70 is over the allowed maximum = 5.00,FALSE,235SMPL.d,15-05-2025 03:32,Sample,,MCS 751,3518.7394,1109,26180.952,29216.906,2527.297,2371.271,5717.328,6315.703,40722.193,40841.796,28903.805,28162.487,5155.993,4959.805,11524.807,11596.848,8507.879,8100.724,21876.578,18263.275,16564.737,18534.472,191573.398,155863.831,67634.367,53912.815,28805.759,28315.62,10371.706,10091.102,389.711,384.875,<0.000,<0.000,21.07,<0.000,7732.267,7624.908,155.553,98.475,10122.85,10099.727,468504.568,385945.712,383369.967,55389.366,46773.394,111816.248,92687.415,11439.146,11126.93,43001.144,42146.391,8914.622,8563.952,1392.406,1269.021,8897.257,8040.745,1237.575,1138.852,7292.691,6771.914,1234.655,1172.782,3434.067,3407.023,458.317,426.959,3011.319,2964.961,380.434,334.761,385.55,360.376,1332.58,1264.452,904.024,875.542,35324.884,31398.266,32657.691,33022.74,434.84,378.511,26338.12,26833.531,4920.741,4827.203,,,,
118  Sn  [ He ] :  CPS RSD value = 5.93 is over the allowed maximum = 5.00133  Cs  [ He ] :  CPS RSD value = 5.98 is over the allowed maximum = 5.00137  Ba  [ No Gas ] :  Concentration value = 143.37 is over the calibration range137  Ba  [ He ] :  Concentration value = 119.12 is over the calibration range138  Ba  [ He ] :  Concentration value = 120.10 is over the calibration range138  Ba  [ He ] :  CPS RSD value = 8.98 is over the allowed maximum = 5.00159  Tb  [ He ] :  CPS RSD value = 6.47 is over the allowed maximum = 5.00166  Er  [ He ] :  CPS RSD value = 6.04 is over the allowed maximum = 5.00,FALSE,236SMPL.d,15-05-2025 03:37,Sample,,MCS 752,3400.3925,1110,38646.495,40771.697,3286.242,2574.033,5326.4,5978.272,39104.751,39447.891,27561.51,26797.958,4851.998,4739.725,10265.151,10476.204,7724.116,7145.908,18310.572,16715.161,16738.974,19196.993,214578.659,180632.358,81175.251,65254.645,24647.671,25088.829,7611.996,7467.253,188.42,237.756,<0.000,<0.000,92.454,71.826,6431.225,6494.736,109.101,12.336,13331.27,13490.637,487515.037,405068.705,408397.334,59030.536,52677.21,123717.055,102860.85,12396.508,12138.584,46687.448,46096.179,9473.616,9138.376,1225.82,1123.94,9132.794,7872.168,1188.737,1077.424,6326.898,6012.41,1047.558,968.15,2633.418,2670.129,319.123,289.782,2095.953,1967.514,244.555,235.178,281.192,257.725,1411.434,1314.131,1090.969,1030.593,38413.555,34308.817,36771.172,35829.428,1105.046,1019.463,35421.295,35169.131,6795.842,6784.396,,,,
159  Tb  [ No Gas ] :  CPS RSD value = 7.13 is over the allowed maximum = 5.00163  Dy  [ No Gas ] :  CPS RSD value = 6.67 is over the allowed maximum = 5.00172  Yb  [ He ] :  CPS RSD value = 6.85 is over the allowed maximum = 5.00,FALSE,237SMPL.d,15-05-2025 03:41,Sample,,MCS 753,3660.3098,1111,21182.174,22557.909,2179.567,2432.919,4815.877,5435.347,34142.018,33551.675,25931.336,25155.319,3770.114,3530.401,8600.864,8646.28,7324.938,6993.763,11720.68,8995.413,14012.753,14445.164,150797.337,126751.086,64237.477,49669.871,16416.806,16450.611,8004.253,7768.873,405.391,362.13,<0.000,<0.000,18.955,7.732,4370.032,4371.289,133.093,32.249,7133.908,6978.207,354930.507,348596.867,325676.089,22368.584,22627.769,54825.954,45099.866,5815.184,5928.582,23229.432,22504.462,5167.063,5177.477,987.795,911.337,5137.985,4552.343,677.561,654.108,4391.123,3921.4,715.035,722.667,2110.15,2118.829,260.161,252.822,1882.784,1935.933,230.589,210.124,281.697,283.731,1081.309,1027.215,660.984,648.754,30394.658,27157.721,28518.132,28172.803,330.843,303.593,16219.721,16168.677,4028.451,4156.348,,,,
7  Li  [ No Gas ] :  CPS RSD value = 6.45 is over the allowed maximum = 5.0045  Sc  [ He ] :  CPS RSD value = 6.26 is over the allowed maximum = 5.00121  Sb  [ No Gas ] :  CPS RSD value = 6.31 is over the allowed maximum = 5.00137  Ba  [ No Gas ] :  Concentration value = 156.19 is over the calibration range137  Ba  [ He ] :  Concentration value = 128.50 is over the calibration range138  Ba  [ He ] :  Concentration value = 142.15 is over the calibration range147  Sm  [ He ] :  CPS RSD value = 5.13 is over the allowed maximum = 5.00169  Tm  [ He ] :  CPS RSD value = 5.29 is over the allowed maximum = 5.00,FALSE,238SMPL.d,15-05-2025 03:45,Sample,,MCS 754,3562.7428,1112,27125.678,27865.474,2167.721,1940.473,9024.361,10175.375,73132.618,65415.115,63672.029,53508.043,8085.151,8085.824,21237.148,20679.913,15929.734,16121.558,42838.838,36636.882,17653.125,20002.671,150887.677,124095.571,53967.747,43193.534,25698.442,25288.857,22513.208,23109.846,445.014,444.478,12.764,<0.000,39.785,10.034,4612.274,4541.86,345.153,302.816,8539.978,8461.381,556454.2,457823.466,506440.898,51706.137,46059.246,111989.959,90076.1,10413.878,10563.725,41733.116,40508.83,7529.063,7324.742,1482.139,1352.229,7399.598,6479.786,947.841,855.541,6062.618,5573.393,1061.485,1077.256,3223.153,3160.626,412.119,397.178,2972.797,2863.568,368.377,371.584,799.737,743.783,1340.142,1277.219,736.189,705.87,29141.629,27545.444,28284.25,27773.39,486.436,449.113,21594.296,20862.892,3978.491,4085.607,,,,
137  Ba  [ No Gas ] :  Concentration value = 367.20 is over the calibration range137  Ba  [ He ] :  Concentration value = 300.86 is over the calibration range138  Ba  [ He ] :  Concentration value = 324.33 is over the calibration range140  Ce  [ No Gas ] :  CPS RSD value = 6.58 is over the allowed maximum = 5.00,FALSE,239_QC2.d,15-05-2025 03:49,QC2,,SJS-Std,3650.7995,4103,49499.593,54698.971,1504.036,1482.9,8959.125,9783.074,119883.462,104861.833,125930.454,108750.339,11780.975,11605.315,73253.043,74164.806,31903.965,31357.456,96033.79,87671.317,15783.987,15629.633,109997.09,91121.266,286245.623,233728.02,15837.298,15619.204,68868.468,60401.058,3428.338,3310.121,301.847,157.018,427.217,380.446,1451.569,1420.223,1466.036,1435.357,5433.653,5381.851,1340588.465,1098375.395,1184065.254,21634.847,21369.845,48054.883,39780.869,4941.233,4841.596,19574.46,18586.949,3717.951,3722.535,1099.083,891.472,3851.926,3395.097,510.525,469.053,3269.839,3138.428,596.97,598.944,1826.671,1793.012,249.966,240.348,1820.841,1850.941,249.238,233.532,2418.013,2315.93,832.538,846.599,606.438,558.091,22842.757,20610.922,20563.98,21023.665,291.213,269.263,10798.03,10740.962,3695.099,3903.424,,,,
137  Ba  [ No Gas ] :  Concentration value = 142.78 is over the calibration range137  Ba  [ He ] :  Concentration value = 120.58 is over the calibration range138  Ba  [ He ] :  Concentration value = 115.78 is over the calibration range,FALSE,240SMPL.d,15-05-2025 03:53,Sample,,MCS 755,3781.3228,1201,43125.776,42838.858,4097.686,4328.597,4833.978,5435.014,32333.031,33300.071,21917.597,21713.384,4226.226,4079.292,7757.247,7913.582,9232.591,8882.616,24844.969,22207.81,17783.076,20678.421,263768.261,224568.782,85214.072,68672.224,26869.411,26785.522,8291.118,8378.856,256.757,260.003,51.396,12.79,<0.000,<0.000,6801.599,6963.479,110.098,10.78,15963.878,16080.591,539904.182,455933.749,437807.376,72260.679,63712.215,150537.099,123004.587,14471.457,14527.4,55774.186,53679.096,10719.917,10930.767,1253.689,1138.041,10681.313,9446.31,1320.813,1204.37,7084.183,6694.128,1091.92,1075.442,2890.287,2884.951,344.091,321.838,2312.269,2217.539,262.295,241.881,292.763,293.703,1446.575,1400.273,1260.445,1251.271,46622.198,41213.768,43116.306,43386.256,1034.928,992.511,38911.53,39638.236,6167.351,6509.806,,,,
137  Ba  [ No Gas ] :  Concentration value = 154.24 is over the calibration range137  Ba  [ He ] :  Concentration value = 125.43 is over the calibration range138  Ba  [ He ] :  Concentration value = 132.88 is over the calibration range138  Ba  [ He ] :  CPS RSD value = 9.28 is over the allowed maximum = 5.00159  Tb  [ He ] :  CPS RSD value = 5.84 is over the allowed maximum = 5.00169  Tm  [ No Gas ] :  CPS RSD value = 5.13 is over the allowed maximum = 5.00205  Tl  [ He ] :  CPS RSD value = 7.27 is over the allowed maximum = 5.00,FALSE,241SMPL.d,15-05-2025 03:57,Sample,,MCS 756,3452.6204,1202,34938.681,35013.38,3475.701,3633.593,4898.904,5677.815,36392.569,37587.751,30571.659,29149.26,8454.299,8306.658,13766.562,13760.637,14801.931,14518.923,36366.277,32975.167,17075.488,19337.166,227849.951,191264.41,134225.073,108573.677,24443.624,24189.551,9130.589,8882.248,4022.593,4018.724,<0.000,<0.000,4862.26,4663.81,5885.165,5889.364,189.847,153.883,12821.968,12825.621,532520.728,433052.59,458779.343,64602.378,57359.822,134797.283,110199.965,13494.496,13253.586,50180.552,49821.349,10257.02,9924.631,1278.759,1182.416,9684.26,8583.189,1207.216,1116.161,6307.065,6060.782,1032.819,1010.01,2611.263,2637.353,326.335,307.646,2205.733,2216.879,270.145,265.458,339.906,321.163,1304.122,1268.75,1056.45,1066.142,47239.26,42614.457,42827.57,43979.575,961.938,913.749,35643.354,36501.095,7466.562,7734.214,,,,
90  Zr  [ He ] :  CPS RSD value = 8.89 is over the allowed maximum = 5.00137  Ba  [ No Gas ] :  Concentration value = 125.88 is over the calibration range137  Ba  [ He ] :  Concentration value = 107.84 is over the calibration range138  Ba  [ He ] :  Concentration value = 105.16 is over the calibration range172  Yb  [ No Gas ] :  CPS RSD value = 5.03 is over the allowed maximum = 5.00,FALSE,242SMPL.d,15-05-2025 04:01,Sample,,MCS 757,3842.2832,1203,43036.927,41290.265,3402.158,3724.451,5914.816,6646.033,41562.003,42499.633,34800.619,32333.547,5475.747,5443.321,11573.131,11026.357,7717.654,7406.704,23878.63,19946.25,17901.949,19763.169,223792.998,187361.69,76438.35,60708.635,22532.679,21818.07,8358.78,8730.144,292.49,289.834,<0.000,<0.000,<0.000,<0.000,6625.943,6474.17,123.28,55.755,13564.307,13531.168,483683.821,414335.747,404044.302,56504.03,50234.67,118301.872,97330.177,11664.767,11601.226,44198.941,43371.695,8770.296,8999.538,1114.528,1039.663,8766.331,7835.05,1112.829,1062.527,6097.333,5844.196,939.887,885.819,2348.793,2410.497,264.665,243.143,1842.288,1819.658,205.53,175.401,292.587,301.447,1496.296,1425.176,1069.855,1062.945,37026.177,35246.289,34916.224,35042.049,946.331,918.615,36363.657,35771.18,7291.135,7704.43,,,,
111  Cd  [ He ] :  CPS RSD value = 5.36 is over the allowed maximum = 5.00157  Gd  [ He ] :  CPS RSD value = 5.57 is over the allowed maximum = 5.00178  Hf  [ No Gas ] :  CPS RSD value = 10.27 is over the allowed maximum = 5.00205  Tl  [ He ] :  CPS RSD value = 8.92 is over the allowed maximum = 5.00,FALSE,243_QC1.d,15-05-2025 04:05,QC1,,QC MES 50 ppb,1,4102,55.558,49.225,50.202,49.689,45.043,41.613,52.301,46.836,51.98,44.469,52.679,44.643,43.037,44.715,52.446,44.818,43.554,40.734,54.467,46.181,55.998,46.289,53.066,43.618,57.026,48.084,54.373,47.779,50.201,48.103,56.907,45.638,50.182,50.386,60.603,49.168,58.666,50.799,58.444,49.926,57.252,55.465,52.877,58.627,50.311,60.122,55.446,59.242,57.343,53.478,52.283,52.455,51.808,61.476,52.308,55.39,54.854,61.482,58.864,65.319,54.624,61.788,59.876,60.654,55.198,62.986,60.845,53.324,55.161,63.04,54.12,61.027,55.522,60.895,59.788,64.765,61.849,58.071,58.426,65.647,57.358,64.643,64.222,66.051,67.277,65.277,68.567,,,,
137  Ba  [ No Gas ] :  Concentration value = 134.19 is over the calibration range137  Ba  [ He ] :  Concentration value = 113.86 is over the calibration range138  Ba  [ He ] :  Concentration value = 108.87 is over the calibration range172  Yb  [ No Gas ] :  CPS RSD value = 5.52 is over the allowed maximum = 5.00,FALSE,244SMPL.d,15-05-2025 04:09,Sample,,MCS 758,3521.6212,1204,26038.863,26675.625,2778.333,2438.233,5945.656,6335.563,41453.753,41458.394,30278.621,30229.204,5178.754,4989.009,11241.944,11045.922,9903.41,9360.535,25390.884,20585.94,17210.667,18790.313,198385.336,161058.007,78640.397,60985.388,28419.376,27732.903,12275.732,12090.923,1105.036,1076.993,170.673,147.376,530.102,451.297,6308.72,6264.423,249.413,230.876,10427.159,9752.723,472579.27,400959.771,383401.87,52045.167,44717.907,110963.097,90648.117,11220.904,10712.585,44267.241,42220.14,9130.532,9054.758,1313.482,1262.421,9006.522,8276.942,1236.569,1136.875,7243.212,7088.683,1251.505,1222.418,3541.098,3498.549,454.525,457.971,3314.028,3122.854,374.71,377.886,529.903,457.193,1293.305,1324.676,948.939,909.241,37779.873,33675.12,34255.497,35165.928,465.007,423.627,32258.401,32888.926,5580.822,5667.538,,,,
137  Ba  [ No Gas ] :  Concentration value = 169.46 is over the calibration range137  Ba  [ He ] :  Concentration value = 145.43 is over the calibration range138  Ba  [ He ] :  Concentration value = 153.27 is over the calibration range159  Tb  [ He ] :  CPS RSD value = 9.24 is over the allowed maximum = 5.00165  Ho  [ He ] :  CPS RSD value = 5.26 is over the allowed maximum = 5.00178  Hf  [ No Gas ] :  CPS RSD value = 8.53 is over the allowed maximum = 5.00238  U  [ He ] :  CPS RSD value = 6.19 is over the allowed maximum = 5.00103  Rh ( ISTD )  [ No Gas ] :  CPS RSD value = 6.65 is over the allowed maximum = 5.00,FALSE,245SMPL.d,15-05-2025 04:13,Sample,,MCS 759,3523.3286,1205,50188.227,52947.055,3984.819,3512.855,9264.702,9930.264,68364.933,61107.452,58522.893,49284.769,8729.719,8402.074,19612.948,18854.408,13866.934,13093.113,42962.578,38183.651,22467.182,24635.998,242298.107,196507.156,76340.06,60098.959,39731.165,34306.553,24708.634,24579.566,296.343,274.978,94.351,27.921,55.31,4.961,8082.88,7888.644,244.176,184.424,17190.103,16504.261,597050.18,512411.742,540029.125,74879.605,64339.289,149918.488,124327.069,15789.877,14864.428,56404.234,55211.349,11870.558,11589.282,1498.722,1357.669,11728.919,10567.052,1589.836,1428.695,8852.652,8451.396,1457.722,1359.858,3923.473,3824.002,494.649,446.151,3214.022,3166.078,416.52,389.15,945.723,916.587,2022.035,1900.919,1222.436,1249.504,39748.447,37742.677,40128.637,38900.774,1434.702,1333.453,42650.394,41720.356,10583.105,11019.867,,,,
169  Tm  [ He ] :  CPS RSD value = 5.03 is over the allowed maximum = 5.00,FALSE,246SMPL.d,15-05-2025 04:18,Sample,,MCS 760,3562.5622,1206,17049.623,17963.408,1720,1841.712,6097.222,6772.334,39351.342,39966.312,32951.586,33131.671,4902.207,4834.654,10880.432,11094.686,12412.473,12461.971,25835.477,22335.181,12375.843,15073.39,97450.016,83026.725,84436.301,67100.95,21807.122,21468.18,8336.426,8585.431,556.825,573.663,7.763,5.853,5.188,<0.000,2999.506,2977.545,211.886,134.779,5508.967,5357.042,343591.756,326185.59,326995.948,63641.234,54118.478,129907.605,105884.402,12712.074,12353.314,48114.413,46212.402,9221.784,9167.548,1483.353,1467.835,8371.64,7408.789,980.782,888.415,5630.369,5439.338,954.18,910.383,2856.71,2786.758,367.196,334.103,2674.613,2661.162,350.743,319.936,289.444,262.206,811.73,799.766,383.467,379.266,31443.814,28403.745,29170.15,29568.718,224.944,215.697,27253.773,27014.68,3756.509,3839.798,,,,
137  Ba  [ No Gas ] :  Concentration value = 125.14 is over the calibration range137  Ba  [ No Gas ] :  CPS RSD value = 10.97 is over the allowed maximum = 5.00137  Ba  [ He ] :  Concentration value = 109.98 is over the calibration range138  Ba  [ He ] :  Concentration value = 105.52 is over the calibration range172  Yb  [ No Gas ] :  CPS RSD value = 6.46 is over the allowed maximum = 5.00,FALSE,247SMPL.d,15-05-2025 04:22,Sample,,MCS 761,3863.9374,1207,38985.905,41912.69,11220.29,11022.412,4663.729,5276.159,32042.496,32273.515,22575.061,21665.701,4156.408,3970.119,8465.272,8237.143,20177.196,19388.449,20558.904,17189.887,17205.807,18636.476,249203.91,207735.531,86024.659,66935.109,21782.674,21278.679,6509.632,6246.264,191.807,137.884,57.371,36.223,18.76,<0.000,7080.767,6729.397,167.263,89.111,15406.123,15137.497,483514.636,424956.083,407716.87,53415.127,47272.365,110243.385,90824.84,11250.985,11105.975,41328.907,40495.516,8394.55,8273.207,1066.654,962.384,8068.615,7348.937,1016.045,919.743,5796.786,5526.312,898.555,901.427,2392.566,2397.314,284.269,276.893,1884.372,1857.71,220.324,201.478,213.898,212.379,1419.078,1353.365,1231.886,1180.08,47145.864,42149.58,45252.102,44420.642,1005.217,931.578,28812.715,28521.551,5447.775,5518.648,,,,
137  Ba  [ No Gas ] :  Concentration value = 134.83 is over the calibration range137  Ba  [ He ] :  Concentration value = 111.66 is over the calibration range138  Ba  [ He ] :  Concentration value = 107.50 is over the calibration range139  La  [ No Gas ] :  CPS RSD value = 8.45 is over the allowed maximum = 5.00153  Eu  [ He ] :  CPS RSD value = 5.17 is over the allowed maximum = 5.00,FALSE,248SMPL.d,15-05-2025 04:26,Sample,,MCS 762,3571.497,1208,39793.992,41302.31,3198.476,2934.413,4853.282,5291.522,33065.488,33194.242,23293.966,22449.053,4178.67,3997.162,8473.058,7954.239,7431.729,6743.78,15664.225,12201.186,16551.647,17711.374,227400.338,186699.665,82844.221,66839.09,20250.951,19600.515,10263.396,10151.075,331.175,320.184,<0.000,<0.000,<0.000,<0.000,5836.62,5956.474,120.776,54.602,12709.008,12585.918,481543.772,398809.094,383928.943,42537.095,38275.314,92379.475,75462.124,9417.162,8916.259,33910.613,34162.299,7345.04,6957.902,1074.347,997.069,7158.728,6361.303,926.682,836.986,5393.804,5100.958,862.636,841.077,2284.042,2252.166,269.573,250.927,1845.247,1825.009,215.608,202.34,342.922,355.152,1185.368,1103.975,1075.168,1058.697,39841.086,36198.221,38362.492,37298.22,733.657,660.563,29873.174,30140.02,5462.715,5339.747,,,,
137  Ba  [ No Gas ] :  Concentration value = 143.64 is over the calibration range137  Ba  [ He ] :  Concentration value = 124.55 is over the calibration range138  Ba  [ He ] :  Concentration value = 120.31 is over the calibration range138  Ba  [ He ] :  CPS RSD value = 7.47 is over the allowed maximum = 5.00205  Tl  [ He ] :  CPS RSD value = 5.00 is over the allowed maximum = 5.00,FALSE,249SMPL.d,15-05-2025 04:30,Sample,,MCS 763,3435.7548,1209,22194.717,22752.555,1842.121,1617.572,8645.776,9206.814,63824.377,57010.322,55558.597,47257.515,7000.667,6843.937,16935.841,17068.966,23154.501,22904.26,47815.192,41950.089,16554.47,19203.525,130542.569,107775.045,69723.631,55984.737,27573.323,26748.214,11052.373,10822.296,972.349,977.952,18.526,<0.000,<0.000,<0.000,4372.447,4237.242,234.585,185.183,7959.116,7509.818,493521.58,427911.818,413360.228,63654.774,55691.566,130324.5,104644.686,12789.274,12529.728,48436.337,47241.045,9328.68,9234.617,1666.215,1557.633,8899.855,7988.816,1193.938,1114.449,6871.167,6663.386,1241.263,1175.986,3405.536,3477.146,463.729,456.57,3244.643,3287.983,413.091,393.1,380.438,331.431,1021.013,1028.624,538.255,534.925,34035.186,32075.925,31998.132,32440.108,359.763,336.707,25021.485,25352.29,4095.825,4112.733,,,,
133  Cs  [ He ] :  CPS RSD value = 5.11 is over the allowed maximum = 5.00137  Ba  [ No Gas ] :  Concentration value = 138.68 is over the calibration range137  Ba  [ He ] :  Concentration value = 113.98 is over the calibration range138  Ba  [ He ] :  Concentration value = 112.31 is over the calibration range153  Eu  [ He ] :  CPS RSD value = 5.73 is over the allowed maximum = 5.00172  Yb  [ No Gas ] :  CPS RSD value = 5.31 is over the allowed maximum = 5.00172  Yb  [ He ] :  CPS RSD value = 6.77 is over the allowed maximum = 5.00,FALSE,250SMPL.d,15-05-2025 04:34,Sample,,MCS 764,3339.2591,1210,26030.419,24545.869,3410.846,3822.553,6197.559,6439.898,50001.337,44956.601,33609.916,32625.142,5014.92,4872.18,12977.077,12909.801,9058.664,8756.597,23054.559,18019.469,16538.068,19343.95,168885.732,136221.679,66004.868,53567.54,25118.711,24199.574,11941.064,11709.914,401.781,383.654,<0.000,<0.000,<0.000,<0.000,5353.917,5290.427,186.685,111.621,9417.645,8935.032,463087.916,380620.97,375025.019,57600.017,49853.348,122381.313,98546.686,11839.813,11476.056,44751.238,43413.6,8287.341,8080.057,1277.341,1168.056,8008.663,7102.623,1028.322,971.722,6251.611,5626.443,1026.93,1049.882,3005.097,2980.126,413.413,387.401,2759.314,2663.664,342.711,329.785,434.172,426.196,1056.067,1054.72,759.047,749.472,32636.943,30932.132,30518.649,31221.578,450.68,405.684,30559.898,30875.507,6759.333,7007.778,,,,
137  Ba  [ No Gas ] :  Concentration value = 155.57 is over the calibration range137  Ba  [ He ] :  Concentration value = 129.12 is over the calibration range138  Ba  [ He ] :  Concentration value = 140.98 is over the calibration range172  Yb  [ He ] :  CPS RSD value = 5.14 is over the allowed maximum = 5.00178  Hf  [ No Gas ] :  CPS RSD value = 7.95 is over the allowed maximum = 5.00205  Tl  [ No Gas ] :  CPS RSD value = 5.51 is over the allowed maximum = 5.00,FALSE,251SMPL.d,15-05-2025 04:38,Sample,,MCS 765,3659.5083,1211,18767.488,22183.866,2210.179,2837.744,6848.352,7510.028,57525.011,50667.704,44010.934,42951.565,7562.41,7576.846,14895.045,14307.937,12539.069,12238.697,45700.222,40518.762,14550.53,17556.053,159159.649,129991.965,70518.714,56520.095,23994.925,22846.435,21833.647,22025.518,122.066,142.269,17.435,<0.000,5.922,<0.000,4471.698,4387.374,290.484,216.208,6046.103,5893.805,569312.003,472533.299,515899.607,64591.895,58305.901,139063.41,113712.175,13177.521,12913.395,50073.696,50936.894,9339.93,9165.637,1498.661,1458.795,9169.123,7891.924,1085.797,1037.143,5850.315,5537.111,933.001,958.517,2588.305,2668.16,323.044,317.79,2287.37,2275.409,270.666,271.609,798.339,726.724,1101.56,1078.883,624.713,596.923,24792.457,22763.197,22837.864,23590.475,288.138,253.593,25460.23,25792.668,3948.691,4030.219,,,,
137  Ba  [ No Gas ] :  Concentration value = 351.05 is over the calibration range137  Ba  [ He ] :  Concentration value = 301.22 is over the calibration range138  Ba  [ He ] :  Concentration value = 325.77 is over the calibration range175  Lu  [ No Gas ] :  CPS RSD value = 5.25 is over the allowed maximum = 5.00205  Tl  [ No Gas ] :  CPS RSD value = 5.11 is over the allowed maximum = 5.00205  Tl  [ He ] :  CPS RSD value = 5.56 is over the allowed maximum = 5.00,FALSE,252_QC2.d,15-05-2025 04:42,QC2,,SJS-Std,3650.7995,4103,48412.028,51507.453,1479.471,1550.305,9257.777,9877.684,119556.742,104614.665,129600.49,109824.096,11505.679,11577.432,74350.541,75722.842,31871.429,31133.051,95412.225,87405.321,16300.981,16347.467,109658.439,90357.57,285379.938,238860.367,15949.784,15410.162,68690.19,60994.232,3387.533,3457.462,285.793,170.073,448.491,362.453,1485.941,1467.269,1482.215,1391.82,5422.573,5428.769,1281596.547,1099681.219,1189327.03,21464.494,21035.585,42065.498,39941.485,4889.205,4677.998,19062.125,18477.9,3689.362,3677.58,1041.845,895.433,3864.798,3486.592,504.856,474.809,3234.242,3127.583,587.584,598.38,1805.111,1813.235,251.11,236.409,1834.625,1819.43,254.337,236.028,2294.434,2373.735,858.231,839.965,566.62,570.831,21944.12,20754.719,20625.563,20884.605,267.846,253.981,11141.867,10936.243,3571.726,3735.062,,,,
137  Ba  [ No Gas ] :  Concentration value = 149.85 is over the calibration range137  Ba  [ He ] :  Concentration value = 123.89 is over the calibration range138  Ba  [ He ] :  Concentration value = 141.22 is over the calibration range159  Tb  [ He ] :  CPS RSD value = 5.15 is over the allowed maximum = 5.00166  Er  [ No Gas ] :  CPS RSD value = 7.77 is over the allowed maximum = 5.00172  Yb  [ No Gas ] :  CPS RSD value = 5.27 is over the allowed maximum = 5.00172  Yb  [ He ] :  CPS RSD value = 5.54 is over the allowed maximum = 5.00,FALSE,253SMPL.d,15-05-2025 04:46,Sample,,MCS 766,3889.7916,1212,45657.477,46727.074,5018.314,4560.454,7533.702,7959.863,57239.982,51276.522,37983.592,35981.63,7364.393,7442.462,15339.456,15370.57,13119.897,12841.413,39774.029,34702.074,19973.409,21484.387,245191.827,199257.164,82543.966,64151.538,26764.576,26246.065,11367.597,11248.712,428.96,337.433,<0.000,<0.000,58.545,49.298,7570.112,7665.003,161.231,137.081,14779.859,14679.507,582866.925,481899.905,549301.356,52919.401,44723.522,110298.86,93957.46,11072.577,10335.879,41716.035,41449.381,8521.463,8149.177,1209.909,1142.906,8547.576,7577.61,1119.266,999.096,6577.719,5955.08,1061.34,1043.22,2951.829,2799.668,368.709,362.271,2450.316,2446.591,302.772,276.47,390.833,414.218,1681.358,1592.129,1174.151,1200.266,40030.251,37400.868,37552.771,38181.707,1373.259,1333.23,30677.731,30356.487,6934.331,7417.766,,,,
172  Yb  [ No Gas ] :  CPS RSD value = 6.13 is over the allowed maximum = 5.00,FALSE,254SMPL.d,15-05-2025 04:50,Sample,,MCS 767,3819.2184,1301,21989.669,21012.175,2221.549,1903.88,5596.829,6143.484,40538.804,41267.092,32736.235,32437.706,4635.292,4455.218,11872.798,11648.058,8216.317,7942.461,19517.682,15159.681,15279.238,16011.514,167317.268,136244.653,65318.714,50556.151,18477.358,17591.537,11629.211,11625.239,490.635,470.933,<0.000,<0.000,25.341,2.689,4724.197,4633.554,143.461,59.379,8104.059,7713.684,379818.665,368180.147,343399.826,27318.782,27592.929,65278.732,53140.122,6449.31,6461.887,25529.102,23952.108,5224.801,4949.267,1081.905,970.58,5308.966,4666.575,697.898,649.527,4398.237,4275.945,733.682,754.188,2171.247,2214.782,268.681,247.59,1959.315,2010.208,232.973,220.29,414.934,437.209,1006.268,962.478,694.817,680.731,32059.384,29271.279,28773.577,29570.178,420.905,376.365,15906.242,15922.431,4208.724,4338.189,,,,
7  Li  [ He ] :  CPS RSD value = 5.96 is over the allowed maximum = 5.009  Be  [ He ] :  CPS RSD value = 6.45 is over the allowed maximum = 5.00139  La  [ He ] :  CPS RSD value = 9.05 is over the allowed maximum = 5.00205  Tl  [ No Gas ] :  CPS RSD value = 5.04 is over the allowed maximum = 5.00209  Bi  [ He ] :  CPS RSD value = 11.85 is over the allowed maximum = 5.00,FALSE,255_QC1.d,15-05-2025 04:54,QC1,,QC MES 50 ppb,1,4102,51.724,49.718,49.804,49.032,45.913,41.721,52.136,45.368,50.977,44.591,51.325,44.069,43.103,45.256,51.617,44.622,42.96,40.73,53.834,46.526,55.436,46.515,52.453,42.579,55.676,48.308,54.161,46.641,47.896,48.768,54.12,44.837,51.697,50.569,59.216,48.366,58.756,49.774,58.693,48.732,56.575,53.715,52.137,58.81,53.363,59.13,53.612,58.483,57.435,53.108,51.427,51.46,50.594,62.662,51.714,54.067,52.93,61.508,58.185,64.299,53.141,60.16,59.379,61.88,53.23,61.535,60.631,53.497,54.207,61.973,53.321,64.381,54.584,60.251,59.484,64.138,65.358,56.541,56.784,63.361,57.272,65.876,56.236,63.179,68.794,66.389,66.553,,,,
9  Be  [ No Gas ] :  CPS RSD value = 6.92 is over the allowed maximum = 5.00137  Ba  [ No Gas ] :  Concentration value = 322.94 is over the calibration range137  Ba  [ He ] :  Concentration value = 269.59 is over the calibration range138  Ba  [ He ] :  Concentration value = 287.17 is over the calibration range172  Yb  [ He ] :  CPS RSD value = 5.01 is over the allowed maximum = 5.00,FALSE,256SMPL.d,15-05-2025 04:59,Sample,,MCS 768,3544.4224,1302,48614.472,52469.545,2956.005,3108.49,12682.187,13005.439,116877.594,103056.785,94435.794,80153.608,13794.56,13239.537,25353.443,25771.956,19731.635,18938.098,84539.283,74721.081,26905.14,28430.321,246819.41,200296.145,113167.569,88727.384,26670.555,25683.823,10413.917,10722.811,388.071,405.17,129.483,103.111,12.619,<0.000,7277.307,7288.033,323.325,260.844,13822.761,13570.934,1144642.405,955548.825,1017861.056,76058.396,65306.312,155559.827,128947.575,15308.569,14717.193,58211.301,58420.834,11624.501,10840.519,1881.562,1641.513,11242.778,9874.013,1337.546,1212.702,7130.709,6684.102,1133.77,1091.331,3068.217,2972.809,400.095,372.693,2649.922,2616.44,360.57,325.818,446.062,376.885,1950.344,2045.652,1141.269,1056.18,30220.036,27134.082,28601.393,28561.441,396.793,362.58,26068.404,26183.607,4373.578,4451.372,,,,
137  Ba  [ No Gas ] :  Concentration value = 130.68 is over the calibration range137  Ba  [ He ] :  Concentration value = 110.21 is over the calibration range138  Ba  [ He ] :  Concentration value = 103.23 is over the calibration range172  Yb  [ He ] :  CPS RSD value = 6.13 is over the allowed maximum = 5.00209  Bi  [ No Gas ] :  CPS RSD value = 7.01 is over the allowed maximum = 5.00238  U  [ He ] :  CPS RSD value = 5.15 is over the allowed maximum = 5.00,FALSE,257SMPL.d,15-05-2025 05:03,Sample,,MCS 769,3663.3093,1303,24323.746,25449.955,2433.83,2536.332,5349.083,5721.324,38045.42,38165.977,28278.331,27654.827,4343.619,4128.09,11408.081,10753.426,7181.482,6852.282,14871.708,11150.101,15714.846,16642.587,172648.981,139746.864,77949.278,60763.009,24408.355,23535.048,8979.485,8891.916,351.27,334.791,10.147,<0.000,19.565,<0.000,5041.039,5076.831,136.182,93.027,8608.507,8184.717,478719.707,403726.406,378176.935,35196.475,35177.389,82405.917,67061.822,8445.447,8066.697,31438.082,31074.333,6596.239,6516.366,1190.128,1102.196,6674.645,6100.883,965.553,902.943,5729.709,5412.646,1022.581,1018.343,2885.418,2902.818,386.616,371.092,2713.248,2673.16,350.918,313.708,330.306,274.783,937.801,918.151,752.044,719.304,33551.888,30378.045,32097.028,31690.264,427.36,388.087,23758.515,23998.033,4787.756,4816.71,,,,
133  Cs  [ He ] :  CPS RSD value = 5.01 is over the allowed maximum = 5.00137  Ba  [ No Gas ] :  Concentration value = 142.49 is over the calibration range137  Ba  [ He ] :  Concentration value = 118.62 is over the calibration range138  Ba  [ He ] :  Concentration value = 121.50 is over the calibration range138  Ba  [ He ] :  CPS RSD value = 10.79 is over the allowed maximum = 5.00172  Yb  [ No Gas ] :  CPS RSD value = 5.45 is over the allowed maximum = 5.00205  Tl  [ He ] :  CPS RSD value = 7.42 is over the allowed maximum = 5.00,FALSE,258SMPL.d,15-05-2025 05:07,Sample,,MCS 770,3523.1768,1304,25095.237,25502.964,2545.165,2276.689,5341.489,5720.272,37691.383,38431.539,39496.878,38824.279,11686.104,11291.223,17461.255,17072.459,18410.504,18085.822,56797.822,52156.608,15925.56,18148.534,192285.735,158558.631,182883.851,152397.997,27864.024,27345.132,9489.099,9481.962,6061.471,6117.003,11.321,<0.000,8852.138,8524.899,5693.708,5675.208,172.56,59.34,9224.601,9121.958,502008.612,417903.568,428071.743,53188.517,46241.547,109825.957,91308.222,11311.175,11025.645,42702.943,41873.004,8974.24,9043.874,1306.839,1235.573,8711.148,8010.226,1152.982,1064.956,6911.717,6602.048,1205.026,1176.58,3470.452,3472.795,457.389,430.287,3226.092,3152.969,404.164,385.038,353.588,343.175,1194.569,1139.201,879.252,874.309,43850.586,41146.689,40718.317,41626.063,420.778,388.757,28772.822,29381.178,5232.803,5453.13,,,,
89  Y  [ No Gas ] :  CPS RSD value = 10.88 is over the allowed maximum = 5.00137  Ba  [ No Gas ] :  Concentration value = 139.59 is over the calibration range137  Ba  [ He ] :  Concentration value = 116.60 is over the calibration range138  Ba  [ He ] :  Concentration value = 112.76 is over the calibration range103  Rh ( ISTD )  [ No Gas ] :  CPS RSD value = 8.58 is over the allowed maximum = 5.00,FALSE,259SMPL.d,15-05-2025 05:11,Sample,,MCS 771,3579.5777,1305,32284.398,32610.315,2825.215,2742.751,7706.932,8189.397,61826.03,55111.719,41921.387,40945.764,6536.881,6415.294,16516.848,16004.48,11352.709,11090.963,29745.405,23913.417,20161.555,21913.173,218458.373,177901.477,67188.642,54044.946,32327.454,28050.723,15401.244,15672.795,705.276,709.355,24.326,<0.000,250.856,234.4,7093.732,7133.285,180.888,131.713,12567.4,12510.712,499657.869,417365.002,403629.922,56073.013,50050.893,124477.291,101293.073,12031.452,12006.673,47696.63,47068.521,9769.737,9738.437,1452.203,1349.555,9796.113,9083.682,1283.408,1209.531,7765.462,7447.705,1288.747,1319.878,3703.943,3592.945,462.309,462.417,3218.655,3104.959,408.051,379.945,573.262,570.681,1515.575,1458.545,1019.014,999.788,36994.893,31922.508,33753.014,34104.854,603.657,545.053,33584.301,34231.958,6317.144,6328.491,,,,
118  Sn  [ He ] :  CPS RSD value = 5.08 is over the allowed maximum = 5.00137  Ba  [ No Gas ] :  Concentration value = 111.83 is over the calibration range137  Ba  [ No Gas ] :  CPS RSD value = 10.24 is over the allowed maximum = 5.00137  Ba  [ He ] :  Concentration value = 101.55 is over the calibration range146  Nd  [ No Gas ] :  CPS RSD value = 5.28 is over the allowed maximum = 5.00,FALSE,260SMPL.d,15-05-2025 05:15,Sample,,MCS 772,7035.6263,1306,47825.761,47380.392,5127.688,5520.749,10996.562,12040.261,72255.693,75940.531,54689.178,55305.55,9293.948,9166.345,20683.502,21161.906,15416.348,15433.564,32809.364,28285.054,30409.816,33998.281,309680.991,261271.656,140545.38,114845.059,38724.553,38967.472,17032.106,17324.35,891.59,802.211,<0.000,<0.000,556.827,430.989,9641.432,9805.863,181.98,98.45,16687.466,16677.669,786793.752,714441.339,697972.015,65289.257,64148.926,156804.944,129629.21,15690.235,15326.32,60493.869,58962.999,12026.896,12205.511,2346.564,2111.111,12156.794,11100.826,1622.082,1495.033,9747.555,9280.811,1608.636,1600.806,4641.839,4682.818,591.294,569.718,4188.597,4187.891,508.109,458.226,623.778,562.999,2156.132,2098.824,1429.737,1365.485,64243.681,58475.557,60002.412,60189.998,723.941,676.876,43684.43,43381.948,9213.308,10086.989,,,,
172  Yb  [ He ] :  CPS RSD value = 5.41 is over the allowed maximum = 5.00,FALSE,261SMPL.d,15-05-2025 05:19,Sample,,MCS 773,3998.7211,1307,27417.126,27466.482,2620.78,2547.073,6353.963,7227.319,44846.128,46594.591,33326.487,32368.024,5287.06,5121.161,12407.661,12150.22,10045.774,9803.541,21399.153,16495.402,17867.048,20904.79,203712.589,166272.741,72220.608,58927.696,25079.429,24629.059,9831.159,9719.609,627.526,647.384,10.042,<0.000,251.105,222.43,6135.464,6227.78,150.911,111.905,10483.679,10417.341,393230.647,385643.318,365716.788,71560.536,63981.761,147197.331,120678.411,14611.926,14370.406,52483.828,51410.131,10014.916,10068.747,1346.301,1230.955,9695.469,8690.657,1252.623,1154.914,7027.674,6590.727,1149.215,1117.613,3137.121,3070.204,389.926,355.732,2627.591,2612.278,326.39,284.486,365.18,323.74,1317.858,1280.098,906.934,913.436,36425.099,32091.004,33806.931,34384.658,508.187,461.233,38198.6,37660.295,5808.252,6018.634,,,,
121  Sb  [ No Gas ] :  CPS RSD value = 6.62 is over the allowed maximum = 5.00137  Ba  [ No Gas ] :  Concentration value = 118.03 is over the calibration range137  Ba  [ No Gas ] :  CPS RSD value = 8.60 is over the allowed maximum = 5.00137  Ba  [ He ] :  Concentration value = 102.25 is over the calibration range172  Yb  [ No Gas ] :  CPS RSD value = 5.15 is over the allowed maximum = 5.00,FALSE,262SMPL.d,15-05-2025 05:23,Sample,,MCS 774,3455.3112,1308,24819.512,27877.01,2377.057,2264.732,5908.405,6224.935,40535.876,41511.483,32942.444,32503.673,5011.946,4869.775,12394.285,12524.662,8543.324,8148.711,16733.799,14575.858,15924.92,17791.047,163387.525,134753.377,70394.344,56740.697,23765.966,23475.59,10323.769,10061.362,474.758,449.119,<0.000,<0.000,228.167,245.728,5069.869,4913.57,153.604,108.338,8966.275,8826.653,407834.528,353289.26,342342.079,47731.146,41108.179,101693.115,80096.805,10167.755,10068.669,40218.429,37828.24,8074.486,7827.869,1315.158,1219.592,8249.162,7394.974,1097.426,1006.796,6237.705,5826.603,1047.85,1018.565,2863.325,2826.207,369.986,323.05,2407.866,2482.151,315.416,279.363,380.204,345.222,1046.611,971.401,713.71,689.944,32407.239,29646.919,31034.816,30258.653,413.861,410.953,27743.807,26805.426,5452.862,5719.961,,,,
118  Sn  [ He ] :  CPS RSD value = 5.49 is over the allowed maximum = 5.00137  Ba  [ No Gas ] :  Concentration value = 163.58 is over the calibration range137  Ba  [ He ] :  Concentration value = 138.29 is over the calibration range138  Ba  [ He ] :  Concentration value = 141.80 is over the calibration range,FALSE,263SMPL.d,15-05-2025 05:27,Sample,,MCS 775,3481.6926,1309,24793.001,27309.611,2477.807,2282.023,6049.65,6208.466,39190.631,39517.961,30664.072,29291.372,4607.66,4618.075,10824.31,10460.712,11577.332,11842.902,21436.896,16312.27,16203.49,19158.871,193338.253,157676.907,77920.853,62305.269,41624.369,34892.177,9200.042,9223.436,453.057,452.546,<0.000,<0.000,215.82,164.251,6058.21,5691.965,121.307,77.589,9564.604,9452.417,569519.818,481475.149,493696.772,63607.227,56401.724,135257.836,109357.447,13492.495,13074.406,52268.372,50731.437,11264.834,10702.61,1583.136,1581.91,11122.963,10187.499,1511.521,1426.597,9131.288,8662.885,1574.832,1541.896,4452.265,4454.264,591.799,578.322,3910.393,3642.193,480.181,448.105,352.854,311.325,1277.163,1223.421,846.136,811.921,36182.49,32553.415,33186.107,33502.883,455.124,420.528,33203.195,33125.063,6505.467,6874.284,,,,
118  Sn  [ He ] :  CPS RSD value = 6.06 is over the allowed maximum = 5.00137  Ba  [ No Gas ] :  Concentration value = 109.65 is over the calibration range137  Ba  [ No Gas ] :  CPS RSD value = 10.86 is over the allowed maximum = 5.00137  Ba  [ He ] :  Concentration value = 101.12 is over the calibration range166  Er  [ No Gas ] :  CPS RSD value = 5.15 is over the allowed maximum = 5.00181  Ta  [ No Gas ] :  CPS RSD value = 6.80 is over the allowed maximum = 5.00205  Tl  [ No Gas ] :  CPS RSD value = 5.98 is over the allowed maximum = 5.00,FALSE,264SMPL.d,15-05-2025 05:31,Sample,,MCS 776,3484.0268,1310,22844.203,25219.533,2693.38,2283.553,5650.576,6136.943,37788.555,39613.334,31947.33,31404.359,4457.852,4528.491,11026.948,11107.013,7337.266,7009.852,16634.251,13791.523,15281.882,17883.372,160311.684,133701.363,64559.365,52040.647,21957.95,21570.465,8704.319,8787.111,491.655,499.354,<0.000,<0.000,192.281,117.75,4755.573,4457.751,146.26,92.99,7902.116,7953,382021.54,352318.368,341871.832,61710.724,53870.08,130988.882,105963.875,12716.702,12603.609,49215.816,48202.353,9614.091,9268.64,1252.184,1132.368,8738.619,7827.365,1031.309,945.392,5792.304,5405.875,925.573,917.944,2843.828,2758.745,378.823,361.077,2679.933,2537.328,335.054,311.929,299.409,294.619,991.63,1009.591,672.733,657.078,30537.344,27721.363,28227.244,28746.26,389.266,355.077,37353.275,38253.395,5103.569,5469.047,,,,
7  Li  [ No Gas ] :  CPS RSD value = 5.48 is over the allowed maximum = 5.0095  Mo  [ He ] :  CPS RSD value = 5.39 is over the allowed maximum = 5.00107  Ag  [ No Gas ] :  CPS RSD value = 9.62 is over the allowed maximum = 5.00137  Ba  [ No Gas ] :  Concentration value = 356.57 is over the calibration range137  Ba  [ He ] :  Concentration value = 301.45 is over the calibration range138  Ba  [ He ] :  Concentration value = 314.23 is over the calibration range157  Gd  [ He ] :  CPS RSD value = 7.42 is over the allowed maximum = 5.00169  Tm  [ No Gas ] :  CPS RSD value = 5.35 is over the allowed maximum = 5.00178  Hf  [ He ] :  CPS RSD value = 5.13 is over the allowed maximum = 5.00,FALSE,265_QC2.d,15-05-2025 05:35,QC2,,SJS-Std,3650.7995,4103,46353.7,51466.63,1470.112,1752.518,9439.307,9740.365,118109.56,104540.384,125552.749,105542.612,11398.565,11342.831,72042.515,72159.289,31142.473,30891.865,93358.519,83375.713,15591.82,15319.32,107582.439,89319.658,282405.789,229628.924,15285.494,15254.337,69550.891,59126.909,3230.655,3192.463,281.073,172.896,390.577,380.446,1405.349,1420.223,1465.258,1383.304,5208.397,5001.637,1301754.091,1100528.219,1147183.03,20485.982,21382.887,41473.122,38541.694,4824.385,4729.508,18418.784,17885.471,3671.335,3623.625,1040.348,830.086,3752.506,3491.776,499.857,433.843,3185.119,3120.336,595.565,567.462,1782.182,1788.793,241.124,216.715,1849.131,1801.333,245.892,224.05,2365.015,2293.042,810.89,794.264,572.864,566.991,21635.61,20082.081,19785.127,20326.49,288.169,254.973,10519.408,10691.319,3576.757,3602.287,,,,
118  Sn  [ He ] :  CPS RSD value = 5.56 is over the allowed maximum = 5.00137  Ba  [ No Gas ] :  Concentration value = 139.02 is over the calibration range137  Ba  [ He ] :  Concentration value = 113.47 is over the calibration range138  Ba  [ He ] :  Concentration value = 112.49 is over the calibration range147  Sm  [ He ] :  CPS RSD value = 6.00 is over the allowed maximum = 5.00,FALSE,266SMPL.d,15-05-2025 05:40,Sample,,MCS 777,349.3201,1311,3558.368,3730.414,366.22,490.174,504.5,551.111,3420.625,3528.776,2555.341,2487.977,463.342,435.103,996.616,1016.672,687.405,648.482,1997.982,1610.592,1665.787,1810.287,22586.937,18429.475,8511.765,6615.202,1969.011,1913.074,760.936,759.266,25.625,18.344,<0.000,<0.000,18.431,17.217,606.706,603.239,8.64,6.608,1290.568,1263.466,48561.121,39638.309,39296.208,5420.482,4653.651,11541.688,9545.219,1138.156,1109.093,4230.929,4052.774,826.213,833.08,105.382,98.342,781.537,679.509,96.415,86.364,525.159,506.943,80.109,79.237,218.67,214.794,24.754,22.834,174.293,171.073,19.924,18.549,25.548,25.272,136.024,132.111,108.191,104.517,4204.634,3754.768,3872.352,3958.822,72.238,65.786,2283.373,2282.962,511.203,535.88,,,,
107  Ag  [ No Gas ] :  CPS RSD value = 5.75 is over the allowed maximum = 5.00139  La  [ He ] :  CPS RSD value = 9.88 is over the allowed maximum = 5.00205  Tl  [ He ] :  CPS RSD value = 9.72 is over the allowed maximum = 5.00209  Bi  [ He ] :  CPS RSD value = 11.05 is over the allowed maximum = 5.00,FALSE,267_QC1.d,15-05-2025 05:44,QC1,,QC MES 50 ppb,1,4102,52.203,47.565,47.135,49.772,46.545,41.667,51.05,45.997,51.637,43.925,51.668,44.376,43.087,44.504,51.282,44.275,42.337,39.586,54.561,45.85,55.259,45.016,51.999,43.543,55.089,46.783,54.766,47.365,47.802,47.793,55.029,44.506,51.199,49.496,59.512,48.231,58.113,48.829,58.112,48.792,56.244,54.85,51.619,58.848,56.262,58.857,53.671,59.507,56.414,51.531,50.318,52.942,51.163,61.664,51.822,55.284,53.027,61.243,59.147,64.705,52.649,60.349,60.412,60.94,52.241,61.589,59.903,54.627,54.477,61.667,52.153,65.456,55.505,60.858,58.774,64.604,59.384,56.472,58.765,63.68,55.82,64.471,59.195,65.596,64.151,64.457,70.912,,,,
9  Be  [ No Gas ] :  CPS RSD value = 8.18 is over the allowed maximum = 5.00118  Sn  [ No Gas ] :  CPS RSD value = 5.39 is over the allowed maximum = 5.00137  Ba  [ No Gas ] :  Concentration value = 116.04 is over the calibration range137  Ba  [ No Gas ] :  CPS RSD value = 9.05 is over the allowed maximum = 5.00137  Ba  [ He ] :  Concentration value = 101.99 is over the calibration range138  Ba  [ He ] :  Concentration value = 100.94 is over the calibration range153  Eu  [ No Gas ] :  CPS RSD value = 7.44 is over the allowed maximum = 5.00159  Tb  [ No Gas ] :  CPS RSD value = 5.10 is over the allowed maximum = 5.00166  Er  [ No Gas ] :  CPS RSD value = 5.97 is over the allowed maximum = 5.00172  Yb  [ No Gas ] :  CPS RSD value = 6.41 is over the allowed maximum = 5.00172  Yb  [ He ] :  CPS RSD value = 6.87 is over the allowed maximum = 5.00205  Tl  [ No Gas ] :  CPS RSD value = 6.48 is over the allowed maximum = 5.00238  U  [ No Gas ] :  CPS RSD value = 6.57 is over the allowed maximum = 5.00103  Rh ( ISTD )  [ No Gas ] :  CPS RSD value = 7.03 is over the allowed maximum = 5.00103  Rh ( ISTD )  [ He ] :  CPS RSD value = 6.84 is over the allowed maximum = 5.00,FALSE,268SMPL.d,15-05-2025 05:48,Sample,,MCS 778,3736.9067,1312,39697.483,43340.745,3795.455,4139.729,5351.436,5976.754,34449.39,36148.165,23233.48,23563.25,5003.841,5030.746,9311.718,9532.5,8745.337,8562.728,20647.888,17614.203,16543.502,19646.674,243621.925,198509.236,71683.549,57879.385,23936.435,24371.703,5724.8,5809.424,659.729,678.724,118.983,101.847,486.893,420.996,6870.636,6983.466,130.331,70.688,15527.24,15401.302,433648.55,381121.588,377196.397,66059.411,58045.532,136335.768,114867.091,13860.062,13917.878,52040.277,51856.66,10780.697,10754.967,1133.389,1071.627,10215.517,9650.237,1316.045,1196.264,6753.235,6608.057,1059.716,981.538,2549.854,2644.746,287.917,282.977,1852.839,2023.027,227.952,213.499,260.972,242.266,1595.125,1627.725,1173.656,1131.14,39908.371,35211.463,36168.062,36885.976,1053.089,1038.609,38395.231,39076.293,6134.191,6513.146,,,,
137  Ba  [ No Gas ] :  Concentration value = 115.16 is over the calibration range137  Ba  [ No Gas ] :  CPS RSD value = 9.37 is over the allowed maximum = 5.00,FALSE,269SMPL.d,15-05-2025 05:52,Sample,,MCS 779,3623.1208,1401,25347.207,26551.26,3549.713,3511.943,5690.732,5949.145,38007.824,37983.221,45104.264,43340.569,4560.301,4388.945,10866.552,10334.599,8068.382,7743.105,19134.631,14640.668,16113.735,17224.704,204534.208,169576.291,79732.912,62382.257,24221.889,23493.73,6338.669,6137.639,529.904,519.288,16.726,0.7,222.241,135.209,5582.011,5637.606,104.725,15.961,9505.357,9368.602,417232.583,354554.244,334190.942,46317.37,41707.704,103731.293,84443.621,10177.959,10242.186,39598.63,38582.199,8468.109,8035.742,1197.752,1100.911,8313.997,7595.647,1108.133,1011.854,6558.573,6253.977,1071.396,1032.266,3047.688,3084.437,388.056,358.288,2698.826,2676.284,324.527,290.701,254.704,216.731,1160.635,1177.605,916.398,861.969,37995.257,33690.527,35082.445,35734.304,434.76,407.074,34275.367,35102.964,6428.443,6227.467,,,,
140  Ce  [ No Gas ] :  CPS RSD value = 5.45 is over the allowed maximum = 5.00157  Gd  [ No Gas ] :  CPS RSD value = 5.31 is over the allowed maximum = 5.00165  Ho  [ No Gas ] :  CPS RSD value = 5.43 is over the allowed maximum = 5.00181  Ta  [ He ] :  CPS RSD value = 6.03 is over the allowed maximum = 5.00205  Tl  [ No Gas ] :  CPS RSD value = 6.01 is over the allowed maximum = 5.00103  Rh ( ISTD )  [ No Gas ] :  CPS RSD value = 12.23 is over the allowed maximum = 5.00,FALSE,270SMPL.d,15-05-2025 05:56,Sample,,MCS 780,3861.4818,1402,32011.243,34962.12,3025.414,2744.869,4476.033,4724.457,29656.561,29983.083,21355.44,20966.159,4271.419,4115.674,8127.803,7912.669,6161.57,5901.43,11164.004,7888.801,14646.923,16355.735,183293.87,144489.886,72449.305,58792.312,19240.961,18296.117,6457.788,6302.859,228.622,228.543,<0.000,<0.000,178.113,114.197,5151.45,4853.567,75.043,<0.000,10086.766,9881.643,339876.151,327108.566,322189.877,46895.817,40751.139,100720.955,82962.422,9859.022,9532.115,38330.44,36718.447,7412.804,7643.834,968.455,888.811,7332.15,6815.278,954.724,873.478,5176.36,4984.559,805.726,764.329,2093.722,2102.426,241.671,222.555,1650.374,1607.792,184.466,177.334,221.142,221.315,1625.974,1581.937,864.985,852.775,34015.758,30840.16,30676.053,32360.108,761.841,730.371,29319.359,30075.453,5106.725,5305.385,,,,
137  Ba  [ No Gas ] :  Concentration value = 122.81 is over the calibration range153  Eu  [ He ] :  CPS RSD value = 5.49 is over the allowed maximum = 5.00205  Tl  [ No Gas ] :  CPS RSD value = 5.86 is over the allowed maximum = 5.00,FALSE,271SMPL.d,15-05-2025 06:00,Sample,,MCS 781,3775.093,1403,26033.929,27622.616,2905.077,2544.027,6281.55,6674.897,40209.16,40680.229,30712.909,30351.673,5157.292,4960.701,11575.085,11985.731,8296.712,7794.202,61066.1,54750.049,16926.402,18961.771,176328.198,145088.325,80054.403,60166.638,25683.009,25473.318,7638.446,7495.68,736.333,708.664,<0.000,<0.000,240.727,217.965,5389.164,5216.882,122.057,45.977,8849.185,8666.642,463637.86,374103.87,368516.069,64135.158,54749.02,137009.026,113536.476,13901.527,13165.89,52060.913,50017.058,10832.568,10731.887,1271.736,1175.767,10465.346,9471.32,1297.769,1180.259,7148.583,6715.536,1111.074,1143.799,3114.29,3101.28,385.93,359.466,2736.499,2604.412,331.845,344.183,253.581,241.195,1111.779,1101.523,786,777.018,36355.023,32447.257,32828.349,33626.538,443.548,407.524,37167.867,37506.659,6276.701,6603.892,,,,
118  Sn  [ He ] :  CPS RSD value = 6.40 is over the allowed maximum = 5.00137  Ba  [ No Gas ] :  Concentration value = 118.76 is over the calibration range137  Ba  [ No Gas ] :  CPS RSD value = 9.68 is over the allowed maximum = 5.00137  Ba  [ He ] :  Concentration value = 103.88 is over the calibration range138  Ba  [ He ] :  Concentration value = 101.20 is over the calibration range163  Dy  [ He ] :  CPS RSD value = 5.14 is over the allowed maximum = 5.00165  Ho  [ He ] :  CPS RSD value = 5.59 is over the allowed maximum = 5.00169  Tm  [ He ] :  CPS RSD value = 5.77 is over the allowed maximum = 5.00,FALSE,272SMPL.d,15-05-2025 06:04,Sample,,MCS 782,3891.1034,1404,29493.142,29125.518,3492.812,3304.734,7371.219,7887.793,47985.455,47982.65,35206.456,34556.242,7457.937,7161.053,14722.675,14586.125,10721.686,10075.122,33975.559,28881.434,18744.757,19402.689,198233.316,165393.2,87883.559,67621.232,27334.617,27245.639,6456.058,6243.486,752.189,777.862,<0.000,<0.000,420.696,430.151,5817.243,5718.663,170.226,123.011,10061.261,9572.328,462106.371,404216.557,393798.52,37564.949,37809.181,89708.704,72340.906,9067.705,8703.551,34269.043,33411.769,7400.789,7238.037,1365.008,1235.471,7562.157,7015.607,1062.072,947.547,6596.873,6367.055,1153.367,1105.907,3335.245,3245.129,444.056,427.064,3126.506,3031.041,396.365,377.901,237.711,204.122,1235.024,1185.95,871.934,840.989,36893.785,32770.867,34705.123,34606.735,532.7,493.675,21754.095,21752.655,5529.176,5559.86,,,,
71  Ga  [ He ] :  CPS RSD value = 5.65 is over the allowed maximum = 5.00137  Ba  [ No Gas ] :  Concentration value = 126.15 is over the calibration range137  Ba  [ He ] :  Concentration value = 105.27 is over the calibration range138  Ba  [ He ] :  Concentration value = 101.05 is over the calibration range232  Th  [ No Gas ] :  CPS RSD value = 5.12 is over the allowed maximum = 5.00,FALSE,273SMPL.d,15-05-2025 06:08,Sample,,MCS 783,3850.5987,1405,35926.99,38186.319,3318.144,3305.916,3529.858,4013.211,24186.55,24184.403,20921.751,19680.649,8248.455,7800.095,10763.657,9938.118,10675.962,10307.886,34764.661,30084.934,14559.95,15739.758,221159.858,178280.269,159889.401,131854.155,14448.527,13739.191,2517.197,2612.913,3979.587,3746.2,<0.000,<0.000,5807.491,5640.843,4872.492,4878.493,72.655,<0.000,10344.696,10423.587,485751.346,405362.25,389113.54,28771.404,29656.18,73173.112,60005.841,7153.059,7003.431,27685.12,27683.383,5754.675,5697.359,901.407,834.44,5712.197,5207.126,714.033,665.705,3949.465,3570.405,587.844,576.036,1533.2,1498.69,157.358,149.649,1206.64,1142.345,114.868,98.939,84.053,73.562,1098.63,1089.732,1038.335,978.603,45809.471,41305.68,42640.063,43031.303,492.006,453.78,24983.6,25312.122,4441.675,4338.688,,,,
121  Sb  [ No Gas ] :  CPS RSD value = 5.16 is over the allowed maximum = 5.00137  Ba  [ No Gas ] :  Concentration value = 138.02 is over the calibration range137  Ba  [ He ] :  Concentration value = 115.62 is over the calibration range138  Ba  [ He ] :  Concentration value = 111.35 is over the calibration range,FALSE,274SMPL.d,15-05-2025 06:12,Sample,,MCS 784,3710.9381,1406,37829.782,38340.009,3378.092,3734.13,4485.182,4977.341,31731.326,32008.812,24432.579,22904.966,4612.996,4596.44,8906.027,8718.896,6094.764,6002.653,30172.146,26298.646,16496.117,20158.324,241258.021,197623.132,97099.215,78802.267,16978.028,17141.288,5535.731,5502.141,574.734,581.408,<0.000,<0.000,851.767,786.507,5561.011,5488.45,102.804,50.002,12649.478,12351.62,512172.71,429060.787,413220.135,66092.284,59276.918,148527.424,119797.507,14381.644,14472.997,53805.268,52084.292,10133.728,10421.411,1098.146,963.529,8669.598,7682.086,973.916,903.952,4885.18,4577.976,718.696,706.113,1876.524,1796.84,211.793,197.865,1489.393,1452.589,177.441,148.355,185.872,184.212,1125.248,1083.737,1141.526,1067.125,44525.772,38504.886,40776.949,41491.007,585.634,529.334,25467.232,24978.722,4036.764,4300.513,,,,
9  Be  [ No Gas ] :  CPS RSD value = 5.50 is over the allowed maximum = 5.00137  Ba  [ No Gas ] :  Concentration value = 133.10 is over the calibration range137  Ba  [ He ] :  Concentration value = 110.07 is over the calibration range138  Ba  [ He ] :  Concentration value = 109.04 is over the calibration range165  Ho  [ He ] :  CPS RSD value = 5.24 is over the allowed maximum = 5.00172  Yb  [ He ] :  CPS RSD value = 6.29 is over the allowed maximum = 5.00,FALSE,275SMPL.d,15-05-2025 06:16,Sample,,MCS 785,3753.6712,1407,36828.061,40632.459,3593.362,4470.203,4604.137,5141.257,31227.693,32699.072,22653.861,21585.432,4040.396,4120.038,8397.392,8097.152,5222.401,4918.737,22775.492,18304.551,16332.944,18945.361,226471.43,187544.303,88175.364,70666.911,27232.859,26951.293,7018.421,7092.341,83.668,68.609,<0.000,<0.000,37.057,10.572,5724.709,5600.051,99.079,25.291,12300.976,12366.314,499600.556,413179.976,409288.877,62365.449,53314.21,133393.78,108345.529,13478.996,13254.433,51675.313,49826.251,10121.95,10276.923,1338.144,1258.027,9897.336,8746.268,1286.918,1205.864,7218.747,6921.548,1178.681,1138.474,3053.449,3077.603,380.099,351.349,2407.375,2471.403,280.336,266.027,265.186,239.825,1283.288,1275.344,1093.234,1052.994,40874.365,39423.348,39498.346,39056.498,662.415,648.731,37577.029,36582.54,5772.161,5972.372,,,,
90  Zr  [ No Gas ] :  CPS RSD value = 12.68 is over the allowed maximum = 5.00121  Sb  [ No Gas ] :  CPS RSD value = 5.83 is over the allowed maximum = 5.00137  Ba  [ No Gas ] :  Concentration value = 177.13 is over the calibration range137  Ba  [ He ] :  Concentration value = 144.40 is over the calibration range138  Ba  [ He ] :  Concentration value = 153.37 is over the calibration range169  Tm  [ He ] :  CPS RSD value = 6.63 is over the allowed maximum = 5.00172  Yb  [ No Gas ] :  CPS RSD value = 6.68 is over the allowed maximum = 5.00,FALSE,276SMPL.d,15-05-2025 06:20,Sample,,MCS 786,3845.3711,1408,55741.616,62786.182,4949.886,5253.914,7784.815,8444.06,60941.916,52616.492,35438.679,35078.724,7194.658,6966.601,14633.256,14532.705,14673.764,14035.542,40689.896,35559.627,23699.512,25736.848,346428.931,285751.879,101862.15,78924.815,30661.057,29134.413,9378.44,7934.525,380.281,358.123,9.516,<0.000,112.021,108.305,9394.408,8996.949,160.75,32.883,20527.799,19849.342,681114.489,555261.017,589771.299,75685.18,66256.927,162782.347,127057.269,15956.545,15465.597,60998.294,58984.748,12106.012,11698.538,1548.355,1418.121,11697.178,10601.87,1505.5,1371.753,8237.614,7683.75,1250.041,1236.241,3296.187,3203.888,389.276,386.215,2632.82,2519.47,303.763,300.123,307.968,295.064,2019.525,1989.338,1669.901,1584.823,53736.278,49516.023,50156.089,51052.413,1460.243,1404.878,45930.039,46694.222,8531.562,8645.693,,,,
71  Ga  [ He ] :  CPS RSD value = 5.00 is over the allowed maximum = 5.0090  Zr  [ He ] :  CPS RSD value = 5.14 is over the allowed maximum = 5.00121  Sb  [ No Gas ] :  CPS RSD value = 5.15 is over the allowed maximum = 5.00169  Tm  [ No Gas ] :  CPS RSD value = 6.75 is over the allowed maximum = 5.00181  Ta  [ He ] :  CPS RSD value = 5.47 is over the allowed maximum = 5.00209  Bi  [ No Gas ] :  CPS RSD value = 6.02 is over the allowed maximum = 5.00103  Rh ( ISTD )  [ No Gas ] :  CPS RSD value = 13.43 is over the allowed maximum = 5.00,FALSE,277SMPL.d,15-05-2025 06:25,Sample,,MCS 787,3743.7326,1409,26744.805,30204.041,5273.188,5460.647,3475.788,3967.494,23991.599,23879.68,16990.589,16069.456,2929.257,2824.786,5920.008,5672.645,5564.405,5281.789,11652.347,7820.794,12173.37,13640.705,175533.779,144097.067,60520.825,46664.027,14700.315,14172.802,3838.016,3696.705,71.905,58.652,<0.000,<0.000,126.631,108.076,4443.503,4233.603,112.312,12.612,9629.976,9313.684,289193.845,281173.249,263488.199,35053.292,34200.412,83250.587,66761.219,8429.724,8070.028,31340.087,30268.173,6508.222,6351.019,833.05,769.994,6357.3,5854.611,785.89,714.274,4403.274,4011.386,615.659,621.571,1643.36,1555.612,157.682,126.92,1138.806,1094.488,115.782,107.45,128.979,109.625,1012.56,996.121,747.126,749.611,31905.13,27877.655,29066.082,29778.607,536.597,504.494,24323.492,24769.336,3886.506,3905.317,,,,
7  Li  [ He ] :  CPS RSD value = 5.03 is over the allowed maximum = 5.00139  La  [ He ] :  CPS RSD value = 9.49 is over the allowed maximum = 5.00178  Hf  [ No Gas ] :  CPS RSD value = 11.70 is over the allowed maximum = 5.00205  Tl  [ He ] :  CPS RSD value = 9.44 is over the allowed maximum = 5.00209  Bi  [ He ] :  CPS RSD value = 11.77 is over the allowed maximum = 5.00,FALSE,278_QC1.d,15-05-2025 06:29,QC1,,QC MES 50 ppb,1,4102,51.629,47.879,48.405,47.905,47.431,42.294,52.758,45.466,52.11,44.511,51.244,42.922,43.702,44.626,50.971,43.854,43.697,40.183,53.073,45.4,55.932,46.071,51.93,42.991,57.236,47.46,53.928,47.671,49.077,48.089,53.031,45.482,51.3,51.039,60.823,49.717,58.126,49.661,60.113,50.226,55.385,55.001,53.973,59.429,56.111,59.285,55.834,60.16,57.557,52.147,51.638,53.003,52.034,61.126,51.832,56.264,54.494,60.396,58.868,65.467,53.323,62.427,59.77,61.967,54.824,64.035,60.499,53.342,55.904,63.404,52.394,57.504,54.915,61.847,58.207,65.21,58.158,56.977,56.296,64.771,56.228,66.766,55.969,65.307,67.131,66.273,65.957,,,,
90  Zr  [ No Gas ] :  CPS RSD value = 9.47 is over the allowed maximum = 5.00137  Ba  [ No Gas ] :  Concentration value = 355.52 is over the calibration range137  Ba  [ He ] :  Concentration value = 286.35 is over the calibration range138  Ba  [ He ] :  Concentration value = 315.52 is over the calibration range175  Lu  [ No Gas ] :  CPS RSD value = 6.95 is over the allowed maximum = 5.00181  Ta  [ No Gas ] :  CPS RSD value = 6.61 is over the allowed maximum = 5.00181  Ta  [ He ] :  CPS RSD value = 6.37 is over the allowed maximum = 5.00209  Bi  [ No Gas ] :  CPS RSD value = 5.50 is over the allowed maximum = 5.00,FALSE,279_QC2.d,15-05-2025 06:33,QC2,,SJS-Std,3650.7995,4103,45540.03,55844.592,1391.727,1415.495,9624.972,9764.781,118314.772,102132.625,124251.022,104489.442,11187.673,11146.391,71181.019,70335.922,30366.727,30491.331,92693.04,82073.916,15224.78,15369.183,108532.24,85884.084,279030.829,223793.474,15504.154,14579.157,65793.234,60274.639,3346.128,3458.529,503.445,386.752,444.354,308.473,1450.793,1405.847,1477.04,1346.395,5372.789,5041.241,1297937.173,1045392.822,1151893.192,20544.117,20077.366,41347.692,38570.327,4784.12,4517.701,18170.92,17394.221,3680.051,3456.63,1022.675,837.347,3780.639,3421.653,504.093,440.006,3201.21,3114.908,600.426,568.593,1779.449,1809.031,246.275,220.26,1735.253,1760.48,249.677,220.557,2362.467,2358.856,1307.506,1538.593,631.928,616.737,21856.405,20203.735,20822.036,20576.141,264.713,251.6,10872.081,10848.973,3518.105,3609.374,,,,
137  Ba  [ No Gas ] :  Concentration value = 129.91 is over the calibration range137  Ba  [ He ] :  Concentration value = 104.60 is over the calibration range138  Ba  [ He ] :  Concentration value = 100.56 is over the calibration range139  La  [ No Gas ] :  CPS RSD value = 7.80 is over the allowed maximum = 5.00159  Tb  [ No Gas ] :  CPS RSD value = 5.68 is over the allowed maximum = 5.00166  Er  [ He ] :  CPS RSD value = 5.19 is over the allowed maximum = 5.00169  Tm  [ No Gas ] :  CPS RSD value = 5.51 is over the allowed maximum = 5.00175  Lu  [ No Gas ] :  CPS RSD value = 5.04 is over the allowed maximum = 5.00209  Bi  [ He ] :  CPS RSD value = 6.16 is over the allowed maximum = 5.00,FALSE,280SMPL.d,15-05-2025 06:37,Sample,,MCS 788,3308.8413,1410,30111.966,34074.476,2990.3,3085.156,4078.8,4482.25,27526.458,28283.095,19592.696,19762.563,4130.658,4077.537,7592.216,7616.368,5779.118,5469.304,16373.848,14418.631,14220.992,15338.683,196483.188,164665.947,73996.957,58564.376,15269.151,15088.096,5697.844,5516.231,127.894,95.997,40.085,16.948,10.174,<0.000,4657.264,4464.702,120.313,56.588,10076.224,9689.261,429859.725,346111.977,332738.248,36472.319,34418.752,87588.311,69799.164,8452.374,8135.754,32915.403,30669.869,6315.119,6251.635,905.06,798.701,6164.356,5544.66,806.884,722.997,4341.4,4029.962,654.197,619.107,1727.304,1631.939,196.856,175.473,1345.034,1274.036,151.707,146.979,187.577,174.614,1037.181,1039.006,930.153,861.828,34622.314,30869.917,31379.709,31988.958,831.941,769.841,27445.614,28000.348,4840.134,4832.217,,,,
137  Ba  [ No Gas ] :  Concentration value = 134.54 is over the calibration range137  Ba  [ He ] :  Concentration value = 109.65 is over the calibration range138  Ba  [ He ] :  Concentration value = 104.85 is over the calibration range159  Tb  [ He ] :  CPS RSD value = 6.07 is over the allowed maximum = 5.00172  Yb  [ No Gas ] :  CPS RSD value = 5.14 is over the allowed maximum = 5.00,FALSE,281SMPL.d,15-05-2025 06:41,Sample,,MCS 789,3739.2874,1411,26598.748,29078.623,2676.711,2416.34,6518.692,6627.198,41734.998,41950.946,29025.393,28879.778,5056.353,4877.946,11379.701,11408.026,9797.662,9329.124,21414.678,18351.733,17039.888,20638.829,210821.775,170093.162,76615.874,58619.741,30470.887,30178.154,7650.43,7299.213,413.252,392.728,17.816,4.698,10.892,<0.000,6624.421,6447.987,132.925,51.354,10433.107,9944.715,503068.856,410002.492,392057.51,77294.581,66971.168,159662.27,128358.838,16336.133,15402.801,61429.116,58158.512,12671.932,12050.547,1377.536,1316.773,12234.349,10735.082,1550.423,1422.759,8408.28,7962.656,1344.741,1303.764,3627.315,3523.345,456.753,431.522,2997.93,3018.026,379.214,364.689,280.195,250.617,1440.099,1423.655,946.825,943.267,37199.282,32266.254,33819.637,34286.785,449.159,425.209,40515.381,40474.445,6063.464,6455.857,,,,
137  Ba  [ No Gas ] :  Concentration value = 140.93 is over the calibration range137  Ba  [ He ] :  Concentration value = 115.60 is over the calibration range138  Ba  [ He ] :  Concentration value = 111.89 is over the calibration range175  Lu  [ No Gas ] :  CPS RSD value = 6.40 is over the allowed maximum = 5.00205  Tl  [ He ] :  CPS RSD value = 5.00 is over the allowed maximum = 5.00,FALSE,282SMPL.d,15-05-2025 06:45,Sample,,MCS 790,3306.8277,1412,21730.873,24641.008,2609.929,3052.721,5908.611,6313.826,37214.797,38869.675,27719.447,26776.44,4349.079,4390.436,10072.001,9912.14,10108.943,10025.454,20329.765,15742.739,15750.276,19238.869,196305.39,157312.768,62095.722,48625.139,26084.628,25078.86,5764.773,5839.767,505.086,515.214,16.366,<0.000,11.773,16.298,5877.782,5703.432,118.487,86.545,9040.795,8437.932,466018.986,382258.374,370000.768,72593.919,62588.785,149792.882,123653.496,15095.199,14469.661,56427.503,55625.889,10986.126,10584.621,1373.847,1320.301,10470.08,9229.557,1254.912,1170.07,6980.698,6593.441,1092.29,1099.338,3054.823,3023.386,412.32,379.117,2832.774,2749.376,363.837,346.475,202.592,227.329,1167.899,1126.903,834.446,820.073,32548.505,29932.053,29927.518,30131.037,429.667,428.715,42014.352,42725.733,5837.851,6171.254,,,,
137  Ba  [ No Gas ] :  Concentration value = 132.73 is over the calibration range137  Ba  [ He ] :  Concentration value = 108.13 is over the calibration range138  Ba  [ He ] :  Concentration value = 105.50 is over the calibration range139  La  [ No Gas ] :  CPS RSD value = 10.11 is over the allowed maximum = 5.00153  Eu  [ He ] :  CPS RSD value = 7.10 is over the allowed maximum = 5.00205  Tl  [ He ] :  CPS RSD value = 5.58 is over the allowed maximum = 5.00,FALSE,283SMPL.d,15-05-2025 06:49,Sample,,MCS 791,3308.3775,1501,25940.687,27581.39,2731.028,3054.182,6740.066,7394.797,51515.685,45571.176,33703.86,33695.08,5263.924,4965.787,13711.871,13546.986,12074.24,11388.233,28928.122,25056.379,17243.726,17961.526,167105.131,136076.743,63834.355,50666.312,25510.822,25058.876,10276.041,10023.991,333.455,324.432,13.93,5.116,<0.000,<0.000,6035.097,5881.545,158.063,91.729,10089.193,9966.9,439122.84,357736.192,349031.272,39458.719,35474.748,89738.231,71487.426,8999.994,8932.644,37801.655,36141.676,8229.958,8068.306,1324.786,1172.212,7952.931,7486.302,1116.878,1022.038,6492.61,6243.892,1086.509,1025.441,3014.431,3114.653,394.067,367.154,2756.669,2687.701,324.972,329.222,361.926,353.34,1485.755,1499.528,804.112,779.57,33280.867,30434.87,30479.705,30758.968,461.936,436.832,23770.376,23849.333,5050.683,5133.373,,,,
137  Ba  [ No Gas ] :  Concentration value = 103.08 is over the calibration range159  Tb  [ He ] :  CPS RSD value = 5.06 is over the allowed maximum = 5.00163  Dy  [ No Gas ] :  CPS RSD value = 5.11 is over the allowed maximum = 5.00166  Er  [ He ] :  CPS RSD value = 7.10 is over the allowed maximum = 5.00238  U  [ No Gas ] :  CPS RSD value = 6.56 is over the allowed maximum = 5.00,FALSE,284SMPL.d,15-05-2025 06:53,Sample,,MCS 792,3567.3306,1502,29763.143,32418.764,3026.008,3062.717,3913.406,4269.211,25694.621,25236.748,17976.935,17771.436,3141.665,3003.401,6482.022,6462.163,6530.604,6235.573,15500.998,11847.804,14215.62,16610.188,203232.361,161555.078,77292.179,61448.811,19920.661,19489.929,4676.39,4475.84,146.063,92.111,<0.000,<0.000,72.744,50.235,4529.061,4467.228,146.606,120.169,10746.061,10294.049,367715.813,353946.588,343593.972,56753.874,49408.857,117623.104,96727.465,11833.967,11482.878,43890.034,43154.73,8960.144,8684.72,1049.123,962.042,8616.202,7665.734,1075.813,1017.995,5678.741,5343.384,855.105,857.49,2112.382,2074.491,237.186,217.918,1612.899,1549.743,176.735,164.069,150.996,158.089,1071.256,1017.137,943.33,917.488,37931.041,35413.97,35707.431,36181.996,552.727,500.512,33322.284,32860.267,5094.369,5124.011,,,,
51  V  [ No Gas ] :  CPS RSD value = 8.51 is over the allowed maximum = 5.00137  Ba  [ No Gas ] :  Concentration value = 157.09 is over the calibration range137  Ba  [ He ] :  Concentration value = 129.34 is over the calibration range138  Ba  [ He ] :  Concentration value = 141.59 is over the calibration range140  Ce  [ He ] :  CPS RSD value = 9.89 is over the allowed maximum = 5.00,FALSE,285SMPL.d,15-05-2025 06:57,Sample,,MCS 793,3574.4274,1503,39262.998,41896.926,3666.534,3893.774,6278.443,6920.305,45946.067,44834.462,30240.54,29920.62,6043.044,5895.918,11926.103,11998.589,15332.653,15243.195,36293.339,31214.956,18881.789,22427.311,237936.045,198306.592,96041.935,74723.527,27869.713,28038.237,4811.062,4785.131,358.574,390.968,<0.000,<0.000,33.551,<0.000,6630.826,6307.136,145.887,76.877,13516.784,13039.245,561499.283,462300.826,506115.457,83958.814,71747.906,176892.488,155209.709,17650.487,16799.111,66373.158,62578.127,13115.049,12451.573,1372.381,1266.479,12662.929,11002.852,1547.621,1416.064,8056.485,7366.593,1222.748,1189.68,3013.713,2972.772,361.184,331.871,2351.8,2265.372,283.864,266.76,176.343,156.164,1438.535,1391.028,1126.74,1096.414,42195.149,38538.17,39697.571,39562.553,1240.651,1182.726,49400.256,50717.581,8801.228,9010.745,,,,
137  Ba  [ No Gas ] :  Concentration value = 140.04 is over the calibration range137  Ba  [ He ] :  Concentration value = 114.21 is over the calibration range138  Ba  [ He ] :  Concentration value = 110.11 is over the calibration range172  Yb  [ No Gas ] :  CPS RSD value = 5.87 is over the allowed maximum = 5.00,FALSE,286SMPL.d,15-05-2025 07:01,Sample,,MCS 794,3747.9208,1504,20758.911,20535.974,2436.574,2767.942,4994.006,5471.513,31160.215,31076.971,21489.376,20953.197,4636.629,4431.091,8262.79,7983.614,6170.104,5873.875,20680.718,17188.433,14059.741,16244.592,177883.143,143688.881,80486.537,63435.73,19222.084,18692.186,3980.846,3822.845,199.38,208.774,<0.000,<0.000,<0.000,<0.000,3986.517,4011.507,156.014,59.242,6509.566,6356.577,524871.952,428067.11,412674.447,55094.268,48221.844,113629.605,94450.686,11450.208,10775.597,42200.414,41793.244,8199.113,7948.288,1424.452,1363.201,7653.681,6679.293,938.591,851.023,5245.535,4964.995,794.457,790.849,2257.07,2215.412,260.3,243.373,1888.567,1906.774,234.983,218.228,146.703,122.073,849.087,819.927,776.138,718.681,40236.163,35687.315,36057.502,36830.245,313.577,283.15,25955.819,26243.187,3670.837,3596.233,,,,
121  Sb  [ No Gas ] :  CPS RSD value = 6.24 is over the allowed maximum = 5.00153  Eu  [ No Gas ] :  CPS RSD value = 7.05 is over the allowed maximum = 5.00159  Tb  [ No Gas ] :  CPS RSD value = 7.09 is over the allowed maximum = 5.00165  Ho  [ No Gas ] :  CPS RSD value = 5.10 is over the allowed maximum = 5.00103  Rh ( ISTD )  [ No Gas ] :  CPS RSD value = 12.07 is over the allowed maximum = 5.00,FALSE,287SMPL.d,15-05-2025 07:06,Sample,,MCS 795,4454.3279,1505,30317.199,32842.213,3216.413,3084.002,3841.888,4121.569,23590.108,23813.657,17318.188,16060.901,2798.464,2686.659,5358.532,5197.053,4582.839,4071.235,980.707,<0.000,14238.918,15168.398,207761.414,167634.774,78129.359,59734.993,16458.818,15588.282,4990.013,4884.033,44.361,<0.000,<0.000,<0.000,11.534,<0.000,4751.886,4426.257,15.423,<0.000,9748.282,9105.059,386798.882,376070.631,346142.078,29774.097,29533.406,71934.517,57506.796,7143.439,6897.315,27305.195,25807.485,5497.538,5289.499,876.923,791.334,5525.464,4800.528,710.351,628.961,4143.607,3991.841,672.183,656.363,1832.852,1777.887,219.263,196.176,1621.921,1459.542,175.805,161.94,158.103,166.705,1207.134,1086.863,930.798,872.151,38558.238,34440.732,36603.853,36045.374,427.959,381.073,23094.75,22967.137,7549.931,7668.261,,,,
137  Ba  [ No Gas ] :  Concentration value = 154.38 is over the calibration range137  Ba  [ He ] :  Concentration value = 128.27 is over the calibration range138  Ba  [ He ] :  Concentration value = 137.52 is over the calibration range,FALSE,288SMPL.d,15-05-2025 07:10,Sample,,MCS 796,3287.9442,1506,43687.554,47051.275,3951.199,3642.401,7064.098,7327.146,54930.73,47008.961,35712.427,34485.148,6682.402,6410.591,13063,13252.54,16534.337,15540.963,32258.179,28332.436,18880.642,19830.641,226298.708,185998.755,86053.61,64848.272,26416.11,25528.754,6963.718,6773.705,311.118,310.98,5.95,<0.000,<0.000,<0.000,7337.877,7084.691,134.775,102.239,15083.425,14206.373,507583.907,421744.733,452170.995,53710.519,46354.545,113060.682,91197.324,11404.974,10983.329,43951.858,41101.13,9232.953,8792.136,1217.451,1211.357,9050.354,8091.935,1191.414,1115.69,6996.87,6382.172,1107.982,1057.166,2954.669,2953.698,373.116,352.704,2442.963,2430.796,299.595,258.64,257.611,231.18,1689.211,1619.432,1150.654,1101.319,38213.57,34975.285,36409.182,36097.878,1497.676,1400.127,31072.199,31007.649,7999.791,8111.568,,,,
137  Ba  [ No Gas ] :  Concentration value = 141.88 is over the calibration range137  Ba  [ He ] :  Concentration value = 117.09 is over the calibration range138  Ba  [ He ] :  Concentration value = 111.94 is over the calibration range159  Tb  [ He ] :  CPS RSD value = 8.53 is over the allowed maximum = 5.00166  Er  [ No Gas ] :  CPS RSD value = 6.34 is over the allowed maximum = 5.00232  Th  [ No Gas ] :  CPS RSD value = 6.33 is over the allowed maximum = 5.00238  U  [ No Gas ] :  CPS RSD value = 5.24 is over the allowed maximum = 5.00103  Rh ( ISTD )  [ No Gas ] :  CPS RSD value = 5.24 is over the allowed maximum = 5.00,FALSE,289SMPL.d,15-05-2025 07:14,Sample,,MCS 797,3693.2577,1507,36094.819,38323.029,3097.295,3511.773,4365.709,4999.907,28691.564,29962.716,20829.392,20176.103,3702.507,3605.6,6615.841,6658.261,6231.275,5812.969,20562.706,17662.203,15735.959,17502.019,239058.019,195610.641,86284.897,67055.746,20454.32,20085.057,4602.184,4494.834,141.001,128.579,<0.000,<0.000,53.196,23.404,5545.779,5394.831,93.438,11.485,11427.246,10988.071,523987.969,432426.848,413436.45,47573.93,40379.569,99523.849,81523.696,9871.974,9600.94,37429.592,37313.236,7673.661,7448.674,1048.083,975.3,7539.892,6821.052,977.104,912.967,5567.441,5006.762,851.805,821.606,2265.522,2124.69,262.713,246.597,1761.929,1705.399,194.231,167.589,163.812,168.296,1158.766,1132.564,1068.587,1052.013,42067.569,36595.735,37170.958,38225.24,569.337,515.768,23102.549,23577.941,4177.486,4167.92,,,,
139  La  [ He ] :  CPS RSD value = 8.52 is over the allowed maximum = 5.00178  Hf  [ He ] :  CPS RSD value = 5.21 is over the allowed maximum = 5.00209  Bi  [ He ] :  CPS RSD value = 9.22 is over the allowed maximum = 5.00,FALSE,290_QC1.d,15-05-2025 07:18,QC1,,QC MES 50 ppb,1,4102,52.107,46.959,48.513,48.293,47.37,41.987,52.156,46.038,52.004,43.513,52.016,44.42,43.177,43.942,51.482,44.857,43.073,39.99,53.774,45.605,55.75,45.74,51.816,43.513,56.288,47.358,54.769,47.319,48.578,48.145,53.827,46.739,51.024,50.404,59.506,50.024,57.505,49.926,59.181,50.054,55.868,54.437,53.16,59.207,56.513,60.037,54.947,60.881,57.244,53.253,51.34,53.295,52.107,62.606,52.265,55.947,54.621,62.264,58.761,64.612,54.03,62.045,59.903,62.815,54.5,63.317,60.659,54.229,55.499,62.847,51.91,65.461,54.231,61.17,59.004,66.268,65.081,57.187,57.511,64.997,56.187,66.032,61.354,65.807,66.188,67.913,69.862,,,,
137  Ba  [ No Gas ] :  Concentration value = 105.53 is over the calibration range137  Ba  [ No Gas ] :  CPS RSD value = 11.39 is over the allowed maximum = 5.00181  Ta  [ No Gas ] :  CPS RSD value = 5.11 is over the allowed maximum = 5.00,FALSE,291SMPL.d,15-05-2025 07:22,Sample,,MCS 798,3741.4866,1508,29181.564,30353.562,2722.669,2832.269,3541.978,3927.61,24724.95,25088.138,17283.172,16929.238,3032.207,2947.415,5791.168,5628.088,4962.91,4578.769,9740.703,6836.862,14055.986,15813.41,190268.023,156135.949,76691.077,59384.222,17648.918,17274.013,5092.077,5090.948,200.813,155.224,146.772,134.518,128.372,105.377,4845.501,4813.973,135.515,86.286,10319.006,9689.724,394824.221,358352.283,341416.779,48749.206,41959.192,102329.562,83051.317,10193.796,9731.725,38498.072,37600.89,7982.489,7841.073,912.782,822.293,7729.788,6911.629,954.147,870.218,4969.793,4637.919,748.689,722.199,1937.587,1866.483,209.113,187.924,1441.507,1438.237,156.208,148.553,235.072,185.727,1058.319,1082.338,930.272,907.54,35194.047,32477.163,33486.39,33541.575,468.516,455.162,27132.094,26701.141,3813.801,4042.233,,,,
90  Zr  [ No Gas ] :  CPS RSD value = 9.88 is over the allowed maximum = 5.00137  Ba  [ No Gas ] :  Concentration value = 350.81 is over the calibration range137  Ba  [ He ] :  Concentration value = 290.56 is over the calibration range138  Ba  [ He ] :  Concentration value = 313.31 is over the calibration range140  Ce  [ No Gas ] :  CPS RSD value = 9.54 is over the allowed maximum = 5.00163  Dy  [ He ] :  CPS RSD value = 7.36 is over the allowed maximum = 5.00178  Hf  [ No Gas ] :  CPS RSD value = 5.18 is over the allowed maximum = 5.00181  Ta  [ He ] :  CPS RSD value = 6.10 is over the allowed maximum = 5.00,FALSE,292_QC2.d,15-05-2025 07:26,QC2,,SJS-Std,3650.7995,4103,45387.288,50239.117,1456.654,1482.9,9417.192,9883.799,119575.398,99928.922,122478.703,107253.45,11324.764,10791.791,69820.614,72535.125,30540.754,30031.833,90610.709,83720.962,15696.799,15937.268,105483.857,87497.305,286363.872,225181.879,15103.94,14994.847,65615.009,59548.236,3269.438,3355.702,354.331,253,428.398,290.474,1434.574,1437.213,1425.807,1443.874,5228.427,4925.472,1280728.434,1060788.57,1143821.124,20727.464,20541.331,42966.441,38536.865,4802.962,4575.097,18669.769,17699.187,3633.427,3542.689,1061.709,829.425,3739.304,3414.279,490.335,437.68,3230.876,2974.999,587.484,549.253,1762.288,1769.411,240.499,214.745,1799.926,1749.396,248.798,231.537,2304.391,2283.885,972.889,1021.436,585.146,572.449,21477.464,20129.23,20450.003,20270.483,278.59,256.958,10581.406,10425.128,3564.955,3578.879,,,,
118  Sn  [ He ] :  CPS RSD value = 6.63 is over the allowed maximum = 5.00137  Ba  [ No Gas ] :  Concentration value = 138.07 is over the calibration range137  Ba  [ He ] :  Concentration value = 112.68 is over the calibration range138  Ba  [ He ] :  Concentration value = 108.90 is over the calibration range157  Gd  [ No Gas ] :  CPS RSD value = 5.65 is over the allowed maximum = 5.00,FALSE,293SMPL.d,15-05-2025 07:30,Sample,,MCS 799,3495.0815,1509,34255.292,34033.904,3099.779,2677.976,3909.57,4311.203,26938.339,27706.569,19419.643,18619.47,3844.019,3762.043,7275.339,6840.34,5370.139,4897.579,18342.912,14225.859,15232.682,15748.342,234845.606,188834.111,82394.269,64720.495,16566.569,16104.332,4704.768,4531.753,152.776,129.791,17.556,8.107,<0.000,<0.000,5213.02,4936.342,118.067,34.416,10967.08,10850.43,482565.553,393825.537,380617.743,23713.897,23664.867,56114.51,46017.06,5513.586,5287.95,20350.418,19939.507,4301.448,4138.092,872.778,826.909,4536.687,4132.023,622.236,595.714,4063.527,3807.346,677.901,652.741,1969.382,1865.819,236.117,230.725,1621.429,1664.72,181.289,191.56,159.88,147.225,941.156,927.935,1001.233,983.159,39520.013,36080.289,35955.45,36841.316,696.327,655.555,16011.142,15681.872,3778.294,3815.344,,,,
7  Li  [ No Gas ] :  CPS RSD value = 6.88 is over the allowed maximum = 5.00137  Ba  [ No Gas ] :  Concentration value = 131.07 is over the calibration range137  Ba  [ He ] :  Concentration value = 108.23 is over the calibration range138  Ba  [ He ] :  Concentration value = 101.41 is over the calibration range157  Gd  [ He ] :  CPS RSD value = 5.65 is over the allowed maximum = 5.00165  Ho  [ No Gas ] :  CPS RSD value = 6.00 is over the allowed maximum = 5.00205  Tl  [ He ] :  CPS RSD value = 5.03 is over the allowed maximum = 5.00207  [Pb]  [ He ] :  CPS RSD value = 5.75 is over the allowed maximum = 5.00209  Bi  [ He ] :  CPS RSD value = 6.16 is over the allowed maximum = 5.00,FALSE,294SMPL.d,15-05-2025 07:34,Sample,,MCS 800,3551.0357,1510,31375.974,35414.494,5496.982,5015.638,4337.167,4590.823,28570.557,28763.869,19912.925,19984.965,3761.27,3569.679,7198.65,7126.229,5210.784,4729.141,17561.523,14530.371,14865.857,16213.391,213695.229,176663.503,78178.7,60231.293,21988.369,21658.807,5604.87,5519.365,118.729,103.023,<0.000,<0.000,361.511,272.535,4993.835,4818.211,131.754,51.531,10324.716,10056.969,465451.613,384318.757,360099.565,49184.365,42927.22,103987.858,83160.17,10430.423,10141.045,40045.89,38687.784,8264.789,8347.376,1006.445,949.941,8252.161,7562.425,1056.264,972.914,5846.221,5483.424,918.402,874.32,2385.123,2306.511,278.805,256.513,1919.086,1870.179,217.307,223.752,188.967,165.708,1151.599,1072.417,954.773,893.812,37973.396,34309.976,35483.196,35453.191,574.695,526.996,27833.64,27924.656,4570.581,4624.697,,,,
7  Li  [ No Gas ] :  CPS RSD value = 5.09 is over the allowed maximum = 5.00137  Ba  [ No Gas ] :  Concentration value = 125.61 is over the calibration range137  Ba  [ He ] :  Concentration value = 101.24 is over the calibration range157  Gd  [ He ] :  CPS RSD value = 7.50 is over the allowed maximum = 5.00232  Th  [ He ] :  CPS RSD value = 5.58 is over the allowed maximum = 5.00,FALSE,295SMPL.d,15-05-2025 07:38,Sample,,MCS 801,3664.1441,1511,31453.372,34242.906,3333.744,3247.312,3967.795,4274.909,26313.291,26433.659,18507.12,17772.037,3207.89,3112.376,6855.929,6417.701,5274.625,5079.34,9148.084,5794.231,14550.814,16651.965,210921.879,172166.8,85214.166,68167.496,17792.995,17291.788,4753.877,4747.617,196.661,148.829,<0.000,<0.000,157.149,121.258,4976.926,4924.432,98.142,32.284,11096.507,10832.713,460268.565,370943.131,363367.657,43699.587,36970.297,92965.099,74478.625,9079.129,8888.172,34781.96,33129.233,7222.178,6731.99,1017.323,971.915,6831.375,6128.964,888.539,797.74,4939.264,4696.516,772.059,770.338,2114.363,2069.86,265.183,237.8,1857.806,1785.082,231.383,221.864,163.582,160.084,991.392,951.134,959.162,959.033,40642.695,36599.473,37765.749,38017.247,603.345,557.929,21610.576,21252.585,3610.977,3696.965,,,,
137  Ba  [ No Gas ] :  Concentration value = 136.78 is over the calibration range137  Ba  [ He ] :  Concentration value = 115.02 is over the calibration range138  Ba  [ He ] :  Concentration value = 110.98 is over the calibration range,FALSE,296SMPL.d,15-05-2025 07:43,Sample,,MCS 802,3842.0246,1512,39661.208,40727.956,4090.749,4185.279,6251.96,6603.844,43771.684,42951.788,32562.759,31957.262,6183.085,5949.581,12589.852,12258.573,11045.444,10436.795,26359.572,21418.548,18263.03,20178.928,220620.973,179450.452,89270.815,69723.318,25338.108,24461.176,8097.324,7978.439,404.556,323.256,<0.000,<0.000,221.988,189.368,6779.151,6587.982,117.57,50.774,13924.47,13631.922,525526.527,441890.523,426398.378,56798.813,49034.409,119178.643,98846.209,11912.346,11482.987,44623.461,44520.798,9330.812,8921.769,1207.832,1132.687,9120.461,8128.441,1157.21,1059.712,6551.089,6007.75,997.251,986.101,2693.546,2596.24,324.046,302.268,2205.239,2204.011,255.367,238.412,289.896,294.206,1671.274,1611.761,1118.107,1075.645,40520.665,35718.416,37091.822,37347.197,1126.434,1067.192,31903.388,32457.765,7446.144,7315.954,,,,
137  Ba  [ No Gas ] :  Concentration value = 144.75 is over the calibration range137  Ba  [ He ] :  Concentration value = 118.86 is over the calibration range137  Ba  [ He ] :  CPS RSD value = 5.45 is over the allowed maximum = 5.00138  Ba  [ He ] :  Concentration value = 124.40 is over the calibration range138  Ba  [ He ] :  CPS RSD value = 8.22 is over the allowed maximum = 5.00172  Yb  [ He ] :  CPS RSD value = 5.67 is over the allowed maximum = 5.00,FALSE,297SMPL.d,15-05-2025 07:47,Sample,,MCS 803,3641.5389,2101,39243.958,42683.56,3438.709,3193.662,6832.972,7400.129,44133.991,44374.571,34489.889,33610.15,6329.068,6084.683,13322.407,13177.794,13492.804,12889.912,32169.76,27125.597,18487.787,21778.062,221447.144,178227.614,109656.604,88578.42,29527.81,28110.461,7235.434,7283.178,532.021,527.213,6.052,<0.000,214.531,169.228,6493.969,6258.557,126.49,108.516,13883.38,13613.343,527125.111,432849.685,453005.134,76289.41,66462.036,159306.75,129134.883,15867.843,15411.979,61115.131,58507.941,11918.879,11834.377,1467.067,1349.538,11421.107,10825.736,1505.933,1386.524,7801.801,7579.64,1251.337,1246.699,3172.686,3222.965,396.364,364.302,2430.605,2448.818,309.928,292.179,267.598,258.324,1456.234,1426.471,1117.006,1081.48,40795.06,36808.935,37594.688,37544.263,1175.632,1108.808,41525.479,41720.479,8163.688,8598.62,,,,
137  Ba  [ No Gas ] :  Concentration value = 189.28 is over the calibration range137  Ba  [ He ] :  Concentration value = 154.86 is over the calibration range138  Ba  [ He ] :  Concentration value = 170.57 is over the calibration range,FALSE,298SMPL.d,15-05-2025 07:51,Sample,,MCS 804,3802.2219,2102,32295.56,35064.683,2111.73,2597.409,10940.296,11421.731,91687.361,81496.726,77069.21,65141.232,12069.417,11749.58,24426.281,24266.684,21804.304,21432.587,72253.49,64395.537,20857.365,23175.063,172658.766,139844.458,95869.792,77294.196,24433.003,23900.781,8981.468,8966.36,1000.569,987.377,7.864,<0.000,308.307,281.108,5886.787,5732.412,96.599,30.541,11117.249,10845.919,719690.394,588799.313,648554.548,63454.581,55169.402,136968.079,111023.215,13075.031,12645.746,49657.71,49057.619,9400.179,9414.589,1626.238,1574.837,9086.122,7987.251,1136.941,1062.303,6284.34,5910.26,1047.743,1030.322,2974.895,2875.854,376.559,360.681,2748.969,2599.426,342.343,321.965,342.171,309.618,1462.43,1422.787,846.261,838.426,30821.943,28816.048,30182.634,29436.111,419.311,389.779,26874.608,26476.454,4228.349,4266,,,,
"121  Sb  [ No Gas ] :  CPS RSD value = 6.58 is over the allowed maximum = 5.00137  Ba  [ No Gas ] :  Concentration value = 214.44 is over the calibration range137  Ba  [ No Gas ] :  CPS RSD value = 6.98 is over the allowed maximum = 5.00137  Ba  [ He ] :  Concentration value = 180.36 is over the calibration range138  Ba  [ He ] :  Concentration value = 187.11 is over the calibration range140  Ce  [ No Gas ] :  CPS RSD value = 7.17 is over the allowed maximum = 5.00238  U  [ No Gas ] :  CPS RSD value = 5.07 is over the allowed maximum = 5.00103  Rh ( ISTD )  [ No Gas ] :  CPS RSD value = 27.47 is over the allowed maximum = 5.00103  Rh ( ISTD )  [ No Gas ] :  ISTD Recovery Percent value = 135.81 is outside the allowed range [80.00, 120.00]",FALSE,299SMPL.d,15-05-2025 07:55,Sample,,MCS 805,3522.0649,2103,33169.641,35165.07,2141.841,2015.86,10682.115,11551.522,92479.986,82831.745,77820.085,68005.746,11081.881,10842.142,25233.159,25267.486,19046.201,19510.298,73666.504,63868.513,21000.351,26572.766,181898.411,146303.698,113674.631,94548.389,36605.237,30952.902,10375.45,10311.116,902.045,880.895,16.391,<0.000,422.415,364.554,5874.177,5754.16,234.752,181.619,10808.947,10530.583,755272.106,635256.193,658996.513,110004.544,97915.341,225340.359,212380.863,22652.435,22244.806,83979.41,83526.678,16207.385,16176.741,2247.275,2140.09,15367.343,13602.15,1786.9,1639.731,9037.809,8444.287,1364.384,1360.728,3756.32,3858.446,485.885,452.834,3169.694,3300.141,428.818,425.609,384.079,376.162,1604.128,1527.151,817.403,862.126,30998.133,29506.244,28197.677,29380.104,380.209,367.953,43430.993,44708.049,6153.33,6669.138,,,,
137  Ba  [ No Gas ] :  Concentration value = 153.85 is over the calibration range137  Ba  [ He ] :  Concentration value = 124.57 is over the calibration range138  Ba  [ He ] :  Concentration value = 134.33 is over the calibration range166  Er  [ He ] :  CPS RSD value = 5.94 is over the allowed maximum = 5.00205  Tl  [ No Gas ] :  CPS RSD value = 5.94 is over the allowed maximum = 5.00209  Bi  [ No Gas ] :  CPS RSD value = 7.33 is over the allowed maximum = 5.00238  U  [ No Gas ] :  CPS RSD value = 6.72 is over the allowed maximum = 5.00,FALSE,300SMPL.d,15-05-2025 07:59,Sample,,MCS 806,3709.531,2104,24902.186,27683.253,1781.447,2294.378,9011.361,9212.019,75642.791,66652.541,67018.691,55524.484,8477.354,8275.875,22521.332,22408.697,17060.02,16677.893,44642.231,38700.353,17878.403,19280.331,157765.284,126569.353,58124.768,45972.659,19957.917,19071.829,13051.878,13470.11,549.582,511.222,23.154,<0.000,62.436,73.132,4514.115,4622.715,217.349,179.753,8043.051,8024.554,570699.334,462082.913,498298.407,31287.807,31497.499,79705.812,63548.701,7610.705,7274.621,30615.106,30281.398,5798.409,5542.168,1308.475,1187.209,5953.444,5184.389,790.626,739.226,4953.852,4488.542,872.446,855.219,2545.184,2521.276,334.071,301.851,2399.606,2316.593,318.222,268.73,457.815,424.651,1183.25,1087.296,668.21,621.932,29970.338,26715.904,28730.744,28226.49,350.76,289.324,15858.295,15750.479,2881.37,2862.223,,,,
137  Ba  [ No Gas ] :  Concentration value = 176.77 is over the calibration range137  Ba  [ He ] :  Concentration value = 149.50 is over the calibration range138  Ba  [ He ] :  Concentration value = 159.54 is over the calibration range205  Tl  [ He ] :  CPS RSD value = 5.37 is over the allowed maximum = 5.00,FALSE,301SMPL.d,15-05-2025 08:03,Sample,,MCS 807,3329.0924,2105,27223.472,27791.462,1837.218,1444.425,8641.473,8901.552,72030.627,63718.109,60933.954,50490.068,8260.761,8012.524,18942.309,18220.933,18168.626,17916.294,57627.663,48992.214,17446.447,19375.961,143746.551,115686.838,112673.15,89290.755,21671.227,21075.89,6368.493,6459.611,758.088,755.351,29.633,8.365,401.425,358.642,5496.332,5232.583,199.53,131.986,8775.445,8568.228,588492.226,497697.969,531115.438,57291.43,49762.661,113445.105,96349.736,11363.244,11025.009,42801.182,43470.412,8397.047,7935.871,1415.932,1422.231,8094.87,7096.479,1000.784,900.602,5630.736,5305.318,914.533,893.094,2756.354,2687.966,376.503,351.129,2938.685,2932.944,406.971,374.296,242.517,235.117,2626.18,2478.849,682.775,702.001,32431.591,30973.521,31390.412,31086.627,363.867,325.53,23632.96,23454.324,3808.532,3913.237,,,,
139  La  [ He ] :  CPS RSD value = 7.50 is over the allowed maximum = 5.00178  Hf  [ No Gas ] :  CPS RSD value = 5.22 is over the allowed maximum = 5.00209  Bi  [ He ] :  CPS RSD value = 11.53 is over the allowed maximum = 5.00,FALSE,302_QC1.d,15-05-2025 08:07,QC1,,QC MES 50 ppb,1,4102,51.813,46.634,47.769,47.757,44.628,39.391,51.666,44.794,49.405,42.171,51.133,42.965,41.62,42.763,50.401,42.69,41.499,38.346,54.54,44.294,55.153,45.378,52.412,42.413,55.211,46.055,55.051,46.361,47.942,46.889,53.996,44.474,51.296,49.583,59.278,49.857,58.872,49.499,59.04,49.133,56.161,54.501,52.821,58.683,54.036,60.422,55.117,58.848,57.965,53.68,51.765,52.679,51.669,62.398,51.858,55.517,52.963,62.059,60.017,65.409,52.648,62.011,61.175,63.795,53.643,63.898,60.807,55.216,55.909,63.304,51.295,65.984,56.451,62.144,58.595,65.96,67.083,55.935,59.532,67.633,55.565,67.297,63.695,67.93,65.424,67.696,72.486,,,,
137  Ba  [ No Gas ] :  Concentration value = 155.86 is over the calibration range137  Ba  [ He ] :  Concentration value = 129.30 is over the calibration range138  Ba  [ He ] :  Concentration value = 142.65 is over the calibration range157  Gd  [ He ] :  CPS RSD value = 5.80 is over the allowed maximum = 5.00166  Er  [ He ] :  CPS RSD value = 5.58 is over the allowed maximum = 5.00103  Rh ( ISTD )  [ No Gas ] :  CPS RSD value = 6.74 is over the allowed maximum = 5.00,FALSE,303SMPL.d,15-05-2025 08:11,Sample,,MCS 808,3324.707,2106,38132.487,37777.544,3301.065,3591.051,3992.611,4403.756,27228.446,26897.578,19816.64,18855.954,4143.618,4012.979,7451.659,7199.539,6543.564,6150.977,20512.82,16421.351,14612.684,15182.527,243048.953,194104.594,105986.555,84718.062,14773.847,14082.606,3886.292,3914.018,633.234,578.775,137.914,119.212,393.363,353.49,6159.854,6114.271,104.675,4.309,12080.097,12073.62,518200.804,429873.899,474266.182,19576.834,19882.265,46977.686,37917.067,4780.93,4732.086,18377.481,18019.242,4171.038,4035.811,961.91,885.488,4198.427,3795.496,591.817,536.097,3490.771,3410.75,585.722,557.661,1615.388,1639.383,198.795,189.944,1426.369,1410.33,160.171,150.41,193.868,173.369,1777.528,1705.764,1183.326,1151.78,40665.271,37651.994,39037.305,38442.499,823.511,754.722,12857.965,12804.733,3647.137,3839.412,,,,
137  Ba  [ No Gas ] :  Concentration value = 118.05 is over the calibration range137  Ba  [ No Gas ] :  CPS RSD value = 10.25 is over the allowed maximum = 5.00137  Ba  [ He ] :  Concentration value = 104.30 is over the calibration range139  La  [ No Gas ] :  CPS RSD value = 11.03 is over the allowed maximum = 5.00157  Gd  [ He ] :  CPS RSD value = 5.52 is over the allowed maximum = 5.00165  Ho  [ He ] :  CPS RSD value = 6.17 is over the allowed maximum = 5.00,FALSE,304SMPL.d,15-05-2025 08:15,Sample,,MCS 809,3799.8791,2107,43827.896,42580.672,3744.233,3788.583,6125.476,7055.213,43391.431,43782.795,33745.797,33118.991,6347.699,6150.051,13379.504,13381.793,11617.904,11121.285,29818.884,24896.694,17113.356,18904.528,200106.231,165362.72,79665.776,60995.415,20168.776,19668.3,6146.715,6213.961,245.702,203.951,46.875,35.622,41.202,16.053,6831.179,6819.304,211.494,107.326,14838.669,14500.664,448579.266,396327.212,377387.781,46724.129,41799.802,102081.01,81736.713,10082.162,9775.115,37971.831,37328.959,7763.521,7434.947,1087.496,1024.752,7621.548,6924.159,952.998,866.678,5360.713,5036.969,833.22,798.729,2211.33,2216.292,249.779,234.311,1764.556,1635.588,199.895,176.322,219.595,200.527,1514.404,1469.338,1067.861,1044.26,35543.411,32404.046,33558.958,33423.56,1364.414,1371.71,26615.253,26543.298,6809.125,7005.544,,,,
90  Zr  [ No Gas ] :  CPS RSD value = 9.13 is over the allowed maximum = 5.0095  Mo  [ He ] :  CPS RSD value = 5.78 is over the allowed maximum = 5.00137  Ba  [ No Gas ] :  Concentration value = 358.39 is over the calibration range137  Ba  [ He ] :  Concentration value = 290.96 is over the calibration range138  Ba  [ He ] :  Concentration value = 324.86 is over the calibration range140  Ce  [ No Gas ] :  CPS RSD value = 8.68 is over the allowed maximum = 5.00178  Hf  [ No Gas ] :  CPS RSD value = 5.36 is over the allowed maximum = 5.00178  Hf  [ He ] :  CPS RSD value = 6.51 is over the allowed maximum = 5.00209  Bi  [ No Gas ] :  CPS RSD value = 8.14 is over the allowed maximum = 5.00,FALSE,305_QC2.d,15-05-2025 08:19,QC2,,SJS-Std,3650.7995,4103,47702.588,52857.599,1414.543,1348.091,8915.056,9685.465,116534.835,99841.639,124600.05,103957.014,11212.182,10821.711,70296.535,70296.954,30267.931,29934.676,90509.998,81117.086,15413.23,14967.329,107253.622,87139.234,277411.92,223203.49,15373.559,15095.231,64893.017,57462.125,3294.617,3206.242,341.784,241.707,462.673,341.889,1444.685,1468.575,1474.449,1317.059,5225.715,5131.426,1308396.682,1062254.144,1185981.453,20697.769,20309.643,44221.631,39883.955,4839.025,4589.938,18811.199,17914.964,3669.789,3701.973,1047.728,867.713,3896.857,3435.674,498.953,437.405,3340,3096.22,600.431,556.875,1828.049,1785.422,251.787,229.319,1846.752,1787.915,259.052,237.275,2423.113,2342.252,946.704,970.178,594.668,590.445,22135.41,20360.237,21377.182,20639.533,292.736,257.356,11040.264,10840.676,3677.658,3750.764,,,,
137  Ba  [ No Gas ] :  Concentration value = 243.34 is over the calibration range137  Ba  [ He ] :  Concentration value = 196.37 is over the calibration range138  Ba  [ He ] :  Concentration value = 218.45 is over the calibration range,FALSE,306SMPL.d,15-05-2025 08:23,Sample,,MCS 810,3459.3995,2108,34396.07,36051.328,2731.453,2171.605,9774.653,10244.446,93197.551,81230.591,76833.165,63810.118,12009.308,12058.927,23980.889,23562.15,19904.824,19618.72,69680.886,62748.996,21041.72,22995.868,193278.739,155471.597,97082.356,75702.678,25447.205,24394.027,12998.733,12779.47,513.618,510.88,52.642,20.728,26.314,<0.000,5283.228,5349.414,329.879,208.868,10156.926,9870.972,841816.073,679323.384,755721.321,78552.424,65543.079,159624.95,127916.813,15242.168,15003.158,59838.51,55777.789,10911.815,11068.105,1903.356,1632.494,10548.845,9546.058,1305.062,1111.849,6680.251,6506.001,1062.069,993.125,2797.084,2822.359,340.142,312.232,2246.836,2273.778,280.758,275.911,491.277,469.704,1472.07,1409.004,904.406,873.813,30038.451,27868.708,29051.117,28945.744,383.457,351.815,29601.359,30434.475,5768.333,5786.176,,,,
89  Y  [ No Gas ] :  CPS RSD value = 9.21 is over the allowed maximum = 5.00137  Ba  [ No Gas ] :  Concentration value = 235.94 is over the calibration range137  Ba  [ He ] :  Concentration value = 188.95 is over the calibration range138  Ba  [ He ] :  Concentration value = 203.47 is over the calibration range140  Ce  [ He ] :  CPS RSD value = 7.93 is over the allowed maximum = 5.00147  Sm  [ He ] :  CPS RSD value = 5.61 is over the allowed maximum = 5.00209  Bi  [ He ] :  CPS RSD value = 6.76 is over the allowed maximum = 5.00103  Rh ( ISTD )  [ No Gas ] :  CPS RSD value = 9.49 is over the allowed maximum = 5.00,FALSE,307SMPL.d,15-05-2025 08:28,Sample,,MCS 811,3785.3805,2109,43336.446,48060.495,2590.17,2970.296,14646.325,15376.807,124919.591,111267.043,106711.743,89286.568,16847.58,16744.089,39001.188,38085.816,35884.076,36158.078,94430.15,78947.304,27935.762,31968.512,242530.356,185318.769,47974.834,36301.098,33765.096,30275.773,17882.119,17663.077,816.478,780.891,65.573,2.926,66.163,5.331,7718.902,7154.068,338.346,291.331,13627.41,12780.6,893138.557,715238.792,770226.666,93724.151,80737.783,199306.839,170144.022,18832.647,18058.783,73072.084,68526.332,13570.724,12968.913,2049.325,1843.169,13238.327,11464.209,1619.967,1453.102,8855.416,8125.317,1401.413,1343.731,3839.301,3693.634,491.804,464.624,3393.075,3383.388,458.598,402.825,627.276,626.025,2094.498,1963.749,1090.78,1081.185,34372.561,32464.576,34132.04,33196.713,620.802,584.625,42023.592,40416.909,6021.264,6442.073,,,,
137  Ba  [ No Gas ] :  Concentration value = 140.27 is over the calibration range137  Ba  [ He ] :  Concentration value = 109.90 is over the calibration range138  Ba  [ He ] :  Concentration value = 107.32 is over the calibration range169  Tm  [ No Gas ] :  CPS RSD value = 5.38 is over the allowed maximum = 5.00,FALSE,308SMPL.d,15-05-2025 08:32,Sample,,MCS 812,3520.0881,2110,34748.112,40076.554,3146.792,3217.131,4367.078,4750.761,29156.795,29688.575,20632.671,20427.022,3827.895,3842.115,7227.772,7041.821,6593.793,6304.917,17518.674,15121.609,15239.172,16074.811,236927.936,192563.649,85112.445,67195.762,15752.807,15020.328,5958.029,5938.213,236.516,251.233,64.45,<0.000,68.363,9.914,5195.795,5005.684,99.508,14.595,11643.804,11257.338,493746.324,386869.839,377787.473,44291.85,38069.069,96402.272,75062.473,9074.409,8823.357,34576.706,33405.19,6903.33,6768.519,950.633,876.741,6560.471,5603.854,759.908,715.618,4422.93,3854.373,634.604,614.115,1719.691,1631.698,181.197,173.638,1330.085,1312.062,143.16,128.696,199.552,189.621,1067.033,1010.457,1026.494,1051.264,39833.201,36313.349,37096.063,37638.815,711.255,702.56,23167.393,22861.705,3584.457,3826.722,,,,
121  Sb  [ No Gas ] :  CPS RSD value = 5.01 is over the allowed maximum = 5.00137  Ba  [ No Gas ] :  Concentration value = 134.93 is over the calibration range137  Ba  [ He ] :  Concentration value = 108.77 is over the calibration range138  Ba  [ He ] :  Concentration value = 105.88 is over the calibration range,FALSE,309SMPL.d,15-05-2025 08:36,Sample,,MCS 813,3754.974,2111,22078.29,23562.072,1657.662,1698.534,7799.858,8041.635,63890.415,55819.611,45172.908,44115.851,6307.603,6255.372,15350.511,15612.559,11447.298,11308.551,35603.977,30295.973,15218.219,17435.322,122209.374,98242.567,56037.161,42928.332,21755.641,21310.666,7574.546,7633.039,187.585,201.541,<0.000,<0.000,<0.000,<0.000,3875.621,3859.031,168.519,94.383,7225.292,6896.521,506673.46,408411.531,397576.729,54755.51,46531.528,112727.05,90042.455,10950.755,10353.165,40795.516,39988.495,7690.022,7321.972,1240.161,1109.745,7287.988,6456.405,899.572,846.707,5423.123,5001.666,939.098,907.677,2794.436,2647.991,370.061,334.588,2588.787,2498.67,328.159,323.611,260.059,245.201,1046.436,1022.156,564.262,527.639,27221.581,25471.95,25495.777,25381.922,252.746,243.469,19989.226,19942.371,2843.413,2857.508,,,,
137  Ba  [ No Gas ] :  Concentration value = 228.90 is over the calibration range137  Ba  [ He ] :  Concentration value = 190.99 is over the calibration range138  Ba  [ He ] :  Concentration value = 200.46 is over the calibration range166  Er  [ He ] :  CPS RSD value = 6.57 is over the allowed maximum = 5.00175  Lu  [ No Gas ] :  CPS RSD value = 5.36 is over the allowed maximum = 5.00209  Bi  [ He ] :  CPS RSD value = 6.07 is over the allowed maximum = 5.00,FALSE,310SMPL.d,15-05-2025 08:40,Sample,,MCS 814,3922.929,2112,42662.256,47564.596,3208.77,3223.157,15462.004,16342.263,127561.489,111213.706,112726.839,96454.152,16463.789,16234.074,41163.835,40964.255,36014.035,35561.98,92984.255,81244.135,28101.439,32137.26,242303.464,193447.994,47365.89,34741.73,43035.847,36474.229,15733.391,15469.724,714.908,704.544,82.446,37.155,78.091,11.048,7961.254,7366.249,389.478,337.497,14501.854,13434.174,897976.814,749239.922,786374.958,100009.852,84981.131,197957.388,184528.852,20078.223,19026.537,75641.862,71625.072,14493.819,14225.678,2363.643,2148.302,13913.701,12527.262,1734.198,1573.161,9727.09,9091.613,1550.694,1555.26,4360.477,4285.835,564.18,557.448,3735.205,3761.094,501.863,486.654,586.199,546.157,2141.626,2046.687,1132.84,1074.167,34626.283,32195.11,32448.941,32689.578,673.401,627.202,37851.461,38736.08,6202.475,6377.108,,,,
88  Sr  [ No Gas ] :  CPS RSD value = 9.30 is over the allowed maximum = 5.00137  Ba  [ No Gas ] :  Concentration value = 224.46 is over the calibration range137  Ba  [ He ] :  Concentration value = 185.24 is over the calibration range138  Ba  [ He ] :  Concentration value = 199.42 is over the calibration range163  Dy  [ He ] :  CPS RSD value = 5.46 is over the allowed maximum = 5.00,FALSE,311SMPL.d,15-05-2025 08:44,Sample,,MCS 815,3753.5953,2201,53599.612,57585.365,3507.21,3361.239,17034.735,17413.101,173761.022,153555.923,148388.766,126038.439,27199.845,26309.466,60046.175,60965.235,65796.287,64741.335,145154.804,124868.023,36764.932,35623.818,229068.05,179322.526,32617.098,26714.267,27990.029,27089.578,18135.714,17670.268,1442.165,1363.62,24.122,<0.000,102.665,44.929,10188.696,10024.223,558.1,441.602,17113.743,16339.097,842539.388,695325.405,748554.161,64253.172,54335.274,146919.654,114704.95,13033.387,12735.838,50478.668,48125.519,9743.49,9366.94,1536.206,1401.251,9661.666,8235.395,1208.389,1122.196,6842.95,6502.194,1175.599,1131.189,3319.435,3321.27,458.444,435.198,3147.437,3131.036,418.069,397.647,664.644,626.645,2806.74,2710.735,1404.606,1384.443,37005.091,34333.609,35525.615,35328.606,1102.992,1021.382,27279.167,27172.22,6556.465,6947.658,,,,
95  Mo  [ No Gas ] :  CPS RSD value = 5.55 is over the allowed maximum = 5.00137  Ba  [ No Gas ] :  Concentration value = 259.86 is over the calibration range137  Ba  [ He ] :  Concentration value = 205.22 is over the calibration range138  Ba  [ He ] :  Concentration value = 222.34 is over the calibration range157  Gd  [ No Gas ] :  CPS RSD value = 5.28 is over the allowed maximum = 5.00172  Yb  [ He ] :  CPS RSD value = 5.12 is over the allowed maximum = 5.00,FALSE,312SMPL.d,15-05-2025 08:48,Sample,,MCS 816,3594.7578,2202,53747.734,58412.216,2872.921,2887.155,17607.278,18098.024,163705.738,140272.555,138687.605,118080.757,22282.504,21548.382,55184.701,55047.675,54468.263,53506.914,123331.923,107912.205,35097.623,37022.475,249506.277,200283.284,41723.601,30352.957,26129.519,25258.205,17884.207,17466.275,1370.05,1284.008,23.765,<0.000,84.358,30.372,9208.105,9139.97,507.025,420.118,16216.71,15837.038,934141.496,737714.607,799269.242,92141.283,78415.286,205229.792,187342.836,18351.222,17472.963,69729.152,67578.184,12940.459,12551.528,1841.805,1629.704,12484.937,10728.778,1392.881,1271.408,6905.854,6621.946,1095.201,1056.742,3008.847,3039.93,381.996,373.459,2675.14,2734.658,365.366,325.53,672.546,605.195,2641.977,2570.896,1361.867,1345.792,36323.622,33766.824,35814.779,35105.709,830.084,786.496,40159.683,40179.322,7169.037,7358.96,,,,
137  Ba  [ No Gas ] :  Concentration value = 241.57 is over the calibration range137  Ba  [ He ] :  Concentration value = 198.78 is over the calibration range138  Ba  [ He ] :  Concentration value = 214.33 is over the calibration range175  Lu  [ No Gas ] :  CPS RSD value = 6.07 is over the allowed maximum = 5.00,FALSE,313SMPL.d,15-05-2025 08:52,Sample,,MCS 817,3872.0637,2203,43991.167,47468.647,2663.139,2966.824,14497.353,14838.79,124984.797,111016.437,104504.713,87700.922,15911.504,15708.464,37376.51,36579.683,36476.846,36340.142,116855.346,101715.901,28317.156,32344.356,246260.899,191967.317,118666.452,94241.226,44488.769,36912.298,13105.252,12752.714,1486.46,1416.767,104.834,48.274,508.891,447.128,8373.484,7752.197,367.041,327.101,15955.969,15110.185,935362.033,769671.313,829881.955,113591.459,98043.557,235883.564,216478.31,22776.637,22402.064,86836.609,83041.416,17006.967,16526.335,2541.728,2328.925,16591.079,14593.242,1982.547,1818.25,10722.814,9802.874,1682.411,1641.132,4538.105,4533.721,599.627,547.017,3940.629,4015.251,542.868,460.226,516.681,466.301,2117.822,2072.393,1219.032,1187.717,42331.05,38428.695,39572.898,39867.761,768.87,684.353,42148.252,43458.399,7429.407,7632.795,,,,
"95  Mo  [ No Gas ] :  CPS RSD value = 5.79 is over the allowed maximum = 5.00111  Cd  [ No Gas ] :  CPS RSD value = 6.82 is over the allowed maximum = 5.00121  Sb  [ No Gas ] :  CPS RSD value = 5.33 is over the allowed maximum = 5.00139  La  [ He ] :  CPS RSD value = 9.20 is over the allowed maximum = 5.00141  Pr  [ He ] :  CPS RSD value = 7.61 is over the allowed maximum = 5.00147  Sm  [ No Gas ] :  CPS RSD value = 5.47 is over the allowed maximum = 5.00178  Hf  [ No Gas ] :  CPS RSD value = 9.39 is over the allowed maximum = 5.00205  Tl  [ He ] :  CPS RSD value = 10.06 is over the allowed maximum = 5.00209  Bi  [ He ] :  CPS RSD value = 8.92 is over the allowed maximum = 5.00103  Rh ( ISTD )  [ No Gas ] :  CPS RSD value = 29.84 is over the allowed maximum = 5.00103  Rh ( ISTD )  [ No Gas ] :  ISTD Recovery Percent value = 124.76 is outside the allowed range [80.00, 120.00]103  Rh ( ISTD )  [ He ] :  CPS RSD value = 9.78 is over the allowed maximum = 5.00",FALSE,314_QC1.d,15-05-2025 08:56,QC1,,QC MES 50 ppb,1,4102,51.816,46.69,47.523,47.886,44.985,39.982,51.083,43.344,50.714,42.834,50.076,42.356,41.449,43.35,50.618,42.928,41.491,38.623,54.249,44.791,54.991,44.832,52.295,42.121,56.119,46.667,54.549,46.617,46.741,47.073,52.388,44.959,49.717,49.685,58.978,49.061,58.207,47.927,57.58,48.929,55.605,54.519,51.532,58.121,52.414,60.098,55.616,60.54,54.053,53.104,51.036,51.636,50.142,62.367,51.855,55.183,52.713,62.601,59.886,65.725,52.828,62.333,59.911,61.787,53.206,64.622,60.729,54.766,54.676,64.305,51.248,62.175,55.084,62.569,57.831,65.913,59.427,56.792,56.623,65.704,55.838,67.113,61.022,68.133,67.16,67.264,69.243,,,,
71  Ga  [ He ] :  CPS RSD value = 5.36 is over the allowed maximum = 5.0090  Zr  [ No Gas ] :  CPS RSD value = 5.26 is over the allowed maximum = 5.00137  Ba  [ No Gas ] :  Concentration value = 126.87 is over the calibration range137  Ba  [ He ] :  Concentration value = 103.42 is over the calibration range138  Ba  [ He ] :  Concentration value = 100.27 is over the calibration range140  Ce  [ No Gas ] :  CPS RSD value = 5.02 is over the allowed maximum = 5.00153  Eu  [ No Gas ] :  CPS RSD value = 6.78 is over the allowed maximum = 5.00159  Tb  [ No Gas ] :  CPS RSD value = 5.29 is over the allowed maximum = 5.00208  Pb  [ No Gas ] :  CPS RSD value = 6.30 is over the allowed maximum = 5.00209  Bi  [ No Gas ] :  CPS RSD value = 7.69 is over the allowed maximum = 5.00238  U  [ No Gas ] :  CPS RSD value = 5.18 is over the allowed maximum = 5.00238  U  [ He ] :  CPS RSD value = 5.45 is over the allowed maximum = 5.00103  Rh ( ISTD )  [ No Gas ] :  CPS RSD value = 25.33 is over the allowed maximum = 5.00,FALSE,315SMPL.d,15-05-2025 09:00,Sample,,MCS 818,3750.3248,2204,26960.616,30887.61,2382.84,2527.336,5915.245,6518.301,38667.06,40192.738,29530.304,28295.096,4825.142,4779.069,10988.398,10549.825,6837.856,6581.476,24805.206,20907.332,18230.036,19563.507,180706.403,146917.416,91981.761,70582.861,17549.377,17496.321,6441.189,6269.532,490.385,486.376,92.533,68.503,165.095,89.779,4894.983,4862.939,162.211,75.8,9165.604,9084.304,475801.741,387844.151,376055.143,45059.922,38202.485,94203.626,77040.488,9360.328,9058.589,34601.275,33682.333,6678.688,6486.302,1072.414,934.085,6259.339,5622.19,787.082,685.821,4568.594,4353.15,794.03,747.113,2264.619,2328.994,347.793,316.907,2474.383,2466.794,343.308,312.956,270.162,250.77,1142.13,1163.798,849.548,857.523,34176.804,30868.291,32245.394,31808.31,440.734,406.684,25590.039,25187.022,4597.05,4723.68,,,,
137  Ba  [ No Gas ] :  Concentration value = 153.93 is over the calibration range137  Ba  [ He ] :  Concentration value = 123.82 is over the calibration range138  Ba  [ He ] :  Concentration value = 123.18 is over the calibration range138  Ba  [ He ] :  CPS RSD value = 5.09 is over the allowed maximum = 5.00166  Er  [ No Gas ] :  CPS RSD value = 5.51 is over the allowed maximum = 5.00172  Yb  [ No Gas ] :  CPS RSD value = 5.65 is over the allowed maximum = 5.00207  [Pb]  [ He ] :  CPS RSD value = 5.27 is over the allowed maximum = 5.00232  Th  [ He ] :  CPS RSD value = 6.12 is over the allowed maximum = 5.00,FALSE,316SMPL.d,15-05-2025 09:04,Sample,,MCS 819,3494.3917,2205,40714.484,41820.548,5938.254,5355.023,4790.845,5180.201,32483.699,32955.191,21825.466,21447.683,4719.648,4657.263,8429.008,8511.856,5845.929,5570.941,20067.436,17920.99,16675.656,18366.417,253579.352,205438.96,86763.192,70374.721,40565.285,34519.383,4688.181,4706.412,168.213,165.25,21.553,9.794,3.958,<0.000,5816.113,5722.722,129.653,72.439,12128.515,11843.868,537885.408,432662.74,430446.942,47111.879,40911.338,98556.702,76214.841,9239.736,9136.038,34042.509,32561.062,6858.665,6714.162,1167.743,1064.643,7299.594,6733.113,1125.624,1005.445,7821.899,7204.505,1490.025,1473.205,4786.948,4611.536,646.736,605.082,4289.07,4042.972,538.007,504.208,186.965,171.273,1192.49,1163.77,1172.839,1137.338,41420.368,38108.347,38809.738,39090.268,707.092,676.903,43602.381,44196.284,5462.336,5587.462,,,,
137  Ba  [ No Gas ] :  Concentration value = 104.10 is over the calibration range137  Ba  [ No Gas ] :  CPS RSD value = 11.89 is over the allowed maximum = 5.00153  Eu  [ He ] :  CPS RSD value = 5.54 is over the allowed maximum = 5.00205  Tl  [ He ] :  CPS RSD value = 5.93 is over the allowed maximum = 5.00232  Th  [ No Gas ] :  CPS RSD value = 5.27 is over the allowed maximum = 5.00,FALSE,317SMPL.d,15-05-2025 09:09,Sample,,MCS 820,3875.1613,2206,22441.025,23056.92,6014.296,6224.762,4963.602,5119.91,34557.957,34784.729,27320.801,25294.726,3965.493,3863.587,11429.774,10859.541,6985.757,6738.457,54298.179,43511.321,15451.038,16454.892,177097.647,139572.075,81199.961,61280.763,21280.657,20558.97,7347.296,7289.693,189.607,170.891,15.314,<0.000,<0.000,<0.000,4704.689,4494.641,168.982,60.25,8773.522,8103.141,403390.325,370651.274,352796.173,49459.144,41547.538,100352.411,83565.131,10389.527,9695.842,37555.182,36856.443,7420.71,7131.993,1195.84,1092.008,7035.8,6456.028,942.29,835.384,5570.574,5299.51,919.612,884.707,2572.329,2634.747,346.224,315.886,2406.506,2330.811,305.476,276.49,261.425,239.093,1122.16,1087.618,775.643,779.792,34752.733,32085.245,32983.307,32430.67,358.246,314.461,28746.267,27290.773,4382.097,4552.835,,,,
90  Zr  [ No Gas ] :  CPS RSD value = 9.42 is over the allowed maximum = 5.0095  Mo  [ He ] :  CPS RSD value = 5.52 is over the allowed maximum = 5.00137  Ba  [ No Gas ] :  Concentration value = 352.84 is over the calibration range137  Ba  [ He ] :  Concentration value = 284.88 is over the calibration range138  Ba  [ He ] :  Concentration value = 308.64 is over the calibration range140  Ce  [ No Gas ] :  CPS RSD value = 12.14 is over the allowed maximum = 5.00175  Lu  [ No Gas ] :  CPS RSD value = 7.93 is over the allowed maximum = 5.00,FALSE,318_QC2.d,15-05-2025 09:13,QC2,,SJS-Std,3650.7995,4103,45665.71,49338.802,1344.935,1752.518,9019.888,9270.599,115299.601,97768.508,121312.479,100081.142,10921.134,10383.648,68267.582,68251.628,29935.913,29106.3,90124.279,78743.438,15266.86,14604.358,105372.153,83489.693,275288.054,215572.615,15231.141,14367.346,62263.257,57227.953,3213.861,3040.885,323.974,202.184,400.033,362.453,1360.48,1362.728,1409.641,1347.344,5129.597,5032.126,1288153.342,1040035.45,1126772.264,20259.599,19639.127,43124.364,38027.113,4648.69,4429.062,18539.625,17278.529,3625.981,3439.941,1051.422,800.713,3754.909,3318.358,497.091,435.212,3175.995,3066.655,595.011,531.607,1762.143,1767.304,245.494,215.796,1809.437,1777.992,247.538,207.83,2276,2252.402,842.866,857.043,565.804,557.082,21536.755,20346.25,21010.083,20422.886,274.023,247.036,11211.327,10509.25,3568.992,3658.884,,,,
137  Ba  [ No Gas ] :  Concentration value = 136.45 is over the calibration range137  Ba  [ He ] :  Concentration value = 106.15 is over the calibration range138  Ba  [ He ] :  Concentration value = 107.09 is over the calibration range147  Sm  [ He ] :  CPS RSD value = 5.38 is over the allowed maximum = 5.00165  Ho  [ He ] :  CPS RSD value = 6.82 is over the allowed maximum = 5.00209  Bi  [ No Gas ] :  CPS RSD value = 5.66 is over the allowed maximum = 5.00,FALSE,319SMPL.d,15-05-2025 09:17,Sample,,MCS 821,3658.5646,2207,24486.222,25991.043,2824.2,2701.917,6501.768,7110.714,42864.913,43400.413,32489.203,31539.907,5415.455,5105.698,12298.976,12102.939,9259.354,8773.371,20068.356,15741.641,16801.951,19101.463,178432.055,146358.017,73093.346,55482.154,40106.044,33505.912,8547.761,8207.056,291.52,313.128,9.459,<0.000,4.736,<0.000,6030.682,5924.736,119.066,18.961,9652.131,9286.521,499210.807,388366.339,391790.156,65083.981,55069.585,133109.55,106988.827,12041.872,11516.801,45496.545,42973.485,8702.003,8417.162,1370.46,1250.967,8994.598,7865.45,1287.911,1164.175,8263.197,7602.967,1472.447,1497.645,4441.502,4230.852,575.075,549.769,3880.972,3974.743,485.479,442.354,325.851,299.638,1238.86,1210.58,833.793,792.352,35030.769,31212.32,32310.422,32292.36,461.903,454.424,27228.344,27827.871,5053.286,5211.712,,,,
9  Be  [ No Gas ] :  CPS RSD value = 5.82 is over the allowed maximum = 5.00121  Sb  [ No Gas ] :  CPS RSD value = 6.54 is over the allowed maximum = 5.00163  Dy  [ He ] :  CPS RSD value = 6.46 is over the allowed maximum = 5.00175  Lu  [ No Gas ] :  CPS RSD value = 5.05 is over the allowed maximum = 5.00,FALSE,320SMPL.d,15-05-2025 09:21,Sample,,MCS 822,3625.2259,2208,19801.381,20107.402,2104.647,1740.242,4836.373,5010.761,32901.901,34288.453,25082.196,23538.631,3889.611,3849.428,10045.219,10085.422,6902.994,6458.599,13728.581,9371.145,13805.958,14287.453,160039.976,128208.574,64217.036,49632.155,16236.511,15654.874,6675.997,6527.468,207.469,218.769,<0.000,<0.000,<0.000,<0.000,4190.169,4081.41,150.523,71.393,7325.992,7150.471,350863.545,333099.551,319847.514,33506.335,33776.975,79773.635,63179.441,7501.777,7391.842,28854.492,27261.095,5568.985,5574.456,1087.712,958.315,5656.676,5141.357,755.288,656.552,4415.136,4194.197,736.296,695.832,1968.485,2020.257,257.615,236.578,1794.628,1814.212,221.955,204.888,237.845,240.134,1033.444,972.265,699.99,683.105,30557.571,27411.072,29149.914,28465.191,394.991,358.625,19600.186,18794.629,6402.672,6839.351,,,,
9  Be  [ No Gas ] :  CPS RSD value = 5.83 is over the allowed maximum = 5.00137  Ba  [ No Gas ] :  Concentration value = 123.71 is over the calibration range139  La  [ No Gas ] :  CPS RSD value = 9.64 is over the allowed maximum = 5.00169  Tm  [ No Gas ] :  CPS RSD value = 7.63 is over the allowed maximum = 5.00,FALSE,321SMPL.d,15-05-2025 09:25,Sample,,MCS 823,3787.463,2209,25297.315,26864.237,2667.485,3006.929,6282.385,6772.694,41787.762,41412.188,33723.314,32413.086,4954.89,4745.99,11651.635,11728.176,8322.796,7771.25,24740.658,19862.36,16175.277,17370.531,181820.601,145423.665,68774.697,52478.372,24756.636,23591.403,8635.571,8509.569,362.278,327.456,9.372,<0.000,79.685,29.334,5765.109,5524.285,152.709,49.072,10257.938,9793.537,468542.871,374669.218,359062.73,41393.217,38625.604,94103.894,76422.714,9466.566,8977.898,35118.533,34744.984,7511.456,6994.593,1218.319,1195.027,7780.854,6746.732,1060.982,971.673,6313.342,5930.554,1075.861,1058.714,2887.407,2824.877,366.464,358.871,2548.244,2502.129,307.211,280.588,328.776,295.959,1174.896,1121.82,830.754,803.693,34521.568,31028.65,31819.174,31872.574,456.619,410.094,26097.467,26105.263,5402.737,5436.716,,,,
137  Ba  [ No Gas ] :  Concentration value = 116.17 is over the calibration range137  Ba  [ No Gas ] :  CPS RSD value = 8.33 is over the allowed maximum = 5.00147  Sm  [ He ] :  CPS RSD value = 5.15 is over the allowed maximum = 5.00153  Eu  [ He ] :  CPS RSD value = 5.12 is over the allowed maximum = 5.00159  Tb  [ He ] :  CPS RSD value = 5.31 is over the allowed maximum = 5.00175  Lu  [ No Gas ] :  CPS RSD value = 6.35 is over the allowed maximum = 5.00,FALSE,322SMPL.d,15-05-2025 09:29,Sample,,MCS 824,3655.9805,2210,16597.066,18311.478,2066.832,2497.508,4413.48,4854.762,28792.864,29747.042,22921.32,21695.9,3326.43,3307.175,7402.057,7060.195,7143.951,6784.811,12186.021,8780.401,12872.174,15685.129,161503.47,126209.173,74266.049,56614.636,22629.649,21806.36,5783.419,5840.939,229.171,214.261,15.529,<0.000,<0.000,<0.000,4089.423,3888.227,125.053,96.629,6410.493,6171.35,424718.274,362350.959,344261.823,58418.508,49890.587,126222.296,100990.953,12720.007,12317.031,50244.994,48087.161,10068.402,9472.34,1151.452,1053.711,9453.579,8549.026,1188.995,1043.697,6436.89,6079.075,1028.597,980.225,2678.718,2743.288,327.216,301.045,2276.349,2152.806,274.359,249.606,208.739,186.064,1740.247,1659.813,675.062,658.317,32761.091,29203.647,31187.393,30476.822,303.013,282.365,43348.151,42584.367,4218.034,4369.937,,,,
9  Be  [ No Gas ] :  CPS RSD value = 5.41 is over the allowed maximum = 5.00137  Ba  [ No Gas ] :  Concentration value = 126.06 is over the calibration range137  Ba  [ He ] :  Concentration value = 100.76 is over the calibration range147  Sm  [ He ] :  CPS RSD value = 5.47 is over the allowed maximum = 5.00175  Lu  [ No Gas ] :  CPS RSD value = 6.01 is over the allowed maximum = 5.00181  Ta  [ He ] :  CPS RSD value = 5.37 is over the allowed maximum = 5.00209  Bi  [ He ] :  CPS RSD value = 5.06 is over the allowed maximum = 5.00,FALSE,323SMPL.d,15-05-2025 09:33,Sample,,MCS 825,3748.774,2211,31518.997,34949.885,2904.659,2941.606,3874.181,4066.768,25315.753,25391.374,18143.957,16862.376,3222.515,3075.995,6509.893,6005.026,5186.4,4927.089,13865.332,10135.031,14518.419,16063.336,217634.868,174247.373,84785.212,67552.92,19813.978,18968.854,4943.748,4846.873,176.606,122.9,<0.000,<0.000,37.008,<0.000,5207.51,5269.123,81.596,<0.000,10999.666,10847.706,472569.043,377714.271,361316.358,29976.18,30157.153,74912.498,59248.86,7323.196,7145.4,28647.135,27811.823,6268.217,6062.681,1008.869,910.654,6500.273,5712.353,872.322,835.732,5333.717,5031.818,849.082,849.327,2361.368,2339.291,290.058,266.213,2031.322,2013.876,231.828,214.69,165.189,156.737,1146.726,1066.704,1031.3,995.317,39555.62,35927.301,38046.468,37301.884,742.545,692.535,20803.684,20732.407,4331.146,4341.561,,,,
121  Sb  [ No Gas ] :  CPS RSD value = 5.82 is over the allowed maximum = 5.00137  Ba  [ No Gas ] :  Concentration value = 108.93 is over the calibration range137  Ba  [ No Gas ] :  CPS RSD value = 11.39 is over the allowed maximum = 5.00147  Sm  [ He ] :  CPS RSD value = 5.97 is over the allowed maximum = 5.00169  Tm  [ No Gas ] :  CPS RSD value = 6.70 is over the allowed maximum = 5.00205  Tl  [ No Gas ] :  CPS RSD value = 5.93 is over the allowed maximum = 5.00,FALSE,324SMPL.d,15-05-2025 09:37,Sample,,MCS 826,3808.1441,2212,28280.222,30766.374,2710.131,2847.574,3860.412,4267.963,26553.781,26370.685,20185.018,19365.621,3378.638,3260.085,6373.076,6537.974,6353.255,5925.504,6486.355,4589.153,13816.44,14540.104,198589.392,164401.399,81094.25,64680.884,13209.434,13042.415,4426.738,4383.129,47.858,71.815,<0.000,<0.000,<0.000,<0.000,4394.404,4264.178,69.162,38.485,9649.889,9492.375,414825.224,380622.657,364332.041,24854.724,24188.065,56905.808,46530.455,5656.453,5321.764,21376.697,20636.031,4180.594,4049.123,1043.734,976.716,4141.021,3784.647,552.198,482.267,3315.091,3103.833,543.441,506.226,1528.182,1567.868,176.663,159.09,1352.68,1250.243,142.526,127.517,147.957,143.117,952.839,901.424,888.822,892.689,36927.842,34027.962,36543.752,35172.905,455.933,450.431,14162.579,13261.972,3137.327,3332.897,,,,
137  Ba  [ No Gas ] :  Concentration value = 129.24 is over the calibration range137  Ba  [ He ] :  Concentration value = 104.09 is over the calibration range153  Eu  [ He ] :  CPS RSD value = 5.81 is over the allowed maximum = 5.00165  Ho  [ He ] :  CPS RSD value = 7.61 is over the allowed maximum = 5.00172  Yb  [ He ] :  CPS RSD value = 6.70 is over the allowed maximum = 5.00181  Ta  [ He ] :  CPS RSD value = 5.79 is over the allowed maximum = 5.00232  Th  [ He ] :  CPS RSD value = 5.24 is over the allowed maximum = 5.00,FALSE,325SMPL.d,15-05-2025 09:41,Sample,,MCS 827,3825.5058,2301,21236.085,25333.598,1767.875,1977.644,7884.288,8339.719,61326.813,53485.379,47091.068,46613.701,6199.677,6001.325,15451.21,15604.464,10529.276,10409.751,27025.778,22662.619,15767.756,18669.064,116152.939,96637.149,63450.538,47482.803,24666.633,23714.883,8675.905,8329.619,194.74,186.458,<0.000,<0.000,<0.000,<0.000,3776.367,3471.265,157.082,99.129,7267.685,6951.956,494406.72,398190.991,381476.99,75028.384,64385.778,155977.886,121224.447,14981.973,14564.673,56791.662,54215.907,10786.497,10348.196,1630.12,1460.964,9826.662,8564.407,1146.81,1036.901,6464.817,6034.435,1061.158,1012.949,3036.15,3057.417,388.081,355.458,2729.656,2645.929,349.324,329.69,300.394,272.572,1000.658,960.382,539.15,504.286,26977.937,25585.618,26405.793,25996.135,248.112,228.497,29989.762,30400.801,3938.797,4115.336,,,,
7  Li  [ No Gas ] :  CPS RSD value = 5.63 is over the allowed maximum = 5.00139  La  [ He ] :  CPS RSD value = 12.01 is over the allowed maximum = 5.00165  Ho  [ He ] :  CPS RSD value = 5.41 is over the allowed maximum = 5.00178  Hf  [ No Gas ] :  CPS RSD value = 9.75 is over the allowed maximum = 5.00205  Tl  [ He ] :  CPS RSD value = 9.25 is over the allowed maximum = 5.00209  Bi  [ He ] :  CPS RSD value = 8.99 is over the allowed maximum = 5.00,FALSE,326_QC1.d,15-05-2025 09:45,QC1,,QC MES 50 ppb,1,4102,48.953,46.421,47.415,47.951,48.058,41.8,52.303,44.622,51.168,43.01,51.526,42.777,42.273,43.11,51.781,43.39,42.711,38.745,54.631,44.754,55.822,45.044,52.635,41.97,56.315,46.471,55.697,46.028,47.838,47.664,50.508,44.399,52.222,48.069,58.022,49.205,59.621,47.942,57.055,49.527,56.593,53.05,51.801,59.108,53.534,58.839,54.532,59.711,57.765,50.966,50.049,52.067,51.703,60.019,50.399,55.759,53.624,58.83,57.879,66.538,53.071,58.716,58.871,62.611,52.918,62.349,60.086,53.642,53.443,63.049,52.09,59.689,54.587,62.288,58.747,63.834,60.441,56.975,55.894,64.676,55.534,64.075,57.13,66.996,65.229,65.22,68.179,,,,
71  Ga  [ He ] :  CPS RSD value = 6.10 is over the allowed maximum = 5.0090  Zr  [ He ] :  CPS RSD value = 28.71 is over the allowed maximum = 5.00137  Ba  [ No Gas ] :  Concentration value = 131.53 is over the calibration range137  Ba  [ He ] :  Concentration value = 103.63 is over the calibration range166  Er  [ He ] :  CPS RSD value = 5.04 is over the allowed maximum = 5.00,FALSE,327SMPL.d,15-05-2025 09:50,Sample,,MCS 828,3758.1329,2302,30951.569,34321.144,3248.122,2671.37,4469.285,4955.877,30342.661,30256.164,21729.38,21856.875,4366.256,4123.869,8260.253,8527.814,5759.821,5286.855,14222.249,11567.821,14950.28,15815.322,217789.541,173387.994,75729.788,58852.461,15539.966,14917.805,7179.634,8571.495,168.729,165.729,87.589,52.666,20.07,<0.000,5354.033,5018.445,139.971,88.618,11047.611,10677.499,494316.855,389473.921,374909.205,34698.031,33699.698,85281.607,67248.49,8296.201,7989.845,31389.747,29809.433,6787.486,6378.106,985.423,884.05,6583.177,5550.277,807.82,710.249,4330.281,4039.843,652.261,616.844,1671.402,1660.059,182.585,161.326,1336.136,1242.233,139.244,135.602,299.457,269.537,1085.209,1095.744,1031.445,1015.083,37563.694,34696.826,35555.889,35109.309,610.976,557.322,23004.061,23194.146,4752.594,4891.274,,,,
137  Ba  [ No Gas ] :  Concentration value = 130.23 is over the calibration range137  Ba  [ He ] :  Concentration value = 106.94 is over the calibration range169  Tm  [ No Gas ] :  CPS RSD value = 5.58 is over the allowed maximum = 5.00178  Hf  [ No Gas ] :  CPS RSD value = 5.23 is over the allowed maximum = 5.00,FALSE,328SMPL.d,15-05-2025 09:54,Sample,,MCS 829,3801.3715,2303,33281.652,37101.72,3561.603,3263.617,6489.168,7191.374,44912.218,45562.132,31838.223,31491.55,6042.328,5798.125,11879.439,11995.654,14427.417,14260.052,17177.202,13627.719,17089.366,19347.751,215171.28,172196.367,89644.398,69017.123,25411.632,24609.215,17416.66,17069,858.413,880.155,37.206,20.941,<0.000,<0.000,5408.863,5196.002,178.258,108.353,10802.662,10057.731,495064.987,406531.683,373433.75,66343.256,55910.364,140943.844,109121.916,13733.674,13059.176,52134.135,48748.6,10430.758,10138.318,1487.115,1348.603,10207.456,8732.028,1256.924,1128.484,6943.783,6037.865,1079.909,1023.034,2991.143,2839.656,356.265,332.296,2518.966,2358.149,304.742,303.184,614.066,595.92,1571.749,1516.444,1038.617,1013.068,38056.123,34533.775,36259.417,36199.924,762.019,711.141,32383.176,32296.936,6143.525,6212.518,,,,
137  Ba  [ No Gas ] :  Concentration value = 119.70 is over the calibration range137  Ba  [ No Gas ] :  CPS RSD value = 12.67 is over the allowed maximum = 5.00137  Ba  [ He ] :  Concentration value = 104.58 is over the calibration range138  Ba  [ He ] :  Concentration value = 100.82 is over the calibration range169  Tm  [ No Gas ] :  CPS RSD value = 6.85 is over the allowed maximum = 5.00,FALSE,329SMPL.d,15-05-2025 09:58,Sample,,MCS 830,3571.2525,2304,27666.907,29052.611,3044.218,3461.699,3289.65,3796.636,22257.458,22079.363,14762.99,14108.034,2718.472,2684.4,5031.433,4741.371,5301.687,4987.258,8516.158,6137.283,13955.129,15638.835,208870.325,170522.659,80681.882,63305.586,19646.53,19344.172,4539.733,4684.828,86.376,89.104,3.561,<0.000,<0.000,<0.000,4500.434,4452.941,91.362,71.256,10677.491,10303.531,427471.689,373488.726,360062.435,45868.838,39623.949,96433.64,77088.259,9569.059,9423.425,35883.936,34818.978,7404.006,7294.428,1039.869,972.141,7307.879,6878.285,972.894,866.846,5458.296,5103.582,816.154,803.721,2259.661,2200.052,262.431,238.579,1793.955,1774.069,215.809,186.704,161.709,145.959,903.387,875.422,976.244,971.735,38688.113,34676.453,36139.85,36227.528,617.416,584.573,26809.913,26354.708,4799.316,5115.248,,,,
121  Sb  [ No Gas ] :  CPS RSD value = 6.28 is over the allowed maximum = 5.00137  Ba  [ No Gas ] :  Concentration value = 151.42 is over the calibration range137  Ba  [ He ] :  Concentration value = 121.14 is over the calibration range138  Ba  [ He ] :  Concentration value = 122.48 is over the calibration range138  Ba  [ He ] :  CPS RSD value = 8.26 is over the allowed maximum = 5.00153  Eu  [ He ] :  CPS RSD value = 5.48 is over the allowed maximum = 5.00166  Er  [ He ] :  CPS RSD value = 5.19 is over the allowed maximum = 5.00,FALSE,330SMPL.d,15-05-2025 10:02,Sample,,MCS 831,3866.7773,2305,23506.675,24870.303,1682.854,2605.813,8942.755,9169.541,74186.165,65635.077,64995.621,53410.037,8406.959,8380.586,21476.061,21539.978,18061.092,18284.667,39691.018,34531.155,17448.225,19933.15,148036.712,116152.767,50026.019,39131.245,20556.934,19845.272,8650.247,8466.517,444.461,485.776,1,<0.000,36.296,13.613,4620.377,4332.597,253.627,140.279,7898.283,7654.712,585508.913,468406.251,473588.655,66620.338,56775.724,137108.383,109631.663,13513.105,13109.243,50477.852,48525.837,9803.46,9575.826,1570.687,1453.992,9163.928,8001.589,1068.891,958.907,5724.789,5187.022,920.498,856.764,2476.601,2328.988,308.389,284.327,2248.901,2054.398,266.421,254.748,288.405,276.118,1223.47,1192.27,653.16,592.824,26895.694,25302.836,26675.874,25888.054,360.128,312.94,27545.12,26918.693,4239.507,4279.696,,,,
137  Ba  [ No Gas ] :  Concentration value = 361.72 is over the calibration range137  Ba  [ He ] :  Concentration value = 287.88 is over the calibration range138  Ba  [ He ] :  Concentration value = 313.11 is over the calibration range140  Ce  [ No Gas ] :  CPS RSD value = 5.69 is over the allowed maximum = 5.00159  Tb  [ He ] :  CPS RSD value = 7.39 is over the allowed maximum = 5.00169  Tm  [ No Gas ] :  CPS RSD value = 5.35 is over the allowed maximum = 5.00209  Bi  [ No Gas ] :  CPS RSD value = 5.81 is over the allowed maximum = 5.00,FALSE,331_QC2.d,15-05-2025 10:06,QC2,,SJS-Std,3650.7995,4103,44387.334,49175.1,1404.598,1179.58,9329.121,9715.975,116347.173,98611.676,122869.258,100492.569,11016.275,10866.824,69752.619,68232.689,30632.104,29949.723,90933.652,80520.394,15264.396,15130.84,105540.412,85387.074,282661.27,221418.484,14995.308,14706.606,69100.668,58743.249,3309.373,3161.729,313.722,222.299,384.077,339.318,1465.311,1242.514,1425.288,1316.117,5277.168,5036.967,1320570.404,1050996.768,1143085.762,20687.179,20369.755,44143.286,38320.639,4784.584,4550.01,18716.345,18061.491,3686.269,3424.514,1046.325,874.31,3785.136,3320.572,486.762,451.652,3272.609,2943.023,572.842,549.958,1816.353,1718.005,239.981,222.228,1793.037,1764.568,243.481,208.08,2305.455,2271.287,863.807,858.35,570.618,529.985,21307.556,19733.997,19808.194,19962.582,280.112,237.311,10728.022,10692.62,3480.325,3529.65,,,,
9  Be  [ No Gas ] :  CPS RSD value = 5.30 is over the allowed maximum = 5.0095  Mo  [ No Gas ] :  CPS RSD value = 5.12 is over the allowed maximum = 5.00137  Ba  [ No Gas ] :  Concentration value = 163.76 is over the calibration range137  Ba  [ He ] :  Concentration value = 131.22 is over the calibration range138  Ba  [ He ] :  Concentration value = 146.37 is over the calibration range175  Lu  [ No Gas ] :  CPS RSD value = 6.21 is over the allowed maximum = 5.00205  Tl  [ He ] :  CPS RSD value = 5.00 is over the allowed maximum = 5.00209  Bi  [ No Gas ] :  CPS RSD value = 5.24 is over the allowed maximum = 5.00238  U  [ No Gas ] :  CPS RSD value = 5.88 is over the allowed maximum = 5.00238  U  [ He ] :  CPS RSD value = 6.44 is over the allowed maximum = 5.00,FALSE,332SMPL.d,15-05-2025 10:10,Sample,,MCS 832,3921.4947,2306,27964.298,29265.083,2037.201,2389.279,10482.254,10934.481,88541.635,76918.828,77228.27,63303.47,10925.428,10588.603,25960.398,25877.812,23234.5,23003.946,48925.97,42444.888,19851.07,21853.003,160309.245,129612.89,46139.92,35093.074,24316.068,23630.576,11143.422,10890.328,789.389,829.455,21.145,<0.000,563.633,444.555,5221.225,5065.235,263.592,172.748,9258.426,8984.395,642200.368,514585.707,574002.404,70643.592,60240.101,146322.021,118031.341,14367.337,13980.746,54704.908,53257.832,10328.247,10360.579,1641.227,1511.452,9973.899,8811.022,1221.05,1115.668,6688.174,6321.436,1070.948,1037.004,2924.732,2933.916,364.73,347.452,2568.902,2467.152,313.548,278.187,400.15,381.359,1498.466,1404.644,736.081,725.677,28225.078,26494.322,26817.712,26601.041,530.32,494.971,29394.037,29458.735,4278.969,4239.388,,,,
9  Be  [ No Gas ] :  CPS RSD value = 5.34 is over the allowed maximum = 5.00137  Ba  [ No Gas ] :  Concentration value = 193.57 is over the calibration range137  Ba  [ He ] :  Concentration value = 153.72 is over the calibration range138  Ba  [ He ] :  Concentration value = 164.58 is over the calibration range140  Ce  [ He ] :  CPS RSD value = 10.49 is over the allowed maximum = 5.00169  Tm  [ No Gas ] :  CPS RSD value = 5.46 is over the allowed maximum = 5.00238  U  [ No Gas ] :  CPS RSD value = 5.14 is over the allowed maximum = 5.00103  Rh ( ISTD )  [ No Gas ] :  CPS RSD value = 14.34 is over the allowed maximum = 5.00,FALSE,333SMPL.d,15-05-2025 10:14,Sample,,MCS 833,3871.0718,2307,31495.291,37391.559,2115.224,2036.936,12412.369,12424.42,103859.482,90538.262,112875.321,96285.592,13057.572,12512.265,30140.761,29884.473,26042.115,25906.61,67324.096,59042.596,22970.585,26008.798,190839.532,153767.379,41801.013,31200.807,27646.113,26001.601,13131.065,12845.537,920.083,883.937,29.882,<0.000,<0.000,<0.000,6246.081,5919.421,331.636,249.775,10952.918,10411.76,749310.819,595053.896,637086.952,94336.94,78258.733,195769.55,159327.487,19197.561,18029.84,72541.276,68475.976,13674.337,13409.885,2013.386,1754.276,13096.42,11321.259,1546.279,1342.944,7951.382,7235.389,1229.199,1125.535,3180.075,3144.815,387.132,354.541,2623.409,2631.013,342.956,309.539,477.752,417.682,1716.609,1672.606,897.86,864.114,28493.156,27288.488,26987.133,27217.648,505.832,441.248,36161.528,36219.874,5766.211,5838.027,,,,
7  Li  [ No Gas ] :  CPS RSD value = 5.29 is over the allowed maximum = 5.009  Be  [ No Gas ] :  CPS RSD value = 5.72 is over the allowed maximum = 5.00137  Ba  [ No Gas ] :  Concentration value = 178.83 is over the calibration range137  Ba  [ He ] :  Concentration value = 146.24 is over the calibration range138  Ba  [ He ] :  Concentration value = 155.26 is over the calibration range153  Eu  [ He ] :  CPS RSD value = 5.05 is over the allowed maximum = 5.00165  Ho  [ No Gas ] :  CPS RSD value = 6.28 is over the allowed maximum = 5.00205  Tl  [ No Gas ] :  CPS RSD value = 5.31 is over the allowed maximum = 5.00,FALSE,334SMPL.d,15-05-2025 10:18,Sample,,MCS 834,3820.2384,2308,29558.453,30264.711,1854.815,2045.454,11444.075,11517.332,89513.356,77569.087,72236.586,61433.414,11785.887,11444.265,25609.903,26372.559,21524.971,20647.225,61809.474,53988.955,21120.692,22637.754,176966.852,142056.317,50681.438,39210.805,21433.527,21368.723,11601.073,11299.959,691.361,735.984,7.902,<0.000,<0.000,<0.000,5447.943,5442.102,269.749,213.824,10017.459,9560.877,683155.75,558672.705,593133.859,56583.145,48488.39,117360.814,96803.266,11721.631,10841.047,43444.239,43562.047,8826.045,8117.771,1568.724,1456.527,8195.065,6900.945,952.565,872.612,5533.458,5019.115,920.521,878.23,2725.86,2782.286,371.375,341.09,2607.905,2584.854,336.56,306.517,393.14,360.144,1397.542,1382.153,779.968,738.477,32070.933,29890.787,30663.266,30003.307,416.988,367.741,22404.194,22399.531,3959.74,3946.891,,,,
118  Sn  [ No Gas ] :  CPS RSD value = 5.43 is over the allowed maximum = 5.00153  Eu  [ No Gas ] :  CPS RSD value = 5.82 is over the allowed maximum = 5.00,FALSE,335SMPL.d,15-05-2025 10:22,Sample,,MCS 835,3907.4286,2309,34229.386,36560.365,2775.154,3210.385,5067.378,5208.257,29031.197,29465.599,20341.803,19746.946,3485.378,3207.262,7185.608,7075.616,5340.443,4818.714,17296.618,13429.425,15625.109,16485.12,216751.245,173332.878,76061.974,57153.138,13561.648,13282.117,5165.08,5107.245,60.533,77.088,<0.000,<0.000,<0.000,<0.000,6157.003,5847.625,96.51,52.651,11150.19,10659.811,388062.27,366045.42,353830.547,33857.853,33468.286,81686.029,65500.959,8006.133,7783.669,29912.398,28356.74,5899.222,5832.339,914.144,823.443,5663.985,5012.166,673.872,593.538,3709.448,3370.66,544.245,524.562,1464.385,1418.002,150.333,138.932,1108.773,1040.572,107.591,95.058,192.998,174.384,1263.612,1216.636,1002.337,961.43,35521.154,33057.498,34592.194,33511.166,572.048,529.103,22862.122,22046.924,3854.416,3766.211,,,,
88  Sr  [ No Gas ] :  CPS RSD value = 13.13 is over the allowed maximum = 5.00137  Ba  [ No Gas ] :  Concentration value = 194.88 is over the calibration range137  Ba  [ He ] :  Concentration value = 161.01 is over the calibration range138  Ba  [ He ] :  Concentration value = 168.72 is over the calibration range,FALSE,336SMPL.d,15-05-2025 10:26,Sample,,MCS 836,3787.4201,2310,34305.02,36031.716,2044.022,2377.517,13706.429,14106.026,118670.122,104022.678,107713.768,92027.935,15743.49,15037.216,35324.827,35122.338,32952.309,32294.639,82281.19,71252.9,25770.496,27956.146,195271.719,156028.526,30475.251,25000.284,25565.101,23991.931,12555.365,12305.245,745.626,751.639,5.456,<0.000,15.937,<0.000,7027.239,6791.532,329.024,253.208,11409.799,10943.728,738110.162,609806.138,639029.711,83553.353,71463.681,173703.719,139303.716,16490.413,15943.829,62049.004,60055.686,11755.247,11604.993,1589.146,1407.028,11212.854,9575.798,1308.154,1182.262,6884.442,6362.833,1095.46,1022.796,2896.522,2816.107,378.821,346.198,2678.279,2663.192,342.602,302.073,444.609,440.094,1930.147,1848.285,955.617,921.203,28086.098,26390.452,27307.619,26811.194,483.657,444.685,33849.351,32769.669,5721.584,5660.035,,,,
9  Be  [ No Gas ] :  CPS RSD value = 6.01 is over the allowed maximum = 5.00137  Ba  [ No Gas ] :  Concentration value = 183.96 is over the calibration range137  Ba  [ He ] :  Concentration value = 149.37 is over the calibration range138  Ba  [ He ] :  Concentration value = 163.19 is over the calibration range172  Yb  [ He ] :  CPS RSD value = 5.96 is over the allowed maximum = 5.00,FALSE,337SMPL.d,15-05-2025 10:30,Sample,,MCS 837,3868.8832,2311,33550.038,34942.392,2380.038,2357.224,12738.14,13271.087,100302.044,87885.86,93019.275,77901.285,12777.528,12518.153,31186.145,30982.799,29210.334,28733.504,68852.056,59854.117,22941.545,24154.34,197021.816,154705.737,43349.524,32079.093,25312.437,24119.171,10985.281,10634.629,495.485,523.083,2,<0.000,87.66,32.689,6098.849,5544.657,267.987,168.429,10986.016,10541.088,711738.576,577884.417,631381.306,60800.618,52466.063,126702.688,101678.505,12578.44,12268.916,48741.131,46023.24,9102.689,8980.068,1754.709,1524.415,8755.233,8240.12,1187.513,1059.711,6663.186,6379.931,1132.675,1075.183,3094.738,3101.016,396.839,390.524,2818.596,2819.46,379.04,367.544,424.812,393.814,1620.738,1611.616,934.477,901.997,29855.463,27531.156,28257.596,28342.596,480.198,430.69,25788.108,25672.446,3990.624,4125.304,,,,
118  Sn  [ No Gas ] :  CPS RSD value = 12.27 is over the allowed maximum = 5.00178  Hf  [ No Gas ] :  CPS RSD value = 7.15 is over the allowed maximum = 5.00,FALSE,338_QC1.d,15-05-2025 10:35,QC1,,QC MES 50 ppb,1,4102,48.955,45.131,46.147,47.11,47.464,40.935,51.43,43.134,50.829,42.587,51.249,41.624,41.774,41.958,50.032,42.492,41.153,37.902,54.618,44.063,52.988,43.55,52.598,40.515,53.665,44.726,53.922,45.598,46.531,45.973,51.337,43.55,49.692,47.628,53.655,46.47,58.109,47.663,56.511,46.682,54.378,53.185,50.676,57.56,49.023,58.382,54.079,59.844,56.768,50.843,49.759,51.161,50.353,60.651,49.942,54.599,53.155,60.45,58.63,64.014,51.641,62.138,59.649,61.25,51.525,63.375,61.172,52.094,52.55,63.556,51.802,59.844,52.512,62.731,57.477,62.796,52.949,54.194,55.37,66.293,53.407,63.433,52.426,65.935,64.976,64.485,67.027,,,,
88  Sr  [ No Gas ] :  CPS RSD value = 8.37 is over the allowed maximum = 5.00133  Cs  [ He ] :  CPS RSD value = 5.23 is over the allowed maximum = 5.00137  Ba  [ No Gas ] :  Concentration value = 195.69 is over the calibration range137  Ba  [ He ] :  Concentration value = 156.75 is over the calibration range138  Ba  [ He ] :  Concentration value = 172.88 is over the calibration range140  Ce  [ He ] :  CPS RSD value = 11.29 is over the allowed maximum = 5.00205  Tl  [ He ] :  CPS RSD value = 9.67 is over the allowed maximum = 5.00,FALSE,339SMPL.d,15-05-2025 10:39,Sample,,MCS 838,3808.9508,2312,30471.612,34657.207,1821.871,2426.195,11867.358,11948.089,98495.471,86203.522,85901.714,71954.612,12543.028,12327.364,27330.75,27119.213,26320.212,25648.579,67605.129,56780.747,22094.653,25131.437,199290.402,157856.144,34595.081,27320.953,24146.874,23025.884,10714.548,10626.539,741.73,648.705,77.518,49.327,<0.000,<0.000,5910.838,5514.702,296.689,269.454,10222.454,9732.604,745361.698,597069.981,658474.624,90144.677,74628.311,187948.621,159814.87,17593.8,16791.566,68433.68,65364.798,12341.545,11677.738,1717.891,1548.342,11809.179,10008.307,1340.652,1231.783,6715.679,6199.194,1010.17,1000.459,2822.848,2671.545,336.944,322.135,2387.232,2399.387,300.772,295.719,434.56,386.521,1623.744,1780.329,895.429,875.577,28776.851,25033.372,25871.895,26663.221,394.638,358.992,38106.985,39254.503,5691.906,5641.886,,,,
137  Ba  [ No Gas ] :  Concentration value = 158.95 is over the calibration range137  Ba  [ He ] :  Concentration value = 128.26 is over the calibration range138  Ba  [ He ] :  Concentration value = 132.89 is over the calibration range138  Ba  [ He ] :  CPS RSD value = 8.68 is over the allowed maximum = 5.00140  Ce  [ He ] :  CPS RSD value = 5.32 is over the allowed maximum = 5.00146  Nd  [ He ] :  CPS RSD value = 5.31 is over the allowed maximum = 5.00147  Sm  [ He ] :  CPS RSD value = 5.23 is over the allowed maximum = 5.00,FALSE,340SMPL.d,15-05-2025 10:43,Sample,,MCS 839,3863.3672,2401,26103.568,27445.951,2715.995,2710.544,10183.706,10278.446,79055.986,67577.593,73700.559,61703.57,9484.815,9115.679,22758.568,23095.049,19132.289,18444.288,47692.891,42016.684,19076.856,19833.445,148691.878,120498.448,63498.961,45905.34,27450.397,26413.84,11312.845,11025.303,266.911,295.908,41.095,20.536,31.261,51.683,4616.121,4825.488,210.795,98.107,8356.706,8062.968,614066.548,495511.985,513401.849,49651.31,43110.976,100951.536,80862.28,9848.042,9604.43,38026.438,36479.485,7205.634,6966.08,1518.799,1328.678,7221.621,6377.01,973.421,875.06,6131.223,5472.494,1109.497,1066.776,3399.919,3363.042,461.604,418.181,3199.688,3005.715,431.687,401.881,406.752,375.101,1352.801,1325.394,732.536,663.133,28099.384,26304.057,27609.368,26899.566,339.154,303.631,18994.513,17467.603,3121.606,3192.125,,,,
90  Zr  [ He ] :  CPS RSD value = 5.50 is over the allowed maximum = 5.00121  Sb  [ No Gas ] :  CPS RSD value = 5.36 is over the allowed maximum = 5.00159  Tb  [ No Gas ] :  CPS RSD value = 5.70 is over the allowed maximum = 5.00175  Lu  [ No Gas ] :  CPS RSD value = 6.20 is over the allowed maximum = 5.00,FALSE,341SMPL.d,15-05-2025 10:47,Sample,,MCS 840,3787.2637,2402,19226.124,18459.821,2191.432,2412.381,5043.66,5465.673,33267.662,33943.89,22889.379,22409.788,4071.866,3942.19,7076.659,7030.974,9343.667,9228.513,21877.33,17632.532,13883.998,17993.488,186977.853,150768.893,71699.354,54116.874,24918.643,24330.66,3928.373,4051.419,374.834,371.391,<0.000,<0.000,<0.000,<0.000,4570.331,4196.025,80.561,40.235,7361.236,6900.142,372408.731,351605.708,336320.748,89228.382,75774.625,193400.462,148845.442,18831.957,17806.758,71644.849,65957.944,14476.449,13909.994,1106.503,992.245,13602.437,11856.769,1570.338,1381.782,7956.092,7227.865,1079.096,1048.254,2769.385,2594.66,298.108,296.325,2084.245,2056.341,230.967,234.237,141.883,127.506,908.284,896.063,755.501,715.943,31896.941,27504.324,30262.757,29583.258,325.598,302.798,51322.713,49068.839,6603.879,6795.401,,,,
137  Ba  [ No Gas ] :  Concentration value = 143.16 is over the calibration range137  Ba  [ He ] :  Concentration value = 115.02 is over the calibration range138  Ba  [ He ] :  Concentration value = 108.81 is over the calibration range166  Er  [ He ] :  CPS RSD value = 6.41 is over the allowed maximum = 5.00172  Yb  [ He ] :  CPS RSD value = 6.35 is over the allowed maximum = 5.00,FALSE,342SMPL.d,15-05-2025 10:51,Sample,,MCS 841,3956.6378,2403,18113.856,21014.579,1398.02,1095.768,7397.974,7719.799,63916.11,54824.898,45807.398,43306.538,7272.988,7076.424,15480.31,15117.071,14083.341,13812.892,33435.66,26013.32,14590.485,16728.794,130627.651,100692.582,44380.227,33087.302,18503.435,17470.454,7067.477,7004.365,201.099,187.11,<0.000,<0.000,<0.000,<0.000,3816.987,3689.426,114.503,45.111,6175.782,5955.55,566440.666,455087.618,430521.222,64297.538,54279.628,133507.118,104950.578,12391.149,12200.296,48899.96,46013.751,8909.646,9093.175,1396.289,1239.464,8408.118,7526.86,957.031,848.048,5065.093,4777.1,764.647,723.023,2165.895,2077.96,236.355,215.377,1835.545,1834.604,219.787,187.652,248.361,231.106,1044.082,1002.232,546.208,497.688,21975.108,20212.612,21229.569,20848.299,204.62,179.552,26024.853,26105.238,3741.741,3757.459,,,,
137  Ba  [ No Gas ] :  Concentration value = 146.45 is over the calibration range137  Ba  [ He ] :  Concentration value = 118.18 is over the calibration range138  Ba  [ He ] :  Concentration value = 113.37 is over the calibration range166  Er  [ No Gas ] :  CPS RSD value = 6.01 is over the allowed maximum = 5.00169  Tm  [ No Gas ] :  CPS RSD value = 6.14 is over the allowed maximum = 5.00175  Lu  [ No Gas ] :  CPS RSD value = 5.24 is over the allowed maximum = 5.00103  Rh ( ISTD )  [ No Gas ] :  CPS RSD value = 5.20 is over the allowed maximum = 5.00103  Rh ( ISTD )  [ He ] :  CPS RSD value = 13.63 is over the allowed maximum = 5.00,FALSE,343SMPL.d,15-05-2025 10:55,Sample,,MCS 842,3801.6936,2404,38478.761,40768.887,6708.26,7791.391,5750.971,6054.96,38499.008,39766.563,27700.376,26397.312,4967.735,4875.842,10515.828,10406.497,9748.33,9389.755,26162.355,20447.791,17718.386,20348.097,225528.12,172373.214,79195.145,60285.485,23888.93,22574.404,8566.684,8541.563,101.866,81.618,18.394,<0.000,7.382,<0.000,6324.259,6089.797,18.001,<0.000,13915.75,13371.73,556750.829,449273.069,431003.049,72235.751,62328.961,155560.626,125503.009,15635.098,14952.657,55924.686,56461.426,11943.419,11526.828,1115.756,1079.897,11557.908,9989.962,1391.61,1322.452,7200.943,6645.231,1039.904,1054.013,2611.604,2468.884,279.149,269.424,1842.869,1807.115,203.245,181.863,310.194,295.284,1687.253,1612.341,1084.381,1051.501,42946.68,39012.444,39791.115,39916.768,918.597,906.221,53562.005,51304.563,7405.658,7923.494,,,,
90  Zr  [ No Gas ] :  CPS RSD value = 8.43 is over the allowed maximum = 5.00137  Ba  [ No Gas ] :  Concentration value = 357.45 is over the calibration range137  Ba  [ He ] :  Concentration value = 284.66 is over the calibration range138  Ba  [ He ] :  Concentration value = 313.27 is over the calibration range140  Ce  [ No Gas ] :  CPS RSD value = 9.61 is over the allowed maximum = 5.00,FALSE,344_QC2.d,15-05-2025 10:59,QC2,,SJS-Std,3650.7995,4103,43142.185,47743.022,1349.614,1685.114,9152.37,9459.712,115353.165,97546.09,123694.602,100918.606,10717.503,10408.1,70072.17,68740.661,29628.374,28914.278,90566.325,79278.984,15068.068,14828.804,104629.211,83938.243,278026.704,222523.441,14994.789,14132.381,60622.984,58594.68,3205.198,3099.19,239.117,143.608,382.305,344.462,1408.592,1301.313,1414.684,1311.388,5166.117,4819.49,1304978.135,1039249.505,1143700.843,20512.153,20429.091,43241.758,37596.434,4766.102,4517.844,18296.346,17438.112,3568.509,3427.09,1040.964,801.373,3762.66,3322.787,487.522,448.913,3199.307,2955.696,598.669,560.687,1749.223,1748.346,237.847,222.492,1753.562,1784.41,248.635,216.315,2320.08,2238.671,853.954,826.003,564.78,547.376,21357.684,19761.817,20944.194,20392.198,281.186,253.188,11101.523,10745.771,3545.557,3570.969,,,,
137  Ba  [ No Gas ] :  Concentration value = 140.04 is over the calibration range137  Ba  [ He ] :  Concentration value = 112.37 is over the calibration range138  Ba  [ He ] :  Concentration value = 110.62 is over the calibration range166  Er  [ He ] :  CPS RSD value = 6.15 is over the allowed maximum = 5.00205  Tl  [ He ] :  CPS RSD value = 5.50 is over the allowed maximum = 5.00,FALSE,345SMPL.d,15-05-2025 11:03,Sample,,MCS 843,4054.7508,2405,35577.872,39620.155,3256.787,3855.503,7070.427,7413.247,48314.194,47243.435,36780.214,35871.953,6861.169,6463.307,14295.065,14305.083,14157.904,13493.934,26808.03,20437.045,18703.331,19175.099,224130.865,177444.622,69085.41,51514.051,17846.043,16723.943,12126.171,11872.453,167.303,161.163,<0.000,<0.000,<0.000,<0.000,6638.886,6267.097,147.005,76.701,13754.877,12910.961,567843.197,455612.738,448535.005,36359.514,34466.707,87489.691,71405.637,8556.51,8199.502,32864.606,32502.042,6567.536,6246.329,1241.391,1138.213,6421.817,5657.024,808.756,719.573,4634.821,4218.675,752.172,713.667,2052.912,2002.176,246.606,224.8,1743.257,1684.374,202.526,176.51,442.873,407.019,1572.897,1513.259,1111.146,1036.778,36489.07,33512.238,35339.09,34287.726,1195.377,1092.962,20969.375,20903.987,7244.565,7283.674,,,,
7  Li  [ No Gas ] :  CPS RSD value = 7.23 is over the allowed maximum = 5.00121  Sb  [ No Gas ] :  CPS RSD value = 6.17 is over the allowed maximum = 5.00137  Ba  [ No Gas ] :  Concentration value = 148.37 is over the calibration range137  Ba  [ He ] :  Concentration value = 119.02 is over the calibration range138  Ba  [ He ] :  Concentration value = 129.02 is over the calibration range138  Ba  [ He ] :  CPS RSD value = 10.00 is over the allowed maximum = 5.00,FALSE,346SMPL.d,15-05-2025 11:07,Sample,,MCS 844,3829.9128,2406,46624.615,47681.535,3656.517,3783.172,10218.798,10400.684,76394.907,67609.557,58485.732,48382.241,9187.367,9083.031,19996.811,19570.936,16404.011,16008.759,41816.035,36356.687,22111.954,22447.876,238935.849,194766.53,71053.179,53080.432,27601.707,26980.325,11136.177,10855.5,499.276,492.254,<0.000,<0.000,89.876,62.025,9111.941,8866.083,187.988,146.878,19409.8,19076.691,568259.379,455851.257,494124.559,48822.897,41334.505,102725.245,82522.159,10208.22,9591.762,39029.897,37975.484,7955.675,7685.185,1364.491,1281.843,8223.029,7433.052,1123.525,1030.041,6849.876,6313.782,1163.574,1083.329,3193.208,3241.897,409.44,381.768,2727.546,2699.2,349.841,319.337,401.9,407.243,1934.749,1825.289,1254.698,1266.717,38687.014,35822.528,36712.1,36251.59,1164.028,1196.807,27274.799,26179.687,6484.817,6982.157,,,,
"7  Li  [ No Gas ] :  CPS RSD value = 5.43 is over the allowed maximum = 5.009  Be  [ No Gas ] :  CPS RSD value = 7.90 is over the allowed maximum = 5.0045  Sc  [ No Gas ] :  CPS RSD value = 6.02 is over the allowed maximum = 5.0051  V  [ No Gas ] :  CPS RSD value = 6.01 is over the allowed maximum = 5.0052  Cr  [ No Gas ] :  CPS RSD value = 6.69 is over the allowed maximum = 5.0059  Co  [ No Gas ] :  CPS RSD value = 6.48 is over the allowed maximum = 5.0060  Ni  [ No Gas ] :  CPS RSD value = 7.73 is over the allowed maximum = 5.0063  Cu  [ No Gas ] :  CPS RSD value = 5.73 is over the allowed maximum = 5.0066  Zn  [ No Gas ] :  CPS RSD value = 5.31 is over the allowed maximum = 5.0071  Ga  [ No Gas ] :  CPS RSD value = 6.91 is over the allowed maximum = 5.0088  Sr  [ No Gas ] :  CPS RSD value = 8.08 is over the allowed maximum = 5.0090  Zr  [ No Gas ] :  CPS RSD value = 6.39 is over the allowed maximum = 5.00137  Ba  [ No Gas ] :  Concentration value = 136.58 is over the calibration range137  Ba  [ He ] :  Concentration value = 108.26 is over the calibration range138  Ba  [ He ] :  Concentration value = 104.97 is over the calibration range139  La  [ No Gas ] :  CPS RSD value = 5.04 is over the allowed maximum = 5.00163  Dy  [ No Gas ] :  CPS RSD value = 5.47 is over the allowed maximum = 5.00165  Ho  [ No Gas ] :  CPS RSD value = 5.54 is over the allowed maximum = 5.00166  Er  [ No Gas ] :  CPS RSD value = 6.89 is over the allowed maximum = 5.00175  Lu  [ No Gas ] :  CPS RSD value = 7.22 is over the allowed maximum = 5.00205  Tl  [ No Gas ] :  CPS RSD value = 5.25 is over the allowed maximum = 5.00238  U  [ No Gas ] :  CPS RSD value = 5.43 is over the allowed maximum = 5.00103  Rh ( ISTD )  [ No Gas ] :  CPS RSD value = 38.22 is over the allowed maximum = 5.00103  Rh ( ISTD )  [ No Gas ] :  ISTD Recovery Percent value = 121.94 is outside the allowed range [80.00, 120.00]",FALSE,347SMPL.d,15-05-2025 11:12,Sample,,MCS 845,3807.0069,2407,38094.753,42959.129,4576.196,4463.431,5634.769,6336.939,35687.869,37344.491,25572.238,24632.172,4563.933,4567.631,9371.636,9508.196,11386.021,10973.363,23194.904,19106.077,17080.119,19174.176,244855.276,201827.659,77004.438,59503.656,18929.078,19033.135,4855.044,4689.423,56.269,28.718,<0.000,<0.000,<0.000,<0.000,7255.833,7439.155,79.904,12.824,15446.459,15268.509,519948.48,412146.34,399635.464,57926.602,49921.926,125726.043,98221.793,11990.691,11982.437,44978.59,41941.567,8723.934,8965.139,1046.357,920.327,8152.655,7463.316,976.598,927.212,5210.002,4827.391,798.39,788.739,2019.196,1950.597,226.928,206.411,1561.41,1471.329,161.801,163.644,173.046,156.787,1425.641,1413.572,1239.508,1172.827,41393.971,36181.184,38263.159,38448.19,977.973,944.154,30145.033,30196.434,5731.917,5753.628,,,,
118  Sn  [ He ] :  CPS RSD value = 7.42 is over the allowed maximum = 5.00153  Eu  [ He ] :  CPS RSD value = 6.54 is over the allowed maximum = 5.00166  Er  [ He ] :  CPS RSD value = 5.78 is over the allowed maximum = 5.00172  Yb  [ He ] :  CPS RSD value = 6.38 is over the allowed maximum = 5.00,FALSE,348SMPL.d,15-05-2025 11:16,Sample,,MCS 846,3871.9813,2408,20785.36,23081.426,2265.891,2931.053,5201.925,5520.004,34511.325,34401.229,24773.414,24162.115,3929.116,3861.844,9724.102,9607.234,10146.608,9585.581,12224.172,9128.462,14002.023,15547.957,169544.703,131628.813,62070.786,47649.893,20866.656,20052.659,7339.383,7122.373,231.386,181.983,<0.000,<0.000,31.331,13.631,4962.38,4668.459,178.147,49.164,8269.484,8073.841,369256.619,341467.698,330000.44,50017.328,42618.636,110947.966,86852.004,10592.287,10206.12,41145.191,39940.074,8265.142,8015.006,1095.545,1062.401,8050.034,7221.64,986.166,883.414,5729.775,5331.042,906.346,875.889,2536.532,2475.192,309.962,290.838,2186.844,2147.53,260.383,238.947,258.967,242.533,1030.18,997.304,716.797,714.587,31607.347,27825.897,29308.254,29346.92,361.371,321.57,30030.239,29524.666,4371.957,4326.727,,,,
137  Ba  [ No Gas ] :  Concentration value = 147.32 is over the calibration range137  Ba  [ He ] :  Concentration value = 120.20 is over the calibration range138  Ba  [ He ] :  Concentration value = 112.97 is over the calibration range153  Eu  [ He ] :  CPS RSD value = 5.22 is over the allowed maximum = 5.00159  Tb  [ No Gas ] :  CPS RSD value = 5.22 is over the allowed maximum = 5.00163  Dy  [ He ] :  CPS RSD value = 7.36 is over the allowed maximum = 5.00169  Tm  [ He ] :  CPS RSD value = 5.85 is over the allowed maximum = 5.00172  Yb  [ He ] :  CPS RSD value = 5.59 is over the allowed maximum = 5.00175  Lu  [ No Gas ] :  CPS RSD value = 5.42 is over the allowed maximum = 5.00207  [Pb]  [ He ] :  CPS RSD value = 5.57 is over the allowed maximum = 5.00,FALSE,349SMPL.d,15-05-2025 11:20,Sample,,MCS 847,3963.4682,2409,41351.813,46368.262,3363.944,3878.508,9207.183,9508.148,72981.938,62100.49,44572.212,43140.497,8263.405,7919.038,17862.383,17565.9,15447.204,14749.228,38242.902,31320.965,20340.906,22086.941,243242.828,188470.893,62515.506,47840.21,29189.956,27175.039,12422.013,12154.077,315.501,294.375,<0.000,<0.000,<0.000,<0.000,8694.829,8199.364,173.672,101.677,17720.943,16909.706,583890.596,476401.047,447751.431,49035.609,42322.431,104785.787,81480.901,10139.758,9923.117,40395.989,37151.922,8027.651,7798.267,1352.088,1196.452,8144.695,7360.225,1127.399,1027.253,6891.456,6252.097,1152.069,1181.849,3336.462,3298.176,416.6,395.082,2842.818,2791.424,348.166,331.555,448.285,453.099,1799.169,1683.687,1262.061,1219.704,38272.946,33305.765,35651.449,35392.362,961.577,863.066,24699.34,24854.922,5354.276,5399.94,,,,
107  Ag  [ No Gas ] :  CPS RSD value = 9.31 is over the allowed maximum = 5.00139  La  [ He ] :  CPS RSD value = 9.01 is over the allowed maximum = 5.00205  Tl  [ He ] :  CPS RSD value = 9.94 is over the allowed maximum = 5.00209  Bi  [ He ] :  CPS RSD value = 10.76 is over the allowed maximum = 5.00,FALSE,350_QC1.d,15-05-2025 11:24,QC1,,QC MES 50 ppb,1,4102,50.807,45.927,46.993,46.962,47.237,40.119,51.265,44.189,50.771,42,51.449,42.092,41.585,42.016,50.252,42.319,41.463,38.445,53.22,42.806,54.848,44.281,52.342,39.359,54.626,45.857,53.682,44.453,47.628,46.46,57.844,47.394,49.442,47.739,58.665,47.567,58.028,47.82,58.055,48.21,53.068,51.359,48.709,58.717,52.593,58.418,52.891,59.685,57.509,50.042,48.574,51.77,51.025,59.71,50.097,55.646,53.236,61.117,58.249,63.695,52.129,62.078,58.838,61.516,53.483,62.44,59.98,53.342,54.245,62.235,51.063,64.631,53.707,63.08,59.912,65.287,61.079,56.792,57.294,67.059,55.666,65.901,60.203,67.906,67.11,65.795,68.071,,,,
51  V  [ No Gas ] :  CPS RSD value = 9.29 is over the allowed maximum = 5.0095  Mo  [ No Gas ] :  CPS RSD value = 7.54 is over the allowed maximum = 5.00137  Ba  [ No Gas ] :  Concentration value = 100.32 is over the calibration range139  La  [ No Gas ] :  CPS RSD value = 8.15 is over the allowed maximum = 5.00175  Lu  [ No Gas ] :  CPS RSD value = 6.37 is over the allowed maximum = 5.00181  Ta  [ He ] :  CPS RSD value = 6.75 is over the allowed maximum = 5.00238  U  [ He ] :  CPS RSD value = 5.22 is over the allowed maximum = 5.00,FALSE,351SMPL.d,15-05-2025 11:28,Sample,,MCS 848,3840.4048,2410,17651.243,20052.92,1643.074,2056.251,6478.684,6671.659,48804.206,46473.305,40386.042,39572.294,5776.665,5462.726,14349.627,14953.665,13630.527,13433.881,21591.267,17601.259,13563.314,14669.131,114552.039,89949.053,68976.909,51598.181,16369.801,16103.642,17039.211,16733.089,638.216,669.664,87.521,55.674,149.17,140.613,3387.082,3350.017,246.873,183.108,6248.579,6063.972,385254.24,362760.21,356637.844,44474.235,38823.729,96921.673,77946.009,9040.976,8789.627,34822.385,33586.586,6522.322,6424.444,1161.716,1109.294,6215.601,5510.222,759.638,665.674,4190.618,4181.607,706.814,676.98,1987.687,2004.059,248.394,224.24,1790.125,1762.915,217.655,210.751,651.078,621.887,1250.24,1249.393,550.828,511.567,24139.231,22837.276,23918.604,23091.783,322.725,289.719,20357.537,20244.65,3496.392,3454.061,,,,
137  Ba  [ No Gas ] :  Concentration value = 128.50 is over the calibration range137  Ba  [ He ] :  Concentration value = 104.85 is over the calibration range163  Dy  [ He ] :  CPS RSD value = 5.72 is over the allowed maximum = 5.00,FALSE,352SMPL.d,15-05-2025 11:32,Sample,,MCS 849,3864.0099,2411,43601.885,49708.38,3128.985,3210.383,6683.204,7183.966,43710.591,45306.253,30942.944,29783.993,5493.348,5440.417,11418.205,11553.95,12928.216,12579.226,24980.636,19702.787,18683.355,19798.596,259289.992,207884.552,80082.367,60194.205,26098.458,25764.676,7980.135,7833.319,310.637,368.829,10.275,<0.000,<0.000,<0.000,7682.093,7179.451,74.683,<0.000,17363.762,16026.102,496525.331,405140.709,379134.582,54344.652,46053.504,117235.729,94100.826,11710.423,10899.807,43909.95,41477.538,9254.378,8790.472,1178.338,1061.962,9323.522,8112.362,1251.56,1135.459,7144.634,6431.998,1144.701,1087.143,3007.412,2824.845,368.58,333.045,2449.934,2345.731,296.645,277.014,296.032,298.31,1806.515,1688.961,1235.488,1180.746,39142.619,35980.177,37155.504,36563.353,1802.231,1703.936,35480.554,34237.244,8833.557,9400.566,,,,
159  Tb  [ He ] :  CPS RSD value = 5.66 is over the allowed maximum = 5.00232  Th  [ He ] :  CPS RSD value = 6.47 is over the allowed maximum = 5.00,FALSE,353SMPL.d,15-05-2025 11:36,Sample,,MCS 850,4043.1906,2412,22208.706,24328.581,2563.728,2985.97,5971.7,6236.94,39470.245,39324.223,27520.313,26850.8,5108.965,4829.639,10186.796,10574.043,8325.612,7992.732,19723.592,16702.789,16300.17,20692.201,176569.667,142061.028,75752.197,58270.481,31816.219,31220.129,8165.796,7974.536,441.082,422.298,<0.000,<0.000,<0.000,<0.000,5572.31,5439.638,154.875,63.909,8112.009,7785.129,363297.613,351074.319,342353.895,112402.003,91977.564,226075.538,210369.927,22545.192,21365.474,80446.402,77495,15386.034,14661.761,1509.958,1373.701,14073.04,12136.855,1687.2,1493.099,9288.891,8654.627,1428.769,1388.434,3786.534,3631.244,469.944,416.12,2961.676,2954.246,366.043,321.642,306.716,303.913,1275.991,1222.276,749.968,696.236,33688.047,30338.131,32280.146,31495.309,430.713,411.406,50234.394,49548.869,6589.961,6689.706,,,,
133  Cs  [ He ] :  CPS RSD value = 5.16 is over the allowed maximum = 5.00140  Ce  [ No Gas ] :  Concentration value = 164.88 is over the calibration range140  Ce  [ He ] :  Concentration value = 147.39 is over the calibration range166  Er  [ He ] :  CPS RSD value = 6.41 is over the allowed maximum = 5.00169  Tm  [ No Gas ] :  CPS RSD value = 5.73 is over the allowed maximum = 5.00,FALSE,354SMPL.d,15-05-2025 11:40,Sample,,MCS 851,4019.7399,2501,20689.47,20628.976,2373.623,2708.894,6485.256,6684.313,42972.362,42976.961,35564.539,33540.149,4499.154,4222.917,11590.115,11055.585,9048.224,8598.449,20541.019,15640.119,17336.662,31286.766,160464.292,126736.459,68901.497,50541.365,44479.378,36510.603,12064.698,11558.203,226.232,284.56,<0.000,<0.000,27.973,14.151,4888.241,4761.655,107.238,16.669,8286.924,8137.506,393433.017,371955.687,353714.401,303631.643,309111.359,662766.774,592460.361,69297.052,57641.614,204777.266,198664.131,29260.597,29474.657,1912.278,1739.102,24808.508,20094.084,2508.215,2214.026,11294.201,10619.626,1608.207,1577.451,4555.498,4110.521,473.64,445.23,3283.86,3042.527,397.928,347.804,466.292,429.945,966.844,905.498,767.937,711.796,34542.654,30610.364,34082.561,33268.276,466.276,415.793,142879.772,119035.475,7493.874,7673.217,,,,
118  Sn  [ He ] :  CPS RSD value = 6.12 is over the allowed maximum = 5.00137  Ba  [ No Gas ] :  Concentration value = 106.04 is over the calibration range137  Ba  [ No Gas ] :  CPS RSD value = 10.52 is over the allowed maximum = 5.00153  Eu  [ He ] :  CPS RSD value = 6.84 is over the allowed maximum = 5.00159  Tb  [ He ] :  CPS RSD value = 8.11 is over the allowed maximum = 5.00172  Yb  [ He ] :  CPS RSD value = 5.82 is over the allowed maximum = 5.00209  Bi  [ No Gas ] :  CPS RSD value = 6.64 is over the allowed maximum = 5.00,FALSE,355SMPL.d,15-05-2025 11:44,Sample,,MCS 852,3364.5994,2502,17598.748,18209.415,2115.653,1987.885,4446.028,4569.016,29634.267,29622.769,24320.157,23651.126,3605.487,3553.356,8624.023,8510.925,8845.949,8613.867,25946.909,21741.004,12740.447,14902.406,148174.284,116067.228,62481.509,47068.164,18120.73,17082.92,7715.178,7683.271,214.365,192.303,<0.000,<0.000,<0.000,<0.000,3659.651,3540.981,129.118,67.134,6502.409,6136.25,356774.431,323640.913,311265.476,55232.446,45825.545,108854.341,89362.918,10881.929,9994.738,39098.576,38534.499,7274.957,6937.506,1118.134,1043.048,6828.56,5806.932,841.848,756.533,4622.363,4328.695,772.991,736.516,2113.08,2088.678,267.812,241.957,1836.517,1760.159,225.858,198.897,278.038,269.766,763.992,747.274,625.131,613.864,28578.08,26230.604,27506.716,27113.032,308.408,288.028,27320.272,26772.009,3691.054,3857.404,,,,
121  Sb  [ No Gas ] :  CPS RSD value = 5.21 is over the allowed maximum = 5.00137  Ba  [ No Gas ] :  Concentration value = 148.09 is over the calibration range137  Ba  [ He ] :  Concentration value = 117.87 is over the calibration range138  Ba  [ He ] :  Concentration value = 119.65 is over the calibration range138  Ba  [ He ] :  CPS RSD value = 6.37 is over the allowed maximum = 5.00139  La  [ No Gas ] :  CPS RSD value = 9.04 is over the allowed maximum = 5.00153  Eu  [ He ] :  CPS RSD value = 5.59 is over the allowed maximum = 5.00205  Tl  [ No Gas ] :  CPS RSD value = 5.55 is over the allowed maximum = 5.00103  Rh ( ISTD )  [ No Gas ] :  CPS RSD value = 7.60 is over the allowed maximum = 5.00,FALSE,356SMPL.d,15-05-2025 11:48,Sample,,MCS 853,3894.8169,2503,23527.334,25530.719,1988.386,2373.024,10720.562,11026.117,73223.504,64832.633,63283.683,53470.516,7089.016,6988.242,18058.921,18216.646,20998.421,20299.464,59139.389,52071.743,18918.413,19669.563,139933.199,114437.404,78954.231,59708.609,29337.25,29203.551,14158.393,13652.128,758.144,832.852,2.158,<0.000,<0.000,<0.000,4595.414,4464.436,266.066,167.535,9244.837,8989.688,576783.656,459066.73,466007.589,45050.822,41223.885,102518.222,79222.683,9959.492,9608.441,37021.176,35076.441,7390.607,7120.159,1645.307,1535.688,7525.773,6721.269,1087.991,969.372,7298.956,6668.872,1342.774,1324.821,4138.28,3964.727,582.647,539.44,3986.193,3897.393,529.715,495.416,471.431,453.792,1382.584,1324.375,615.744,606.828,38873.838,38736.342,38484.292,37568.491,449.973,407.318,19063.308,18735.432,3417.623,3544.289,,,,
137  Ba  [ No Gas ] :  Concentration value = 350.95 is over the calibration range137  Ba  [ He ] :  Concentration value = 285.40 is over the calibration range138  Ba  [ He ] :  Concentration value = 304.20 is over the calibration range157  Gd  [ He ] :  CPS RSD value = 5.10 is over the allowed maximum = 5.00165  Ho  [ He ] :  CPS RSD value = 5.51 is over the allowed maximum = 5.00205  Tl  [ He ] :  CPS RSD value = 5.66 is over the allowed maximum = 5.00206  [Pb]  [ He ] :  CPS RSD value = 5.09 is over the allowed maximum = 5.00,FALSE,357_QC2.d,15-05-2025 11:52,QC2,,SJS-Std,3650.7995,4103,42790.864,48356.718,1356.047,1381.793,9103.044,9584.789,113623.509,97699.048,121179.883,103159.905,10715.864,10408.447,68165.627,68557.233,29227.005,29074.456,87384.963,78376.659,14687.446,14543.382,105307.517,82773.715,275018.746,215077.259,14896.985,14259.925,56542.529,56100.06,3115.783,3117.205,233.722,138.668,424.853,323.893,1382.622,1340.516,1403.048,1362.487,5090.587,4765.87,1281248.518,1041950.742,1110589.122,20246.172,19781.323,40872.011,37887.931,4736.85,4474.856,18545.608,17081.556,3549.866,3524.72,1010.719,811.933,3724.634,3348.61,480.713,423.156,3175.767,2964.741,568.726,549.253,1735.259,1677.118,243.829,204.899,1763.805,1744.732,243.426,217.313,2272.824,2222.648,822.513,803.405,563.04,531.604,21253.404,19437.519,20563.84,19919.886,264.712,232.548,10847.035,10569.097,3437.333,3568.514,,,,
7  Li  [ No Gas ] :  CPS RSD value = 5.00 is over the allowed maximum = 5.009  Be  [ No Gas ] :  CPS RSD value = 5.08 is over the allowed maximum = 5.00118  Sn  [ He ] :  CPS RSD value = 7.62 is over the allowed maximum = 5.00121  Sb  [ No Gas ] :  CPS RSD value = 6.70 is over the allowed maximum = 5.00137  Ba  [ No Gas ] :  Concentration value = 104.17 is over the calibration range137  Ba  [ No Gas ] :  CPS RSD value = 9.71 is over the allowed maximum = 5.00141  Pr  [ He ] :  CPS RSD value = 5.00 is over the allowed maximum = 5.00159  Tb  [ He ] :  CPS RSD value = 5.07 is over the allowed maximum = 5.00,FALSE,358SMPL.d,15-05-2025 11:57,Sample,,MCS 854,4019.3626,2504,19001.536,21437.793,2196.256,2003.651,4753.791,5256.717,31896.393,31720.197,28346.061,26978.583,3816.761,3613.569,8261.607,7748.533,8535.248,8096.589,48852.713,40673.207,14141.417,15261.179,174749.886,139799.158,74060.938,53772.65,22066.339,21355.743,8132.978,7556.03,300.567,317.186,<0.000,<0.000,<0.000,<0.000,4376.492,4185.459,87.913,5.209,7465.469,7173.344,418698.388,380456.487,370140.743,48909.039,42010.699,107073.978,83711.492,10129.677,10016.282,39729.587,37270.468,7605.339,7405.852,1154.379,1077.768,7417.957,6434.471,963.962,912.509,5931.729,5560.511,987.466,948.727,2782.226,2809.833,347.479,310.439,2478.518,2507.511,292.57,270.019,276.74,283.237,1185.88,1151.329,734.727,706.829,33174.568,30430.293,31882.82,31251.228,335.104,306.278,25317.527,25002.088,4430.527,4601.47,,,,
137  Ba  [ No Gas ] :  Concentration value = 116.57 is over the calibration range137  Ba  [ No Gas ] :  CPS RSD value = 9.55 is over the allowed maximum = 5.00166  Er  [ He ] :  CPS RSD value = 5.80 is over the allowed maximum = 5.00,FALSE,359SMPL.d,15-05-2025 12:01,Sample,,MCS 855,3752.9185,2505,30887.819,31329.545,2902.449,2806.278,3317.984,3673.174,23340.738,23802.77,16072.275,15234.442,2970.472,2887.304,5489.644,5348.923,6687.695,6276.435,10097.945,6949.767,13974.433,14380.521,219075.238,171290.753,77627.078,58476.837,15604.246,15154.791,7931.226,7847.709,43.604,77.304,<0.000,<0.000,<0.000,<0.000,4733.933,4742.648,57.684,<0.000,10868.986,10427.832,437466.413,370787.483,356685.793,34792.896,34422.329,86008.857,68580.843,8296.694,7855.482,30463.526,29241.813,6372.763,6061.446,880.072,832.612,6002.143,5516.805,768.112,680.942,4241.204,4078.276,648.062,597.413,1739.323,1639.562,186.287,164.34,1310.6,1297.483,146.037,135.927,260.568,242.716,999,958.373,969.868,973.331,38434.016,34927.115,36264.703,36206.515,560.574,521.649,23529.876,24223.662,4245.66,4221.705,,,,
51  V  [ No Gas ] :  CPS RSD value = 9.61 is over the allowed maximum = 5.0095  Mo  [ No Gas ] :  CPS RSD value = 7.33 is over the allowed maximum = 5.00137  Ba  [ No Gas ] :  Concentration value = 133.44 is over the calibration range137  Ba  [ He ] :  Concentration value = 105.27 is over the calibration range138  Ba  [ He ] :  Concentration value = 100.16 is over the calibration range169  Tm  [ He ] :  CPS RSD value = 6.74 is over the allowed maximum = 5.00232  Th  [ No Gas ] :  CPS RSD value = 5.06 is over the allowed maximum = 5.00,FALSE,360SMPL.d,15-05-2025 12:05,Sample,,MCS 856,3952.4523,2506,19348.248,23915.446,1988.041,1751.375,8553.071,8837.709,54424.721,50377.161,41658.119,41342.409,6759.128,6534.523,15016.912,15260.691,22241.262,21956.349,86250.5,77715.192,15187.8,16339.031,135874.133,109472.664,78703.106,59510.985,32443.986,32231.081,13183.683,13059.001,641.521,605.482,<0.000,<0.000,17.91,<0.000,3864.8,3587.865,325.473,258.096,7475.952,6661.879,527396.877,416067.423,395862.991,51937.638,43551.186,107174.051,82699.615,10160.933,9742.897,39914.597,37659.719,7325.888,7275.616,1557.916,1358.24,7694.364,6647.175,1099.804,985.347,7314.621,6669.431,1374.739,1293.313,3993.584,4040.729,564.931,529.787,3972.146,3795.737,521.152,493.56,445.437,472.271,1010.082,973.431,537.65,554.512,35308.035,33890.822,34113.222,34425.76,347.071,308.914,19986.766,20415.414,3447.401,3562.582,,,,
59  Co  [ He ] :  CPS RSD value = 5.13 is over the allowed maximum = 5.00,FALSE,361SMPL.d,15-05-2025 12:09,Sample,,MCS 857,3878.4844,2507,25831.487,28205.314,2611.596,2649.506,3391.918,3718.318,22978.35,23521.272,16010.273,15650.075,2576.268,2491.12,4758.652,4638.884,6087.324,5673.947,3922.481,1439.92,13698.282,15332.689,208595.032,168819.028,76818.046,58204.082,19395.499,18756.654,7701.238,7418.264,2.145,20.255,<0.000,<0.000,<0.000,<0.000,4451.697,4183.21,47.69,<0.000,9903.128,9461.609,379565.823,370207.297,342754.537,49095.027,42412.642,105324.882,82085.674,10325.874,9745.009,38378.454,36321.962,7847.228,7393.435,992.422,914.111,7480.22,6420.808,984.167,858.969,5269.953,4844.928,845.705,774.595,2179.755,2190.501,262.352,220.049,1813.935,1787.211,206.999,200.381,288.155,247.8,1036.526,956.608,928.196,881.893,37990.946,34302.862,35683.558,35246.546,531.544,507.889,26651.374,25477.384,4289.936,4553.282,,,,
137  Ba  [ He ] :  CPS RSD value = 5.73 is over the allowed maximum = 5.00157  Gd  [ No Gas ] :  CPS RSD value = 6.88 is over the allowed maximum = 5.00163  Dy  [ No Gas ] :  CPS RSD value = 5.94 is over the allowed maximum = 5.00178  Hf  [ No Gas ] :  CPS RSD value = 9.89 is over the allowed maximum = 5.00209  Bi  [ He ] :  CPS RSD value = 10.88 is over the allowed maximum = 5.00,FALSE,362_QC1.d,15-05-2025 12:13,QC1,,QC MES 50 ppb,1,4102,47.921,43.953,44.891,47.461,46.325,40.605,50.008,43.945,49.206,41.724,50.52,41.982,40.18,41.609,49.732,42.45,40.3,37.444,52.257,43.376,53.994,43.183,51.436,40.501,54.644,45.139,53.163,44.447,46.264,45.754,54.411,45.796,48.739,46.889,58.342,46.433,56.903,46.748,58.335,47.565,51.433,48.89,48.921,59.772,48.206,57.402,54.313,59.35,55.765,51.318,50.052,50.236,49.892,60.801,51.077,52.712,51.201,62.631,57.506,63.084,51.447,61.222,59.212,59.476,52.163,63.611,59.007,51.412,53.053,62.021,50.157,59.029,53.291,61.65,58.738,63.326,53.888,55.818,56.216,65.576,55.084,64.101,56.908,64.729,65.184,64.054,67.529,,,,
137  Ba  [ No Gas ] :  Concentration value = 128.27 is over the calibration range137  Ba  [ He ] :  Concentration value = 101.54 is over the calibration range153  Eu  [ He ] :  CPS RSD value = 8.82 is over the allowed maximum = 5.00,FALSE,363SMPL.d,15-05-2025 12:17,Sample,,MCS 858,3910.7362,2508,29177.92,32208.755,2826.395,2527.131,5051.957,5418.45,34678.687,35284.425,24133.703,23667.03,4117.418,4176.139,7618.685,7357.934,10132.57,9947.504,19968.099,15699.248,15763,18122.936,231749.073,182779.707,79294.42,59312.181,24832.814,24193.78,8842.888,8612.091,345.932,352.865,66.011,51.024,28.48,0,5788.369,5596.214,108.2,64.855,12513.162,11922.421,501631.122,397091.792,380796.476,57827.945,46817.552,120714.821,96173.096,12041.162,11054.081,44955.254,43681.065,9443.388,8742.558,1102.643,1024.243,9402.957,8136.077,1155.942,1119.065,6790.566,6237.45,1030.541,1029.918,2826.445,2756.047,348.399,314.847,2306.818,2316.572,283.43,257.377,363.262,310.492,1376.206,1366.738,1062.354,993.456,39061.479,35758.932,36243.275,36603.903,980.01,922.425,36603.591,36686.234,7193.856,7407.895,,,,
95  Mo  [ He ] :  CPS RSD value = 5.47 is over the allowed maximum = 5.00133  Cs  [ He ] :  CPS RSD value = 5.81 is over the allowed maximum = 5.00137  Ba  [ No Gas ] :  Concentration value = 357.55 is over the calibration range137  Ba  [ He ] :  Concentration value = 282.04 is over the calibration range138  Ba  [ He ] :  Concentration value = 308.57 is over the calibration range165  Ho  [ He ] :  CPS RSD value = 6.25 is over the allowed maximum = 5.00181  Ta  [ No Gas ] :  CPS RSD value = 5.27 is over the allowed maximum = 5.00,FALSE,370_QC2.d,15-05-2025 12:46,QC2,,SJS-Std,3650.7995,4103,43638.315,47947.506,1363.652,1550.305,9040.882,9529.886,116892.909,96894.595,122523.579,101522.497,11009.877,10445.475,68640.603,69877.693,30041.473,29040.861,88660.065,81736.199,15418.061,14573.894,104645.616,84636.896,283656.437,215593.861,14857.451,14379.86,67518.15,56204.02,3145.014,3284.68,228.866,121.731,427.807,285.335,1374.037,1301.313,1381.449,1282.991,5155.065,4795.727,1305330.871,1029668.791,1126520.581,19836.456,19374.471,48411.148,38186.884,4710.781,4328.84,18430.005,17482.18,3477.498,3284.512,1054.939,830.745,3720.757,3251.951,496.524,429.048,3168.363,2893.568,583.824,557.16,1752.104,1722.209,233.791,217.765,1756.648,1773.909,245.783,228.042,2306.712,2176.291,833.846,848.503,566.005,518.257,21682.994,19431.559,20322.675,20245.643,270.531,233.541,10686.022,10723.164,3452.037,3617.46,,,,
7  Li  [ No Gas ] :  CPS RSD value = 7.53 is over the allowed maximum = 5.0066  Zn  [ No Gas ] :  CPS RSD value = 5.46 is over the allowed maximum = 5.00133  Cs  [ No Gas ] :  CPS RSD value = 7.41 is over the allowed maximum = 5.00208  Pb  [ No Gas ] :  CPS RSD value = 6.12 is over the allowed maximum = 5.00,FALSE,371SMPL.d,15-05-2025 12:50,Sample,,Wash,1,4101,0.08,0.045,<0.000,0,<0.000,0.003,<0.000,0.023,<0.000,<0.000,<0.000,<0.000,<0.000,<0.000,0.032,0.01,<0.000,<0.000,<0.000,<0.000,0.12,0.102,<0.000,<0.000,<0.000,<0.000,<0.000,<0.000,<0.000,<0.000,<0.000,<0.000,<0.000,<0.000,<0.000,<0.000,<0.000,<0.000,0.048,0.046,0.177,0.036,0.136,<0.000,<0.000,0,<0.000,<0.000,<0.000,<0.000,<0.000,<0.000,<0.000,<0.000,<0.000,<0.000,<0.000,<0.000,<0.000,<0.000,<0.000,<0.000,<0.000,<0.000,<0.000,<0.000,<0.000,<0.000,<0.000,<0.000,<0.000,<0.000,<0.000,<0.000,<0.000,<0.000,<0.000,0.064,0.055,0.053,0.056,0.011,0.007,0.003,0,0.009,0.007,,,,
7  Li  [ No Gas ] :  CPS RSD value = 7.60 is over the allowed maximum = 5.00103  Rh ( ISTD )  [ No Gas ] :  CPS RSD value = 7.45 is over the allowed maximum = 5.00,FALSE,372SMPL.d,15-05-2025 12:54,Sample,,Wash,1,4101,0.078,0.213,<0.000,0,<0.000,0.023,<0.000,0.024,<0.000,<0.000,<0.000,<0.000,<0.000,<0.000,0.022,0.004,<0.000,<0.000,<0.000,<0.000,0.126,0.109,<0.000,<0.000,<0.000,<0.000,<0.000,<0.000,<0.000,<0.000,<0.000,<0.000,<0.000,<0.000,<0.000,<0.000,<0.000,<0.000,0.049,0.042,0.17,0.079,0.138,<0.000,<0.000,<0.000,<0.000,<0.000,<0.000,<0.000,<0.000,<0.000,<0.000,<0.000,<0.000,<0.000,<0.000,<0.000,<0.000,<0.000,<0.000,<0.000,<0.000,<0.000,<0.000,<0.000,<0.000,<0.000,<0.000,<0.000,<0.000,<0.000,<0.000,<0.000,<0.000,<0.000,<0.000,0.049,0.056,0.057,0.053,0.012,0.006,0.003,<0.000,0.012,0.009,,,,
,,,,,,,,,,,,,,,,,,,,,,,,,,,,,,,,,,,,,,,,,,,,,,,,,,,,,,,,,,,,,,,,,,,,,,,,,,,,,,,,,,,,,,,,,,,,,,,,,,,
,,,,,,,,,,,,,,,,,,,,,,,,,,,,,,,,,,,,,,,,,,,,,,,,,,,,,,,,,,,,,,,,,,,,,,,,,,,,,,,,,,,,,,,,,,,,,,,,,,,
,,,,,,,,,,,,,,,,,,,,,,,,,,,,,,,,,,,,,,,,,,,,,,,,,,,,,,,,,,,,,,,,,,,,,,,,,,,,,,,,,,,,,,,,,,,,,,,,,,,
,,,,,,,,,,,,,,,,,,,,,,,,,,,,,,,,,,,,,,,,,,,,,,,,,,,,,,,,,,,,,,,,,,,,,,,,,,,,,,,,,,,,,,,,,,,,,,,,,,,
,,,,,,,,,,,,,,,,,,,,,,,,,,,,,,,,,,,,,,,,,,,,,,,,,,,,,,,,,,,,,,,,,,,,,,,,,,,,,,,,,,,,,,,,,,,,,,,,,,,
,,,,,,,,,,,,,,,,,,,,,,,,,,,,,,,,,,,,,,,,,,,,,,,,,,,,,,,,,,,,,,,,,,,,,,,,,,,,,,,,,,,,,,,,,,,,,,,,,,,
,,,,,,,,,,,,,,,,,,,,,,,,,,,,,,,,,,,,,,,,,,,,,,,,,,,,,,,,,,,,,,,,,,,,,,,,,,,,,,,,,,,,,,,,,,,,,,,,,,,
,,,,,,,,,,,,,,,,,,,,,,,,,,,,,,,,,,,,,,,,,,,,,,,,,,,,,,,,,,,,,,,,,,,,,,,,,,,,,,,,,,,,,,,,,,,,,,,,,,,
,,,,,,,,,,,,,,,,,,,,,,,,,,,,,,,,,,,,,,,,,,,,,,,,,,,,,,,,,,,,,,,,,,,,,,,,,,,,,,,,,,,,,,,,,,,,,,,,,,,
,,,,,, ,,,,,,,,,,,,,,,,,,,,,,,,,,,,,,,,,,,,,,,,,,,,,,,,,,,,,,,,,,,,,,,,,,,,,,,,,,,,,,,,,,,,,,,,,,,,,
