Sample,Rjct,Data File,Acq. Date-Time,Type,Level,Solution Label,7  Li  [ No Gas ] ,,,7  Li  [ He ] ,,,9  Be  [ No Gas ] ,,,9  Be  [ He ] ,,,45  Sc  [ No Gas ] ,,,45  Sc  [ He ] ,,,51  V  [ No Gas ] ,,,51  V  [ He ] ,,,52  Cr  [ No Gas ] ,,,52  Cr  [ He ] ,,,59  Co  [ No Gas ] ,,,59  Co  [ He ] ,,,60  Ni  [ No Gas ] ,,,60  Ni  [ He ] ,,,63  Cu  [ No Gas ] ,,,63  Cu  [ He ] ,,,66  Zn  [ No Gas ] ,,,66  Zn  [ He ] ,,,71  Ga  [ No Gas ] ,,,71  Ga  [ He ] ,,,85  Rb  [ No Gas ] ,,,85  Rb  [ He ] ,,,88  Sr  [ No Gas ] ,,,88  Sr  [ He ] ,,,89  Y  [ No Gas ] ,,,89  Y  [ He ] ,,,90  Zr  [ No Gas ] ,,,90  Zr  [ He ] ,,,95  Mo  [ No Gas ] ,,,95  Mo  [ He ] ,,,107  Ag  [ No Gas ] ,,,107  Ag  [ He ] ,,,111  Cd  [ No Gas ] ,,,111  Cd  [ He ] ,,,118  Sn  [ No Gas ] ,,,118  Sn  [ He ] ,,,121  Sb  [ No Gas ] ,,,121  Sb  [ He ] ,,,133  Cs  [ No Gas ] ,,,133  Cs  [ He ] ,,,137  Ba  [ No Gas ] ,,,137  Ba  [ He ] ,,,138  Ba  [ He ] ,,,139  La  [ No Gas ] ,,,139  La  [ He ] ,,,140  Ce  [ No Gas ] ,,,140  Ce  [ He ] ,,,141  Pr  [ No Gas ] ,,,141  Pr  [ He ] ,,,146  Nd  [ No Gas ] ,,,146  Nd  [ He ] ,,,147  Sm  [ No Gas ] ,,,147  Sm  [ He ] ,,,153  Eu  [ No Gas ] ,,,153  Eu  [ He ] ,,,157  Gd  [ No Gas ] ,,,157  Gd  [ He ] ,,,159  Tb  [ No Gas ] ,,,159  Tb  [ He ] ,,,163  Dy  [ No Gas ] ,,,163  Dy  [ He ] ,,,165  Ho  [ No Gas ] ,,,165  Ho  [ He ] ,,,166  Er  [ No Gas ] ,,,166  Er  [ He ] ,,,169  Tm  [ No Gas ] ,,,169  Tm  [ He ] ,,,172  Yb  [ No Gas ] ,,,172  Yb  [ He ] ,,,175  Lu  [ No Gas ] ,,,175  Lu  [ He ] ,,,178  Hf  [ No Gas ] ,,,178  Hf  [ He ] ,,,181  Ta  [ No Gas ] ,,,181  Ta  [ He ] ,,,205  Tl  [ No Gas ] ,,,205  Tl  [ He ] ,,,206  [Pb]  [ He ] ,,,207  [Pb]  [ He ] ,,,208  Pb  [ No Gas ] ,,,208  Pb  [ He ] ,,,209  Bi  [ No Gas ] ,,,209  Bi  [ He ] ,,,232  Th  [ No Gas ] ,,,232  Th  [ He ] ,,,238  U  [ No Gas ] ,,,238  U  [ He ] ,,,103  Rh ( ISTD )  [ No Gas ] ,,,103  Rh ( ISTD )  [ He ] ,,
,,,,,, ,Conc. [ ppb ],CPS,CPS RSD,Conc. [ ppb ],CPS,CPS RSD,Conc. [ ppb ],CPS,CPS RSD,Conc. [ ppb ],CPS,CPS RSD,Conc. [ ppb ],CPS,CPS RSD,Conc. [ ppb ],CPS,CPS RSD,Conc. [ ppb ],CPS,CPS RSD,Conc. [ ppb ],CPS,CPS RSD,Conc. [ ppb ],CPS,CPS RSD,Conc. [ ppb ],CPS,CPS RSD,Conc. [ ppb ],CPS,CPS RSD,Conc. [ ppb ],CPS,CPS RSD,Conc. [ ppb ],CPS,CPS RSD,Conc. [ ppb ],CPS,CPS RSD,Conc. [ ppb ],CPS,CPS RSD,Conc. [ ppb ],CPS,CPS RSD,Conc. [ ppb ],CPS,CPS RSD,Conc. [ ppb ],CPS,CPS RSD,Conc. [ ppb ],CPS,CPS RSD,Conc. [ ppb ],CPS,CPS RSD,Conc. [ ppb ],CPS,CPS RSD,Conc. [ ppb ],CPS,CPS RSD,Conc. [ ppb ],CPS,CPS RSD,Conc. [ ppb ],CPS,CPS RSD,Conc. [ ppb ],CPS,CPS RSD,Conc. [ ppb ],CPS,CPS RSD,Conc. [ ppb ],CPS,CPS RSD,Conc. [ ppb ],CPS,CPS RSD,Conc. [ ppb ],CPS,CPS RSD,Conc. [ ppb ],CPS,CPS RSD,Conc. [ ppb ],CPS,CPS RSD,Conc. [ ppb ],CPS,CPS RSD,Conc. [ ppb ],CPS,CPS RSD,Conc. [ ppb ],CPS,CPS RSD,Conc. [ ppb ],CPS,CPS RSD,Conc. [ ppb ],CPS,CPS RSD,Conc. [ ppb ],CPS,CPS RSD,Conc. [ ppb ],CPS,CPS RSD,Conc. [ ppb ],CPS,CPS RSD,Conc. [ ppb ],CPS,CPS RSD,Conc. [ ppb ],CPS,CPS RSD,Conc. [ ppb ],CPS,CPS RSD,Conc. [ ppb ],CPS,CPS RSD,Conc. [ ppb ],CPS,CPS RSD,Conc. [ ppb ],CPS,CPS RSD,Conc. [ ppb ],CPS,CPS RSD,Conc. [ ppb ],CPS,CPS RSD,Conc. [ ppb ],CPS,CPS RSD,Conc. [ ppb ],CPS,CPS RSD,Conc. [ ppb ],CPS,CPS RSD,Conc. [ ppb ],CPS,CPS RSD,Conc. [ ppb ],CPS,CPS RSD,Conc. [ ppb ],CPS,CPS RSD,Conc. [ ppb ],CPS,CPS RSD,Conc. [ ppb ],CPS,CPS RSD,Conc. [ ppb ],CPS,CPS RSD,Conc. [ ppb ],CPS,CPS RSD,Conc. [ ppb ],CPS,CPS RSD,Conc. [ ppb ],CPS,CPS RSD,Conc. [ ppb ],CPS,CPS RSD,Conc. [ ppb ],CPS,CPS RSD,Conc. [ ppb ],CPS,CPS RSD,Conc. [ ppb ],CPS,CPS RSD,Conc. [ ppb ],CPS,CPS RSD,Conc. [ ppb ],CPS,CPS RSD,Conc. [ ppb ],CPS,CPS RSD,Conc. [ ppb ],CPS,CPS RSD,Conc. [ ppb ],CPS,CPS RSD,Conc. [ ppb ],CPS,CPS RSD,Conc. [ ppb ],CPS,CPS RSD,Conc. [ ppb ],CPS,CPS RSD,Conc. [ ppb ],CPS,CPS RSD,Conc. [ ppb ],CPS,CPS RSD,Conc. [ ppb ],CPS,CPS RSD,Conc. [ ppb ],CPS,CPS RSD,Conc. [ ppb ],CPS,CPS RSD,Conc. [ ppb ],CPS,CPS RSD,Conc. [ ppb ],CPS,CPS RSD,Conc. [ ppb ],CPS,CPS RSD,Conc. [ ppb ],CPS,CPS RSD,Conc. [ ppb ],CPS,CPS RSD,Conc. [ ppb ],CPS,CPS RSD,Conc. [ ppb ],CPS,CPS RSD,Conc. [ ppb ],CPS,CPS RSD,Conc. [ ppb ],CPS,CPS RSD,Conc. [ ppb ],CPS,CPS RSD,Conc. [ ppb ],CPS,CPS RSD,CPS,CPS RSD,ISTD Recovery %,CPS,CPS RSD,ISTD Recovery %
103  Rh ( ISTD )  [ No Gas ] :  CPS RSD value = 5.29 is over the allowed maximum = 5.00,FALSE,001SMPL_20250514_Ac Series 575  to 858_rerun .D,14-05-2025 11:32,Sample,,Wash,,1461.54,3.6,,13.35,43.3,,60.06,50,,0,N/A,,22715.13,1.3,,263.6,5.8,,6514.79,3.6,,120.12,54.6,,84008.98,1.6,,1474.9,12.7,,1488.24,6.3,,140.14,46.8,,1608.38,7.9,,480.49,10.4,,4642.13,5.6,,1364.77,12.3,,58088.01,4,,8631.45,5.6,,327,10.8,,13.35,114.6,,3250.33,2.6,,73.41,20.8,,6304.52,6.6,,296.97,22.4,,433.78,5.8,,30.03,57.7,,386.68,6,,66.67,37.7,,377.05,21.5,,90.09,29.4,,1451.54,9,,557.24,28.6,,63.4,32.9,,26.69,43.3,,537.22,31.5,,76.74,7.5,,156.82,35.2,,26.69,21.7,,1001.05,8,,56.72,20.4,,14940.44,3.2,,2185.71,0.7,,14713.3,1.8,,557.24,15,,130.13,13.3,,900.93,7.3,,306.98,19.1,,193.53,20.9,,30.03,88.2,,46.71,32.7,,16.68,91.7,,16.68,34.6,,6.67,86.6,,63.4,32.9,,10.01,0,,6.67,86.6,,3.34,173.2,,33.37,17.3,,20.02,86.6,,26.69,57.3,,10.01,100,,70.07,62.3,,53.39,10.8,,23.36,107.9,,10.01,100,,56.72,27,,6.67,173.2,,16.68,34.6,,3.34,173.2,,50.05,60,,13.35,86.6,,10,100,,0,N/A,,66.67,37.7,,50,72.1,,420.43,14.9,,286.96,7.3,,633.99,8.7,,670.69,5.4,,2696.34,9.2,,2626.07,3.4,,310.01,5.6,,123.33,41.6,,453.8,17.8,,196.87,42.3,,220.22,12,,130.13,15.4,1644821.96,5.3,,643019.05,1.1,
137  Ba  [ No Gas ] :  CPS RSD value = 5.64 is over the allowed maximum = 5.00,FALSE,002SMPL_20250514_Ac Series 575  to 858_rerun .D,14-05-2025 11:36,Sample,,Wash,,1448.2,14,,3.34,173.2,,60.06,28.9,,3.34,173.2,,21455.22,0.3,,266.93,12.1,,6835.26,3.6,,133.47,33.8,,84848.21,0.5,,1424.84,11.8,,1638.41,3.7,,153.49,26.4,,1588.36,11.5,,450.46,10.2,,4511.95,0.8,,1358.1,0.4,,56932.11,1.8,,8941.97,4.1,,323.67,12.9,,26.69,21.7,,3257.01,2.8,,140.14,28.6,,6511.49,5.3,,230.23,17.4,,480.49,9.5,,53.39,60.3,,350.01,12.5,,50,52.9,,337.01,4.5,,106.77,30.1,,1421.5,1.9,,650.67,4.6,,56.72,27,,20.02,86.6,,477.15,10.3,,60.06,72.6,,186.85,27.5,,43.38,35.3,,957.67,7.4,,46.71,44.6,,14963.83,5.6,,2125.65,13.6,,13681.07,2.4,,580.6,8.6,,120.12,30,,1054.44,9,,290.29,29.5,,176.84,22.9,,33.37,62.4,,83.42,34.6,,20.02,50,,36.7,68.6,,6.67,86.6,,60.06,16.7,,16.68,124.9,,26.69,57.3,,20.02,50,,76.74,58.8,,30.03,33.3,,33.37,62.4,,6.67,86.6,,73.41,31.5,,20.02,50,,40.04,114.6,,6.67,173.2,,66.73,31.2,,20.02,86.6,,20.02,50,,6.67,173.2,,60.06,44.1,,0,N/A,,3.33,173.2,,6.67,86.6,,66.67,48.2,,46.67,32.7,,403.75,12.5,,240.24,23.2,,600.62,11.7,,547.23,19.6,,2993.37,0.6,,2612.73,5.9,,350.01,30.2,,100,55.7,,380.39,23.4,,186.85,21.7,,233.57,2.5,,126.79,39.7,1634779.16,2.6,,641077.99,0.6,
,FALSE,003SMPL_20250514_Ac Series 575  to 858_rerun .D,14-05-2025 11:40,Sample,,Wash,,1488.24,15.1,,3.34,173.2,,80.08,25,,0,N/A,,20823.65,3.3,,233.57,23.6,,6665.01,5,,160.16,6.2,,85681.21,0.4,,1428.18,5.4,,1741.86,6.5,,260.26,20,,1581.68,1.9,,480.49,12.5,,4809.02,2.7,,1294.69,2.4,,57826.48,3.5,,8678.2,1.6,,430.44,18.2,,16.68,91.7,,3584.08,4.1,,116.78,90.8,,6608.3,6.6,,230.23,22.6,,510.52,7.8,,33.37,17.3,,473.34,24.5,,46.67,49.5,,343.68,21.5,,76.74,7.5,,1321.39,10.6,,563.91,11.8,,96.76,21.5,,20.02,50,,583.93,21.6,,96.76,53.1,,250.25,10.6,,26.69,57.3,,1137.86,11.9,,106.77,70.4,,14890.36,4.2,,2195.73,15.1,,13617.63,4.7,,623.97,12.9,,173.51,29.6,,1147.87,18.4,,300.31,31.8,,293.63,2,,73.41,55.1,,106.77,35.5,,40.04,50,,66.73,8.7,,10.01,100,,116.78,35.7,,30.03,57.7,,40.04,25,,20.02,86.6,,176.84,8.6,,46.71,49.5,,36.7,31.5,,26.69,114.6,,166.83,30.2,,53.39,10.8,,80.08,25,,30.03,120.2,,183.52,11.4,,50.05,34.6,,26.69,57.3,,13.35,43.3,,120.12,22,,40.04,66.1,,46.67,24.7,,16.67,124.9,,93.33,40.6,,46.67,65.5,,433.78,18.5,,256.92,4.5,,680.7,7.8,,647.33,14,,3096.84,5.2,,2866.35,6.2,,293.34,20.8,,173.33,29.6,,467.14,6.5,,230.23,11.5,,266.93,7.8,,190.19,21.1,1691422.89,1.4,,637679.36,2.8,
138  Ba  [ He ] :  CPS RSD value = 5.52 is over the allowed maximum = 5.00,FALSE,005CALB_20250514_Ac Series 575  to 858_rerun .D,14-05-2025 11:48,CalBlk,1,Blank,0,1494.92,5.5,0,6.67,173.2,0,86.75,63.5,0,3.34,173.2,0,21010.7,2.3,0,250.25,43.3,0,6701.73,1.9,0,136.8,29.6,0,87302.84,1.2,0,1478.23,3.5,0,1922.07,11.6,0,196.86,25.1,0,1721.84,9.1,0,413.75,29.3,0,4695.55,2.7,0,1298.03,1.6,0,59579.25,2.7,0,8931.95,0.2,0,410.42,19.5,0,16.68,34.6,0,3804.37,3.2,0,106.77,10.8,0,6835.31,5,0,266.94,25,0,707.4,15.1,0,63.4,50.8,0,490.01,11.4,0,80,78.1,0,327,30.2,0,100.1,0,0,1528.29,5.7,0,617.3,8,0,110.11,9.1,0,33.37,75.5,0,764.13,3.3,0,136.8,36.8,0,210.21,25.2,0,43.38,58.1,0,1227.96,9.7,0,103.44,11.2,0,15207.7,2.3,0,2068.91,3.9,0,13961.75,5.5,0,864.23,8.5,0,186.85,11.2,0,1298.04,10.9,0,330.34,3,0,377.05,10.7,0,86.75,48,0,140.14,31.1,0,33.37,45.8,0,63.4,24.1,0,10.01,100,0,173.51,12,0,36.7,56.8,0,93.43,40.6,0,6.67,86.6,0,243.58,6.3,0,60.06,33.3,0,80.08,12.5,0,20.02,50,0,246.92,37.7,0,70.07,57.1,0,73.41,43.8,0,30.03,57.7,0,273.61,18.8,0,103.44,43.6,0,83.42,38.6,0,26.69,78.1,0,263.6,17.9,0,50.05,40,0,26.67,57.3,0,6.67,173.2,0,96.67,15.8,0,46.67,89.2,0,473.82,1.2,0,290.3,12.4,0,760.79,17.3,0,630.65,2.7,0,3013.4,4,0,2876.35,9.6,0,373.34,6.7,0,143.33,10.7,0,620.64,7.4,0,273.61,29.3,0,373.71,28.4,0,226.89,25.9,1688399.65,1.9,100,645265.9,1.7,100
88  Sr  [ No Gas ] :  CPS RSD value = 8.49 is over the allowed maximum = 5.00175  Lu  [ No Gas ] :  CPS RSD value = 6.46 is over the allowed maximum = 5.00181  Ta  [ No Gas ] :  CPS RSD value = 6.29 is over the allowed maximum = 5.00232  Th  [ No Gas ] :  CPS RSD value = 6.50 is over the allowed maximum = 5.00,FALSE,006CALS_20250514_Ac Series 575  to 858_rerun .D,14-05-2025 11:52,CalStd,2,Standard 1,0.108,9048.7,4.5,0.11,40.04,66.1,0.101,2219.07,5.5,0.064,26.69,57.3,0.087,31127.02,0.1,0.116,717.41,4.3,0.093,23353.61,2.6,0.095,1474.9,17.7,0.065,97449.45,0.6,0.076,2919.91,1.7,0.097,19640.77,1.1,0.105,4044.67,2.5,0.077,4899.15,6.3,0.092,1344.75,9,0.078,12481.66,1.9,0.09,3847.75,3.3,<0.000,11162.54,2.6,<0.000,1828.63,4.7,0.094,9666.59,2,0.108,497.18,12.3,0.084,20032.04,4.9,0.104,857.56,3.6,0.086,28063.5,8.5,0.092,1117.84,4.2,0.096,29563.01,0.7,0.115,2699.66,9.8,0.094,15172.19,4.5,0.102,2336.88,1.5,0.094,4365.11,3.2,0.092,1167.89,10.3,0.066,7609.87,6.1,0.07,3056.76,4.5,0.1,2195.72,6,0.112,573.92,11.1,0.092,6771.9,2.2,0.096,1044.42,6.5,0.095,9346.11,6.2,0.106,1428.18,7.5,0.097,25825.3,1.3,0.105,2249.12,6.7,<0.000,10004,3.6,<0.000,1391.47,8.3,<0.000,8798.53,3.1,0.098,27905.31,3.4,0.106,6171.04,3.3,0.095,24501.55,3.2,0.095,7075.74,2.7,0.097,27142.87,2,0.104,6414.74,6.1,0.097,4685.57,3.3,0.103,1197.93,9.9,0.096,3904.52,8.3,0.102,994.37,6.7,0.097,13821.46,4,0.108,4104.8,2.8,0.09,4014.68,5.6,0.095,1601.71,10.7,0.099,26080.02,3.5,0.099,8978.9,1,0.095,5890.63,3.7,0.099,2045.55,6.9,0.093,23398.84,3.7,0.102,9022.32,1.5,0.093,7680.08,5.7,0.098,2899.91,3,0.094,22609.84,3.9,0.102,9680.15,2,0.1,5273.08,7.4,0.105,2252.46,4.6,0.094,21473.51,6.5,0.102,5109.51,5.2,0.101,5954.77,4.4,0.108,2336.9,8.6,0.071,14975.88,6.3,0.068,8292.82,6.6,0.093,11707.4,2.4,0.101,6501.59,6.2,0.076,2199.07,3.8,0.081,2008.85,9.2,0.07,9112.61,4.5,0.077,8940.27,6.6,0.097,13797.89,4.6,0.098,6244.96,3.4,0.092,15111.42,6.5,0.096,7793.7,5.8,0.097,14312.87,3.3,0.1,7783.67,5.2,1685321.26,3.6,99.8,634626.92,1.3,98.4
157  Gd  [ He ] :  CPS RSD value = 6.11 is over the allowed maximum = 5.00207  [Pb]  [ He ] :  CPS RSD value = 5.98 is over the allowed maximum = 5.00208  Pb  [ No Gas ] :  CPS RSD value = 5.16 is over the allowed maximum = 5.00232  Th  [ No Gas ] :  CPS RSD value = 5.03 is over the allowed maximum = 5.00,FALSE,007CALS_20250514_Ac Series 575  to 858_rerun .D,14-05-2025 11:56,CalStd,3,Standard 2,1.077,76942.94,1.8,1.033,320.33,28.1,1.006,21531.73,2.1,1.041,387.06,7.9,0.883,125000.01,0.7,0.973,4214.89,7.9,0.973,182881.09,2.1,1.027,14686.1,2.6,0.952,240695.43,0.8,0.999,20803.59,2.4,0.987,183454.79,2.7,1.018,37774.53,3.9,0.98,42480.06,1.9,1.001,10658.28,2.3,0.969,101698.27,3.9,1.024,30612.45,0.5,<0.000,34137.86,1.3,<0.000,5029.33,2.1,0.97,96187.59,3.9,1.12,5049.37,4.1,0.957,189537.38,1.5,1.046,7723.38,7.5,0.967,245718.08,3.2,1.046,10050.63,2.3,0.951,287974.7,2.6,1.091,25229.59,3.8,0.949,149514.32,0.7,1.063,23684.73,1.3,0.999,43458.89,1.4,1.082,12822.47,3.1,1.036,97328.03,1,1.091,39114.72,0.9,1.043,22094.36,1.3,1.026,4995.98,1.5,0.978,64670.36,1.5,1.018,9836.95,2.3,0.94,91058.64,1.3,1.083,14285.58,0.4,0.99,254142.99,1.2,1.057,21753.7,2,0.907,41217.9,2.6,1.058,6007.46,3.9,0.978,38506.81,2,0.996,276787.25,3.8,1.045,59722.59,1.5,0.959,237382.87,2.6,0.996,71217.56,0.2,0.966,269550.15,3.9,1.037,63797.8,1.9,1.006,47456.46,0.6,1.052,11967.64,2,0.956,38513.82,1.2,1.039,10080.82,0.9,0.965,137370.31,0.6,1.041,39313.86,2.8,0.959,41911.77,1.6,1.022,17265.93,6.1,0.995,261422.39,1.9,1.011,91950.82,1.4,0.952,58870.28,2.7,1.048,21673.82,1.8,0.964,240467.71,2,1.026,90642.71,2.1,0.912,75100.64,2.1,1.035,30641.63,2.7,0.986,236829.16,3.7,1.005,95445.73,3.7,0.945,49685.69,3.5,1.048,22386,2.1,0.969,220714.05,4.8,1.036,51736.22,1.2,0.972,57228.84,1.3,1.053,22894.82,4.4,0.786,165746.47,3.8,0.762,93267.62,4.2,0.948,116030.76,4.6,0.991,61299.02,2.4,1.005,20053.28,4.9,1.026,18242.04,6,0.954,86220.19,5.2,0.988,81485.21,1.7,0.957,133479.8,4.4,0.98,61549.02,1,0.949,151088.59,5,0.951,75013.11,0.9,0.937,136518.61,3.1,1.003,76812.61,2.5,1693255.55,1.4,100.3,638366.78,2.7,98.9
147  Sm  [ No Gas ] :  CPS RSD value = 5.49 is over the allowed maximum = 5.00208  Pb  [ No Gas ] :  CPS RSD value = 5.69 is over the allowed maximum = 5.00232  Th  [ No Gas ] :  CPS RSD value = 5.76 is over the allowed maximum = 5.00,FALSE,008CALS_20250514_Ac Series 575  to 858_rerun .D,14-05-2025 12:00,CalStd,4,Standard 3,10.464,744031.17,3.1,10.067,3050.06,3.8,9.878,213235.7,1.7,9.717,3570.72,5.1,8.785,1068899.19,0.5,9.709,39684.63,1.7,9.231,1698733.74,1,10.09,142196.39,1.2,9.503,1637224.05,1.6,10.098,195930.47,2,9.33,1739143.57,1.6,9.839,361483.22,0.7,9.443,399385.31,3.3,10.176,104111.33,1.4,9.396,957505.45,1.3,10.089,288540.43,0.6,8.23,258855.91,1.6,8.218,37309.57,1.5,9.205,921112.16,1.3,10.316,46119.71,2.3,9.621,1894876.13,1.4,10.281,74645.88,2.1,9.314,2337244.12,1.9,10.37,96661.09,3.1,9.457,2893250.65,2,10.394,238801.3,1.7,9.343,1486318.57,3.5,10.149,224264.56,1,9.222,403506.89,0.9,10.241,119770.43,3.3,10.526,987093.27,2.3,11.324,397866.45,3.3,9.718,207596.27,2,10.084,48539.64,1.5,9.205,609829.69,3.1,10.275,97468.61,4,9.308,911282.12,2.8,10.108,132357.7,2.5,9.179,2374824.2,1.2,10.443,212685.9,2.2,9.752,298120.71,1.6,10.52,41201.33,4,10.097,267334.33,3.3,9.369,2630415.89,0.9,10.249,581361.84,0.6,9.414,2346591.91,1.9,9.517,674311.97,1.6,9.408,2655085.14,3.1,10.063,615404.74,3.2,9.284,442076.06,2.7,10.24,115569.06,2.3,9.411,383564.59,5.5,10.33,99688.12,3,9.326,1342072.96,2.4,10.002,375611.74,4,9.226,407761.7,3.6,10.408,174780.49,0.7,9.24,2455217.67,4.1,9.869,892467.26,3.1,8.971,561289.77,2.3,10.112,207691.39,4.1,9.428,2378745.62,0.9,9.604,843307.56,2.5,8.912,742529.12,1.4,9.963,292786.45,3.6,9.45,2294770.82,0.9,9.664,911564.54,1.9,9.451,502393.2,0.7,9.869,209497.51,0.6,9.079,2091241.82,1,10.017,497203.39,1.3,9.424,561824.6,3.7,9.898,214109.15,1.1,8.445,1800014.45,4.8,8.711,1059394.75,2.5,9.512,1175226.22,1.1,9.503,582628.88,1.8,9.936,190694.67,3.3,9.711,166418.3,1,8.995,797233.51,5.7,9.758,775970.79,1.9,9.446,1331384.33,4.3,9.557,596349.15,3.3,9.236,1484126,5.8,9.604,751020.89,3.7,9.121,1340960.08,4.8,9.69,736668.15,3.5,1714872.58,2.2,101.6,635288.53,3.6,98.5
107  Ag  [ He ] :  CPS RSD value = 5.06 is over the allowed maximum = 5.00147  Sm  [ He ] :  CPS RSD value = 5.15 is over the allowed maximum = 5.00157  Gd  [ No Gas ] :  CPS RSD value = 6.35 is over the allowed maximum = 5.00157  Gd  [ He ] :  CPS RSD value = 5.71 is over the allowed maximum = 5.00207  [Pb]  [ He ] :  CPS RSD value = 5.25 is over the allowed maximum = 5.00209  Bi  [ He ] :  CPS RSD value = 5.19 is over the allowed maximum = 5.00232  Th  [ He ] :  CPS RSD value = 5.73 is over the allowed maximum = 5.00238  U  [ He ] :  CPS RSD value = 6.17 is over the allowed maximum = 5.00,FALSE,009CALS_20250514_Ac Series 575  to 858_rerun .D,14-05-2025 12:04,CalStd,5,Standard 4,20.967,1460832.71,2.3,21.369,6544.78,4.3,20.322,430251.93,2.4,19.062,7085.6,5.1,17.981,2123944.52,1.2,19.437,80083.38,2.1,19.078,3436207.05,1.5,19.403,276599.91,1.6,19.324,3175652.85,2.5,20.121,393285.41,0.9,19.431,3550809.05,3,19.019,706707.62,2.1,19.166,792999.64,2.9,20.16,208238.09,2.3,19.151,1908935.29,1.7,19.985,576992.55,1.8,18.766,503062.43,1.4,18.406,73522.81,1.8,18.837,1848171.25,1.6,20.298,91828.98,0.5,19.368,3738223.02,3.4,20.403,149634.08,3.6,19.511,4794824.21,2.2,19.733,185965.67,1.6,19.166,5751932.99,1.9,20.822,483665.04,3.2,19.481,3037932.66,2.4,20.194,451436.83,2.5,19.275,826865.51,2.6,20.238,239401.05,1.2,20.256,1862293.75,0.8,20.82,739768.31,5.1,19.803,414735.23,2.9,20.477,99689.02,2,18.618,1209673.58,2.4,19.472,186838.29,2.6,18.863,1810552.8,2.8,20.536,271827.41,1,19.529,4955302.18,3.1,20.397,420310.26,1.1,19.86,579685.88,2.8,21.063,81326.67,3,19.451,508189.06,2.1,19.155,5274105.57,2.5,20.165,1157188.1,2.9,19.393,4741154.39,2.3,18.787,1346000.01,0.5,19.356,5355828.44,2.9,20.02,1238142.29,3.8,19.181,895850.7,4.7,20.637,235671.41,0.7,19.106,763312.19,3.8,20.096,196146.49,5.1,18.882,2665214.28,4.8,19.83,752897.09,2,19.174,830997.9,6.4,19.811,336596.98,5.7,19.491,5079528.91,4.8,19.716,1803308.16,1.3,18.944,1162396.49,2.8,19.967,415177.31,3.4,19.244,4762845.98,3,19.742,1752817.56,3.1,18.415,1504844.38,3.3,19.825,589881.52,1.4,19.901,4741789.51,4.1,19.515,1861190.31,2.7,19.03,991957.64,4.9,20.345,436967.8,2,19.702,4451667.61,2.9,19.222,964631.64,2,18.728,1094894.96,2.6,20.101,439961.26,4.6,18.917,3958378.8,4,18.409,2265303.35,2.2,18.241,2209773.53,0.6,18.905,1172323.89,3.1,19.653,380703.88,4.4,19.786,342497.05,5.2,19.038,1652087.82,1.7,19.176,1539731.11,0.8,19.011,2628113.4,1.7,18.803,1186784.67,5.2,19.215,3027454.86,0.6,18.751,1483315.25,5.7,19.008,2742261.53,3.3,19.023,1462556.15,6.2,1681657.08,0.9,99.6,642207.92,1.7,99.5
7  Li  [ No Gas ] :  CPS RSD value = 5.39 is over the allowed maximum = 5.009  Be  [ He ] :  CPS RSD value = 5.01 is over the allowed maximum = 5.00157  Gd  [ No Gas ] :  CPS RSD value = 5.05 is over the allowed maximum = 5.00163  Dy  [ No Gas ] :  CPS RSD value = 5.32 is over the allowed maximum = 5.00205  Tl  [ No Gas ] :  CPS RSD value = 5.59 is over the allowed maximum = 5.00208  Pb  [ No Gas ] :  CPS RSD value = 8.01 is over the allowed maximum = 5.00232  Th  [ No Gas ] :  CPS RSD value = 6.59 is over the allowed maximum = 5.00103  Rh ( ISTD )  [ No Gas ] :  CPS RSD value = 5.81 is over the allowed maximum = 5.00103  Rh ( ISTD )  [ He ] :  CPS RSD value = 5.43 is over the allowed maximum = 5.00,FALSE,010CALS_20250514_Ac Series 575  to 858_rerun .D,14-05-2025 12:08,CalStd,6,Standard 5,52.672,3426959.26,5.4,50.036,15049.96,4.7,52.829,1042579.01,1.5,49.738,18106.74,5,49.217,5391611.41,1.9,48.397,195274.87,1.5,51.089,8569513.07,1.2,49.386,689218.26,3.4,51.29,7725225.45,1.5,48.481,927913.88,2.5,51.259,8728254.73,3.3,48.765,1776011.64,1.1,49.989,1927087.72,1.5,49.062,496609.66,1.4,51.349,4766952.07,2.2,49.985,1412788.94,1.1,52.196,1206737.6,1.3,48.26,175046.42,3.3,50.866,4658181.94,2.6,50.409,223512.58,1.6,51.94,9342368.01,1.7,49.07,352793.6,1.2,51.144,11725794.15,3.3,49.908,461099.7,2.7,51.074,14286013.96,3.6,48.99,1115312.34,1.5,50.37,7331620.93,3,49.909,1095433.86,4.5,50.387,2016792.48,2.4,49.251,570323.86,4.2,54.359,4658916.53,2.5,49.669,1729658.25,2,52.098,1018151.12,2.3,50.156,239718.83,4,49.539,3003484.74,2.7,49.513,465527.64,0.8,51.34,4598095.71,1.6,49.963,648307.78,4,51.158,12105359.55,0.7,50.858,1026997.75,1.9,54.387,1455925.72,1.5,53.394,199081.35,1.8,51.909,1306071.39,2.5,51.552,13249006.11,2.9,49.436,2780714.99,2.4,51.846,11827873.73,2.2,48.246,3387429.42,4.1,49.739,12832490.85,0.3,48.838,2960981.3,3.2,49.25,2144819.04,1.2,49.692,556362.7,0.7,50.773,1892287.92,1.7,49.884,476844.85,2.9,50.132,6593694.75,2.4,48.725,1813950,0.8,50.531,2044560.09,5.1,50.087,834970.57,2.2,50.718,12331092.37,0.9,47.423,4250678.08,3.4,49.595,2838478.28,5.3,51.194,1043728.57,0.7,51.549,11907815.34,3.1,47.716,4155003.76,3.8,51.144,3897191.78,4.8,49.174,1433820.02,3,51.014,11342957.98,2.5,46.962,4393566.81,1.5,50.012,2431236.09,4.6,51.272,1079608.02,0.9,50.24,10597457.48,3.4,47.098,2319502.63,2.1,49.993,2722102.67,3.5,51.818,1112351.28,3.5,52.019,10164994.64,4.5,44.941,5421280.13,1.9,50.668,5710505.1,5.6,50.418,3064514.1,4.7,46.108,874653.19,1.6,49.84,844679.63,1.9,50.459,4091807.96,8,46.739,3676574.92,0.8,50.825,6545373.23,2.6,46.356,2863181,3.5,51.409,7571060.45,6.6,47.839,3716222.48,3.1,49.456,6645002.1,3.4,48.036,3614915.34,4,1571731.21,5.8,93.1,630839.91,5.4,97.8
7  Li  [ He ] :  CPS RSD value = 5.42 is over the allowed maximum = 5.00111  Cd  [ He ] :  CPS RSD value = 5.29 is over the allowed maximum = 5.00169  Tm  [ No Gas ] :  CPS RSD value = 5.10 is over the allowed maximum = 5.00,FALSE,011CALS_20250514_Ac Series 575  to 858_rerun .D,14-05-2025 12:13,CalStd,7,Standard 6,76.213,5274567.39,3.1,76.24,22728.21,5.4,72.307,1522126.71,1.6,75.998,27498.42,0.6,74.464,8680137.45,1.4,76.001,304191.2,1.8,74.494,13321911.94,1.1,75.505,1047473.31,3,74.224,11881355.96,1.9,75.537,1433666.69,1.8,74.21,13478820.52,0.4,73.341,2653162.49,2.4,73.288,3009953.81,2.6,76.295,766571.68,2.7,73.8,7300183.12,1.9,75.869,2129292.11,1.7,75.532,1834763.88,1.4,76.036,268610.75,0.7,73.765,7194662.39,1,74.97,330342.67,3,74.759,14335747.03,1.9,76.054,542961.1,0.5,75.07,18324344.8,1.7,75.992,696740,2.4,72.947,21765281.16,1.2,76.265,1725445.92,2.3,75.781,11748846.07,0.5,74.319,1617248.67,2.1,73.735,3144442.78,1.7,75.701,871824.67,1.3,74.096,6768108.54,2.9,74.124,2562315.81,3.1,75.764,1577200.07,0.1,75.523,358223.26,5.3,74.717,4824282.94,1.6,75.998,709136.92,4.8,74.109,7071490.05,1.6,74.571,961239.47,2.6,75.39,19015998.12,2,74.812,1500580.06,1.3,73.584,2094637.93,1.9,75.936,280270.43,2.1,71.91,1792302.3,2.6,74.605,20419464.92,1.6,76.488,4272404.71,2.2,74.04,17994416.12,0.7,73.109,5097561.95,2.7,73.483,20213389.26,3.6,75.84,4566272.22,1.6,75.501,3506414.76,1.9,74.698,830041.58,3.6,71.951,2857585.72,4.4,75.391,716114.32,0.9,75.014,10527288.98,3.2,73.913,2732956.82,2.5,70.914,3054714.62,1.5,74.69,1235057.58,3.5,76.029,19699592.96,1.7,75.247,6703767.95,2.7,71.525,4363124.49,2.3,74.885,1515901.42,3,75.247,18512027.48,1.6,74.214,6415832.72,1,73.526,5974785.63,1.4,74.038,2144624.63,2.3,74.657,17682182.22,5.1,76.017,7062615.34,2.5,73.663,3818874.72,3.1,73.386,1533973.04,1.9,73.458,16498655.36,2.9,76.942,3759769.47,1.5,73.324,4262692.54,2.2,72.26,1539387.11,1.3,74.505,15495916.02,1.8,75.126,9000541.74,1.9,73.785,8885691.33,1.4,72.909,4400191.56,0.6,74.718,1407818.91,0.8,73.565,1237643.35,1.4,74.598,6426963.43,1.2,73.609,5748163.72,0.8,75.294,10348838.18,2.8,77.046,4731183.68,1.1,73.393,11492992.6,2.5,73.071,5629931.61,1,75.069,10765415.85,2.2,75.282,5631730.91,1.4,1671899.25,0.8,99,625385.55,2.2,96.9
7  Li  [ He ] :  CPS RSD value = 5.39 is over the allowed maximum = 5.00107  Ag  [ He ] :  CPS RSD value = 5.77 is over the allowed maximum = 5.00146  Nd  [ No Gas ] :  CPS RSD value = 5.26 is over the allowed maximum = 5.00178  Hf  [ He ] :  CPS RSD value = 5.00 is over the allowed maximum = 5.00181  Ta  [ He ] :  CPS RSD value = 5.30 is over the allowed maximum = 5.00205  Tl  [ He ] :  CPS RSD value = 5.52 is over the allowed maximum = 5.00209  Bi  [ He ] :  CPS RSD value = 6.92 is over the allowed maximum = 5.00,FALSE,012CALS_20250514_Ac Series 575  to 858_rerun .D,14-05-2025 12:17,CalStd,8,Standard 7,97.514,6731109.25,0.4,98.771,29297.18,5.4,100.553,2111078.16,1.1,99.598,35875.96,1.2,101.32,11772112.14,1.2,100.193,399160.28,0.7,100.097,17848289.99,0.8,100.038,1381772.97,1.8,100.123,15957496.7,1.8,100.323,1895204.22,0.6,100.144,18139648.02,0.7,102.073,3675955.02,0.9,101.512,4156918.28,0.4,99.448,994289.27,0.6,100.456,9913625.94,3.2,99.35,2775875.78,0.9,98.949,2378685.57,2,100.613,351078.75,1.1,100.805,9807240.8,1.4,99.726,437422.65,2.4,99.376,19003076.45,0.9,99.565,707704.82,3.1,99.542,24237480.86,2.2,99.318,906479.16,2.4,101.224,30112635.2,1,99.352,2237003.52,1.1,99.399,15369905.19,0.8,100.502,2177869.91,2.5,100.979,4293051.19,2,99.776,1143597.77,2.3,98.395,8958376.1,4,100.525,3458330.01,5.8,98.445,2044714.93,3.4,99.426,469396.67,3.8,100.799,6488185.49,2,99.573,925446.39,1,100.295,9547551.95,3,100.221,1286041.96,2,99.305,24968167.38,2.6,99.587,1987943.05,4.2,98.923,2805255.99,4.2,97.336,357047.82,1.2,101.464,2512462.41,1.8,99.752,27225883.44,1.1,99.107,5510442.33,0.7,99.977,24231533.25,1,102.586,7124622.55,1,101.457,27841390.61,3,99.94,5989992.3,2.6,100.234,4641814.84,5.3,100.229,1109684.06,2.3,102.139,4045304.69,3.6,99.712,942895.45,0.9,100.215,14032016.63,3.3,101.486,3734643.71,1.6,103.042,4427883.52,3,100.186,1650052.55,1.2,99.047,25589996.71,3,101.173,8973035.76,1.6,103.124,6273970.65,1.8,99.484,2004345.81,1.5,99.249,24356363.91,2.1,101.823,8766633.94,2.5,100.96,8183354.62,2.1,101.173,2917326.71,4.1,99.825,23576052.77,1.6,100.887,9333246.6,4.3,101.246,5235352.34,2,100.518,2092539.1,3.1,101.189,22662792.84,1,100.148,4872927.94,2.7,101.573,5890437.83,2.5,101.136,2144801.53,5,99.736,20683602.61,1.2,102.885,12270948.99,5.3,100.978,12126694.22,2.7,101.628,6105466.73,5.5,102.234,1917421.23,4.5,101.228,1695486.01,3.7,100.365,8629548.32,4.6,102.863,7995244.79,0.6,99.621,13648975.63,1.9,100.572,6149214.28,6.9,100.734,15744342.71,4.2,102.817,7887788.43,3.1,100.507,14376851.46,2.8,100.997,7520514.49,4.9,1668058.27,2.8,98.8,622578.62,1.9,96.5
107  Ag  [ No Gas ] :  CPS RSD value = 5.22 is over the allowed maximum = 5.00,FALSE,013SMPL_20250514_Ac Series 575  to 858_rerun .D,14-05-2025 12:21,Sample,,Wash,0.161,12822.18,3.8,0.266,86.75,65.6,0.002,133.47,11.5,<0.000,0,N/A,0.01,22350.88,1,0.006,270.27,12.8,0.073,20011.61,2.6,0.071,1131.19,9.2,0.035,93648.37,1.9,0.055,2519.43,7.2,0.03,7569.76,5.1,0.03,1281.35,7.5,0.097,5803.75,6.7,0.109,1518.27,9.4,0.244,29261.35,1.1,0.261,8721.58,5,<0.000,18401.18,4,<0.000,2619.56,7.8,0.014,1815.28,8.4,0.017,93.43,50.6,0.179,38742.73,3.3,0.189,1481.57,17.1,0.016,10748.57,4.2,0.015,403.75,7.6,0.01,3781.02,1.9,0.01,290.29,22.6,0.004,1183.39,14.4,0.005,186.67,53.9,0.203,9125.7,6.4,0.193,2355.91,7,0.12,12722.35,5.2,0.14,5516.71,2.5,0.005,210.21,9.5,<0.000,30.03,57.7,0.007,1214.61,12.8,0.003,163.5,15.4,0.023,2489.42,3.3,0.023,343.69,6.7,0.063,17519.56,1.3,0.069,1504.93,3.3,0.081,17670,3.5,0.079,2335.89,5.7,0.085,15889.18,2.6,0.009,3387.17,5.3,0.009,677.37,19.6,0.017,5600.18,10.8,0.018,1615.06,17.1,0.004,1591.7,10.3,0.004,310.31,25.2,0.009,553.9,7.3,0.008,126.79,12.1,0.006,300.3,6.7,0.005,56.72,81.5,0.003,563.91,9.1,0.001,90.09,29.4,0.003,246.92,30.4,0.005,83.42,30.2,0.002,864.23,15.1,0.002,220.22,22.7,0.003,283.62,22.7,0.005,120.12,30,0.002,787.49,5.3,0.002,216.88,11.6,0.003,323.66,26.3,0.003,120.12,8.3,0.002,824.19,14.1,0.001,223.56,26.2,0.002,173.51,8.8,0.001,56.72,44.4,0.002,727.42,5.7,0.002,160.16,21.7,0.004,250,38.2,0.005,116.67,34.6,0.016,3503.84,5.7,0.022,2670.3,12.9,0.018,2669.64,6.3,0.015,1204.6,7.7,0.086,2389.3,10.9,0.085,2075.59,7.8,0.075,9616.77,5.3,0.081,9237.29,3.9,0.019,2970.38,11.1,0.018,1293.41,9.8,0.011,2449.38,6.5,0.012,1237.97,13.9,0.018,3066.81,5.3,0.016,1441.53,13.6,1701510,1.2,100.8,635718.86,1.5,98.5
7  Li  [ No Gas ] :  CPS RSD value = 5.01 is over the allowed maximum = 5.0066  Zn  [ No Gas ] :  CPS RSD value = 5.00 is over the allowed maximum = 5.00,FALSE,014SMPL_20250514_Ac Series 575  to 858_rerun .D,14-05-2025 12:25,Sample,,Wash,0.166,13209.58,5,0.224,73.41,15.7,0,90.09,33.3,0,3.34,173.2,<0.000,20963.98,2,0.019,316.99,20.1,0.065,18705.12,1.2,0.073,1151.21,13.2,0.023,91938.53,0.3,0.053,2442.68,2.1,0.03,7549.73,2.8,0.03,1288.02,6.2,0.094,5683.58,6.8,0.108,1488.24,0.8,0.256,30602.35,1.5,0.27,8858.49,2.4,<0.000,17699.55,5,<0.000,2636.24,7.3,0.013,1685.13,9.6,0.016,86.75,35.3,0.171,37240.09,3,0.186,1431.51,4.8,0.017,11189.34,2.2,0.018,427.1,18.8,0.01,3744.29,3.7,0.012,323.66,1.8,0.003,970.04,21.5,0.006,210,21.8,0.075,3580.75,3.7,0.067,867.57,15.8,0.055,6671.75,5.4,0.074,3153.54,4.7,0.003,173.51,21.8,<0.000,23.36,24.7,0.006,1191.26,10.1,0.002,153.49,30.1,0.01,1171.23,7.5,0.016,250.25,41.8,0.064,17629.81,1.8,0.066,1424.84,4,0.095,18097.69,3.1,0.099,2372.6,5.9,0.061,15080.73,2.9,0.01,3777.69,2.3,0.007,590.61,10.2,0.019,5957.41,4.6,0.015,1401.48,7.1,0.004,1501.6,8.3,0.004,337.01,3.4,0.009,580.6,3,0.008,123.46,16.9,0.004,243.58,23.4,0.004,46.71,24.7,0.003,547.23,8.6,0.002,100.1,26.5,0.003,220.22,24.1,0.004,76.74,39.8,0.003,981.02,9.7,0.002,253.59,8.2,0.003,270.27,9.8,0.004,110.11,45.5,0.002,874.25,14.4,0.002,226.89,28.7,0.003,330.34,18.4,0.004,143.48,28.2,0.002,814.18,21.4,0.002,276.94,8.3,0.003,236.9,2.4,0.002,70.07,37.8,0.002,747.44,12.9,0.002,146.81,43.8,0.003,210,25.2,0.003,73.33,43.8,0.008,1736.79,5.9,0.009,1090.06,32.6,0.01,1725.19,4.3,0.01,880.92,6.8,0.092,2472.73,2.5,0.078,1918.74,5.6,0.077,9820.51,6.7,0.082,9237.31,1.9,0.019,2987.05,6.9,0.018,1270.07,16.3,0.012,2489.43,2,0.012,1171.23,2.6,0.019,3110.19,5.1,0.018,1548.33,3.9,1706794.04,3.4,101.1,626748.82,2,97.1
205  Tl  [ No Gas ] :  CPS RSD value = 5.32 is over the allowed maximum = 5.00,FALSE,015_QC1_20250514_Ac Series 575  to 858_rerun .D,14-05-2025 12:29,QC1,,QC MES 50 ppb,50.429,3451201.1,3.3,47.996,14485.47,0.9,49.664,1032933.53,2.4,47.551,17411.78,3.8,47.726,5504904.91,1,47.231,191497.58,2.2,49.115,8682473.53,1.6,47.187,662371.04,1.9,49.191,7811384.74,1.2,47.17,906975.23,2.9,49.365,8861833.1,0.7,45.896,1680167.56,3.4,47.29,1920262.82,1.4,48.162,489650.56,0.8,48.587,4751463.45,1,47.465,1348445.12,0.4,49.103,1199423.15,1.9,46.471,169576.46,1.5,48.892,4711938.61,2.9,47.65,212465.49,2,50.303,9538345.45,3.4,46.751,337621.96,2.5,48.646,11736579.94,2.8,48.126,446670.79,2.5,49.714,14660195.23,0.7,47.029,1076016.49,1.8,48.461,7428483.22,2.7,49.105,1081788.27,2.5,47.657,2008068.85,1.7,47.925,558164.78,3.2,52.186,4712134.85,4.1,49.2,1722278.38,0.7,48.224,992252.7,2.2,50.423,241956.27,1.8,47.264,3016839.97,1.7,48.23,455674.31,1.9,49.245,4645177.58,2.4,48.856,637524.09,2.9,50.318,12539074.52,2.1,49.085,996317.99,2.6,51.285,1448116.56,2.8,51.332,192357.92,1.3,51.478,1302727.6,0.4,50.351,13613722.08,3.8,47.76,2699733.96,2.7,49.501,11891064.84,3.7,48.95,3455659.83,1.4,49.921,13577048.33,3.5,46.976,2862000.65,1.9,46.828,2148409.04,3.3,48.199,542148.1,1.1,48.147,1889889.27,3.5,48.241,464010.59,4,49.909,6923913.72,2.9,49.359,1845818.48,1.4,48.105,2047541.51,1.3,48.113,805918.5,4.8,49.479,12666973.25,3.5,50.696,4569653.1,0.3,48.237,2907673.72,2.3,48.478,993703.73,4.6,49.03,11917713.99,2.9,50.12,4383742.71,2.4,48.526,3897167.9,1.9,49.108,1439437.51,1.1,51.78,12118978.17,1.5,49.847,4683815.18,1.5,46.478,2380616.56,1.3,49.174,1041327.03,4.6,51.064,11335278.64,1.2,47.852,2366151.78,3.8,47.47,2727960.79,1.8,48.945,1055935.66,3.7,50.863,10448988.8,4.4,46.88,5683859.71,2.1,49.189,5858372.97,5.3,46.815,2859641.31,3.8,48.506,925073.23,1,48.25,822368.7,3.8,50.539,4303432.51,2.6,47.544,3757263.15,0.6,51.058,6936387.4,1.8,45.9,2853939.85,2.6,50.245,7778164.22,3.5,48.155,3752974.65,2.3,49.627,7033629.48,1.5,47.181,3572611.37,2.7,1652867.56,2.3,97.9,633195.8,3.6,98.1
107  Ag  [ No Gas ] :  CPS RSD value = 13.68 is over the allowed maximum = 5.00137  Ba  [ No Gas ] :  Concentration value = 302.53 is over the calibration range137  Ba  [ He ] :  Concentration value = 295.31 is over the calibration range138  Ba  [ He ] :  Concentration value = 288.29 is over the calibration range146  Nd  [ No Gas ] :  CPS RSD value = 5.79 is over the allowed maximum = 5.00178  Hf  [ No Gas ] :  CPS RSD value = 6.97 is over the allowed maximum = 5.00181  Ta  [ He ] :  CPS RSD value = 12.68 is over the allowed maximum = 5.00205  Tl  [ He ] :  CPS RSD value = 5.28 is over the allowed maximum = 5.00206  [Pb]  [ He ] :  CPS RSD value = 5.92 is over the allowed maximum = 5.00,FALSE,016_QC2_20250514_Ac Series 575  to 858_rerun .D,14-05-2025 12:33,QC2,,SJS-Std,47366.791,893593.1,4.5,55269.786,4358.4,2.1,1514.825,8764.92,2.6,1643.291,160.16,10.8,10677.802,358726.62,1.4,11757.664,12658.6,1.1,110741.271,5395576.42,1.9,112861.052,413728.1,1.9,121365.874,5336701.19,2.4,124407.511,624586.03,1.1,12382.704,614239.88,2.3,12720.885,121747.16,1.7,78825.968,882495.65,1.9,85448.451,227042.54,2.1,33811.281,914669.57,3.2,35782.911,266402.61,1.7,110946.012,768742.62,1.9,115412.249,112596.2,1.8,15658.296,416173.17,0.8,17369.611,20229.01,1.9,96541.662,5042168.85,1,97403.934,183804.84,1.1,259150.282,17223445.98,0.1,258796.113,626736.29,0.7,14971.435,1217007.45,1.8,16409.085,98116.64,1.9,60641.302,2560107.36,1.9,64972.221,373605.71,1.6,3775.109,44142.44,1.2,3995.543,12248.03,5,504.206,14028.79,13.7,436.927,4568.73,2.4,554.047,3250.34,7.5,558.351,730.76,11.2,1575.523,28446.67,1.9,1707.061,4338.42,1.2,1763.995,46028.41,2.4,1866.376,6394.67,1.7,5076.849,349841.31,1.5,5473.889,29109.21,1.2,1104466.919,8512938.79,2.1,1078131.856,1045350.87,2.8,1052495.778,6893643.03,1.9,19207.39,1431707.44,2.6,20823.662,307437.07,1.6,38586.4,2554799.08,4.1,38578.294,711247.84,3.5,4466.961,334799.29,3.3,4798.693,76395.67,3,16951.136,214507.7,5.8,17579.318,51667.47,3.1,3310.199,35843.26,2.2,3618.714,9092.4,3.6,1010.171,38771.85,2.4,873.413,8561.49,7.2,3384.356,39782.97,0.5,3475.68,15197.8,4.8,498.637,35418.98,2.4,501.745,11864.16,3.4,2905.337,48318.02,2.4,2994.804,16033,2.2,563.097,37962.32,1.5,596.548,13691.22,2.2,1705.789,37814.98,2.3,1790.231,13727.98,2,255.831,16768.07,2,274.179,6825.39,5.3,1649.427,23362.04,3.1,1754.597,9716.88,3.4,260.858,16210.17,2.7,279.138,3650.88,8.8,2139.051,33890.04,7,2218.496,12493.01,3.8,1335.789,75732.14,2.9,1969.558,62392.4,12.7,615.1,20631.44,2.1,619.675,10151.1,5.3,20600.559,103191.05,5.9,18118.94,81091.19,0.6,17252.483,407466.67,2.2,19116.378,396813.08,3.4,288.272,11151.8,3.8,292.787,4884.33,1.6,8860.617,378328.26,3.4,9601.379,195687.07,4.7,3138.113,122874.45,2.4,3149.144,62445.13,0.8,1661961.91,1.3,98.4,603050.71,0.5,93.5
52  Cr  [ He ] :  CPS RSD value = 5.56 is over the allowed maximum = 5.00,FALSE,017QBLK_20250514_Ac Series 575  to 858_rerun .D,14-05-2025 12:37,FQBlk,,BLK 1,5.856,5439.87,6.8,5.815,23.36,107.9,1.28,347.02,30.8,0.067,3.34,173.2,1.266,22130.27,1.6,3.087,357.03,28.6,8.351,21201.27,1.8,4.181,694.05,6.5,100.768,242747.08,3,120.452,23560.98,5.6,11.763,22785.66,1.8,12.987,4748.95,2.6,84.472,35629.96,2,93.489,9502.9,0.8,20.062,24029.07,2.1,21.864,7195.82,2.3,524.55,179354.91,1.1,517.54,25717.29,3.8,2.068,2379.27,6.8,2.564,126.79,50.8,6.474,15892.21,1.6,6.968,583.93,9.4,281.938,680155.96,2.1,304.039,27289.02,0.9,1.662,5553.41,4.8,2.211,547.23,14.8,17.383,26847.65,0.8,18.094,3900.6,4.7,7.206,3330.44,3.3,6.934,870.9,8,2.321,3577.42,2.7,2.427,1404.82,9,1.923,500.52,26,2.346,140.14,24.7,6.297,4735.63,6.6,6.623,730.75,9.5,10.348,9866.99,1.9,12.118,1558.32,3.9,1.999,6144.3,0.7,2.149,517.19,3,<0.000,13537.44,3.4,<0.000,1962.12,11.8,<0.000,11262.95,1.9,1.36,4495.32,4.9,1.912,1214.61,2.1,1.979,5980.76,5.2,2.367,1918.74,3,1.049,3200.29,14.9,1.361,877.58,16.6,1.298,730.75,26.1,1.847,230.23,21.7,1.033,463.81,10.2,1.243,123.46,24.8,1.083,1658.44,19.1,1.487,570.59,19.5,1.049,537.22,35.5,1.436,236.9,2.4,1.056,2919.94,12.4,1.411,1278.02,7.4,1.216,804.17,9.5,1.393,293.63,18.8,0.942,2512.78,2.4,1.306,1161.22,16,1.016,880.92,4.1,1.309,397.07,6.3,1.044,2689.66,7,1.345,1308.05,13.5,0.942,560.57,11.7,1.632,357.03,12.6,1.031,2526.13,4.8,1.216,623.97,10.9,1.334,783.37,22.5,1.508,320,29.8,0.949,2026.84,4,0.954,1153.39,3.5,1.881,2676.31,12.8,2.022,1458.22,17.6,5.172,1671.79,6.9,5.806,1548.32,9.7,4.627,6868.85,3.7,5.195,6680.75,1,0.998,1710.13,0.6,1.591,1083.39,11.2,1.121,2329.23,11,1.413,1321.4,12.4,1.332,2239.13,15.4,1.694,1448.21,3.8,1663202.89,2.9,98.5,616932.79,2.8,95.6
,FALSE,018SMPL_20250514_Ac Series 575  to 858_rerun .D,14-05-2025 12:41,Sample,,BLK 2,<0.000,4655.45,2.3,<0.000,13.35,86.6,<0.000,240.24,4.2,<0.000,3.34,173.2,<0.000,21471.9,2.6,<0.000,286.96,21,<0.000,20041.66,0.9,<0.000,490.5,9.4,30.716,286300.14,2,19.619,28090.82,3.7,2.51,26870.57,2,0.432,5049.35,1.7,11.68,39705.36,1.3,10.322,10851.96,4.4,<0.000,22394.59,2.4,<0.000,6544.85,3.7,33.65,183930.46,1.2,<0.000,26298.97,4,<0.000,2149,1.4,<0.000,110.11,24.1,0.266,16112.71,1.8,<0.000,520.53,21.4,58.581,808256.23,3.4,27.022,30633.06,1,<0.000,5046.04,5.9,<0.000,387.06,4,2.593,30325.31,1.5,2.64,4597.49,2.9,<0.000,2549.47,7.4,<0.000,750.78,6.9,0.704,4148.16,1.6,0.34,1568.34,12.4,<0.000,410.42,16.9,<0.000,116.78,9.9,0.656,5062.74,6.4,0.081,760.79,2.3,2.449,11990.95,2.4,<0.000,1558.32,5.2,<0.000,5306.45,6.4,<0.000,377.05,12,3.813,14365.88,1,<0.000,1845.32,7,3.013,12358.43,2,<0.000,3857.8,4.3,<0.000,800.83,3.3,<0.000,5790.46,1.8,<0.000,1558.33,8.6,<0.000,2906.59,12.9,<0.000,513.86,9.2,<0.000,680.7,6.7,<0.000,213.55,14.3,<0.000,413.76,6.1,<0.000,100.1,0,<0.000,1318.06,5.7,<0.000,367.04,13.5,<0.000,360.37,11.1,<0.000,160.16,6.2,<0.000,2385.96,1.7,<0.000,697.39,13.9,<0.000,680.7,9.2,<0.000,186.85,20.3,<0.000,2272.49,6.7,<0.000,704.06,5.7,<0.000,817.51,5.8,<0.000,243.58,8.6,<0.000,2082.26,7.7,<0.000,837.54,24,<0.000,457.13,9.1,<0.000,216.88,7.1,<0.000,1855.34,14.1,<0.000,387.06,10.5,0.067,810.03,7.5,<0.000,246.67,2.3,<0.000,1580.11,10.5,<0.000,806.69,12,<0.000,2259.14,6.5,<0.000,1151.21,8.7,<0.000,1695.15,4.3,<0.000,1398.15,4.3,0.468,7139.26,6.7,<0.000,6543.92,1.7,<0.000,1383.42,18.1,<0.000,723.36,5.8,<0.000,1905.4,4,<0.000,934.31,13.2,<0.000,2082.27,8.7,<0.000,1067.78,16.1,1633181.52,1.1,96.7,635155.42,2.5,98.4
66  Zn  [ No Gas ] :  CPS RSD value = 5.49 is over the allowed maximum = 5.00103  Rh ( ISTD )  [ No Gas ] :  CPS RSD value = 23.79 is over the allowed maximum = 5.00,FALSE,019SMPL_20250514_Ac Series 575  to 858_rerun .D,14-05-2025 12:45,Sample,,BLK 3,<0.000,2789.75,7.8,<0.000,6.67,173.2,<0.000,136.8,52.9,<0.000,3.34,173.2,<0.000,21418.43,1.2,<0.000,296.97,10.8,<0.000,15220.53,3,<0.000,286.96,26.6,<0.000,92603.05,3.5,<0.000,3834.4,3.1,<0.000,5176.2,7.3,<0.000,1027.74,12.3,<0.000,14305.37,3.6,<0.000,3710.91,1,<0.000,15571.41,3.2,<0.000,5012.65,9.4,<0.000,133005.43,5.5,<0.000,19142.98,3.8,<0.000,1047.76,24.8,<0.000,46.71,61.9,<0.000,6488.12,5.5,<0.000,243.58,19,<0.000,188183.15,4.6,<0.000,7776.78,8.1,<0.000,2018.84,6.2,<0.000,173.51,24,<0.000,3627.18,3.3,<0.000,570.01,14,<0.000,1578.35,11.1,<0.000,410.42,2.4,0.023,3534.02,6.7,<0.000,1321.39,12.1,<0.000,286.95,2,<0.000,53.39,39,<0.000,1761.89,8.1,<0.000,256.93,25.9,<0.000,1278.02,16.3,<0.000,166.83,12.5,<0.000,3457.28,1.8,<0.000,296.97,17,<0.000,3584.16,11.5,<0.000,473.82,15.9,<0.000,3033.42,2.9,<0.000,2392.63,5.5,<0.000,587.27,12.6,<0.000,3877.82,4.9,<0.000,1298.04,17.4,<0.000,1251.32,14.5,<0.000,357.03,21.4,<0.000,390.4,41.3,<0.000,123.46,40,<0.000,176.84,25.5,<0.000,70.07,57.1,<0.000,553.91,5.5,<0.000,166.83,30.2,<0.000,163.5,9.4,<0.000,73.41,43.8,<0.000,910.95,9.9,<0.000,423.77,11.2,<0.000,236.91,43.4,<0.000,86.75,35.3,<0.000,944.32,24.5,<0.000,327,7.7,<0.000,273.61,24.9,<0.000,140.14,24.7,<0.000,754.11,8.1,<0.000,453.8,4.6,<0.000,166.83,12.5,<0.000,93.43,16.4,<0.000,840.87,13.7,<0.000,223.56,10.3,<0.000,200,13.2,<0.000,163.33,41.7,<0.000,790.06,57.2,<0.000,353.34,33.5,<0.000,1538.31,1.6,<0.000,860.9,13.2,<0.000,717.41,17.9,<0.000,617.3,9.5,<0.000,2973.34,8.8,<0.000,2919.74,4.9,<0.000,800.03,7.5,<0.000,450.01,5.9,<0.000,1281.36,17.6,<0.000,717.41,9,<0.000,690.71,20.1,<0.000,460.47,19.9,1684635.34,23.8,99.8,613630.72,2.3,95.1
118  Sn  [ No Gas ] :  CPS RSD value = 5.23 is over the allowed maximum = 5.00137  Ba  [ No Gas ] :  Concentration value = 308.47 is over the calibration range137  Ba  [ He ] :  Concentration value = 284.38 is over the calibration range138  Ba  [ He ] :  Concentration value = 291.02 is over the calibration range159  Tb  [ He ] :  CPS RSD value = 6.35 is over the allowed maximum = 5.00163  Dy  [ He ] :  CPS RSD value = 6.89 is over the allowed maximum = 5.00165  Ho  [ He ] :  CPS RSD value = 7.24 is over the allowed maximum = 5.00175  Lu  [ No Gas ] :  CPS RSD value = 6.21 is over the allowed maximum = 5.00209  Bi  [ No Gas ] :  CPS RSD value = 7.46 is over the allowed maximum = 5.00,FALSE,020SMPL_20250514_Ac Series 575  to 858_rerun .D,14-05-2025 12:50,Sample,,SJS-Std,48332.759,906416.57,1.4,50227.544,4011.28,3.5,1430.966,8461.1,4.7,1453.89,143.48,4,10650.389,355551.53,0.6,11566.949,12678.67,1.4,111063.832,5369234.25,1.6,110236.482,408062.23,1.8,116930.62,5246129.58,0.5,116903.372,613614.29,2.7,12010.946,610187.2,0.7,12070.396,120989.25,1.4,75678.999,872173.84,3.4,79535.081,222066.97,2.3,32393.774,886592.61,2,33791.671,259592.65,1.4,95960.384,785277.49,3.1,95595.052,112422,1.3,15488.335,409284.86,3.5,17090.263,20168.91,3.9,99412.821,5150271.01,2.2,92946.754,177306.29,2.1,251137.87,17180821.27,2.4,244811.561,624449.63,1.6,15077.846,1217475.81,1,15631.108,94695.07,2.7,59992.689,2531892.05,5,62705.201,367350.77,2.9,3242.298,40540.16,1.4,3213.469,10718.51,4.2,255.991,9840.27,2.5,170.488,2956.63,4,432.439,2919.93,6.3,314.596,533.88,29.7,1294.864,27196.02,5.2,1388.296,4174.87,7.4,1339.806,44206.8,1.4,1371.893,6244.44,1.8,5022.14,347282.89,1.9,5187.935,28229.46,2.4,1126148.945,8589134.57,1.6,1038201.678,1015122.78,1.6,1062455.024,7014203.39,0.7,19229.132,1422235.05,4.3,20071.647,299786.54,2.3,39737.525,2607675.76,1.3,38933.242,725437.78,3.8,4401.544,329332.62,2.4,4540.816,73674.74,0.7,17450.024,219046.02,0.2,17665.698,52527.86,4,3292.876,35686.39,1,3344.329,8584.87,5.8,1003.894,39601.67,1.3,837.315,8805.23,3.5,3134.587,36904.35,0.6,3262.27,14606.5,4.8,463.819,35261.68,4.6,432.58,11526.88,6.3,2779.671,46475.99,1.5,2921.437,16039.73,6.9,522.897,37142.41,1.1,556.306,13951.8,7.2,1642.846,36834.64,1.1,1632.528,12983.14,4.5,215.313,16397.21,0.7,210.12,6491.54,2.4,1640.22,23458.84,1.8,1677.711,9700.19,5.7,206.58,14994.08,6.2,211.247,3367.17,6.7,2056.202,32980.53,1,2034.686,11855.69,3.5,749.848,44021.72,1.6,898.8,29819.47,4.1,500.145,18880.23,4.3,497.856,9443.11,2.4,20288.469,103411.03,1.9,18198.778,83064.99,2.4,18053.175,425683.03,1.3,18610.661,393486.28,0.6,235.645,10414.52,7.5,230.195,4834.32,4.2,9097.373,386167.09,1.6,9429.273,194794.43,2.7,3051.769,120099.83,2.1,3120.168,63595.77,3,1644415.56,0.5,97.4,608065.57,1.3,94.2
118  Sn  [ He ] :  CPS RSD value = 7.46 is over the allowed maximum = 5.00137  Ba  [ No Gas ] :  Concentration value = 153.83 is over the calibration range137  Ba  [ He ] :  Concentration value = 151.97 is over the calibration range138  Ba  [ He ] :  Concentration value = 153.40 is over the calibration range163  Dy  [ No Gas ] :  CPS RSD value = 5.19 is over the allowed maximum = 5.00,FALSE,021SMPL_20250514_Ac Series 575  to 858_rerun .D,14-05-2025 12:54,Sample,,MCS 575,34696.943,611497.45,1.4,36489.72,2679.62,3.1,2111.182,11576.49,3,2300.207,206.87,32.9,11463.648,359059.43,0.8,12602.748,12671.99,2.5,83891.361,3807665.28,2.7,87116.279,295938.5,0.9,66219.768,2903271.3,1.8,68108.68,338975.14,0.9,13401.72,637701.03,1.8,13672.436,125582.01,2.3,26023.382,305978.22,1.7,28948.313,80472.35,0.5,26457.596,684867.6,2,27658.742,196723.33,1.4,73551.18,619501.21,1.9,77261.469,90124.19,1.9,21260.402,525962.72,2.3,26783.941,28947.25,2.6,175303.174,8501290.27,2.8,175532.14,306722.6,1.2,40488.108,3187017.65,0.8,39771.429,116229.55,1.3,27742.6,2095393.47,2.2,30997.089,171836.07,1.3,12478.508,515663.55,1,13092.609,73488.64,0.3,1345.64,17883.52,4.6,1480.93,5036.02,4.8,<0.000,3457.26,5.7,<0.000,1224.62,2.1,<0.000,493.84,16.9,<0.000,86.75,35.3,5274.967,90776.87,0.2,5690.964,13711.06,7.5,256.861,16249.85,2.1,250.313,2335.89,11.2,9663.726,621528.36,2.3,10140.147,50222.34,2.2,618026.587,4422274.26,4,610559.55,548569.46,2.4,616292.799,3736939.86,2.8,69248.928,4788586.51,1,71659.934,979094.43,1.7,141589.275,8692282.09,1.4,135400.071,2309919.72,1.3,15159.395,1055625.13,0.3,16156.011,238483.36,0.9,57139.962,670574.4,1,60415.931,164392.23,3.1,10940.898,110151.01,3.5,11689.502,27263.32,2,1683.211,61327.41,1.6,1688.624,15819.14,1.1,10114.283,110450.4,3.7,10030.84,40783.64,2.3,1308.872,88607.39,2.5,1271.483,28952.35,2.7,6584.643,102125.69,5.2,6875.344,34298.02,1.3,1152.242,74130.14,4,1194.175,26380.9,2.8,3256.56,67666.85,3.4,3382.803,24334.78,3.2,444.621,29337.27,4.7,425.716,10962.52,3.7,2938.205,38999.87,2,3060.522,15986.31,3.3,413.571,26026.62,1.9,396.81,5359.86,1,412.658,6851.92,3.3,432.871,2570.27,9.5,1261.298,68274.45,1,1326.288,39974.42,2.3,741.8,25271.48,3.2,779.12,12936.53,4.3,31844.149,148234.2,1.7,30274.251,125924.52,1.2,28749.862,631955.71,0.3,30633.708,590811.88,1.2,326.594,13063.71,4.5,318.798,5861.45,4,26314.88,1042549.61,3.2,27735.366,523489.32,2.5,4336.187,159218.72,1.2,4660.588,86625.27,0.7,1695900.96,2.2,100.4,613909.38,1.8,95.1
9  Be  [ No Gas ] :  CPS RSD value = 5.27 is over the allowed maximum = 5.00137  Ba  [ No Gas ] :  Concentration value = 168.69 is over the calibration range137  Ba  [ He ] :  Concentration value = 165.32 is over the calibration range138  Ba  [ He ] :  Concentration value = 160.19 is over the calibration range205  Tl  [ He ] :  CPS RSD value = 7.94 is over the allowed maximum = 5.00,FALSE,022SMPL_20250514_Ac Series 575  to 858_rerun .D,14-05-2025 12:58,Sample,,MCS 576,25588.818,468159.95,1.7,26423.132,2095.59,2.6,2219.193,12561.65,5.3,2059.722,200.2,21.8,10958.21,355129.06,0.4,11451.434,12418.14,1.5,81310.808,3819129.03,0.8,80553.806,294766.27,0.9,68172.275,3073091.33,1,66179.546,354032.24,0.9,13451.277,661190.15,0.5,13185.025,130358.88,2.2,27083.926,325980.71,2.9,27421.292,82096.62,2.5,27561.497,736151.36,1.4,27629.089,211236.42,1.2,80554.348,673963.57,0.8,76705.534,95076.21,1.2,19788.27,506771.3,1.4,23385.566,27228.5,1.1,168485.706,8457273.33,1.1,158897.471,299005.03,1.5,54687.284,4167120.46,3,51327.725,151463.45,1.6,24320.266,1901386.49,2.1,24821.67,148255.25,1.5,10356.124,446352.66,0.7,10759.675,65563.68,0.4,846.093,12755.73,3,895.903,3597.45,7.9,<0.000,3020.05,6.9,<0.000,967.67,0.6,3.948,520.53,8.8,<0.000,133.47,11.5,5018.635,89384.57,2.9,5103.422,13283.48,2.5,249.481,16079.5,1.4,196.987,2245.78,8.6,7774.68,518543.65,1,7702.503,41190.98,1.4,640942.523,4748806.94,2.5,628138.807,607462.37,0.6,608663.856,3976157.1,2.1,60383.8,4322451.21,2.8,59584.779,876994.26,1.5,125268.21,7961544.06,0.8,111928.729,2056237.54,0.1,13121.22,946543.81,1.8,13493.449,214696.19,1.8,49584.912,602619.59,1.8,51631.768,151239.44,1.5,9317.283,97138.1,0.9,9565.649,24036.87,2.2,1613.148,60853.87,4,1593.867,16079.69,2.2,8412.765,95221.49,2,8005.224,35060.45,3.8,1098.641,77331.37,2.7,1027.01,25364.34,2.7,5651.465,90868.5,2.3,5772.61,31029.49,3.6,987.995,66045.94,2.2,1004.205,24027.15,4,2661.112,57368.93,2.8,2768.388,21510.08,2.3,334.207,23365.21,1.7,303.654,8748.53,4.8,2284.262,31494.76,3.1,2284.786,12929.65,1.6,282.209,19087.15,2.8,289.929,4358.47,4.7,349.562,6094.84,2.3,339.377,2220.21,12.1,1261.126,70554.86,4.2,1228.582,39910.95,2.3,761.487,26642.55,2.1,745.306,13320.7,7.9,23267.28,117054.07,2.5,20643.654,92898.83,2.1,22121.675,504753.92,1.7,22153.848,461799.54,1.2,359.22,14608.82,0,337.515,6558.47,4.4,27212.085,1116200.97,3.4,27295.224,554756,1.9,3954.959,150397.26,2.7,3910.57,78400.24,2.6,1660378.04,1.7,98.3,625411.4,2.8,96.9
88  Sr  [ No Gas ] :  CPS RSD value = 5.31 is over the allowed maximum = 5.00137  Ba  [ No Gas ] :  Concentration value = 190.14 is over the calibration range137  Ba  [ He ] :  Concentration value = 184.32 is over the calibration range138  Ba  [ He ] :  Concentration value = 181.32 is over the calibration range146  Nd  [ He ] :  CPS RSD value = 5.82 is over the allowed maximum = 5.00153  Eu  [ He ] :  CPS RSD value = 5.11 is over the allowed maximum = 5.00159  Tb  [ He ] :  CPS RSD value = 6.08 is over the allowed maximum = 5.00207  [Pb]  [ He ] :  CPS RSD value = 7.38 is over the allowed maximum = 5.00209  Bi  [ He ] :  CPS RSD value = 6.04 is over the allowed maximum = 5.00,FALSE,023SMPL_20250514_Ac Series 575  to 858_rerun .D,14-05-2025 13:02,Sample,,MCS 577,46049.563,831424.16,2.4,45550.096,3483.93,5.7,2466.661,13817.44,3.9,2354.082,220.22,12,13247.188,421868.07,0.8,14200.526,14853.07,2.3,100512.649,4676976.88,1,103195.947,365934.4,0.9,87381.975,3847211.59,1.1,84236.445,431465.26,0.9,14494.784,705467.68,1.7,14973.048,142996.38,1.6,34509.191,403505.37,0.7,36540.41,103266.9,0.9,36928.532,970839.41,1.7,37853.471,278211.67,3.2,103423.821,813859.15,1,101747.175,114944.78,1.4,25327.724,642701.23,2.9,30534.074,34432.5,1.2,213592.538,10624125.4,0.3,206959.099,377610.05,2.3,35369.762,2934660.81,5.3,34645.868,108785.02,2.3,34671.38,2684720.66,4.4,35707.819,206586.97,0.5,15112.774,634648,0.8,15923.346,92394.16,3.2,1451.786,19460.66,3,1584.706,5540.06,5,3.923,3764.33,3.7,<0.000,1418.17,9.6,10.653,570.58,26.2,<0.000,93.43,27,6974.414,121471.69,2.6,7417.347,18411.64,1,265.019,16677.58,1.8,260.632,2442.68,6.1,14231.553,936446.5,2.3,14502.055,74783.54,3.8,748442.462,5494159.59,0.9,725547.79,680109.85,2,713740.261,4517060.72,1.3,80073.437,5680799.14,3,79498.625,1133982.81,0.8,165851.426,10449686.58,0.7,157935.97,2811517.04,1.2,17493.762,1250312.19,2.2,18426.151,283912.69,2.5,66378.243,799158.22,3.1,67708.288,192166.53,5.8,12873.56,132959.12,2.2,14226.678,34625.4,4,1945.681,72436.66,2.1,1858.411,18084.5,5.1,11957.948,133986.28,0.6,11805.1,50073.24,2.9,1526.249,105449.05,1.2,1523.128,35900.79,6.1,8194.676,130320.74,2,8426.89,43810.45,0.7,1377.173,90338.3,1.8,1444.834,33030.05,4,3901.117,83011.66,2.9,4036.176,30230.36,0.6,486.888,32631.96,2.1,491.623,12986.42,1.8,3464.247,47105.98,1.4,3515.901,19123.86,2.3,438.222,28093.18,0.9,457.373,6331.3,6.2,530.15,8789.82,2.3,510.022,3097.07,8.9,1692.716,93264.9,3.6,1768.899,55283.28,3.3,981.46,33352.15,3.9,916.678,15602.27,1.3,35470.847,172131.21,0.7,32075.28,139088.64,7.4,33360.341,751392.04,0.3,33362.159,670985.26,0.2,646.353,24768.55,2.2,615.101,10731.43,6,34682.71,1409211.14,2.2,34997.563,689491.92,3,5772.952,216746.71,2.7,5887.823,113786.61,3.2,1705626.2,2.2,101,628123.73,2.8,97.3
137  Ba  [ No Gas ] :  Concentration value = 215.43 is over the calibration range137  Ba  [ He ] :  Concentration value = 204.65 is over the calibration range138  Ba  [ He ] :  Concentration value = 201.06 is over the calibration range159  Tb  [ He ] :  CPS RSD value = 5.40 is over the allowed maximum = 5.00172  Yb  [ No Gas ] :  CPS RSD value = 5.12 is over the allowed maximum = 5.00181  Ta  [ He ] :  CPS RSD value = 5.86 is over the allowed maximum = 5.00205  Tl  [ He ] :  CPS RSD value = 7.24 is over the allowed maximum = 5.00207  [Pb]  [ He ] :  CPS RSD value = 6.57 is over the allowed maximum = 5.00,FALSE,024SMPL_20250514_Ac Series 575  to 858_rerun .D,14-05-2025 13:06,Sample,,MCS 578,44017.345,847247.56,0.8,46335.005,3834.38,7.1,2149.332,12852.22,2.1,2336.816,236.9,2.4,12682.259,429930.43,0.6,13854.394,15671.47,1.3,99272.321,4924632.25,0.7,100023.708,383977.91,0.6,83890.934,3929703.78,1.3,83174.846,459716.54,1.1,15604.199,806058.82,1.9,16032.632,165069.93,2.1,33059.983,411082.75,1.8,35021.513,106804.95,0.5,27067.3,763861.86,0.9,28449.662,227711.98,1.3,88636.731,757340.05,1.3,84214.335,105770.48,0.7,24446.871,661308,0.6,29454.987,35958.01,0.8,210925.173,11189670.53,1.1,204044.567,402892.4,3.3,34312.692,3001843.83,0.8,32215.066,109400.29,1.7,23333.556,1929221.52,2.1,24595.57,154211.49,0.9,12741.61,573021.44,0.9,13536.812,85339.9,0.7,1164.276,17091.67,3.2,1212.655,4748.96,4.8,<0.000,2943.28,6.5,<0.000,877.58,10,<0.000,443.79,15.8,<0.000,73.41,7.9,6520.846,121127.81,1.7,7020.137,18849.33,0.6,304.524,18027.33,2.3,283.229,2596.2,2.3,12045.014,845619.34,1.4,12371.661,69036.27,3.9,784874.552,6143984.2,1.9,745566.577,756244.76,2,732487.401,5016271.8,2,62575.807,4737494.9,3.2,64096.933,989733.09,3,135812.619,9126630.4,1.8,129276.873,2492304.5,0.9,14232.852,1084871.44,2.2,14390.226,240217.8,2.2,52563.401,675346.15,2.2,55923.905,171954.63,2.7,10182.68,112177.92,2.7,10545.432,27795.07,0.2,1636.67,65146.35,2.4,1534.265,16243.43,1.6,9427.236,112743.42,1.2,8862.331,40713.45,3.2,1148.766,85196.02,2.5,1101.17,28413.95,5.4,5821.729,98951.77,1.5,5884.268,33187,1.7,945.278,66801.07,1.3,1000.844,25090.23,1.8,2731.113,62223.61,2.3,2834.234,23074.46,1.8,335.692,24689.22,1.6,335.677,9950.62,0.7,2534.704,36888.17,5.1,2499.384,14786.99,4.8,314.587,22071.75,4.5,312.975,4865.86,6.3,445.8,7959.27,4.7,436.953,2897.02,5.8,1531.462,90072.35,1.3,1565.945,52966.83,5.9,901.679,32726.78,2.5,962.298,17550.25,7.2,29706.945,156185.99,2.6,28342.379,133306.1,6.6,28305.046,680511.29,1.4,28310.671,617059.11,0.9,438.19,18373.95,1.8,424.941,8316.22,1.8,28217.758,1223244.4,3,28121.629,599611.79,2.4,4408.12,176948.33,0.9,4639.942,97388.23,3.6,1683331.56,1.4,99.7,629366.79,2.4,97.5
121  Sb  [ No Gas ] :  CPS RSD value = 5.47 is over the allowed maximum = 5.00137  Ba  [ No Gas ] :  Concentration value = 163.21 is over the calibration range137  Ba  [ He ] :  Concentration value = 159.28 is over the calibration range138  Ba  [ He ] :  Concentration value = 159.97 is over the calibration range172  Yb  [ No Gas ] :  CPS RSD value = 5.23 is over the allowed maximum = 5.00181  Ta  [ He ] :  CPS RSD value = 6.10 is over the allowed maximum = 5.00238  U  [ He ] :  CPS RSD value = 6.83 is over the allowed maximum = 5.00,FALSE,025SMPL_20250514_Ac Series 575  to 858_rerun .D,14-05-2025 13:10,Sample,,MCS 579,33324.159,667363.82,0.5,36666.577,3003.34,3,1919.467,11953.83,2,1783.586,180.18,20,10053.751,358294.01,0.7,11773.136,13199.72,2.8,78800.254,4062367.27,2.9,82998.918,314656.67,2.3,62525.184,3102413.88,1.9,65790.795,363676.7,2.1,11133.208,603673.81,1.7,11988.566,122948.41,2.6,23676.682,315614.5,0.7,26364.899,81607,1.7,23944.813,704338.56,2.2,26013.734,206125.19,1.2,62536.596,606844.62,2.3,63885.904,85059.53,1.5,19333.711,543697.75,2.4,24471.686,29529.1,3.2,171159.54,9429303.49,1.9,170645.026,332911.38,0.2,37806.494,3350148.28,2.4,37359.12,120278.9,3.8,19856.263,1705316.21,1.8,21647.457,134194.65,2.3,11651.641,546144.21,1.5,12897.551,80376.11,3.4,791.476,13119.79,1.3,860.515,3560.72,5,<0.000,3200.28,8,<0.000,1047.76,12.2,<0.000,357.03,16.4,<0.000,70.07,28.6,5367.722,104284.69,2.7,5924.501,15812.29,3.1,236.032,16664.24,5.5,178.268,2165.69,4.9,9329.898,681490.27,1.5,10007.935,55305.28,2.7,583869.513,4749491.9,3.2,569806.244,570965.68,3.3,572268.037,3874305.35,1.9,59610.456,4687497.19,4.1,62340.222,950766.65,1.8,131043.538,9145061.75,4.2,124614.863,2372761.88,3.1,13354.584,1057274.07,0.7,14434.218,238054.19,2.5,51211.843,683257.89,0.6,54696.193,165984.7,3.2,9823.345,112415.51,1.5,10372.8,27009.17,2.9,1395.076,57883.7,2.3,1451.561,15187.76,3.5,8837.235,109789.35,0.6,8687.075,39454.62,2.5,1041.862,80468.47,1.5,1062.723,27079.59,1.4,5194.447,91777.02,2.8,5688.429,31691.78,1.1,844.344,62180.26,2.8,901.219,22385.89,3.9,2414.258,57201,2.4,2593.277,20885.09,2,308.305,23716.5,3.5,307.294,9085.76,1.3,2222.932,33635.77,5.2,2416.261,14135.53,3.7,284.363,20931.91,0.4,289.27,4475.29,1.8,378.724,7132.07,4.5,435.175,2840.34,4.9,1700.254,103550.25,2.3,1776.449,59251.52,6.1,707.774,27220.92,1.4,798.572,14596.67,3.4,27591.106,143458.38,3.4,27043.238,125504.83,3.5,25422.405,635143.51,2.8,26592.111,572816.71,1,336.367,15029.31,0.4,331.427,6618.49,7.4,25707.744,1157854.03,2.6,27188.421,572995.75,1.3,4212.569,175628.66,1.8,4491.434,93024.51,6.8,1716651.6,2,101.7,610742.1,3.7,94.6
137  Ba  [ No Gas ] :  Concentration value = 242.64 is over the calibration range137  Ba  [ He ] :  Concentration value = 225.58 is over the calibration range138  Ba  [ He ] :  Concentration value = 220.73 is over the calibration range103  Rh ( ISTD )  [ No Gas ] :  CPS RSD value = 8.71 is over the allowed maximum = 5.00,FALSE,026SMPL_20250514_Ac Series 575  to 858_rerun .D,14-05-2025 13:14,Sample,,MCS 580,53496.759,980831.49,2,57784.355,4545.31,5.3,2827.308,16062.13,2.2,2634.833,253.59,6,15816.809,507396.19,1.2,17313.516,18534.62,4.6,124631.8,5897972.15,1.1,122097.53,445511.49,2.9,102743.66,4545458.8,1.4,101295.92,527833,1,19107.757,938825.83,2,18942.995,184669.68,1.5,41472.274,483761.76,1.7,43029.056,122898.25,1.3,39691.895,1059901.7,1.5,40431.538,305017.22,0.6,139255.576,1040119.47,1.4,131301.356,143426.76,0.6,30188.146,780278.35,2.7,34808.706,40395.19,1.5,253333.492,12820643.58,1,236220.844,443401.33,1.4,44966.197,3566759.79,1.7,41151.311,126122.61,2.4,37108.721,2922950.56,4.2,37011.791,220403.25,0.7,21475.178,905548.74,1.7,22334.76,131496.59,1.2,2240.491,28429.4,3.9,2313.771,7860.24,3,16.575,3944.56,2.8,<0.000,1211.27,7.6,44.27,740.77,7.2,<0.000,123.46,28.5,8277.545,145406.37,2.7,8370.761,21245.48,3.7,408.671,20039.03,0.9,415.886,2953.3,1.8,15272.128,1020620.02,3.4,15221.955,80708.67,1.4,904607.002,6756640.61,0.6,840984.749,810982.39,2.6,822896.1,5358971.69,0.6,76002.18,5489872.18,1.5,75596.305,1109841.17,2.6,165721.539,10623051.2,1.6,149026.525,2732251.95,1.9,16759.848,1221104.36,4,17040.558,270238.36,1.6,65878.338,806660.52,2.3,65378.432,191166.61,2.3,12340.137,129913.18,2.9,12557.112,31443.82,2.7,2009.035,75853.57,3.9,1932.089,19327.55,2.9,11503.803,131161.28,1.3,10822.2,47239.49,3.4,1535.3,107824.66,0.6,1402.912,34080.26,1.7,8120.152,131294,3,8508.989,45524.81,0.8,1455.976,97031.54,1.4,1450.387,34087.17,0.9,4223.586,91340.36,1.3,4197.011,32317.44,1.9,534.613,36038.16,2.4,540.702,14492.93,0.8,3812.01,52785.06,3.9,3847.669,21483.47,4.5,493.026,31678.68,1.6,489.498,6902.18,3.1,779.474,12746.59,4.6,689.291,4170.73,7.1,2066.328,115397.93,2.4,2128.081,68146.99,3.1,1160.512,39509.8,0.6,1090.327,18726.5,2.7,41369.695,206304.58,2.3,37019.758,165020.85,4.6,39058.401,894172.87,0.8,39018.212,806277.19,2.2,633.089,24658.55,1.2,593.981,10658.02,2.9,29799.434,1230521.93,3.8,29916.018,606676.46,2,5575.557,213438.65,4.4,5422.614,107988.83,4.2,1652944.25,8.7,97.9,612301.43,1.7,94.9
59  Co  [ He ] :  CPS RSD value = 5.63 is over the allowed maximum = 5.0088  Sr  [ He ] :  CPS RSD value = 5.72 is over the allowed maximum = 5.00118  Sn  [ He ] :  CPS RSD value = 9.72 is over the allowed maximum = 5.00137  Ba  [ No Gas ] :  Concentration value = 200.23 is over the calibration range137  Ba  [ He ] :  Concentration value = 195.78 is over the calibration range137  Ba  [ He ] :  CPS RSD value = 5.42 is over the allowed maximum = 5.00138  Ba  [ He ] :  Concentration value = 196.12 is over the calibration range139  La  [ He ] :  CPS RSD value = 5.73 is over the allowed maximum = 5.00140  Ce  [ He ] :  CPS RSD value = 6.81 is over the allowed maximum = 5.00146  Nd  [ He ] :  CPS RSD value = 7.77 is over the allowed maximum = 5.00153  Eu  [ He ] :  CPS RSD value = 8.54 is over the allowed maximum = 5.00159  Tb  [ No Gas ] :  CPS RSD value = 6.67 is over the allowed maximum = 5.00159  Tb  [ He ] :  CPS RSD value = 6.90 is over the allowed maximum = 5.00163  Dy  [ He ] :  CPS RSD value = 6.63 is over the allowed maximum = 5.00165  Ho  [ He ] :  CPS RSD value = 6.30 is over the allowed maximum = 5.00169  Tm  [ He ] :  CPS RSD value = 6.20 is over the allowed maximum = 5.00205  Tl  [ He ] :  CPS RSD value = 5.93 is over the allowed maximum = 5.00103  Rh ( ISTD )  [ No Gas ] :  CPS RSD value = 9.50 is over the allowed maximum = 5.00103  Rh ( ISTD )  [ He ] :  CPS RSD value = 25.34 is over the allowed maximum = 5.00,FALSE,027SMPL_20250514_Ac Series 575  to 858_rerun .D,14-05-2025 13:18,Sample,,MCS 581,49976.616,849868.39,4.1,51906.758,3687.53,3.1,2818.432,14839.53,1.9,3025.48,256.92,11.9,14005.032,419753.13,1.2,15839.929,15273.97,2.9,107578.666,4719149.47,0.9,109609.68,357465.49,3.9,87080.791,3624191.18,2.1,86122.482,406899.11,4.1,17716.884,807613.5,2.7,18294.997,159433.76,5.6,35036.217,387247.9,1.1,37433.706,97637.44,3.9,37151.887,920993.83,0.9,38825.148,262080.34,4.9,97451.967,739290.85,0.7,98044.926,103780.76,2.4,25761.592,616442.17,1.2,30967.32,32161.15,4,224249.024,10534882.4,2.4,219638.647,369965.61,1.6,41291.465,3140037.13,1.3,39453.603,110929.49,5.7,33276.198,2430781.1,0.9,36431.934,194377.94,3.2,14860.198,589950.42,1.2,16005.026,85445.64,4.2,1417.888,18070.64,2.3,1487.837,4832.41,8,<0.000,3347.12,1.3,<0.000,1004.38,5,8.319,547.23,15.6,<0.000,60.06,76.4,7228.893,118736.56,1.3,7495.317,17008.33,9.7,275.618,16303.32,2.1,226.153,2175.7,9,13756.616,854962.36,2.4,14612.504,69296.87,4,813778.038,5628963.98,1.9,795712.204,685119.29,5.4,797073.112,4639745.38,4.4,77890.885,5222385.52,2.6,79001.465,1034939,5.7,162675.236,9666045.65,0.2,153935.917,2511207.67,6.8,16810.899,1133275.91,0.4,17717.41,251012.5,4.1,63868.13,727431.83,4.4,67903.351,176391.02,7.8,12404.362,120821.65,1.8,13341.349,29828.55,4.7,1999.455,70188.46,2.3,1913.01,17015.29,8.5,11469.275,121186.23,0.9,11508.532,44931.75,3.5,1510.884,98916.71,6.7,1493.689,32297.34,6.9,7915.918,118878.36,1.6,8446.181,40228.47,6.6,1408.538,87223.33,1.1,1437.23,30206.85,6.3,3849.136,77167.92,2.8,4186.713,28892.25,3.7,526.839,33120.43,2.7,510.15,12341.82,6.2,3603.579,46228.4,1.4,3802.677,19157.26,3.5,472.203,28400.94,3.7,497.954,6281.24,9.8,532.062,8326.18,3.3,509.2,2887.01,5.3,1789.211,92807.47,2.7,1841.237,52926.22,4,1016.36,32602.83,2,1053.77,16303.99,5.9,38244.987,170612.92,4,34744.387,139376.15,0.4,33742.673,716388.91,1.7,35936.681,666672.48,2.1,611.003,22190.28,2.7,590.985,9523.77,6.7,31753.919,1217289.53,2.6,32378.614,588216.62,3.5,5582.85,197692.48,1.6,6035.211,107358.33,4,1670760.6,9.5,99,625413.75,25.3,96.9
141  Pr  [ No Gas ] :  CPS RSD value = 5.20 is over the allowed maximum = 5.00163  Dy  [ No Gas ] :  CPS RSD value = 5.51 is over the allowed maximum = 5.00166  Er  [ He ] :  CPS RSD value = 5.39 is over the allowed maximum = 5.00,FALSE,028_QC1_20250514_Ac Series 575  to 858_rerun .D,14-05-2025 13:22,QC1,,QC MES 50 ppb,50.348,3580317.3,4.6,50.687,15093.41,4.8,49.342,1065334.74,0.7,51.3,18507.64,4.1,44.573,5338305.19,1.2,45.292,181051.35,1.3,47.75,8773646.79,0.9,47.844,662552.13,1.5,47.076,7920588.52,1.2,46.774,908425.61,1.5,47.519,8872168.44,1.8,46.596,1685559.16,2.1,43.941,1885932.39,1.4,47.721,487466.54,1.1,47.432,4833984.31,1.4,47.721,1342336.14,0.7,42.218,1202909.58,2.4,42.577,171154.82,1.7,49.73,4977104.62,2.2,48.987,215290.74,1.1,47.631,9381060.66,1.8,48.082,342904.52,1.9,46.841,12417784.06,1.6,44.413,433490.39,1.1,49.71,15215736.6,2.9,49.936,1126935.35,2.1,48.925,7805979.05,2.1,48.019,1046023.47,1.3,45.743,2003522.43,2.1,49.743,572176.97,1.7,51.892,4863958.03,1.4,51.168,1766459.33,4.2,49.03,1047474.04,3.7,50.319,238019.07,1.1,47.762,3164706.9,4.9,49.511,461855.5,3.8,51.095,5011543.43,3,50.334,648410.03,0.6,50.238,12998100.63,1.5,50.134,1003787.62,2.6,52.667,1540719.99,2.2,54.403,200805.42,2.8,52.507,1307437.33,2.7,50.449,14166977,3.3,50.888,2835805.4,1.6,51.211,12770073.43,2.8,50.05,3484150.82,3.4,50.11,14144300.16,5.2,49.778,2989048.12,1,48.512,2310723.02,3.4,51.131,567306.07,3.2,47.784,1947000.91,4.7,51.262,485823.83,1.4,51.315,7388970.65,3.2,51.033,1882021.04,2.2,49.759,2197835.08,4.4,52.499,866313.19,2.2,51.328,13642932.54,1.2,52.162,4635405.31,1.6,51.353,3212666.01,5.5,52.341,1056733.82,4.3,50.646,12780998.94,1.2,52.401,4520378.72,3.5,51.762,4312613.98,1.7,53.584,1548736.45,5.4,52.562,12767720.66,1.1,51.748,4795737.83,1.6,49.294,2620187.22,1.3,52.531,1095987.81,3,52.062,11993594.04,1.3,51.464,2509249.88,0.8,50.572,3014614.12,1.7,52.523,1115938.24,2.8,51.126,10906930.67,0.9,52.841,6317202.41,1.5,54.447,6723213.85,3.8,51.891,3124235.7,1.3,53.021,997630.91,0.8,53.006,890489.35,2.2,53.431,4724588.14,1.2,52.719,4110296.77,0.3,53.339,7518831.97,1.7,50.25,3079371.83,2,56.024,8999307.66,0.4,56.391,4334592.62,0.8,52.015,7653671.81,3.4,57.336,4278956.78,2.6,1714794.33,2.2,101.6,623613.55,1.3,96.6
137  Ba  [ No Gas ] :  Concentration value = 153.46 is over the calibration range137  Ba  [ He ] :  Concentration value = 149.63 is over the calibration range138  Ba  [ He ] :  Concentration value = 149.16 is over the calibration range140  Ce  [ He ] :  CPS RSD value = 5.87 is over the allowed maximum = 5.00169  Tm  [ He ] :  CPS RSD value = 6.07 is over the allowed maximum = 5.00,FALSE,029SMPL_20250514_Ac Series 575  to 858_rerun .D,14-05-2025 13:26,Sample,,MCS 582,37400.225,614174.37,3.4,38360.95,2599.52,9.5,2073.297,10611.41,2.4,2037.553,170.17,21.2,11933.282,349009.73,1,12933.765,12024.07,2,93056.152,3930068.52,1,92373.849,289695.59,2.2,74270.216,3025021.9,2.4,75851.767,347963.21,0.3,14912.218,659919.6,0.5,15648.065,132408.55,2.9,29645.293,322804.16,1.4,32573.023,83261.82,0.6,29141.112,701841.48,0.9,30668.219,201206.53,1.2,74441.79,596645.18,1.3,72717.028,81765.37,1.9,22117.173,509267.9,1.7,29073.026,29010.82,3.7,187948.281,8483762.94,0.7,182603.87,294631.2,0.6,30825.56,2470060.22,0.7,32617.535,94690.9,1,29620.403,2082020.2,1.6,31536.935,161389.22,2.6,13288.073,512056.28,3.1,14157.698,73402.05,2.3,1297.352,16433.48,2.8,1364.76,4415.18,1.8,70.134,5202.95,2.4,101.947,2199.07,9,4.292,537.21,4.3,<0.000,80.08,33.1,5856.999,93765.02,4.1,6450.297,14312.3,0.9,278.685,16453.7,3.6,285.993,2385.95,8.6,11047.338,660962.96,0.9,11604.794,53019.8,1.2,670726.613,4469390.34,0.8,653974.979,542207.21,2.2,651917.948,3650858.57,1.6,95925.183,6171982.83,1.6,95226.405,1200358.78,3,192621.581,11005540.14,0.6,191176.013,3007360.6,5.9,20256.311,1312357.18,1,21776.283,296528.46,1.4,78552.22,857909.78,1.3,82010.265,205880.28,0.4,14617.207,136906.62,1.4,15655.421,33654.96,3.2,2072.903,70141.46,4.3,1956.777,16881.65,2,13133.799,133520.46,2,13711.608,51392.78,2.5,1649.366,103440.7,2.9,1542.909,32263.71,4,7638.189,110357.48,2.8,7978.408,36733.81,3.3,1285.911,76969.61,4,1293.692,26397.62,1.6,3298.883,63879.51,1.9,3612.556,24000.48,0.3,443.242,27434.28,3,449.369,10732.08,6.1,2858.546,35379.12,3.6,2989.257,14452.88,1,411.836,24344.82,2,390.059,4925.92,3.3,502.218,7665.75,5.1,470.895,2580.28,4.9,1514.524,76147.02,4.2,1560.628,43318.99,3.3,882.261,27735.95,1.4,885.767,13521.04,2.2,29147.99,125458.63,2.3,27915.417,107452,2.3,27321.966,560346.91,3.9,28045.631,500329.83,1.2,501.137,17949.92,4.2,475.616,7669.11,7.2,40005.229,1474725.15,0.5,40653.115,707732.42,1.5,6298.241,214527.82,2.5,6541.356,111836.82,4.1,1717975.22,2.7,101.8,616572.44,2.2,95.6
95  Mo  [ He ] :  CPS RSD value = 5.19 is over the allowed maximum = 5.00137  Ba  [ No Gas ] :  Concentration value = 322.13 is over the calibration range137  Ba  [ He ] :  Concentration value = 295.85 is over the calibration range138  Ba  [ He ] :  Concentration value = 302.35 is over the calibration range165  Ho  [ He ] :  CPS RSD value = 6.73 is over the allowed maximum = 5.00181  Ta  [ He ] :  CPS RSD value = 7.79 is over the allowed maximum = 5.00206  [Pb]  [ He ] :  CPS RSD value = 5.23 is over the allowed maximum = 5.00,FALSE,030_QC2_20250514_Ac Series 575  to 858_rerun .D,14-05-2025 13:31,QC2,,SJS-Std,51210.454,964878.66,2,53159.871,4241.57,5.8,1487.617,8821.66,2,1732.391,170.17,44.4,10159.304,341857.37,1.3,10934.475,11997.36,3,111843.089,5433671.81,0.4,110398.645,408394.14,0.3,117297.978,5289270.53,1.1,114388.8,600649.48,1.7,11625.038,594212.06,1.3,12353.209,123638,1.4,73924.447,857521.19,3.6,78299.242,218632.91,1.9,32281.158,887992.97,1.2,33763.955,259239.79,2.2,96451.151,792341.77,1.6,92663.171,109675.96,2.9,15588.088,414150.22,1.9,16401.753,19356.81,2.3,100520.436,5232863.5,0.4,94300.576,179795.44,1.6,264162.36,18131087.37,1.3,240249.142,612941.46,1.8,15522.673,1259261.29,1,15945.732,96560.34,1,59725.29,2534880.74,2.3,62231.432,364345.68,1,3271.142,41072.33,1.2,3473.105,11506.62,5.2,269.435,10230.97,4.7,205.236,3273.7,4,465.582,3120.17,5.4,414.317,660.68,8,1391.74,29048.54,3.6,1372.515,4131.48,3.8,1387.321,45636.71,2.5,1388.464,6297.85,1.4,5199.668,361240.52,1.2,5353.455,29102.28,2.8,1176032.188,9011692.13,2.7,1080101.482,1055350.14,3.3,1103809.704,7282907.3,0.7,20470.846,1521994.81,2.1,20720.295,309288.98,2.7,39523.156,2607255.23,1.5,39501.805,735401.76,1.3,4601.765,345944.01,1.2,4581.165,74282.17,1.7,17467.686,220394.61,2.2,18367.09,54591.91,1.5,3507.051,38155.75,1.7,3511.197,9002.25,6.2,1033.004,40924.06,4.2,876.899,9189.26,8.7,3532.996,41720.67,1.9,3430.392,15341.46,3.1,460.351,35224.52,3.6,455.981,12071.22,2.4,2955.893,49607.69,1.6,3001.343,16460.71,3.8,551.553,39250.72,1.6,583.253,14573.15,6.7,1728.105,38859.29,4.9,1758.538,13951.79,3,232.16,17563.33,2.6,221.985,6782,2,1733.361,24886.44,0.7,1649.608,9533.24,3.6,240.873,17152.47,1.8,224.059,3530.71,2.8,2175.722,35039.6,1.9,2239.22,13013.59,3.5,920.237,53843.72,1.3,1097.802,36156.22,7.8,548.548,20541.22,2.8,545.986,10211.17,2.5,20996.949,106935.48,5.2,18831.657,85831.22,3.7,19435.707,459935.05,1.4,19892.905,419933.11,1.6,265.126,11565.51,3.7,236.825,4941.02,5.8,9864.06,420577.02,1.9,10167.732,209887.8,3.1,3386.557,133753.95,1.7,3396.787,69064.8,3.6,1653577.64,2.9,97.9,607677.31,0.3,94.2
137  Ba  [ No Gas ] :  Concentration value = 172.27 is over the calibration range137  Ba  [ He ] :  Concentration value = 166.84 is over the calibration range138  Ba  [ He ] :  Concentration value = 166.37 is over the calibration range,FALSE,031SMPL_20250514_Ac Series 575  to 858_rerun .D,14-05-2025 13:35,Sample,,MCS 583,36537.584,701158.87,3.8,40372.054,3176.89,9.7,2695.83,15975.28,2.4,3026.819,290.29,11.9,11572.541,393257.62,0.9,13409.885,14408.85,4.8,88562.92,4375989.02,1.6,92040.571,335170.6,0.8,71345.502,3372665.69,0.9,72614.508,384462.24,0.5,13923.642,719501.43,2.1,14782.472,144858.06,1,28957.056,364010.1,3,32383.745,94739.24,3,27157.196,763912.12,3.1,29624.621,224929.1,0.8,83690.065,729031.87,3.2,85545.028,102545.81,1.3,21479.421,578882.1,3.5,26787.192,31034.07,0.5,179589.087,9480588.11,3.2,179150.506,335614.75,1.2,50168.546,4082970.9,3.7,49044.403,145237.61,1.6,26798.865,2203372.7,2.2,29556.069,175685.01,1.2,11993.354,539699.52,2.6,13216.498,79276.08,2.2,1621.87,22502,3.7,1895.167,6594.95,2.4,1.551,3801.04,3.7,<0.000,1318.06,3.1,22.441,654.01,13.4,<0.000,110.11,18.2,5591.512,104238.83,2.1,6506.214,16644.1,4.8,262.8,17252.22,3.7,201.054,2249.12,6.5,10830.955,757553.16,4.5,11950.568,63327.09,1.1,654325.519,5100026.29,1.5,633702.148,610115.35,1.3,631898.949,4107236.31,1.2,59042.835,4447707.4,3.9,61292.576,897946.7,1.5,122929.995,8219555.82,0.7,116283.128,2126869.64,2.3,13160.991,998947.26,1.3,13773.348,218032.58,3.3,48140.699,615325.73,1.2,51542.999,150342.35,2.9,9612.599,105510.59,3.5,10020.423,25056.67,2.6,1554.128,61735.8,1.3,1574.055,15815.8,2.5,9045.248,107672.73,0.8,8626.833,37620.63,1,1156.337,85455.53,2.6,1122.095,27467.54,0.9,6020.015,101840.83,1.7,6448.514,34492.03,4.9,1058.304,74216.57,1.2,1061.502,25210.61,3.2,2981.202,67552.68,2.2,3111.192,24007.04,0.8,389.183,28173.43,4.1,413.512,11383.26,1.7,2743.013,39696.77,1.9,2738.524,15358.26,0.9,364.334,25147.42,1.9,365.539,5309.8,2.8,422.947,7595.69,7.4,440.688,2780.32,1.8,1508.422,88434.66,4.1,1603.341,51503.34,3.4,866.09,31491.95,2.4,913.906,15916.31,4.7,34669.315,172742.7,1.8,32187.08,143369.8,1.9,30778.718,736234.44,4.7,33229.385,686140.28,1,467.693,19475.61,3.7,471.469,8679.78,1.7,23929.597,1032934.66,2.8,25672.855,519525,1.6,4484.218,179262.99,3.2,4751.534,94555.1,2.7,1747060.61,3,103.5,622113.34,1,96.4
137  Ba  [ No Gas ] :  Concentration value = 200.01 is over the calibration range137  Ba  [ He ] :  Concentration value = 187.81 is over the calibration range138  Ba  [ He ] :  Concentration value = 187.34 is over the calibration range147  Sm  [ He ] :  CPS RSD value = 6.05 is over the allowed maximum = 5.00,FALSE,032SMPL_20250514_Ac Series 575  to 858_rerun .D,14-05-2025 13:39,Sample,,MCS 584,38282.373,732574.08,1.4,39268.524,3186.9,9.9,1929.081,11499.64,3.9,1740.894,173.51,18.5,13216.462,444369.72,0.5,14545.726,16082.37,1.7,105454.282,5194094.42,0.6,104800.697,393471.78,1.9,81965.254,3822279.06,1,79523.208,431231.56,2,11838.894,613406.58,2.3,12269.123,124728.09,2.8,29439.952,368027.61,0.7,31138.888,94090.66,2.1,27414.318,768346.32,1.2,28454.716,222926.87,0.5,87409.814,747501.12,2.1,85361.858,104950.64,1.2,24897.633,668737.68,2.6,28966.248,34593.14,3.2,186234.301,9814300.36,4.1,179076.017,345887.96,2,36020.132,3107352.57,0.8,32558.441,108306.48,3.2,23076.778,1895093.17,2.4,24434.604,149869.14,1.6,10978.848,494554.95,1.7,11584.976,72050.79,1.3,1451.108,20386.33,4.5,1571.592,5773.74,2.7,<0.000,3447.25,3.7,<0.000,1054.44,8.1,<0.000,390.4,19.4,<0.000,60.06,44.1,6374.739,117753.64,2.1,6707.839,17659.81,2.4,262.268,16971.55,4.6,242.919,2426,7.2,11657.055,812997.53,0.4,12573.342,68672.56,2.3,741483.478,5764348.11,2.4,696251.786,691039.51,0.3,694517.848,4654638.09,2.2,69287.32,5207578.42,2.2,68086.18,1028461.04,0.6,141294.747,9427828.47,1.9,131751.378,2484395.7,0.8,15240.691,1153659.73,1.9,15818.839,258146.81,1.9,57232.899,730169.63,1.6,59515.509,178954.13,2.4,10837.968,118554.1,4.1,11646.069,30022.39,6.1,1641.508,64921.63,1,1592.451,16477.26,3,10169.698,120749.07,2.3,9899.688,44490,4.6,1200.557,88341.28,2.2,1184.479,29801.75,2.9,6049.453,102059.96,2.7,5997.145,33093.49,2.4,949.903,66697.49,1.1,973.72,23920.23,2.1,2541.374,57566.2,2.6,2620.191,20905.07,2.4,306.086,22643.2,1.5,316.021,9262.74,3.3,2220.012,32146.92,1.1,2272.136,13193.58,4.8,278.9,19772.29,4,282.688,4368.48,8.2,380.837,6878.59,1.8,381.847,2520.26,2.4,1499.831,87672.69,4.1,1496.573,49626.23,1.9,854.718,30990.29,1.3,857.693,15465.29,0.7,29747.68,153046.61,2.3,28993.705,133297.19,1.2,27859.076,665365.13,3.1,28723.6,612430.67,2.3,396.527,16704.87,1.7,361.173,7092.1,7.3,28975.444,1247798.16,2.1,28802.474,600904.81,1.3,4297.731,171412.07,1.3,4335.798,89070.53,3.3,1700913.57,1.1,100.7,626169.24,0.9,97
52  Cr  [ No Gas ] :  CPS RSD value = 6.16 is over the allowed maximum = 5.00137  Ba  [ No Gas ] :  Concentration value = 137.65 is over the calibration range137  Ba  [ He ] :  Concentration value = 135.16 is over the calibration range138  Ba  [ He ] :  Concentration value = 129.11 is over the calibration range,FALSE,033SMPL_20250514_Ac Series 575  to 858_rerun .D,14-05-2025 13:43,Sample,,MCS 585,26693.228,479450.85,3,28193.117,2122.29,8.6,2074.331,11563.15,1.6,1959.085,180.18,14.7,9382.071,302751.27,0.3,9969.054,10317.61,2.6,71320.065,3293029.81,0.3,71852.247,249510.93,0.6,53937.1,2450665.88,6.2,56456.499,291023.97,2.1,7877.064,390649.07,2.1,8137.92,78269.97,2.1,18338.676,229782.31,1.7,19315.008,58007.24,1.3,19661.703,523517.4,1.2,21004.712,154335.39,1.4,60558.698,549929.18,1.5,58535.857,75925.2,1.1,17659.46,444389.21,3.2,22142.552,24470.52,3.7,147412.855,7267815.12,1.6,143251.31,255859.03,1,49897.635,3822310.44,4.9,47241.667,135620.43,1.7,19009.274,1461177.64,2.5,20908.173,118609.68,0.2,7369.493,320796.87,3,7727.086,45910.41,0.9,1680.474,21806.77,3.7,1903.885,6351.25,3.4,<0.000,3410.54,3.4,<0.000,1147.87,9.6,<0.000,490.5,27,18.687,163.5,12.7,5668.487,98766.58,4.5,5845.559,14362.42,3.5,173.808,14415.9,2,140.675,2025.53,10.4,8331.728,545555.94,1,8534.945,43259.84,2.7,549092.688,3996610.37,0.3,539157.81,495067.66,0.3,515039.628,3192662.04,1.8,59213.819,4161880.43,2.7,57431.059,801853.03,2.3,111142.718,6936911.93,0.8,108640.832,1893571.02,2.1,12474.108,883669.71,0.8,13074.024,197358.61,1,45927.863,548149.97,1.4,49056.53,136372.54,1.3,9009.481,92294.92,1.6,9184.232,21907.55,1.8,1252.129,46813.83,1.9,1275.382,12341.79,1.1,7917.137,88056.21,3.1,7972.668,33160.3,1.6,979.208,68099.27,3.2,933.859,22051.43,2,4734.454,74935.29,0.8,5107.049,26099.93,2.3,764.135,50820.3,1.4,792.463,18275.01,3.8,2050.619,43669.87,1.6,2196.703,16283.62,2.3,251.372,18041.11,3.3,241.431,6922.19,0.7,1737.492,23696.49,4,1724.827,9362.9,0.5,211.169,14763.65,4.2,191.37,2966.68,7.2,238.28,4360.79,4.1,224.152,1513.43,3.6,1233.648,67922.91,3.1,1229.866,37955.1,1.4,608.84,21577.36,2.6,648.161,11239.79,3,49588.698,234822.08,1.8,47660.753,201632.61,1.7,46303.57,1030121.74,4,47882.864,939591.59,1.3,271.327,11325.33,2.9,237.633,4737.6,6.1,23419.962,943466.88,2.1,23505.327,453424.58,1.7,2802.984,105427.47,1.8,2964.143,56808.11,0.8,1711710.05,1.7,101.4,622628.44,0.9,96.5
137  Ba  [ No Gas ] :  Concentration value = 186.03 is over the calibration range137  Ba  [ He ] :  Concentration value = 170.54 is over the calibration range138  Ba  [ He ] :  Concentration value = 168.43 is over the calibration range157  Gd  [ He ] :  CPS RSD value = 6.48 is over the allowed maximum = 5.00169  Tm  [ No Gas ] :  CPS RSD value = 6.17 is over the allowed maximum = 5.00169  Tm  [ He ] :  CPS RSD value = 5.90 is over the allowed maximum = 5.00172  Yb  [ He ] :  CPS RSD value = 6.27 is over the allowed maximum = 5.00175  Lu  [ No Gas ] :  CPS RSD value = 5.40 is over the allowed maximum = 5.00232  Th  [ No Gas ] :  CPS RSD value = 5.29 is over the allowed maximum = 5.00,FALSE,034SMPL_20250514_Ac Series 575  to 858_rerun .D,14-05-2025 13:47,Sample,,MCS 586,40811.445,775351.52,1.4,45850.877,3737.59,2.7,2160.827,12752.04,3.2,1735.87,173.51,23.3,13360.337,445738.71,1.3,13874.301,15434.29,4.8,101002.602,4942116.61,2.8,100195.677,378362.71,1.4,83211.373,3847329.21,2.3,78685.374,429255.73,2.4,17259.18,877411.61,2.1,17432.484,176099.57,1.9,35446.169,432305.79,1.6,36990.02,110522.24,2.3,40415.848,1113418.34,1,40943.925,319322.07,1.4,169922.618,1269151.11,1,163224.706,177652.63,1.6,24130.456,643795.21,1.4,27279.188,32779.9,1.3,198435.445,10384141.04,2,190702.763,370629.56,2.5,30012.601,2679682.4,1.5,28914.763,99579.68,1.8,26112.462,2129022.93,1.5,28479.282,175616.58,1.5,13053.142,578658.68,1.3,13128.59,81572.96,1,1773.406,23959.27,3.3,1919.251,6885.4,3.1,12.689,3914.52,8.5,<0.000,1291.36,7.4,32.212,684.04,16.8,<0.000,126.79,9.1,6628.515,121396.57,1.3,6874.655,18177.75,1.2,343.111,18839.38,4.5,279.66,2552.81,5.1,12598.457,872170.92,2.9,13165.71,72323.72,4.4,682035.539,5269622.97,3,625251.977,624479.49,0.9,617524.279,4163965.33,1.9,54026.158,4034129.03,4.5,54506.54,828566.38,1.6,121683.07,8068264.11,2.5,108293.684,2054401.33,1.6,12131.812,912578.36,3.3,12589.155,206821.65,0.7,45943.43,582373.55,1.1,46218.187,139814.59,2.3,9414.064,102369.3,1.6,9201.464,23883.24,1.9,1488.688,58631.28,1.5,1365.117,14282.44,3,8317.664,98182.99,4.2,8059.098,36496.36,6.5,1126.519,82512.29,1.3,1062.717,26996.22,4.8,6057.3,101518.1,2.8,6030.327,33454.78,2.1,1073.549,74516.08,0.4,1062.16,26123.46,1.5,3040.2,68217.46,1.5,3150.108,25190.7,1.7,404.859,28832.3,6.2,376.306,10822.22,5.9,2827.929,40519.74,3,2981.013,17282.66,6.3,379.707,25795.92,5.4,357.971,5389.91,6.9,437.719,7725.78,2.9,422.324,2763.65,6.5,1550.128,89919.58,1.8,1509.364,50308.9,2.1,894.277,32043.97,1.7,888.551,16039.97,2.9,32407.543,167591.33,2.6,31080.353,143555.05,2.2,31323.523,742045.59,2.4,31503.219,674942.74,1.8,709.805,28316.29,3,683.56,12506.46,2.2,23555.204,1007358.43,5.3,23855.606,500920.75,2.5,4459.021,176601.43,3.9,4621.101,95380.07,1.2,1671049.49,1.6,99,623043.96,2,96.6
88  Sr  [ No Gas ] :  CPS RSD value = 5.94 is over the allowed maximum = 5.00137  Ba  [ No Gas ] :  Concentration value = 246.65 is over the calibration range137  Ba  [ He ] :  Concentration value = 208.77 is over the calibration range138  Ba  [ He ] :  Concentration value = 207.20 is over the calibration range165  Ho  [ He ] :  CPS RSD value = 6.07 is over the allowed maximum = 5.00172  Yb  [ No Gas ] :  CPS RSD value = 5.40 is over the allowed maximum = 5.00208  Pb  [ No Gas ] :  CPS RSD value = 5.80 is over the allowed maximum = 5.00103  Rh ( ISTD )  [ No Gas ] :  CPS RSD value = 17.42 is over the allowed maximum = 5.00,FALSE,035SMPL_20250514_Ac Series 575  to 858_rerun .D,14-05-2025 13:51,Sample,,MCS 587,49826.625,817981.21,3.5,49106.905,3767.63,5.9,2460.129,12474.8,4.4,1624.974,153.49,26.4,16041.446,458621.96,2.9,15605.177,16319.55,0.3,122925.201,5176592.54,4.1,111983.059,397926.34,2.7,105012.539,4146167.74,2,90986.554,464667.85,1.9,18427.278,807435.61,2.6,17778.332,169165.43,2,38705.514,405591.39,3,35996.322,101869.32,3.5,34078.616,814964.31,1.7,32858.28,242808.96,4.1,118921.428,820810.71,1.5,102768.325,115376.09,1,29107.286,670470.5,1.7,31728.006,35861.16,3,236675.629,10668395.92,3.9,204408.661,373872.95,4.5,39660.388,2880713.74,5.9,33986.992,106716.45,1.3,27895.757,1962218.79,3.1,26637.852,154664.74,3.6,16781.597,635476.36,3.4,16109.473,93522.63,1.7,1759.803,20596.9,4.9,1643.998,5703.64,6.8,<0.000,2689.65,4,<0.000,837.53,6.6,32.468,607.29,12.8,<0.000,96.76,39.2,7827.358,123408.95,0.5,6961.755,17345.71,2.6,359.586,16974.86,4.2,276.607,2456.03,6.5,14252.128,852908.85,0.4,13260.576,68542.19,2.4,943536.282,6302186.99,1.2,798655.038,750296,0.9,792655.352,5027259.46,1.7,78540.627,5073196.12,0.2,69217.512,989836.79,1.5,171492.534,9818439.29,3.3,139132.838,2483783.58,1.5,16609.997,1080581.81,0.7,15981.44,246868.58,4.3,63268.707,690264.3,4.9,59222.794,168644.56,2.6,12013.347,112685.4,2,11427.751,27882.03,4.9,1783.973,60258.16,4.4,1546.578,15184.35,2.9,11104.216,112661.86,4.9,9781.639,41610.4,3.3,1355.755,85359.45,4,1172.677,27985.93,3.2,6750.336,97311.66,4.8,6237.896,32581.8,0.7,1140.02,68188.06,4.3,1017.052,23636.02,6.1,3006.146,58275,2.4,2935.09,22138.46,0.6,391.353,24274.69,3,337.569,9319.52,4.6,2813.409,34796.93,5.4,2733.902,14973.99,1.4,368.885,21834.51,1.6,324.309,4672.23,8.6,541.651,8142.72,4.8,528.838,3197.09,0.8,1926.676,96426.25,3.6,1688.737,52899.94,1.8,1047.845,32264.95,2.8,995.73,16821.77,4.6,32621.144,158772.61,1.8,31148.909,135503.33,1.8,34295.943,703086.11,5.8,31243.303,630283.91,1.2,490.616,17452.62,3,439.681,7982.65,4.3,33981.62,1255492.45,2.9,30730.444,606916.33,0.5,5642.402,192396.28,2.2,5359.431,103967.48,0.7,1539966.01,17.4,91.2,611743.82,0.9,94.8
137  Ba  [ No Gas ] :  Concentration value = 193.84 is over the calibration range137  Ba  [ He ] :  Concentration value = 179.07 is over the calibration range138  Ba  [ He ] :  Concentration value = 187.52 is over the calibration range140  Ce  [ He ] :  CPS RSD value = 5.78 is over the allowed maximum = 5.00169  Tm  [ No Gas ] :  CPS RSD value = 6.77 is over the allowed maximum = 5.00172  Yb  [ He ] :  CPS RSD value = 5.05 is over the allowed maximum = 5.00181  Ta  [ No Gas ] :  CPS RSD value = 6.17 is over the allowed maximum = 5.00,FALSE,036SMPL_20250514_Ac Series 575  to 858_rerun .D,14-05-2025 13:55,Sample,,MCS 588,39945.012,745095.25,4.2,41988.905,3303.71,3,2334.382,13510.16,4.7,2633.314,253.59,17.8,12765.095,419871.04,0.9,13441.987,14452.22,2.9,94432.881,4539143.32,1.5,95433.347,347437.57,1.9,77481.209,3542815.74,1.5,75977.647,401242.99,2.9,13923.829,699941.74,1.9,14805.094,145036.56,1.7,30035.269,366235.96,1,30689.955,90233.52,1.7,26916.487,736779.02,0.7,28694.848,218030.16,2.8,81118.566,692637.98,2.7,79659.665,97129.89,1.1,22529.96,590553.99,1.5,28403.305,32906.98,1.1,194572.185,10001602.25,1.9,183075.039,343009.95,0.8,41404.542,3394595.64,3.1,39483.614,122202.01,3.4,27470.06,2200602.17,4,28445.048,169180.97,2.8,13283.351,578614.03,0.7,14365.358,85803.33,2.9,947.654,14205.32,3.8,953.924,3750.97,3.7,<0.000,2853.19,17.5,<0.000,1001.04,11.5,<0.000,380.39,7,<0.000,76.74,15.1,5943.482,107521.3,0.4,6402.226,16390.18,2.7,283.971,17285.57,2.6,263.149,2452.7,9.6,10686.98,728007.85,2.6,11840.824,62746.58,1.9,731740.234,5550735.75,1.3,675988.412,650982.6,1.8,707883.184,4600286.55,2.8,78122.125,5728225.74,1,78687.185,1153042.03,2.4,165847.641,10791299.24,3.1,156832.36,2868332.09,5.8,16991.204,1254867.34,3.1,18123.884,286722.35,0.8,65149.919,810556.65,1.6,67924.327,198052.04,4.8,12493.972,133352.04,4.1,13263.316,33146.47,2.7,1853.243,71305.76,1.7,1765.913,17673.4,2.1,11153.301,129182.35,2.4,10970.436,47791.61,1.4,1318.016,94393.68,2.4,1304.559,31711.75,4.7,6828.219,112310.19,0.7,6984.672,37336.31,1,1066.904,72814.11,2.7,1119.386,26518.02,0.9,3148.112,69358.04,2,3319.287,25598.63,2.5,377.152,26631.73,6.8,403.168,11132.79,4,2802.977,39482.1,3.5,2979.98,16684.62,5.1,351.85,23713.05,4.4,362.114,5266.4,4.7,426.685,7438.92,2,429.278,2710.31,10.6,1482.929,84561.08,6.2,1514.149,48712.6,2.5,856.978,30354.75,1.2,873.405,15281.55,4.8,30006.149,149712.29,1.7,28630.732,127670.37,4,27969.266,651692.97,2.4,28647.315,592458.56,1.1,406.914,16708.16,1.1,378.106,7165.47,7.4,31992.495,1343741.92,0.5,32294.088,653242.97,1.5,5035.807,195583.32,0.9,5247.081,104211.54,4,1690002.82,2,100.1,618601.07,2.5,95.9
121  Sb  [ No Gas ] :  CPS RSD value = 5.75 is over the allowed maximum = 5.00137  Ba  [ No Gas ] :  Concentration value = 159.72 is over the calibration range137  Ba  [ He ] :  Concentration value = 138.56 is over the calibration range138  Ba  [ He ] :  Concentration value = 139.74 is over the calibration range147  Sm  [ No Gas ] :  CPS RSD value = 5.61 is over the allowed maximum = 5.00163  Dy  [ He ] :  CPS RSD value = 5.51 is over the allowed maximum = 5.00169  Tm  [ No Gas ] :  CPS RSD value = 5.48 is over the allowed maximum = 5.00181  Ta  [ No Gas ] :  CPS RSD value = 5.02 is over the allowed maximum = 5.00208  Pb  [ No Gas ] :  CPS RSD value = 5.76 is over the allowed maximum = 5.00232  Th  [ No Gas ] :  CPS RSD value = 5.23 is over the allowed maximum = 5.00103  Rh ( ISTD )  [ No Gas ] :  CPS RSD value = 7.26 is over the allowed maximum = 5.00,FALSE,037SMPL_20250514_Ac Series 575  to 858_rerun .D,14-05-2025 13:59,Sample,,MCS 589,37278.852,625631.72,0.8,38854.799,2993.33,9.1,2241.35,11676.64,4,2124.7,200.2,5,12301.581,365477.04,0.4,12086.148,12755.48,1.5,91655.155,3960132.85,1.1,81563.746,290477.53,1.3,76884.151,3169658.21,1.9,67556.143,352587.63,2,14240.058,644650.5,2.1,13140.482,126664.35,1.2,30502.43,335050.02,2.9,29514.77,85753.34,1.6,29100.246,715627.19,1.8,28347.064,211115.53,1.3,77957.87,613323.88,1.8,66187.096,84575.47,3.4,22202.731,523335.42,2.4,24657.7,27954.14,1.3,190860.189,8815627.52,0.9,164900.553,302248.57,2.2,43358.567,3202066.76,1.8,36282.186,113387.58,0.5,29553.897,2126313.4,3.6,28094.136,163397.77,2.5,11870.81,468696.78,1,11830.03,69980.21,2,1735.403,21007.95,3.3,1648.338,5770.39,7,<0.000,3126.86,8.2,<0.000,800.83,5.4,<0.000,333.67,20,<0.000,83.42,38.6,5869.88,95608.95,2.1,5498.877,13908.11,1.9,314.556,16690.9,5.7,174.27,2189.05,9.4,11098.22,678728.24,2.9,10580.243,54892.71,0.5,636207.223,4333574.52,2.5,551928.995,520205.06,2.9,556632.03,3539677.29,0.8,67332.542,4438525.1,2.5,59671.493,854894.97,1.6,139446.336,8148408.63,2.5,118922.31,2127554.07,2.4,14825.696,985046.38,3.4,14161.856,219281.44,0.8,56946.303,635550.84,4,53061.504,151304.96,2.1,11010.694,105542.32,5.6,10108.322,24728.91,1.4,1899.694,65716.63,1.6,1705.668,16734.58,3.4,10248.748,106593.81,3.5,9188.728,39180.27,1.9,1315.406,84816.69,0.9,1161.121,27812.01,4.6,7086.881,104644.79,2.3,6446.774,33709.06,5.5,1228.359,75116.98,4.1,1126.251,26133.49,1.5,3424.583,67683.89,2.9,3143.736,23756.47,4.5,431.898,27119.99,5.5,385.045,10521.65,2.2,2936.259,37155.8,0.6,2755.977,15124.37,1.2,394.658,23736.42,3,374.011,5326.48,1.7,398.606,6321.63,2.9,375.039,2376.9,3.1,1482.077,75911.81,5,1367.842,43198.59,3,751.218,24348.83,3.4,724.476,12696.02,4.9,31787.876,155187.83,3.7,29580.392,128889,4.3,32866.816,685519.28,5.8,30069.952,608329.45,2.5,483.535,17662.87,5,415.859,7659.09,3,29392.306,1106613.39,5.2,26304.373,521049.1,4.7,4272.607,149618.93,1.5,4198.264,81965.62,2.1,1607547.66,7.3,95.2,638374.32,3.6,98.9
7  Li  [ No Gas ] :  CPS RSD value = 5.70 is over the allowed maximum = 5.0051  V  [ No Gas ] :  CPS RSD value = 5.43 is over the allowed maximum = 5.00137  Ba  [ No Gas ] :  Concentration value = 102.01 is over the calibration range137  Ba  [ He ] :  Concentration value = 116.47 is over the calibration range138  Ba  [ He ] :  Concentration value = 117.30 is over the calibration range147  Sm  [ He ] :  CPS RSD value = 6.24 is over the allowed maximum = 5.00103  Rh ( ISTD )  [ He ] :  CPS RSD value = 14.04 is over the allowed maximum = 5.00,FALSE,038SMPL_20250514_Ac Series 575  to 858_rerun .D,14-05-2025 14:03,Sample,,MCS 590,23988.103,441093.31,5.7,29653.232,2052.21,8.9,1739.465,9953.57,1.3,1530.141,126.79,39.7,7694.5,257017.44,1.3,9243.95,8905.21,4.5,53157.426,2512108.41,5.4,61454.789,197249.01,2.6,40063.888,1914997.14,3.8,48083.411,231929.98,1.4,7566.783,383310.2,2,8739.824,77269.48,0.8,16382.999,212287.78,3,19732.535,54448.44,4,15293.093,420675.73,3.2,17506.979,119730.61,2,38550.451,417965.64,2.4,45296.172,58737.91,1.1,14460.117,372366.88,2.4,18286.08,18752.11,0.9,121335.464,6119450.29,4.9,128437.68,212337.26,0.9,51189.739,3959233.72,2,54545.115,139928.46,1.1,16440.443,1292779.03,2.8,19780.907,103677.23,2.7,8357.348,366891.77,2.9,9823.617,52796.28,2.5,935.127,13804.47,0.9,1183.469,3944.56,4.2,<0.000,2486.07,8.7,<0.000,830.86,13.6,<0.000,360.37,21,<0.000,70.07,14.3,3300.159,60656.52,1.2,3723.346,8661.6,3.8,176.536,14332.32,2.6,204.991,2015.52,8.2,6093.818,409374.36,1.4,6867.339,32323.29,0.4,388141.764,2892047.68,0.5,443175.239,377092.2,2.8,446327.778,2556731.17,3,29362.678,2112188.02,2.6,32879.621,425735.85,0.9,62476.348,3990193.12,1.3,66059.516,1064633.07,2.3,6749.608,490370.41,1.3,7531.855,105533.51,1.3,24858.982,303583.81,0.6,28409.304,73177.6,1,4919.992,51740.77,2.8,5570.897,12348.44,6.2,1102.147,42259.83,1.4,1175.331,10568.35,4.2,4632.747,52904.44,1.9,5051.455,19501.31,1.7,639.909,46428.97,3.5,667.209,14947.21,4.5,3732.382,60562.99,2.7,4453.959,21062.19,3.1,690.7,47085.69,2.4,787.134,16804.81,2.9,1964.344,42765.92,1.5,2376.806,16230.11,4.1,271.917,19591.72,3.2,288.275,7366.24,0.7,1847.431,25692.39,3.2,2075.063,10341.36,3.7,247.137,17092.2,1.9,274.706,3667.57,3.8,274.896,4984.36,4.3,286.102,1680.12,8.6,767.372,43911.24,1.3,841.141,24414.25,4.1,491.82,18231.83,3.4,524.517,8645.08,2.8,32105.237,141507.86,2.7,30414.693,119501.69,2,26495.333,605774.87,2.7,30662.155,560096.97,1.7,225.769,9854.01,4.7,234.654,4300.77,0.7,12014.343,496082.68,2.4,13448.176,240354.71,1.8,2126.955,82273.44,1.4,2707.515,48014.65,3.6,1669714.4,2.6,98.9,557917.13,14,86.5
60  Ni  [ He ] :  CPS RSD value = 6.49 is over the allowed maximum = 5.00137  Ba  [ No Gas ] :  Concentration value = 198.77 is over the calibration range137  Ba  [ He ] :  Concentration value = 187.79 is over the calibration range138  Ba  [ He ] :  Concentration value = 189.57 is over the calibration range147  Sm  [ He ] :  CPS RSD value = 5.82 is over the allowed maximum = 5.00166  Er  [ He ] :  CPS RSD value = 6.35 is over the allowed maximum = 5.00175  Lu  [ No Gas ] :  CPS RSD value = 5.68 is over the allowed maximum = 5.00238  U  [ He ] :  CPS RSD value = 5.96 is over the allowed maximum = 5.00,FALSE,039SMPL_20250514_Ac Series 575  to 858_rerun .D,14-05-2025 14:07,Sample,,MCS 591,43163.727,826734.26,1.3,44694.249,3537.33,4.6,2276.137,13526.86,1.9,2518.991,243.58,11.9,13121.401,441974.92,0.7,14581.698,15738.25,4.1,95616.908,4720419.08,0.4,98238.003,360264.45,2,79321.54,3712153.2,3.9,78745.49,416973.22,3.6,15044.096,774281.86,3.4,15902.271,156449.82,2,32181.401,399329.28,3.5,36176.39,105110.59,6.5,33369.553,931422.13,4.1,35812.626,272136.83,1.4,85115.344,732133.3,0.6,86052.317,102852.27,2.4,23580.99,634734.17,2.9,27619.229,32221.6,1.5,187538.719,9900433.16,0.9,180383.591,340249.18,2.8,37643.643,3215324.18,0.3,34962.606,111328.47,1.9,22787.832,1874928.42,2,24952.854,149419.43,2.8,8265.752,379553.16,3.3,8599.29,53204.86,2.8,1367.937,19413.88,3.6,1495.763,5396.53,6.7,<0.000,2786.43,8.9,<0.000,824.19,17.9,<0.000,380.39,18.4,<0.000,70.07,65.5,6532.476,120747.65,2,6772.139,17395.91,2.9,236.526,16219.9,3.4,239.222,2342.57,8.6,12469.83,870876.87,2.2,13120.319,69941.42,2.5,729297.579,5681529.04,2,689013.57,667886.22,1.8,695525.954,4551663.45,1.2,52020.409,3918766.69,2.4,51346.28,757895.13,1.5,106196.224,7101925.27,1.3,98086.061,1806796.49,1.4,11049.902,838874.19,2.3,11701.839,186701.22,1.2,41701.886,533219.6,1.6,44988.095,132212.53,2.4,8435.636,92566.46,2,8566.222,21586.85,5.8,1404.649,55889.9,1.5,1402.736,14242.39,4,7613.324,90709.72,2.5,7678.303,33748.97,2.5,985.041,73139.39,3.5,996.04,24655.65,2.8,5345.578,90466.3,0.5,5683.154,30638.11,2,935.527,65828.95,2.6,968.204,23228.17,2.1,2618.576,59393.42,1.2,2707.175,21075.62,6.3,339.136,24809.54,1.5,354.509,9974.02,4.2,2440.527,35349.03,1.4,2543.064,14379.4,0.5,317.438,22162.02,5.7,325.745,4812.43,3.7,276.852,5221.12,4.8,307.3,2040.18,4.7,1643.405,96037.9,0.8,1666.115,53826.93,3.5,882.58,31940.85,3.4,911.01,15939.75,2.3,33371.57,167460.15,1.3,31951.543,143309.7,2,31275.173,747549.17,1.7,32772.745,681369.92,1.1,604.85,24588.35,3.2,604.661,10864.96,4.5,22562.636,973915.66,1.8,24240.645,493963.99,4.8,4208.013,168166.83,3.3,4414.677,88576.24,6,1686558.28,0.2,99.9,605293.55,1.1,93.8
7  Li  [ He ] :  CPS RSD value = 5.18 is over the allowed maximum = 5.0060  Ni  [ No Gas ] :  CPS RSD value = 5.34 is over the allowed maximum = 5.00118  Sn  [ No Gas ] :  CPS RSD value = 7.22 is over the allowed maximum = 5.00163  Dy  [ No Gas ] :  CPS RSD value = 6.50 is over the allowed maximum = 5.00,FALSE,040_QC1_20250514_Ac Series 575  to 858_rerun .D,14-05-2025 14:12,QC1,,QC MES 50 ppb,51.264,3648167.34,3.2,53.031,15651.24,5.2,50.217,1086281.39,0.4,52.178,18668.01,1.4,46.173,5539261.56,1.2,45.976,182180.81,0.3,49.32,9079590.65,1.5,47.912,657836.61,0.8,46.613,7860579.76,2.4,46.05,886927.11,1.3,49.12,9188528.54,1.7,47.04,1687149.44,1.6,42.86,1844384.75,5.3,46.204,468159.12,1,48.092,4909400.04,0.9,47.747,1331495.61,1.3,41.309,1183111.73,2.4,41.755,166929.71,1.2,49.258,4940307.82,3.9,48.548,211545.93,0.2,48.783,9626504.44,3,47.025,332486.95,1.3,46.167,12276441.05,1.2,44.103,426891.5,2.9,48.345,14824918.28,1.9,48.62,1087894.3,2.3,48.708,7786475.72,1,47.834,1033022.96,1.2,45.152,1981510.73,1.6,48.823,556777.2,2.8,52.503,4930460.99,2.3,51.547,1763510.96,4.2,47.686,1020274.18,1.4,50.864,238517.77,2.5,49.254,3272787.48,7.2,50.449,466398.17,1.2,50.385,4950114.19,1.1,49.478,631956.37,0.8,50.221,13020738.68,2.1,51.42,1020409.87,1,52.68,1543493.13,1.6,53.356,195249.8,3.5,54.384,1341926.33,3,49.762,13993121.9,1.6,50.223,2774531,3.5,51.004,12740509.7,0.6,50.821,3506879.07,2.4,49.981,14124542.9,1,51.243,3050997.26,3.7,48.183,2299623.01,0.8,50.874,559439.7,2.2,47.494,1938300.34,1.9,51.966,488228.57,1.2,52.138,7520658.8,2,50.713,1853927.47,2.1,47.881,2118943.84,1.2,51.56,843525.14,1.4,53.28,14184135.83,3.6,53.812,4740404.48,0.9,50.067,3137359.97,6.5,52.296,1046865.12,1.1,52.48,13269334.78,1.9,53.476,4572696.98,1.7,51.617,4307466.02,3.4,53.711,1538694.06,2.4,54.272,13207278.14,0.8,52.973,4866283.69,1.9,48.653,2591267.89,1.2,53.32,1102688.08,2,53.967,12452430.79,1.2,50.388,2435532.51,1.2,49.745,2970822.87,4.4,52.45,1105026.99,0.9,52.631,11250404.42,2.2,52.495,6221541.37,2.3,53.045,6564185.66,4.7,52.203,3116250.63,1.4,54.295,1012726.58,0.9,52.77,878993.61,1.7,55.555,4922896.97,4.6,52.659,4070352.26,1.4,54.536,7703598.64,4.9,51.674,3138892.97,1.5,55.201,8880208.14,2.6,56.206,4283615.39,2.6,53.922,7949608.58,3.1,58.807,4350924.58,3.1,1718197,2.4,101.8,618179.64,0.3,95.8
137  Ba  [ No Gas ] :  Concentration value = 114.18 is over the calibration range137  Ba  [ No Gas ] :  CPS RSD value = 7.31 is over the allowed maximum = 5.00137  Ba  [ He ] :  Concentration value = 110.02 is over the calibration range138  Ba  [ He ] :  Concentration value = 104.59 is over the calibration range147  Sm  [ He ] :  CPS RSD value = 5.67 is over the allowed maximum = 5.00153  Eu  [ He ] :  CPS RSD value = 5.69 is over the allowed maximum = 5.00172  Yb  [ He ] :  CPS RSD value = 6.03 is over the allowed maximum = 5.00207  [Pb]  [ He ] :  CPS RSD value = 5.44 is over the allowed maximum = 5.00,FALSE,041SMPL_20250514_Ac Series 575  to 858_rerun .D,14-05-2025 14:16,Sample,,MCS 592,21663.82,413152.79,2.9,24003.985,1942.09,6.9,1599.725,9509.48,3,1479.535,146.81,33.6,9064.1,309205.07,1.2,9706.655,10781.78,2,63648.339,3114421.2,2,64258.055,239863.24,1.2,53341.728,2552207.11,3.7,52971.197,293364.24,1.9,7301.284,383794.71,0.1,7587.382,78441.55,1.7,16780.183,223637.51,0.8,17825.258,57665.21,0.7,11730.386,339905.62,1.2,12037.35,97879.97,1.5,63448.001,588659.51,1.7,63010.653,83887.11,1.3,16006.724,426941.17,0.7,20972.09,24914.98,4.5,98859.412,5169410.46,0.7,92879.46,178472.06,1.1,45332.731,3701528.52,0.6,40385.597,126989.09,0.3,23098.687,1879703.56,1.4,24030.088,146375.43,2.7,8900.47,402663.57,2.1,9301.862,58262.92,1.2,1308.243,18568.49,2.5,1346.476,5039.37,7.8,80.853,5660.25,0.5,70.591,2078.92,9.6,52.682,807.5,12.2,27.447,176.84,13.1,3967.413,74469.06,0.6,4279.961,11463.29,2.8,195.068,15134.05,1.8,144.084,2078.92,5.3,6737.446,468374.22,2.9,6840.502,37338.57,1.9,426068.302,3287183.86,7.3,410555.933,405575.37,1.9,390273.077,2601940.49,3.5,73311.123,5460346.82,1.4,69934.593,1049414.23,2.1,146516.259,9686392.04,2.9,136097.675,2548463.37,2.1,15325.92,1149665.66,1.9,15681.009,254208.69,2.2,59126.074,747214.35,2.3,60708.14,181337.4,1.4,11095.284,120279.82,1.1,11022.327,28199.98,5.7,1617.464,63405.87,3.5,1573.999,16183.3,5.7,9734.361,114584.97,3,9234.721,41215.43,4.2,1219.092,88855.52,4.5,1169.284,29246.59,2.4,5903.786,98762.88,3.2,6255.31,34261.22,1.7,980.982,68186.79,1.7,1017.932,24796.14,1.8,2590.851,58143.02,1.7,2621.004,20764.88,3.8,319.105,23298.41,3.5,335.989,9706.85,7.2,2234.336,32059.92,0.7,2269.243,13083.34,6,290.299,20306.9,2.3,285.135,4371.83,2.1,335.443,6104.86,4.4,342.196,2280.22,5.9,992.861,58216.9,0.8,1075.076,35741.52,3.1,468.182,18064.78,2.2,459.543,8925.58,1.9,27458.042,140416.75,1.4,25002.446,114439.13,5.4,24494.477,580609.57,1.5,26087.195,552958.84,1.3,269.6,11819.09,2.3,238.493,5031.06,6.6,29991.21,1279880.72,3.3,31752.132,657596.61,3.5,4043.47,159897.38,2.8,4032.699,82411.94,2.1,1696514.7,1.3,100.5,626067.45,1.7,97
137  Ba  [ No Gas ] :  Concentration value = 202.11 is over the calibration range137  Ba  [ He ] :  Concentration value = 174.66 is over the calibration range138  Ba  [ He ] :  Concentration value = 170.87 is over the calibration range159  Tb  [ No Gas ] :  CPS RSD value = 5.54 is over the allowed maximum = 5.00165  Ho  [ No Gas ] :  CPS RSD value = 6.45 is over the allowed maximum = 5.00169  Tm  [ He ] :  CPS RSD value = 6.17 is over the allowed maximum = 5.00181  Ta  [ No Gas ] :  CPS RSD value = 5.93 is over the allowed maximum = 5.00209  Bi  [ No Gas ] :  CPS RSD value = 5.07 is over the allowed maximum = 5.00103  Rh ( ISTD )  [ No Gas ] :  CPS RSD value = 14.04 is over the allowed maximum = 5.00,FALSE,042SMPL_20250514_Ac Series 575  to 858_rerun .D,14-05-2025 14:20,Sample,,MCS 593,34812.111,626317.7,2.8,33686.393,2779.74,0.9,2227.604,12454.8,3.2,2114.933,213.55,5.4,11853.559,376319.43,3,11511.797,13002.63,1,88914.787,4123633.74,1.8,80573.719,307473.26,1.7,69658.309,3082031.21,3.5,62616.515,349698.19,1.4,14256.536,689733.49,2.5,13250.561,136395.87,2.8,26677.834,316114.72,2,27049.841,84141.73,1.7,28168.129,742491.64,2.1,26589.821,211997.28,1.3,71371.252,602030.78,2.3,64920.089,86949.66,2.5,22009.793,556183.23,4.5,23455.018,28485.75,1.6,195767.301,9706922.15,1.3,174919.314,343311.29,2.4,50448.402,3819606.8,3.6,42980.094,135728.47,2.4,26138.211,2020026.65,1.1,26129.983,162786.03,1.2,9833.428,418781.95,3.3,9697.05,61875.83,3,1830.962,23374.39,2.1,1908.086,6908.78,5.9,12.865,3694.24,2.6,<0.000,1381.47,22.9,25.157,603.95,9.1,<0.000,63.4,55.5,6076.236,106199.88,3.5,5963.817,16026.02,2.8,285.902,16403.61,2.1,221.472,2359.25,3.7,10436.883,687187.24,3.2,10116.025,56219.7,1.6,734431.312,5369522.45,3.5,634684.313,640282.46,1.6,620933.209,4228872.74,0.7,41866.975,2972088.66,2,41715.971,640807.58,4.4,94588.976,5939651.12,1.9,77977.619,1494513.32,3.1,9448.591,671859.7,4.9,9485.833,157642.88,3.7,36778.37,440985.09,4.9,36611.512,111945.68,3.6,7169.877,73906.32,2.2,7030.18,18451.96,3.2,1465.549,54710.95,3.5,1323.154,13998.5,3.3,6960.619,77705.11,4.9,6500.911,29758.35,2.6,992.703,69103.19,5.5,880.477,22816.91,4.5,5456.65,86629.38,2.5,5687.863,31892.38,2,1023.598,67056.95,6.4,953.426,23803.14,1.3,2943.24,62753.3,3.9,2849.54,23057.73,1.7,398.798,26849.17,4.1,370.496,10778.84,6.2,2633.3,35743.7,2.2,2637.672,15501.83,2,361.878,23338.66,2.9,344.517,5256.38,6.1,340.256,5844.73,3.4,286.407,1996.84,1.5,1537.305,84125.27,5.9,1490.028,50195.07,2.9,830.166,28401.61,1,738.655,13708.11,4.3,33287.271,173779.14,2.3,31131.125,145250.38,1.7,32989.919,738693.43,3.2,31457.925,680616.28,1.1,502.428,19372.29,5.1,468.774,9000.06,3.1,18707.201,756666.12,4,17621.843,374057.03,1.4,3590.439,134955.2,4.2,3451.376,72330.34,3.7,1592313.83,14,94.3,623715.43,1.4,96.7
89  Y  [ He ] :  CPS RSD value = 5.14 is over the allowed maximum = 5.00121  Sb  [ No Gas ] :  CPS RSD value = 5.44 is over the allowed maximum = 5.00137  Ba  [ No Gas ] :  Concentration value = 316.46 is over the calibration range137  Ba  [ He ] :  Concentration value = 296.32 is over the calibration range138  Ba  [ He ] :  Concentration value = 304.15 is over the calibration range140  Ce  [ No Gas ] :  CPS RSD value = 5.75 is over the allowed maximum = 5.00175  Lu  [ No Gas ] :  CPS RSD value = 5.05 is over the allowed maximum = 5.00178  Hf  [ No Gas ] :  CPS RSD value = 6.10 is over the allowed maximum = 5.00205  Tl  [ He ] :  CPS RSD value = 5.12 is over the allowed maximum = 5.00,FALSE,043_QC2_20250514_Ac Series 575  to 858_rerun .D,14-05-2025 14:24,QC2,,SJS-Std,47682.124,918094.74,0.8,56607.671,4642.1,4.9,1544.937,9352.57,4,1274.514,130.13,35.3,10094.352,347148.79,0.3,10855.187,12254.51,1.7,113644.556,5639053.02,1.5,109615.889,417076.43,1.1,117026.009,5389398.99,1.5,114249.2,617120.26,0.7,11961.544,623889.78,1.9,11815.629,121844.22,1.2,73081.901,865981.58,1.1,77426.241,222490.07,0.9,31852.423,895487.44,3.6,33145.653,261906.05,1,93989.635,793462.5,1.4,91508.36,111724.87,2.1,15751.657,427386.75,2,17101.045,20760.36,3.1,99382.74,5286322.79,3.1,95037.873,186358.12,1.5,261420.576,18332019.14,2.4,239997.995,629935.06,1.8,15068.337,1249391.35,2.3,15947.362,99292,5.1,61964.969,2684014.75,3.7,62260.381,375066.11,3.1,3251.999,41718.24,4.6,3524.49,11994.25,2.7,271.122,10484.77,2.5,181.174,3140.19,4.6,421.715,2936.62,5.4,397.033,657.34,6.9,1348.526,28884.79,2.2,1523.061,4635.49,2.6,1340.266,45412.38,5.4,1404.47,6531.55,5.4,5223.538,370644.71,2.2,5224.516,29229.35,1.8,1155346.006,9049273.67,2.9,1081792.182,1087447.61,2.7,1110396.135,7534396.08,2.6,19887.966,1509772.8,3.4,20690.5,317720.74,1.6,39575.081,2666409.12,5.8,39479.71,756016.69,1,4644.022,356513.31,3.3,4713.014,78571.11,1.7,17781.265,229145.14,2.3,18236.542,55748.28,2.9,3446.235,38313.07,2.6,3749.377,9880.43,1.7,1006.129,40746.36,2.3,830.831,8985.56,1.3,3316.88,40070.61,2.4,3334.257,15341.45,4.9,485.233,37751.08,2.4,434.206,11884.21,2.5,2907.235,49872.16,1,3074.169,17329.4,5,543.846,39551.98,2.4,561.306,14472.92,3,1674.281,38514.33,2.4,1828.696,14907.23,2.5,233.667,18037.76,3.8,214.412,6785.33,7.6,1673.36,24558.81,0.3,1794.461,10638.57,3.2,233.682,17089.04,5.1,219.999,3577.46,5.3,2205.431,36244.76,6.1,2208.492,13207.1,2.1,809.367,48622.45,2.8,926.453,31566.99,4.5,532.227,20454.27,3.4,545.495,10491.73,5.1,21375.886,111951.84,2.3,18885.683,88515.55,3.6,18631.998,450716.88,4.1,19713.402,428123.36,2.2,254.99,11428.76,0.8,232.424,5007.72,3.1,9691.077,422143.43,0.8,10395.018,220619.07,4.3,3276.837,132247.8,0.7,3294.696,68960.59,1.2,1688594.95,1.7,100,625169.04,1.4,96.9
137  Ba  [ No Gas ] :  Concentration value = 148.68 is over the calibration range137  Ba  [ He ] :  Concentration value = 129.64 is over the calibration range138  Ba  [ He ] :  Concentration value = 129.79 is over the calibration range138  Ba  [ He ] :  CPS RSD value = 5.28 is over the allowed maximum = 5.00169  Tm  [ He ] :  CPS RSD value = 5.08 is over the allowed maximum = 5.00232  Th  [ He ] :  CPS RSD value = 6.13 is over the allowed maximum = 5.00103  Rh ( ISTD )  [ No Gas ] :  CPS RSD value = 10.23 is over the allowed maximum = 5.00,FALSE,044SMPL_20250514_Ac Series 575  to 858_rerun .D,14-05-2025 14:28,Sample,,MCS 594,35107.903,559448.12,1.8,34962.329,2592.85,4.3,2630.281,12992.48,2.9,3028.458,273.61,4.2,11272.658,320056.11,0.5,10658.85,10875.29,1.8,84584.932,3468503.51,1.8,77998.921,267490.46,0.5,70435.959,2782830.34,0.7,61673.869,312184.22,1,11274.775,488483.77,2,10613.786,99474.21,1.5,27183.072,288017.06,0.8,26196.47,74454.52,0.5,35270.877,818146.9,2.8,33518.961,239123.09,1.9,73032.7,559045.08,1.7,60433.937,76935.07,1,20368.21,455965.98,3.1,23457.395,25600.34,1.5,171855.679,7552643.91,2.7,149408.935,263631.04,3,49347.626,3380431.48,2.5,41093.481,120425.74,1.4,29128.854,1990728.18,1.1,28150.37,157606.4,4.8,11082.203,417568.26,3.1,10560.592,60600.44,0.6,2110.998,23641.76,2.8,1956.567,6434.7,2.6,6.964,3460.6,4.1,<0.000,1067.78,4.4,3.13,480.49,11,<0.000,113.45,28.4,5891.127,91300.49,1.2,5479.822,13353.64,1.8,252.294,14673.08,0.9,126.295,1975.47,3.4,11891.192,691750.61,2,11022.038,55060.48,4.3,601202.107,3893269.11,1,524194.16,475550.53,2.2,524816.146,3214501.18,5.3,65791.645,4116495.46,0.4,56651.684,781519.59,2.4,126007.469,6994922.23,1.4,105530.233,1816739.81,1.6,14109.303,887879.31,3.3,12954.713,193197.97,1.9,51055.055,542428.11,1,48058.247,131980.13,0.9,9912.882,90233.96,1.7,9449.046,22258.58,2.2,1751.557,57803.21,2.7,1508.159,14322.52,2.1,9124.317,90121.72,3.3,8503.362,34923.56,3.3,1256.646,77069.35,2.6,1082.329,25060.18,3.1,6703.993,94146.09,2.3,6291.923,31698.53,3.9,1181.998,68563.02,4.8,1111.861,24882.98,3.3,3249.698,61070.07,3.8,3131.238,22760.28,3.7,436.346,26093.57,4.6,379.278,10010.74,5.1,3014.64,36165.38,1.8,2730.087,14432.94,3.5,380.248,21871.09,1.7,368.84,5076.15,0.7,359.346,5504.6,5.5,289.029,1840.14,8.5,1810.677,87922.94,0.4,1739.987,52584.84,3.1,817.034,24933.62,1.8,756.525,12736.1,3.7,31287.194,146984.3,0.4,28301.7,118902.55,2.4,30315.993,602727.05,0.1,29190.81,568470.71,1.4,449.896,15723.51,1.8,396.142,7098.79,6.3,23523.314,841565.4,3.5,23065.862,439758.09,6.1,4097.365,136167.89,1.3,3740.924,70464.06,2.9,1555718.53,10.2,92.1,623401.89,1.1,96.6
45  Sc  [ He ] :  CPS RSD value = 6.29 is over the allowed maximum = 5.00137  Ba  [ No Gas ] :  Concentration value = 147.93 is over the calibration range137  Ba  [ He ] :  Concentration value = 133.88 is over the calibration range138  Ba  [ He ] :  Concentration value = 136.17 is over the calibration range153  Eu  [ He ] :  CPS RSD value = 5.18 is over the allowed maximum = 5.00169  Tm  [ No Gas ] :  CPS RSD value = 5.84 is over the allowed maximum = 5.00,FALSE,045SMPL_20250514_Ac Series 575  to 858_rerun .D,14-05-2025 14:32,Sample,,MCS 595,33404.93,605526.66,1.9,34438.698,2696.3,5.9,2066.008,11643.26,3,2548.719,243.58,8.6,11225.5,361562.73,0.4,11581.088,12431.54,6.3,82330.691,3840981.3,1.7,80273.572,290822.8,1.4,68820.532,3088038.67,3.9,63887.79,340191.94,1,12240.738,600338.71,2.2,12547.338,123177,1.4,26405.779,317922.69,0.7,26921.99,80317.64,1.1,25296.102,673855.5,2.2,25477.17,193695.81,2,85536.974,706287.59,2.6,82734.011,100454.24,0.8,20241.835,514896.16,1.9,24294.521,27994.4,4.9,167894.343,8368468.9,3.9,154547.87,288179.29,3.1,48815.822,3790353.38,1.6,44054.687,133559.78,2.9,25562.511,1985141.08,1.8,25805.8,152612.4,2,10891.733,465866.88,0.1,11332.376,68327.75,2.6,1627.077,21432.38,2.7,1702.474,6017.42,4.2,<0.000,2983.34,5.3,<0.000,1017.73,10.5,17.336,607.29,6.2,<0.000,130.13,13.3,5139.565,90980.72,2.8,5179.59,13353.64,2.6,262.707,16650.83,1.6,247.639,2452.7,3.6,9681.581,640094.86,2.5,9818.373,51840.46,1.9,582439.889,4286590.77,1,527121.666,505404.78,2.6,536157.621,3468716.43,3,60859.949,4328721.54,3.4,56879.817,828892.04,1.1,125027.895,7891734.25,1.4,108059.756,1966691.96,3,12998.937,931345.72,0.9,12842.841,202311.42,1,48991.459,591391.28,2.9,49874.847,144708.07,0.1,9421.44,97565.26,4.6,9326.375,23224.58,4.6,1597.362,59905.45,1.7,1516.692,15187.74,5.2,8628.471,97019.19,1.9,8240.228,35756.65,0.9,1128.11,78879.4,4.7,1049.75,25682,2.1,5753.981,91932.09,1.8,5634.709,30015.94,1.5,1009.091,67012.59,1.6,1006.756,23896.78,4.6,2925.607,62612,1.5,2920.309,22449.24,2,389.462,26712.04,5.8,373.317,10404.77,4.5,2700.014,36901.46,1.5,2744.572,15328.15,2.9,355.958,23345.44,1.7,331.973,4875.85,2,356.175,6184.91,9,344.97,2243.55,7.9,1229.16,68439,2.9,1195.528,38529.91,0.7,697.941,24565.99,3.4,675.476,12141.55,2.2,33328.606,165323.27,1.8,30568.433,135482.95,3.4,31245.563,705595.65,1.9,32219.9,662324.21,1.8,407.701,16297.65,2.9,352.556,6768.57,5.2,23489.7,957350.32,1.9,23303.978,469292.16,1.2,4202.6,158710.62,0.7,4211.363,83557.28,2.8,1708706.57,1.1,101.2,641651.82,2.5,99.4
52  Cr  [ No Gas ] :  CPS RSD value = 7.01 is over the allowed maximum = 5.0060  Ni  [ No Gas ] :  CPS RSD value = 5.56 is over the allowed maximum = 5.00137  Ba  [ No Gas ] :  Concentration value = 182.54 is over the calibration range137  Ba  [ He ] :  Concentration value = 152.02 is over the calibration range138  Ba  [ He ] :  Concentration value = 154.10 is over the calibration range206  [Pb]  [ He ] :  CPS RSD value = 5.53 is over the allowed maximum = 5.00103  Rh ( ISTD )  [ No Gas ] :  CPS RSD value = 12.64 is over the allowed maximum = 5.00,FALSE,046SMPL_20250514_Ac Series 575  to 858_rerun .D,14-05-2025 14:36,Sample,,MCS 596,26980.574,491142.98,4,25920.844,2212.4,8.7,1992.902,11182.41,2.5,1758.65,183.52,3.1,9428.07,304651.16,1,8905.85,10447.87,1.7,68795.614,3209539.86,2.8,61213.858,241103.46,0.7,52863.904,2406966.55,7,47429.456,278561.11,0.5,7971.227,396768.29,3.7,7314.435,79726.74,0.2,18223.87,226188.75,5.6,16883.639,57635,1.5,16634.669,449032.82,3.7,15249.321,128420.07,3.1,63069.296,548722.04,5,52153.742,76596.05,1.1,18702.03,475682.17,1.5,23989.695,30054.17,5,162565.201,8091402.25,4.1,137232.964,277876.89,2.2,66745.97,4852467.37,3,53053.158,165353.24,0.2,25559.657,1978988.52,4.5,23537.244,151309.26,2.1,6077.238,269050.23,1.5,5547.422,38132.09,1.9,1295.405,17398.98,2.3,1171.383,4702.22,5.4,178.826,7523.06,4.9,129.744,2696.33,4.6,24.034,587.27,12.9,<0.000,113.45,22.2,5153.861,90638.62,2.3,4893.995,13677.61,1.3,203.906,14175.39,0.9,130.85,2058.9,3.2,8147.645,538206.25,2.3,7471.18,42958.79,1.2,646079.394,4755558.9,2.3,538059.586,560098.48,2.2,545417.152,3832474.46,1.8,115655.635,8199153.96,2.7,100494.456,1590317.72,1.3,239799.654,15136907.77,1.3,208470.459,4118999.42,1.5,24652.605,1761446.66,0.6,22862.037,390472.95,2,93514.466,1125655.87,2,83660.433,263592.37,1.8,16977.126,175346.3,0.1,15696.084,42323.36,4.8,2099.022,77793.97,3.7,1789.788,19310.77,2.5,14887,166867.04,0.1,12787.238,60130.24,1.8,1655.228,113955.54,2.3,1424.254,37212.28,0.9,7128.018,113491.84,4.3,6803.006,39287.62,2.2,1045.96,69150.03,1,948.38,24398.18,3.7,2689.926,57472.37,2.2,2438.01,20390.29,3.2,304.584,21252.65,2.9,271.507,8474.71,3,2180.384,29889.05,2.9,1897.599,11597.02,3.7,260.435,17513.21,0.6,218.119,3650.87,5.6,220.45,4027.34,7.4,165.311,1320.08,6.5,1087.441,60575.21,2.2,989.85,34755.5,4.7,691.379,24021.02,3.9,630.919,12265.11,1.5,32705.073,175980.56,5.5,30950.787,148963.94,2.5,33108.613,746581.3,3.6,31269.78,697642.99,2.1,276.082,11422.1,1.4,221.889,4961.03,7.4,45777.631,1861638.52,2.4,42305.586,924348.18,4.2,5948.651,223333.52,1.9,5580.03,119638.42,2,1552468.41,12.6,91.9,626582.36,1.6,97.1
9  Be  [ No Gas ] :  CPS RSD value = 5.29 is over the allowed maximum = 5.00137  Ba  [ No Gas ] :  Concentration value = 169.85 is over the calibration range137  Ba  [ He ] :  Concentration value = 155.90 is over the calibration range138  Ba  [ He ] :  Concentration value = 160.91 is over the calibration range139  La  [ He ] :  CPS RSD value = 5.70 is over the allowed maximum = 5.00153  Eu  [ He ] :  CPS RSD value = 5.12 is over the allowed maximum = 5.00,FALSE,047SMPL_20250514_Ac Series 575  to 858_rerun .D,14-05-2025 14:40,Sample,,MCS 597,41944.151,818636.27,3.9,45446.323,3767.63,3.7,2677.12,16118.94,5.3,2819.354,286.96,43.1,12736.692,437244.46,0.9,13712.655,15507.78,2.6,95919.746,4821107.06,1.9,93701.31,359639.61,2.1,79042.402,3764228.82,1.5,75622.127,420221.35,2.9,13102.486,689047.46,3.5,13084.048,135544.99,0.9,31814.068,402063.71,3,33781.787,103315.78,3.4,34408.353,976671.34,2.8,35337.238,281169.54,0.8,80963.997,715863.65,2.1,76049.685,97890.13,1.4,23890.63,654846.93,2.1,28860.656,35238.77,2.3,169174.11,9095767.25,0.8,152354.133,301052.01,1.8,44186.026,3711093.18,1.3,41204.098,131962.48,2.4,37029.965,3098374.84,1.1,35107.228,219985.62,2,14501.221,656879.47,1.5,15261.929,95731.54,1.9,1390.989,19992.03,2.1,1464.649,5546.75,11.3,9.829,3897.84,5,<0.000,1167.89,21.1,7.173,550.56,14.2,<0.000,56.72,73.5,5988.815,113066.07,1.7,6514.428,17529.47,3.7,292.392,17863.64,2.2,281.323,2582.85,5.2,12473.575,887220.97,2.1,12737.466,71095.56,1.6,614706.511,4877235.68,2.3,564246.4,573534.5,4.3,582361.733,3990420.53,2.9,73936.501,5668750.22,2.5,70243.023,1085299.49,5.7,147793.694,10059929.32,1.1,134426.871,2592225.15,0.9,15655.453,1209099.15,4.4,15729.817,262550.1,4.5,59631.909,776021.28,0.4,60195.334,185086.45,2.5,11321.787,126366.58,2.6,11435.72,30136.17,3,1920.561,77159.64,0.2,1879.457,19771.99,5.1,10525.632,127435.21,2.7,10033.539,46087.03,0.6,1427.831,106628.63,4.3,1387.539,35442.1,2.7,8002.023,137438.25,1.8,8157.568,45906.39,2.3,1381.501,97714.51,1.7,1432.84,35405.36,2.1,3835.019,88121.61,2.7,3941.199,31959.52,3.2,510.255,36560.15,2.6,534.52,15047.48,0.7,3455.142,50690.81,2.5,3627.201,21309.67,2.8,456.128,31270.71,3.5,450.155,6705.2,5.1,503.319,8993.29,6.2,495.513,3237.1,10.8,1566.893,93329.7,2.4,1531.877,51848.57,3.6,816.453,30251,1.9,827.864,15291.6,3.2,36603.85,192096.93,2,33035.604,155076.23,2.8,33278.532,809879.41,4.3,34014.683,740247.1,0.9,696.304,28540.16,2,670.509,12479.82,1.8,30713.229,1349685.99,3.7,29867.553,637115.97,0.1,5114.054,207544.73,1.8,5243.445,109794.2,1.4,1694628.17,2.4,100.4,625475.25,2.9,96.9
118  Sn  [ He ] :  CPS RSD value = 5.27 is over the allowed maximum = 5.00137  Ba  [ No Gas ] :  Concentration value = 164.51 is over the calibration range137  Ba  [ He ] :  Concentration value = 149.38 is over the calibration range138  Ba  [ He ] :  Concentration value = 154.93 is over the calibration range205  Tl  [ No Gas ] :  CPS RSD value = 6.42 is over the allowed maximum = 5.00,FALSE,048SMPL_20250514_Ac Series 575  to 858_rerun .D,14-05-2025 14:44,Sample,,MCS 598,41818.645,725391.69,1.1,43130.691,3163.54,5.8,2297.154,12387.97,4.4,3203.982,286.95,7.3,13200.628,404332.84,1.1,14213.082,14255.13,2.5,102968.825,4600671.93,1.5,104771.055,356022.86,1.8,84164.292,3572715.33,0.5,80849.094,398221.96,2,15887.998,741137.75,2.3,16637.296,151875.18,0.9,36159.044,405122.23,1.6,38432.758,103859.41,2.2,41310.729,1040730.58,2.1,43907.472,308240.26,0.4,94111.273,732031.75,0.3,90525.859,101423.26,2.5,24349.881,593184.93,0.5,28886.748,31228.09,3.1,197176.151,9419318.5,0.6,186755.559,326405.35,1.5,30488.588,2539942.92,2.5,30102.429,94795.95,2,29834.301,2219094.52,1.6,32710.425,181319.26,2.7,12395.221,505479.65,3.2,13061.645,73401.64,2.8,1492.848,19203.35,0.6,1645.16,5503.35,0.9,6.862,3784.35,5.3,<0.000,1328.07,6.8,<0.000,377.05,34.2,<0.000,66.73,22.9,6762.65,113353.22,1.6,7272.892,17332.47,5.3,322.783,17646.49,3.3,306.642,2526.11,6.5,13268.629,838212.72,3.1,14056.511,69417.37,2.5,666006.371,4696448.33,0.7,604733.515,543507.09,0.8,627225.702,3804211.41,1.9,66319.946,4518744.17,2.5,64326.476,879400.37,1.8,138401.525,8371392.24,1.1,124169.726,2118654.08,0.5,14441.666,991141.74,4,14946.457,220821.56,2.6,54538.564,630804.36,2.8,55453.904,150910.35,0.6,10757.234,106694.09,1.4,11250.567,26263.56,4.3,1748.43,62748.59,1.9,1665.112,15608.66,2.9,10122.006,109013.99,2.9,9753.465,39678.91,3.1,1327.632,88562.67,1.9,1283.568,29226.59,3.8,6974.863,106583.85,3.3,7210.692,35974.37,1.9,1249.779,79011.44,1.3,1241.446,27407.43,2.8,3384.837,69286.91,1.8,3555.698,25558.5,4.3,454.992,29534.51,1.5,449.489,11523.55,1.8,3197.57,41791.6,0.7,3280.488,17115.63,2.9,417.08,25859.47,4,407.604,5500.08,7.3,398.72,6555.09,5.1,404.804,2426.92,11.3,1664.363,88137.18,3.7,1661.762,49839.88,1.9,908.879,29977.25,6.4,911.325,14914.03,2.9,33205.647,154492.49,2.3,31408.848,130695.3,2.1,30649.321,663063.22,4.3,31629.599,609939.72,2,723.806,26472.13,1.4,711.21,11762.38,2.3,27884.273,1087647.49,4.8,27941.092,527365.26,2.5,5062.573,182949.86,3.4,5424.887,100637.22,3,1684620.77,3,99.8,618850.04,2.2,95.9
88  Sr  [ No Gas ] :  CPS RSD value = 5.64 is over the allowed maximum = 5.00137  Ba  [ No Gas ] :  Concentration value = 198.50 is over the calibration range137  Ba  [ He ] :  Concentration value = 178.80 is over the calibration range138  Ba  [ He ] :  Concentration value = 186.92 is over the calibration range153  Eu  [ He ] :  CPS RSD value = 5.30 is over the allowed maximum = 5.00,FALSE,049SMPL_20250514_Ac Series 575  to 858_rerun .D,14-05-2025 14:48,Sample,,MCS 599,45738.367,865039.34,2.3,48075.388,3844.39,2.3,2585.988,15136.86,3.4,2214.16,216.88,7.1,14045.14,466028.15,1.2,15427.859,16817.32,3.9,108157.663,5271470.44,0.5,105202.804,389866.48,1.3,87792.495,4035188.74,2.2,84808.863,452488.43,0.3,15266.908,776097.04,0.1,15666.66,155873.14,1.1,35155.466,428048.4,0.5,38414.873,112389.92,1.1,37357.321,1027442.97,2.9,39148.187,300057.56,1.2,97619.938,805451.24,1.5,96523.26,113857.99,0.5,24963.466,663600.58,0.9,30595.428,36058.43,3.2,198128.082,10330537.43,1.8,184619.584,352023.6,1.1,32437.538,2840234.09,5.6,29704.613,100019.83,2.6,30560.495,2481691.64,1.2,32025.693,193702.45,0.4,11010.311,490822.6,1.3,11468.122,70458.7,0.8,1103.158,16156.17,3.9,1174.526,4481.93,3.9,15.648,4024.67,4.8,<0.000,1304.71,7.1,<0.000,400.41,8.7,<0.000,103.44,11.2,7056.478,128520.86,0.6,7426.746,19223.69,3.1,288.327,17499.47,2.8,192.58,2229.1,8.4,13709.708,945213.89,1.4,13880.091,74773.16,2.2,738371.017,5681316.12,1.5,665116.984,651698.13,0.1,695295.444,4598656.37,1.4,78386.382,5830372.88,0.2,74918.218,1117000.91,1.2,164659.571,10873006.78,1.5,148888.535,2771131.66,0.4,17299.122,1295370.09,3.4,17272.406,278125.05,0.7,64360.001,812448.44,1.7,66318.133,196845.58,1.1,12554.656,135848.14,4.1,12531.979,31865.33,4.6,1859.435,72561.7,0.9,1757.34,17890.62,5.3,11608.28,136334.23,2.8,11201.414,49650.54,3,1479.567,107078.27,4,1409.17,34752.85,3.7,7697.409,128327.39,2.6,7814.972,42484.62,3.9,1259.74,86715.98,3.6,1261.67,30250.27,3.4,3414.527,76240.74,0.4,3546.839,27795.26,0.8,441.697,31136.65,4.1,438.293,12171.54,3.5,2939.817,41952.8,4.9,3078.038,17516.53,2.5,384.394,26009.92,2,372.987,5486.7,6.2,377.581,6758.53,2.2,398.092,2580.28,5.6,1833.052,105598.56,0.6,1788.281,58307.65,2.3,987.494,35018.74,3.5,1022.12,17914.47,2.1,34200.465,173440.39,4.7,33090.847,149937.33,0.8,31293.04,738849.55,2,32492.562,682962.05,2.5,714.128,28389.84,1.4,732.247,13080.39,2.4,32032.65,1364740.94,1,32245.417,663944.13,2.4,5498.218,216372.58,3.6,5990.161,120926.42,2.9,1688890.66,0.2,100,620184.34,1.1,96.1
137  Ba  [ No Gas ] :  Concentration value = 189.32 is over the calibration range137  Ba  [ He ] :  Concentration value = 174.16 is over the calibration range138  Ba  [ He ] :  Concentration value = 178.16 is over the calibration range,FALSE,050SMPL_20250514_Ac Series 575  to 858_rerun .D,14-05-2025 14:53,Sample,,MCS 600,35396.151,673561.01,2.7,37176.649,2933.25,5.1,2908.519,17054.3,2.3,3270.549,313.65,20.3,12395.517,415699.03,0.9,13549.425,14579.18,2.8,95130.981,4659080.34,1.6,96754.575,353117.82,1,78460.07,3646217.89,2.6,75832.475,400833.92,0.5,13780.694,705710.27,1.7,14521.375,142598.16,1.6,29376.333,364977.78,1.3,31218.071,91664.37,0.6,26204.217,731138.3,0.6,27629.336,210621.45,1.2,70434.327,633362.27,1.7,72427.484,90312.16,1.3,21851.238,583936.17,2.3,25505.421,29636.13,3.3,190825.466,9992216.61,2.8,182947.456,343461.21,1.8,59836.748,4672553.29,1,57007.505,164115.48,3.4,25195.715,2055688.97,1.9,26909.172,160420.7,1.3,9465.497,427650.66,1.7,9828.041,60003.73,0.8,381.613,7810.17,2.7,333.017,1862,6.5,<0.000,2893.23,5.4,<0.000,887.59,5.8,<0.000,423.77,16.6,<0.000,80.08,21.7,6090.773,112023.66,2.3,6001.661,15441.39,3,366.327,19537.79,3.9,368.996,2779.75,2.8,10020.062,695521.91,1.2,10444.502,55542.89,1.1,699449.349,5407466.44,1.9,643410.171,621083.61,1,658207.236,4288036.58,1.6,60114.811,4491799.31,1.9,58698.71,862137.53,0.6,125140.811,8302455.39,2.3,112152.197,2056440.56,0.8,12539.852,944338.38,1.2,13004.248,206468.06,0.6,47819.662,606565.23,0.7,48659.893,142270.63,1.6,9028.732,98303.09,3.2,9416.078,23622.42,3.3,1592.494,62644.65,2.3,1467.111,14800.16,3.7,8510.953,100587.33,2.5,8219.318,35917.36,4,1093.687,80272.69,3.5,1026.764,25280.8,2.7,5813.078,97534.96,3,6069.513,32545.06,2.5,1009.922,70361.48,3,1038.308,24722.45,2.2,2703.262,60795.15,3.5,2830.339,21924.59,2.8,333.49,24281.24,3,328.282,9299.46,1.3,2316.433,33307.97,2.6,2371.056,13370.56,2.6,287.414,20159.98,3.4,280.514,4211.61,5,326.607,5971.47,3.8,346.43,2250.21,2.8,1499.231,87095.44,2.9,1501.095,48351.35,4.6,893.75,32070.79,1.5,886.464,15492.02,3.4,27779.63,139060.34,2,24685.278,110572.3,1.7,25103.617,596789.64,0.5,26314.669,545922.66,1.4,481.461,19782.72,1.4,478.919,8793.21,2.8,24352.126,1042973.21,2.2,24298.328,492705.75,4.2,3715.705,147638.91,1.1,3990.805,79852.56,2.7,1685610.82,2.4,99.8,606868.21,2.4,94
9  Be  [ No Gas ] :  CPS RSD value = 7.15 is over the allowed maximum = 5.00137  Ba  [ No Gas ] :  Concentration value = 171.70 is over the calibration range137  Ba  [ He ] :  Concentration value = 164.41 is over the calibration range138  Ba  [ He ] :  Concentration value = 166.99 is over the calibration range166  Er  [ He ] :  CPS RSD value = 7.97 is over the allowed maximum = 5.00207  [Pb]  [ He ] :  CPS RSD value = 5.23 is over the allowed maximum = 5.00232  Th  [ No Gas ] :  CPS RSD value = 5.12 is over the allowed maximum = 5.00,FALSE,051SMPL_20250514_Ac Series 575  to 858_rerun .D,14-05-2025 14:57,Sample,,MCS 601,31725.494,635760.4,1.8,34855.397,2886.54,8,2078.292,12925.72,7.1,2311.037,233.57,26.2,9835.219,351312.21,1.6,10691.21,12137.62,1.4,76637.561,3955078.94,3.1,78398.112,300272.55,1.1,62251.408,3091067.53,2.1,60381.374,339003.01,1.2,10990.568,596687.39,1.8,11569.945,120046.14,1.4,23662.297,315778.6,2.3,26450.541,82674.7,1.3,20793.199,615124.62,2.3,22006.301,177259.54,1,59077.322,584757.7,0.5,60194.196,82477.11,2.9,18811.897,529231.52,2.3,22586.263,27529.59,0.7,172404.945,9502832.23,1.7,163444.788,321927.41,1.7,45103.633,3865299.99,2.3,42494.489,134658.23,1.6,20657.777,1774646.53,3.9,22041.896,137855.18,2.4,10413.4,491409,3.2,11475.805,72694.67,1.1,699.783,12017.57,1.4,794.081,3390.5,7.9,<0.000,3076.79,12.5,<0.000,1041.09,4.2,<0.000,447.12,18.8,<0.000,100.1,26.5,4638.651,90884.01,1.8,5044.795,13707.71,1.1,274.504,17760.04,2,306.413,2649.6,9.7,8848.093,646954.51,1.3,9351.842,52195.15,1.5,616940.61,5019525.79,0.7,590738.968,597913.27,4,600020.354,4101305.37,1.7,38119.909,2999330.59,2.8,40650.546,626523.57,1.3,86004.198,6006840.6,2,80066.356,1540457.07,2.2,8940.967,709259.34,2.3,9445.027,157456.26,3,33854.044,452069.8,0.1,36966.832,113442.79,0.7,6513.77,74727.87,0.5,6947.302,18301.57,1.7,1292.684,53808.61,3.3,1279.066,13590.94,2.6,6074.738,75639.3,4.7,6090.734,27985.8,2.2,822.891,64255.07,3.9,808.35,21115.69,1.8,4716.619,83420.21,1.3,4960.665,27949.17,1,843.895,62203.09,0.6,878.329,22081.55,1.7,2399.383,56896.36,3.8,2519.669,20500.91,8,310.845,23913.55,3.8,308.713,9216,2.3,2328.722,35234.95,1.5,2343.805,13854.93,3.5,289.968,21312.93,2.8,281.025,4411.88,7.8,355.566,6748.53,6.4,326.875,2236.88,4.8,1164.012,71599.38,2.2,1196.625,40660.11,4.6,754.114,28856.28,3.5,745.158,13851.74,1.7,30934.491,162112.12,3.3,29275.448,137183.69,5.2,27478.469,686243.69,4,29513.563,641160.44,1.4,407.157,17839.74,3.3,396.138,7792.56,4.5,16387.344,738875.41,5.1,17185.307,366088.08,1.8,3136.04,131417.01,2,3326.302,69991.21,2.3,1724615.29,1.2,102.1,618856.23,1.2,95.9
107  Ag  [ No Gas ] :  CPS RSD value = 9.04 is over the allowed maximum = 5.00181  Ta  [ No Gas ] :  CPS RSD value = 5.30 is over the allowed maximum = 5.00,FALSE,052_QC1_20250514_Ac Series 575  to 858_rerun .D,14-05-2025 15:01,QC1,,QC MES 50 ppb,50.964,3589271.05,3.8,51.205,14943.1,2.9,50.384,1078507.1,0.2,51.77,18310.47,1.9,46.828,5558722.27,1.1,46.732,183070.83,0.9,49.295,8981283.59,0.9,48.543,659089.59,0.8,48.399,8068230.33,1.3,47.075,896007.44,2.5,48.373,8950231.5,2.6,46.686,1655681.57,0.3,44.611,1898452.88,1.1,46.889,469554.01,1.4,47.83,4831374.3,0.8,47.003,1296328.6,1.4,42.39,1196915.28,2.5,42.356,166969.72,2.8,48.98,4858800.58,0.5,46.974,202474.91,2,49.554,9673847.41,1.5,47.841,334349.23,1.4,46.354,12193696.22,0.5,44.033,421702.64,2.5,50.736,15390922.21,1.3,48.938,1082565.09,1.7,48.991,7752254.26,1.8,47.852,1022158.79,1.7,46.111,2001289.06,2.5,49.04,552632.32,3,56.431,5240485.7,9,49.412,1671129.72,1.3,49.532,1048878.96,0.7,50.531,234445.84,3.8,46.904,3083066.09,3.9,49.227,449930.79,1.9,52.043,5059501.28,1,49.757,628473.06,2.4,50.43,12938914.36,3.2,49.691,974520.9,2.4,52.89,1533099.98,2,53.182,192418.87,1.5,53.011,1292904.1,2.7,50.869,14161908.19,1.9,49.398,2698686.82,3.3,52.257,12913221.16,2,52.992,3614822.23,1.9,52.002,14551000.61,3,48.98,2885856.17,4.1,48.68,2297661.52,3.1,51.635,561119.92,2.4,47.481,1917584.15,1.6,50.48,469185.56,3.3,52.277,7460263.2,1.9,52.147,1883371.08,4,49.006,2147406.94,1.8,52.434,848231.54,1.3,51.052,13445172.7,3.3,55.219,4808940.83,1.3,49.581,3075083.42,0.9,52.07,1031170.63,4.3,52.079,13027002.03,0.8,55.562,4698570.35,2.3,52.445,4333893.07,1,52.894,1498031.94,4.9,53.66,12916994.52,2.3,55.546,5046562.82,1.3,49.312,2599953.14,1.4,54.615,1116707.65,1.5,54.213,12379762.71,4.9,51.33,2454281.84,2.2,49.754,2941468.91,0.6,53.743,1119317.07,0.8,54.547,11530052.75,5.3,54.214,6357447.4,3.7,54.319,6655883.4,2.4,53.939,3181692.01,3.7,54.401,1003852.47,2.7,54.972,904930.77,3.8,56.275,4932291.89,2.2,52.986,4049581.18,1.5,54.207,7576935.93,2.3,52.941,3179543.7,1.3,56.225,8949581.68,3.2,56.554,4261793.36,1.7,54.033,7880877.35,3.3,61.151,4471643.63,1.7,1700946.73,3.3,100.7,611665.54,3.3,94.8
137  Ba  [ No Gas ] :  Concentration value = 195.86 is over the calibration range137  Ba  [ He ] :  Concentration value = 178.99 is over the calibration range138  Ba  [ He ] :  Concentration value = 188.81 is over the calibration range147  Sm  [ He ] :  CPS RSD value = 6.00 is over the allowed maximum = 5.00165  Ho  [ No Gas ] :  CPS RSD value = 5.70 is over the allowed maximum = 5.00175  Lu  [ No Gas ] :  CPS RSD value = 7.61 is over the allowed maximum = 5.00,FALSE,053SMPL_20250514_Ac Series 575  to 858_rerun .D,14-05-2025 15:05,Sample,,MCS 602,41801.029,789878.14,1.4,47280.132,3644.14,3.2,3193.461,18587.75,1.9,4307.308,403.75,2.9,13455.16,447308.06,1.9,14521.186,15280.63,0.9,101458.738,4938496.01,1.8,103077.331,368058.38,0.7,81854.585,3779992.6,2.3,81756.771,421805.11,0.5,15400.814,782070.23,2.2,16633.803,159314.83,2,32475.137,398564.88,3.1,35557.289,101213.47,4.1,31686.999,874516.79,2.7,34456.617,255492.76,3,94290.949,788320.22,3.9,95053.682,109161.05,1.1,24606.637,653171.76,2.2,29430.883,33428.84,1.2,181032.052,9424997.51,1.5,173634.323,319038.95,1.8,46060.406,3757358.2,0.3,43738.657,130205.55,0.6,32017.454,2595586.11,1.8,34309.423,199930.81,0.8,8991.961,405991.57,0.4,9498.692,56993.9,3.2,1441.687,20142.37,2.8,1450.065,5159.53,2.9,90.557,5980.8,8.6,89.292,2195.72,6.5,24.001,657.35,25.5,<0.000,80.08,25,6825.345,124399.64,1.4,7699.229,19196.93,2.4,339.508,19093.34,3.1,297.415,2539.46,8.6,12566.405,865640.3,0.2,13477.435,69978.06,2.5,750363.853,5764324.13,1.8,685744.983,647451.83,2.9,723359.405,4609925.87,2.5,67028.483,4977918.03,1.2,65774.652,945043.14,2.1,140486.29,9262327.55,1.5,129164.688,2316604.06,0.1,14154.18,1058878.36,2,15049.281,233634.85,1.7,54777.357,690431.24,1.7,56110.735,160496.39,1.3,10225.991,110574.99,1.1,11064.751,27129.67,6,1840.827,71782.7,0.4,1718.504,16888.25,4.2,9985.276,117160.13,3.1,9944.06,42501.1,2.9,1287.463,93496.01,2,1286.447,30714.95,2,7158.286,119215.39,3.7,7660.581,40127.89,2.9,1261.641,86780.05,5.7,1356.083,31287.27,4.2,3503.851,78104.4,1.9,3730.354,28156.64,2.8,465.311,32682.38,3.8,457.733,12231.61,2.5,3081.006,43881.05,2.5,3230.949,17710.41,3.9,410.944,27655.41,7.6,417.354,5863.94,1.7,349.948,6334.97,3.3,334.172,2146.86,6.4,1721.34,99180.27,2.4,1918.433,60222.75,1.9,976.906,34697.23,3.3,970.836,16511.04,2.1,37027.202,180830.62,3.3,34626.425,151163.31,2.4,32613.718,768625.27,2.9,35189.571,712284.59,0.3,603.136,24257.55,2.4,633.383,11078.39,4,25672.625,1092413.61,2.5,26358.494,523097.19,1.5,4406.663,173664.73,4.6,4865.693,94957.27,1.4,1736560.78,0.4,102.9,615421.45,0.5,95.4
7  Li  [ No Gas ] :  CPS RSD value = 5.01 is over the allowed maximum = 5.00137  Ba  [ No Gas ] :  Concentration value = 194.56 is over the calibration range137  Ba  [ He ] :  Concentration value = 181.45 is over the calibration range138  Ba  [ He ] :  Concentration value = 184.30 is over the calibration range153  Eu  [ No Gas ] :  CPS RSD value = 6.77 is over the allowed maximum = 5.00,FALSE,054SMPL_20250514_Ac Series 575  to 858_rerun .D,14-05-2025 15:09,Sample,,MCS 603,40835.701,802850.64,5,44129.182,3684.19,2.5,2930.049,17752.54,2.9,2480.633,253.59,16.4,13150.704,453734.74,0.8,13893.598,15828.46,1.6,97152.232,4918860.64,0.1,95114.886,367916.09,1.6,80388.124,3849772.91,3.7,75638.466,422789.21,2.4,14341.686,757566.5,0.9,14677.072,152574.29,2.4,32099.879,407631.08,0.2,33562.783,103317.85,2.6,32401.566,927667.96,2.8,33580.817,269434.3,2.4,85821.36,750610.35,1,82235.934,104068.96,2.3,24784.993,684005.8,2.7,28812.551,35462.82,4,171778.404,9303634.07,0.7,156706.085,311789.33,4,47864.654,3981181.19,2.2,42196.881,135105.48,2.3,28699.325,2420825.88,2.1,29968.589,189197.29,4,10714.083,495635.57,0.6,10923.603,70087.28,2.1,857.633,13680.87,1.1,853.107,3604.13,9.3,13.807,3977.93,0.4,<0.000,1321.39,5.7,<0.000,430.44,19.9,<0.000,43.38,58.1,6523.71,123573.72,0.9,6588.997,17856.95,2.9,293.573,17880.36,4.7,248.812,2456.03,8.5,12517.649,896527.83,0.9,12584.367,70756.43,1.8,694135.394,5545846.07,2.2,647361.783,661725.91,2,657530.814,4539470.11,0.9,75890.81,5862447.88,0.9,70586.036,1098259.77,0.5,154538.65,10596575.14,1.5,141048.296,2739617.23,1,15733.136,1223907.11,1.7,15936.613,267854.85,1.2,60974.988,799317.03,2.3,63230.531,195891.65,2.4,11539.175,129727.09,2.1,11830.339,31417.15,4,1904.015,76995.39,6.8,1825.401,19344.22,2.4,10609.303,129468.53,3,10054.255,46556,4.2,1352.832,101804.12,2,1276.074,32889.33,3.6,7007.554,121396.8,3.7,7046.326,39970.48,3.4,1200.824,85866.37,1,1150.032,28828.71,2.8,3223.979,74780.96,2.1,3396.013,27791.99,3.7,421.14,30845.52,1.3,395.693,11553.6,3.6,2816.178,41731.86,3,2979.017,17686.93,2.6,387.453,27103.41,3.1,368.727,5643.62,5.3,345.418,6458.37,1.4,340.153,2336.9,1.3,1693.175,101383.26,1.7,1706.093,58062.45,3.9,857.117,31816.57,3.6,879.016,16240.44,3.9,35207.78,186255.6,2.2,33252.339,157186.55,2.3,33350.51,816971.58,3.4,33987.803,745037.85,2.2,659.329,27287.17,2.3,646.147,12139.48,3.5,31215.445,1381302.51,1.6,31411.166,674409.56,2.9,5052.358,206676.47,3.8,5413.53,114099.36,2.5,1682565.12,1.6,99.7,621067.08,3,96.2
137  Ba  [ No Gas ] :  Concentration value = 180.71 is over the calibration range137  Ba  [ He ] :  Concentration value = 164.85 is over the calibration range138  Ba  [ He ] :  Concentration value = 169.25 is over the calibration range153  Eu  [ No Gas ] :  CPS RSD value = 6.17 is over the allowed maximum = 5.00153  Eu  [ He ] :  CPS RSD value = 5.01 is over the allowed maximum = 5.00157  Gd  [ No Gas ] :  CPS RSD value = 5.48 is over the allowed maximum = 5.00209  Bi  [ No Gas ] :  CPS RSD value = 6.37 is over the allowed maximum = 5.00,FALSE,055SMPL_20250514_Ac Series 575  to 858_rerun .D,14-05-2025 15:13,Sample,,MCS 604,28921.368,576531.82,1,31784.5,2676.28,8.7,2275.527,14027.86,2.9,2305.243,236.9,23.3,10012.119,355226.84,1.4,11201.134,12919.13,1.3,78486.465,4023249.2,2.5,77559.042,301995.75,1.2,64293.393,3168253.36,1.7,59005.922,337786.58,0.9,11046.293,595974.83,4.2,11382.227,120221.24,2.1,22172.078,296830.25,3.2,22781.577,73917.6,1.4,21237.807,624086.88,0.9,21754.244,178352,2.8,138354.171,1115804.9,0.9,135865.178,156781.45,2.8,18741.897,523761.63,2.9,22607.873,28014.28,2.9,169957.46,9308531.67,1.1,161701.817,323856.41,1.8,74106.692,5871419.35,2.7,66499.352,198952.12,3.6,20154.22,1720529.85,1.5,21774.627,138488.82,1.1,4978.624,248345.17,2.6,5110.557,35187.31,0.9,1218.075,18307.8,2.7,1221.608,4842.43,6.8,<0.000,2716.35,3.3,<0.000,1021.06,12.2,69.084,934.31,10.8,28.847,183.52,11.4,4648.598,90574.89,2.8,4902.554,13577.42,3.7,193.319,15615.11,2.8,138.904,2118.97,11.4,8054.412,585760.04,0.8,8639.223,49073.16,1.9,660839.292,5342250.18,1.9,602871.351,620530.09,0.5,618960.943,4300220.12,2.7,63128.563,4931424.04,2.2,61847.635,968538.15,1,129054.857,8950702.39,1.2,114227.716,2233085.33,0.3,13325.697,1048628.63,4,14132.77,239133.57,2.2,49818.35,660616.15,2.8,50367.78,157041.85,1.7,9560.326,108740.58,4.4,9968.226,26641.37,3.9,1524.925,62795.73,6.2,1442.215,15521.86,5,8696.304,107368.13,5.5,8223.466,38333.46,3.1,1032.763,79395.91,2.1,977.965,25715.42,3.2,5271.965,92529.19,3.4,5375.997,30771.93,3.1,818.992,60114.35,2.8,860.575,22041.53,1.4,2307.807,54395.77,2.1,2306.951,19123.79,2.6,265.193,20731.33,4.3,272.057,8437.99,2.7,1935.673,29196.76,2.5,1948.535,11780.73,2.9,236.735,17817.27,3.5,243.236,3977.97,2.8,170.477,3650.56,2.2,162.626,1300.07,8.9,1228.566,75016.53,2.4,1292.854,44583.61,0.8,724.183,27685.77,2.1,750.78,14205.84,2.1,24782.807,132434.28,1,22995.463,109907.28,1.6,22037.364,548486.61,1,23865.813,528537.07,0.5,317.415,14231.69,6.4,291.718,6144.91,5.2,24298.481,1087673.72,0.9,25540.816,552509.58,1.8,3665.424,152264.69,4,3811.073,81326.47,1.3,1743917.52,1.3,103.3,640286.52,0.7,99.2
45  Sc  [ He ] :  CPS RSD value = 5.58 is over the allowed maximum = 5.0090  Zr  [ No Gas ] :  CPS RSD value = 9.42 is over the allowed maximum = 5.00137  Ba  [ No Gas ] :  Concentration value = 316.17 is over the calibration range137  Ba  [ He ] :  Concentration value = 293.66 is over the calibration range138  Ba  [ He ] :  Concentration value = 307.26 is over the calibration range159  Tb  [ He ] :  CPS RSD value = 6.34 is over the allowed maximum = 5.00163  Dy  [ He ] :  CPS RSD value = 5.06 is over the allowed maximum = 5.00169  Tm  [ No Gas ] :  CPS RSD value = 6.52 is over the allowed maximum = 5.00175  Lu  [ No Gas ] :  CPS RSD value = 5.36 is over the allowed maximum = 5.00178  Hf  [ No Gas ] :  CPS RSD value = 11.96 is over the allowed maximum = 5.00178  Hf  [ He ] :  CPS RSD value = 7.42 is over the allowed maximum = 5.00,FALSE,056_QC2_20250514_Ac Series 575  to 858_rerun .D,14-05-2025 15:17,QC2,,SJS-Std,48607.238,940893.94,1.6,52347.042,4351.71,3,1492.562,9095.45,3.3,1431.374,146.81,14.2,9982.056,345454.16,0.8,10473.998,11987.37,5.6,114545.455,5715029.83,1.5,106911.473,412054.18,2.1,118881.83,5501540.51,1.3,111293.979,609458.73,0.9,11589.256,608584.65,1.4,11704.887,122322.32,2.6,72797.182,867456.63,0.5,76016.89,221385.06,0.4,31537.539,892039.28,2.3,32636.691,261277.57,0.6,92276.587,786928.75,2.3,89872.813,111634.2,3.2,15569.641,424771.03,1.6,16308.911,20048.59,0.8,97171.994,5197938.37,0.6,92413.617,183580.44,1.8,265303.599,18698566.52,2.3,243052.152,645735.49,1.6,14931.93,1244792.35,1.1,15500.88,97831.57,3.5,62536.066,2725560.27,9.4,61506.56,375174.46,1.4,3205.091,41403.64,2.4,3333.483,11533.34,4.6,238.979,9720.06,4.3,159.908,2973.33,6.5,418.949,2939.96,9,416.024,690.71,4.3,1334.35,28781.05,3.1,1452.624,4505.31,11.1,1368.153,46406.95,2.2,1445.848,6765.22,2.4,5093.06,363467.46,2.7,5315.639,30095.68,2.8,1154287.535,9090939.5,1.1,1072091.417,1091508.96,2.3,1121752.608,7709588.15,0.4,19925.441,1520722.86,2.6,20519.117,319076.95,1.3,39770.5,2694101.61,0.9,39459.065,765403.63,2.3,4517.379,348982.68,1.8,4617.897,77983.22,0.8,17443.524,226048.73,1.4,17756.388,54994.13,1.9,3440.077,38490.43,3.3,3509.651,9366.2,7.6,1029.068,41851.68,4.3,822.307,9012.26,0.4,3545.2,43036.78,3.3,3285.676,15311.31,4.2,470.67,36911.24,0.7,436.877,12104.67,6.3,2921.851,50395.07,1,2955.287,16878.4,5.1,557.671,40740.54,4.9,545.443,14272.54,4.2,1757.939,40653.32,4.1,1724.974,14269.18,3.9,221.323,17316.1,6.5,204.002,6601.7,2.4,1688.208,24913.18,1.8,1721.225,10344.66,2.2,224.031,16574.35,5.4,212.681,3524.04,12.8,2318.13,38263.58,12,2146.08,13013.55,7.4,798.507,48254.4,2,848.349,29378.17,0.9,549.064,21126.04,2.9,534.092,10438.25,2.5,20249.904,107454.08,2,19254.853,91374.45,2.6,18770.494,456706.03,1,19158.331,421516.82,1.6,252.021,11378.67,0.9,222.606,4904.35,5.3,9622.65,421500.9,1.1,9997.589,215036.82,2.1,3292.94,133583.66,1.9,3431.002,72628.73,3.4,1698708.4,2.9,100.6,633127.18,1.9,98.1
137  Ba  [ No Gas ] :  Concentration value = 149.54 is over the calibration range137  Ba  [ He ] :  Concentration value = 132.91 is over the calibration range138  Ba  [ He ] :  Concentration value = 136.77 is over the calibration range153  Eu  [ He ] :  CPS RSD value = 5.80 is over the allowed maximum = 5.00209  Bi  [ No Gas ] :  CPS RSD value = 6.10 is over the allowed maximum = 5.00103  Rh ( ISTD )  [ No Gas ] :  CPS RSD value = 6.74 is over the allowed maximum = 5.00,FALSE,057SMPL_20250514_Ac Series 575  to 858_rerun .D,14-05-2025 15:21,Sample,,MCS 605,26305.159,537854.46,0.9,27687.481,2439.33,11.3,1753.501,11152.38,2,1384.936,150.15,37.1,8731.117,319547.08,0.5,9265.793,11215.91,2.6,65592.591,3450126.28,0.8,62562.308,254690.36,0.4,60219.569,3048955.21,2.4,55380.283,331610.87,1.6,9014.853,501764.54,2.7,8905.579,99169,0.1,21100.353,289720.85,1.2,22055.521,74602.2,0.1,15895.717,483925.18,2.7,16160.586,140082.58,1.5,53748.961,553055.01,1.8,50147.41,76693.37,1.6,17291.344,495610.29,1.9,19662.838,25473.33,2,130797.399,7347376.97,1.7,119817.677,250907.35,1.9,52365.444,4430445.24,1.5,44254.216,146818.8,0.7,18420.875,1612610.84,0.9,19329.536,128514.43,2,9671.671,466060.93,2.5,9790.216,66361.24,1.9,1186.62,18214.25,2.5,1307.1,5303.07,1.4,<0.000,3166.9,8.2,<0.000,920.96,13.2,<0.000,477.15,9.5,<0.000,90.09,19.2,3794.464,76432.44,2.8,3788.882,11105.92,3,226.292,16396.9,4,205.796,2382.62,6.1,7436.517,554649.86,1.3,7502.421,44578.89,0.9,519815.335,4307597.71,2.4,462019.026,497357.63,2.5,475438.728,3454602.32,1.7,51479.059,4123507.06,0.4,47925.861,784583.96,1.4,105716.34,7520132.44,0.8,93676.214,1914093.68,0.9,10975.76,885220.33,1.9,10989.058,194491.05,0.1,40389.564,549577.53,4.3,40810.635,133019.64,1.4,7732.169,90274.3,1.5,7995.765,22355.42,3.7,1283.973,54445.49,3,1245.724,14062,5.8,6949.609,87981.12,2.5,6640.146,32387.65,1.7,863.595,68548.27,4.5,826.351,22856.99,2.5,4451.901,80091.68,4.4,4677.675,28009.3,1.7,762.765,57553.3,4.7,775.401,20818.17,0.9,2153.216,51993.01,3.9,2299.653,19902.45,2.3,291.96,22977.45,1.5,253.545,8244.32,4.1,1970.95,30427.66,1.8,2176.301,13684.62,2.8,266.314,20076.3,1.5,242.429,4111.48,5,310.581,6084.85,3.9,301.345,2206.87,4.6,1102.124,69092.63,0.2,1104.447,39924.36,1.6,566.512,22700.41,1.5,589.296,11914.45,2,30351.985,169011.4,1.3,28122.91,139995.16,3.2,28403.828,722052.76,1.6,29168.65,673082.79,2.1,294.142,13584.3,6.1,244.567,5514.6,3.6,21771.215,999030.46,3.2,21994.815,497292.12,4,3171.401,135450.07,3.6,3279.91,73290.19,4.8,1704255.56,6.7,100.9,636015.06,0.2,98.6
118  Sn  [ He ] :  CPS RSD value = 7.24 is over the allowed maximum = 5.00137  Ba  [ No Gas ] :  Concentration value = 161.74 is over the calibration range137  Ba  [ He ] :  Concentration value = 149.63 is over the calibration range138  Ba  [ He ] :  Concentration value = 151.72 is over the calibration range163  Dy  [ He ] :  CPS RSD value = 7.64 is over the allowed maximum = 5.00175  Lu  [ No Gas ] :  CPS RSD value = 5.46 is over the allowed maximum = 5.00209  Bi  [ No Gas ] :  CPS RSD value = 5.14 is over the allowed maximum = 5.00,FALSE,058SMPL_20250514_Ac Series 575  to 858_rerun .D,14-05-2025 15:25,Sample,,MCS 606,29403.777,597867.11,3.2,31410.509,2756.37,3.3,2064.936,13002.48,2.1,2134.438,230.23,45.4,9809.434,354528.87,1.4,10341.518,12441.54,3.8,76824.558,4018119.48,1.6,72838.606,295735.02,0.8,60665.726,3052476.86,0.9,57369.532,341879.5,0.2,10110.454,557615.38,1.2,9986.365,110363.88,1,22456.689,304477.24,1.6,23805.813,79559.06,1.1,26837.914,796724.51,0.6,27361.471,231468.57,1.3,70933.504,667959.54,2.2,70098.339,96437.8,1.7,18188.695,518746.46,1.2,21362.822,27599.71,1.9,149366.725,8349811.49,0.8,137291.518,286720.8,1,43980.858,3815283.31,0.7,39881.154,134797.98,0.6,19454.226,1695170.12,2.6,19718.306,130779.23,0.4,9469.516,454597.63,1.8,10061.491,67929.42,1.4,1345.782,20088.92,1,1428.829,5700.28,0.9,<0.000,2956.63,1,<0.000,880.91,0,<0.000,503.85,14.1,<0.000,70.07,28.6,4578.352,90823.41,1.9,4644.201,13400.45,7.2,241.9,16774.45,4.1,229.045,2466.04,3.5,8640.177,640259.15,2.5,8497.46,50282.62,3.6,562649.854,4643185.28,2.5,520522.929,558937.57,1.7,527785.466,3824105.15,1.9,53616.68,4274205.98,1.9,50514.386,824930.45,0.6,111090.226,7864603.16,2.4,97814.643,1993587.6,1.9,11238.544,902813.65,0.8,11532.69,203596.69,1.6,43026.015,582417.89,3,43459.91,141285.38,1.9,8120.584,94310.79,1.3,8337.965,23258.06,1.7,1335.549,56241.44,1.6,1235.841,13921.7,2.9,7487.93,94407.74,0.3,7057.47,34324.52,1.9,888.612,69991.17,1.4,840.682,23181.31,1.2,4684.462,83965.17,4.3,4715.822,28183.41,7.6,772.431,57864.45,0.5,779.471,20875.06,1.5,2208.134,53105.57,1.5,2224.55,19224.07,5,273.552,21597.1,3,257.641,8334.48,3.8,2007.874,30865.88,3.1,2026.681,12735.94,3.4,254.343,19204.11,5.5,230.787,3937.91,4.1,311.04,6061.51,2.7,311.453,2263.56,5.3,1120.737,69900.35,0.6,1049.845,37934.95,2.4,636.057,25030.72,3.6,664.284,13203.7,3.7,27871.235,155036.47,2.9,27165.615,134951.45,2.6,27250.054,689801.63,2.8,27181.781,626328,0.5,323.014,14665.59,5.1,294.027,6388.39,5.2,22283.481,1018047.19,2.4,21938.202,494942.3,3.8,3687.405,156127.26,2.2,3809.251,84688.46,2.4,1692836.28,1.5,100.3,635200.14,2,98.4
95  Mo  [ No Gas ] :  CPS RSD value = 5.05 is over the allowed maximum = 5.00137  Ba  [ No Gas ] :  Concentration value = 169.45 is over the calibration range137  Ba  [ He ] :  Concentration value = 144.03 is over the calibration range138  Ba  [ He ] :  Concentration value = 147.14 is over the calibration range169  Tm  [ He ] :  CPS RSD value = 6.61 is over the allowed maximum = 5.00209  Bi  [ No Gas ] :  CPS RSD value = 5.67 is over the allowed maximum = 5.00103  Rh ( ISTD )  [ No Gas ] :  CPS RSD value = 8.70 is over the allowed maximum = 5.00,FALSE,059SMPL_20250514_Ac Series 575  to 858_rerun .D,14-05-2025 15:29,Sample,,MCS 607,34397.67,585722.99,1.7,35163.911,2716.32,3,2470.965,13029.21,4.4,2684.528,253.59,20.3,11232.715,340129.48,1.1,11075.644,11736.87,4.2,83654.87,3670460.05,2.1,78245.621,279481.34,0.9,67276.997,2840689.76,1.2,57565.892,304210.49,3.1,12036.75,554824.51,2.6,11720.053,113715.17,0.5,25118.317,285953.71,1.2,24402.432,72582.75,0.7,25453.977,637478.37,2.3,25539.644,191321.86,0.1,80829.313,635264.77,1.4,69672.219,87343.25,1.2,20389.95,488160.18,3,24330.508,27643.16,2.5,187955.662,8812154.46,0.5,158613.246,291351.23,2,52656.796,3789244.77,1.3,44657.001,132826.1,2.6,30816.341,2248601,0.7,28871.754,168257.23,2.3,7371.048,304286.79,2.4,7059.443,43432.03,2.5,961.183,13216.65,5,885.514,3507.33,6.1,<0.000,2796.45,4.4,<0.000,1011.06,8.9,<0.000,383.73,12,<0.000,50.05,34.6,5351.203,88810.22,1.6,5283.841,13413.77,0.3,264.864,15625.16,2,201.844,2252.46,3.1,9769.743,606864.54,1.3,9558.477,49753.21,4,661719.103,4582043.82,2.1,562449.215,531143.84,2.6,574597.951,3663988.79,4,76200.436,5092235.06,2,67363.441,967467.03,0.7,157378.294,9339201.09,0.4,130145.385,2333747.4,0.7,16458.516,1107114.8,4.1,15354.456,238265.46,0.8,61387.876,696451.59,1.9,58243.805,166580.12,1.5,11927.258,115958.2,3,11124.849,27273.36,2.5,1811.344,63664,2.4,1616.464,15929.43,4.4,10737.496,113150.67,4,9387.415,40123.95,1.7,1346.469,88027.92,1.3,1137.97,27327.06,2.6,6965.4,104323.12,3.1,6567.287,34431.63,2,1185.4,73649.53,1.5,1115.013,25936.33,2.4,3333.581,66985.44,1.3,3116.933,23592.54,0.7,414.389,26498,2.4,386.673,10551.78,6.6,2933.325,37634.45,0.9,2678.715,14750.25,4.8,365.545,22466.13,0.7,354.847,5086.15,6,243.811,4204.05,3.3,213.56,1493.43,7.3,1262.565,66076.06,1,1207.696,38336.03,3.2,747.027,24509.16,3.9,716.226,12582.43,2.9,30597.403,149687.59,1.8,29465.42,128837.61,2.4,30610.98,650126.15,1,29683.81,601854.94,0.7,375.813,14215,5.7,316.754,6098.23,3.9,27495.172,1052191.13,3.2,26243.697,520902.39,2.8,4649.322,164736.13,2.2,4559.482,89049.07,1.9,1601804.05,8.7,94.9,627280.5,2.1,97.2
137  Ba  [ No Gas ] :  Concentration value = 163.70 is over the calibration range137  Ba  [ He ] :  Concentration value = 152.83 is over the calibration range138  Ba  [ He ] :  Concentration value = 159.08 is over the calibration range163  Dy  [ He ] :  CPS RSD value = 5.51 is over the allowed maximum = 5.00207  [Pb]  [ He ] :  CPS RSD value = 5.66 is over the allowed maximum = 5.00,FALSE,060SMPL_20250514_Ac Series 575  to 858_rerun .D,14-05-2025 15:34,Sample,,MCS 608,36726.725,673054.18,3.2,38879.526,2956.62,6.2,1957.74,11185.76,4.3,2294.73,213.55,53.3,11142.525,363334.74,1.3,11904.165,12424.86,3.2,88292.834,4165876.82,1.2,86271.663,303842.93,1,71273.156,3226890.96,1.7,66470.874,343197.04,2.3,13547.313,669802.17,1.1,14256.761,135437.33,0.5,28887.732,348499.93,0.6,29613.827,84944.14,1.1,30623.797,820041.89,1.3,32703.318,239660.28,0.9,74069.411,644394.68,0.3,71303.955,87842.8,1.8,20287.743,522088.81,2.5,25379.382,28445.7,2,182452.253,9199356.87,1.4,174811.686,316586.95,1.5,29428.438,2595429.65,4.4,29933.996,97189.84,2,23789.658,1869254.15,2.2,25598.762,147179.36,3.1,7873.174,348524.9,2.5,8394.013,50223.05,2,1310.609,18147.45,1.6,1472.198,5176.21,3,<0.000,3093.47,3.6,<0.000,1117.84,3.4,<0.000,393.74,10.3,<0.000,53.39,21.7,5598.589,99848.1,2.2,5787.217,14425.85,0.1,198.191,15267.75,2.1,196.521,2222.42,2.3,11822.605,789382.87,2.4,12584.281,64467.1,0.4,646948.403,4814938.49,2.8,604003.998,562580.1,2.4,628678.959,3951910.67,3.2,65855.191,4737587.29,3.2,64317.108,911020.06,3.3,135555.826,8655627.94,2.5,125837.512,2225386.01,1.8,14096.669,1021471.22,4.6,14772.238,226003.97,3.7,53021.808,647247.69,1.6,55629.175,156877.48,1.6,10175.97,106576.38,2.3,10878.27,26297,0.6,1593.628,60461.76,0.6,1589.964,15465.02,2.6,9351.171,106308.48,2,9409.131,39662.19,2.6,1201.188,84786.53,3,1151.994,27283.57,1.5,5920.393,95646.21,3,6322.34,32725.57,5.5,1022.566,68686.62,2.4,966.86,22362.48,3.7,2662.526,57720.3,1.5,2781.402,20798.24,4,336.805,23749.79,2,338.732,9306.18,5.5,2379.186,32966.55,1.6,2451.355,13340.51,2.8,289.492,19705.33,1.4,313.674,4515.35,2.9,237.709,4447.48,2.1,251.878,1683.46,8.2,1532.634,85823.04,1.8,1561.72,48558.55,2.2,765.119,26993.45,2.4,777.512,13370.75,3.1,32003.859,154291.01,3.1,29437.379,127042.61,5.7,29917.828,683814.99,3.4,30171.67,603113.83,0.9,543.599,21395.58,4.4,565.837,9900.72,4.1,27538.382,1134881.58,1,27541.409,538882.26,2.8,4383.483,167366.41,1.4,4714.13,90806.71,2.7,1734939.89,0.7,102.8,625954.75,1.9,97
7  Li  [ No Gas ] :  CPS RSD value = 5.04 is over the allowed maximum = 5.00137  Ba  [ No Gas ] :  Concentration value = 186.92 is over the calibration range137  Ba  [ No Gas ] :  CPS RSD value = 5.27 is over the allowed maximum = 5.00137  Ba  [ He ] :  Concentration value = 175.79 is over the calibration range138  Ba  [ He ] :  Concentration value = 180.97 is over the calibration range159  Tb  [ He ] :  CPS RSD value = 6.21 is over the allowed maximum = 5.00205  Tl  [ He ] :  CPS RSD value = 6.54 is over the allowed maximum = 5.00232  Th  [ He ] :  CPS RSD value = 6.32 is over the allowed maximum = 5.00238  U  [ He ] :  CPS RSD value = 5.69 is over the allowed maximum = 5.00,FALSE,061SMPL_20250514_Ac Series 575  to 858_rerun .D,14-05-2025 15:38,Sample,,MCS 609,33091.56,687481.69,5,37103.326,3230.29,6.4,2075.945,13359.85,2.4,2679.104,283.62,24,11930.034,435691.85,1,12791.675,15193.8,4.9,90405.28,4830888.71,1.3,87509.499,352478.71,1.4,71180.561,3615942.41,0.3,69032.908,403160.91,2.2,12232.73,684549.03,3.1,12522.165,136057.99,2.1,26174.852,356379.72,0.7,28263.9,91832.72,1.6,26594.954,807302.88,1.9,28485.495,238868.11,0.8,68879.304,666378.62,1.3,66423.942,91787.46,1.8,21349.019,622098.26,1.3,26572.075,34031.08,3.3,170996.699,9771750.52,0.6,157958.943,327366.79,1.9,40848.25,3665843.14,0.6,37544.836,127264.83,1.7,23718.272,2111588.68,0.2,24949.741,164070.36,1.7,9077.737,446424.3,1,9695.395,65101.63,2.9,828.699,13934.76,3.8,928.142,3977.94,6,<0.000,3166.89,5.5,<0.000,977.68,8.8,<0.000,390.4,6.8,<0.000,86.75,17.6,5525.876,111021.39,0.6,5567.608,15812.23,4.5,270.419,17833.6,2.6,266.648,2569.5,5.4,9929.47,751655.48,1.1,10178.808,59709.56,0.8,642884.039,5420207.09,5.3,604626.733,643726.63,2.6,622435.638,4476262.31,1.1,69819.245,5691272.95,2.1,67773.672,1097936.25,2.1,147296.225,10658238.47,2,135603.948,2744096.81,1.9,15013.909,1232159.3,1.9,15816.837,276722.9,2.8,59268.918,819761.17,2.7,61194.665,197517.11,3.2,11129.49,131989.4,1.6,11579.883,31995.81,4.3,1651.105,70668.51,3.2,1635.932,18101.11,1.2,10146.737,130612.03,0.8,9928.387,47848.73,2.7,1248.488,99257.26,3,1230.351,33046.48,6.2,6082.536,111255.36,1.2,6410.486,37905.25,3.8,981.768,74434.87,4.2,1045.594,27370.77,2.2,2709.025,66415.19,0.8,2791.953,23846.72,2.6,329.549,25993,1.3,324.976,10077.5,3.6,2407.816,37724.88,1.5,2521.596,15652.27,4.4,301.965,22780.42,0.8,295.704,4819.11,2.8,330.655,6525.06,3.5,328.495,2350.24,4.2,1405.94,89171.26,4.9,1447.11,51409.67,2.8,723.723,28695.89,2,729.999,14259.34,6.5,31197.578,171982.84,0.9,30153.501,148513.11,2.3,29481.495,762728.2,1.3,30049.821,686415.07,1.8,389.46,17682.9,2.4,357.512,7459.01,3.2,26954.626,1258810.48,2.1,27649.844,618733.62,6.3,4619.512,199360.54,2.7,4779.667,105040.65,5.7,1711770.63,2.2,101.4,623488.82,2.4,96.6
137  Ba  [ No Gas ] :  Concentration value = 147.11 is over the calibration range137  Ba  [ He ] :  Concentration value = 135.25 is over the calibration range138  Ba  [ He ] :  Concentration value = 137.22 is over the calibration range175  Lu  [ No Gas ] :  CPS RSD value = 5.37 is over the allowed maximum = 5.00,FALSE,062SMPL_20250514_Ac Series 575  to 858_rerun .D,14-05-2025 15:42,Sample,,MCS 610,30381.757,538018.02,3.4,34547.608,2559.47,1.9,2069.457,11386.11,2.9,2541.008,230.23,19.9,10036.442,317951.29,0.4,10691.024,10888.65,1.5,77322.909,3522442.24,0.3,75725.363,259413.11,0.2,62484.176,2759920.87,2.1,59298.413,300114.28,2.1,11016.969,529808.89,1,11223.819,104695.68,1.3,24155.348,287055.25,2.2,25353.495,72026.17,4.9,19530.02,513369.05,1.2,20727.784,150346.4,2.3,207461.363,1416253.91,3.1,203749.925,196935.31,2.1,19058.321,473283.76,2.4,21150.456,23066.46,0.5,172133.639,8375371.22,2.8,159618.66,281106.12,3.8,49102.509,3720327.32,2,42906.195,123838.35,3.1,21299.547,1615411.87,2.4,22268.953,124530.6,4.1,9575.257,403091.28,1.4,10057.28,57777.64,3.9,653.603,10414.62,3.1,657.73,2723.02,7.2,<0.000,2803.12,7.2,<0.000,887.59,3.4,<0.000,330.34,12.1,<0.000,53.39,28.6,4533.541,78910.82,1.4,4737.578,11616.92,2.8,232.208,15558.3,2.8,228.493,2265.81,8,8647.049,558673.35,3.1,9147.774,45710.94,3.6,581747.393,4178930.71,1.3,534856.494,484548.87,0.9,542631.687,3320039.11,4.7,37627.208,2613330,2.5,39665.862,546964.7,1.7,85773.922,5286393.7,0.9,77647.03,1335835.5,3.1,9248.38,647641.55,1.2,9452.458,140987.7,1.1,34124.489,402181.68,1.6,35710.208,97975.66,3.1,6771.834,68583.5,1.1,6895.855,16253.41,3.1,1386.777,50980.49,1.3,1349.003,12846.09,1.8,6361.791,69950.94,3.7,6299.099,25912.7,4,858.231,59278.96,0.9,826.626,19397.71,3.2,4980.779,77771.61,1.1,5169.993,26046.46,4.6,864.314,56396.57,1.8,875.296,19788.8,3.3,2582.69,54047.45,2.8,2709.023,19715.42,3.1,332.639,22666.67,4.2,337.669,9015.62,3.6,2477.222,33090.45,4.2,2557.638,13524.23,2.5,312.425,20317,5.4,306.458,4308.41,9,312.587,5394.52,2.5,320.184,1996.83,9,1099.164,59958.15,0.9,1131.746,34545.18,0.6,655.6,22700.52,3.3,709.593,11991.27,1.4,29433.143,138215.92,1.9,28594.981,119950.77,1.1,27138.409,598973.02,3,28278.5,550148.57,0.4,324.977,13037.07,3.9,298.678,5591.31,2.2,16155.329,643256.68,2.5,16879.768,321513.46,2.7,2985.624,110707.43,2.3,3147.118,59413.19,1.6,1674812.78,0.4,99.2,609142.93,2.3,94.4
7  Li  [ No Gas ] :  CPS RSD value = 5.33 is over the allowed maximum = 5.00118  Sn  [ He ] :  CPS RSD value = 6.83 is over the allowed maximum = 5.00137  Ba  [ No Gas ] :  Concentration value = 178.78 is over the calibration range137  Ba  [ He ] :  Concentration value = 162.25 is over the calibration range138  Ba  [ He ] :  Concentration value = 166.99 is over the calibration range,FALSE,063SMPL_20250514_Ac Series 575  to 858_rerun .D,14-05-2025 15:46,Sample,,MCS 611,40190.434,719588.29,5.3,41283.783,3173.55,0.6,2237.874,12478.12,3.9,1906.125,180.18,11.1,12622.274,399783.67,0.9,13217.847,13901.08,1.6,99183.901,4581363.77,1.3,92891.97,330603.19,1,77956.304,3430183.63,1.3,73885.322,382641.14,0.5,14877.47,717544.53,1.4,15139.195,145019.79,2.3,30710.45,359998.49,3.5,32030.988,92004.52,0.6,29306.652,769338.12,1.3,30867.706,228980.46,2.1,102462.728,800549.01,3.5,92917.368,107496.22,0.3,22447.617,565526.05,1.5,27287.828,30903.7,2.7,200789.417,9906441.04,2.6,182449.659,333982.66,0.9,38188.563,3084209.95,2.2,34445.836,108596.02,1.1,26127.62,2009446.53,0.9,26739.24,155397.15,1.9,10973.109,464731.82,0.9,11427.102,67627.51,2.1,959.724,13894.65,1.6,931.35,3630.82,5.4,<0.000,2726.36,1.9,<0.000,797.49,7.6,<0.000,286.96,22.2,<0.000,86.75,24,5991.318,104213.89,2.6,6188.227,15521.63,6.8,312.33,17659.84,2.6,263.244,2452.7,3.5,11298.404,738419.72,2.2,11520.854,59691.97,0.5,701081.926,5110972.44,2.2,636267.326,598840.64,1.5,654850.78,4159684.38,1.7,77427.945,5452272.49,2,73306.208,1049569.36,2.2,164614.954,10293596.74,0.5,146895.19,2624773.74,0.8,16790.751,1191315.95,2.7,16693.834,258221.54,2.3,63730.44,761959.02,1.5,64645.95,184201.08,1.8,12111.334,124156.98,2.6,12225.754,29861.85,1,1789.622,66287.44,2.2,1673.999,16420.49,0.6,11156.813,124250.2,4.8,10260.233,43679.32,2.8,1355.66,93312.24,2.2,1300.06,30959.1,4.1,6819.58,107856.4,3,6595.352,34472.11,1.6,1067.933,70038.75,4.2,1088.281,25277.53,2.4,3073.393,65114.28,2,2891.762,21854.31,3.3,376.985,25658.71,3.3,364.802,10010.71,1.3,2739.594,37065.9,3.7,2780.186,15241.3,2.9,334.934,21897.92,1.7,343.65,4935.93,5,381.295,6501.73,3.6,364.681,2313.56,8.3,1633.664,89364.61,2.5,1548.335,48689.06,2.5,858.992,29311.31,5,845.43,14546.57,1.6,28641.831,139800.93,0.6,28048.613,122354.76,2.8,28128.003,629555.79,1.8,27810.536,562493.74,0.9,428.683,16878.41,2.6,421.345,7735.82,7.2,32726.705,1319306.19,2.5,32219.032,636726.78,3.5,4844.69,180813.55,1.9,4957.876,96437.7,3.1,1687722.26,4.2,100,627805.44,1.8,97.3
207  [Pb]  [ He ] :  CPS RSD value = 5.56 is over the allowed maximum = 5.00208  Pb  [ No Gas ] :  CPS RSD value = 5.04 is over the allowed maximum = 5.00232  Th  [ He ] :  CPS RSD value = 5.60 is over the allowed maximum = 5.00,FALSE,064_QC1_20250514_Ac Series 575  to 858_rerun .D,14-05-2025 15:50,QC1,,QC MES 50 ppb,51.304,3600546.8,0.8,47.126,14592.38,1.4,50.598,1078521.81,0.8,48.481,18196.88,0.4,47.462,5610285.09,1,43.937,182616.81,2.4,49.7,9013251.19,2.1,46.296,666780.04,1.6,48.554,8060872.35,1.2,43.884,887894.38,2.5,49.473,9120059.24,2,44.823,1686483.62,1.9,43.466,1842987.68,2.8,44.516,473640.74,1.1,49.242,4954447.16,1.8,45.22,1322848.63,3.6,42.108,1184539.07,1.9,40.437,170473.95,1.2,50.853,5022781.44,1.7,45.906,209821.55,2,50.912,9899969.99,1.5,45.131,334755.06,2.2,48.261,12621041.48,2.3,43.406,441249.4,0.9,51.468,15555586.45,2,45.769,1074210.98,2,49.742,7838686.76,2.3,46.534,1054177.74,2.5,46.611,2015970.56,1,46.167,552356,2.1,53.588,4958260.56,1,49.061,1761256.57,1.9,47.986,1012083.49,1.2,49.279,242436.78,1.8,53.221,3484700.65,1.8,47.557,461230.25,1.5,52.783,5112373.84,2.8,48.24,646483.23,1.1,52.114,13307344.87,2.4,48.184,1003118.87,2.1,51.339,1483686.29,2.8,52.081,199968.18,0.7,50.918,1318994.54,2.1,52.211,14465208.99,2.9,48.768,2825845.85,2.4,51.298,12628052.66,0.4,49.621,3592332.23,1.3,52.668,14662894.59,2.8,47.568,2970736.99,1.5,48.639,2287998.52,1.2,49.782,574299.16,1.1,48.643,1955740.43,2,47.728,470587.84,3.1,52.341,7440031.51,0.5,49.107,1883626.23,0.9,49.479,2158401.06,0.3,49.967,857439.86,2.4,52.794,13849451.98,1.8,53.107,4908878.68,1.8,48.479,2995299.26,3.1,49.413,1037819.91,2.4,53.494,13321934.88,3.9,53.232,4776360.01,2.2,53.052,4365693.51,0.9,49.119,1476439.1,2.9,55.701,13352403.26,3.9,53.251,5131610.47,1,48.679,2554110.26,2.5,50.221,1089525.44,1.4,53.889,12256615.39,0.6,47.013,2383742.03,1.6,50.263,2958366.73,4,50.078,1106869.9,0.5,53.514,11276729.42,3,50.369,6262736.36,1.8,55.61,6780020.87,2.1,51.028,3195842.1,1,51.604,1009911.42,0.9,52.572,918410.08,5.6,56.313,4918926.54,5,51.185,4150377.89,1,55.408,7708589.05,2.8,50.276,3204382.45,2.8,56.122,8903869.51,1.5,54.757,4375894.65,5.6,53.932,7828553.57,3.8,55.519,4307849.32,4.7,1693667.94,2.9,100.3,648653.11,1.7,100.5
88  Sr  [ No Gas ] :  CPS RSD value = 5.96 is over the allowed maximum = 5.00137  Ba  [ No Gas ] :  Concentration value = 173.73 is over the calibration range137  Ba  [ He ] :  Concentration value = 158.48 is over the calibration range138  Ba  [ He ] :  Concentration value = 162.78 is over the calibration range181  Ta  [ He ] :  CPS RSD value = 5.62 is over the allowed maximum = 5.00,FALSE,065SMPL_20250514_Ac Series 575  to 858_rerun .D,14-05-2025 15:54,Sample,,MCS 612,38532.549,703465.76,4.2,40061.813,3046.73,6,2070.122,11773.49,3,2694.135,250.25,21.2,12472.989,402605.65,1,13293.173,13837.64,1.5,98432.906,4627351.84,2.1,97032.484,341857.57,1.2,83843.443,3739714.51,2.9,78616.291,401823.78,0.7,12938.385,638802.68,1.1,13534.479,128870.41,1.9,30820.502,368081.88,2.3,32307.794,91842.92,1.2,28696.324,767479.28,0.5,30841.652,226541.45,2.2,94259.556,766661.64,1.1,92499.252,106294.69,1.6,23265.757,596340.22,0.6,27693.99,31040.72,0.7,191559.145,9630395.21,1.9,176337.673,319643.24,0.3,35801.708,2995736.47,6,33044.525,104420.69,1.8,23537.805,1844166.93,2.1,24755.406,142488.34,1.1,12038.279,516504.84,1.3,12675.723,73891.16,3.1,1188.99,16730.8,2.8,1253.644,4545.36,3.3,35.1,4558.7,3.3,15.473,1558.33,14.6,<0.000,463.81,9.7,<0.000,100.1,17.3,6089.617,107739.23,4,6557.542,16253.21,2,353.127,19079.92,1.3,313.203,2606.22,4.6,11660.672,775990.26,0.6,11921.207,61113.75,2.4,686367.1,5092061.76,1.3,626120.432,583629.92,2.1,643129.302,4044899.49,0.8,81744.481,5860919.68,2.5,80131.659,1135829.32,1,181039.719,11522040.82,2.1,158852.641,2809892.71,0.9,17299.483,1248517.95,1,18298.462,280091.53,0.9,68018.689,827774.78,3.1,69748.813,196753.37,1.2,12773.637,133177.12,4.3,13590.615,32838.86,1.8,1691.941,63879.03,3.3,1690.13,16410.45,1.3,11477.425,129879.55,4.4,10948.566,46147.34,1.2,1312.235,92033.98,0.8,1275.519,30082.79,2.9,6163.751,99213.58,3.2,6235.396,32290.68,1.6,967.013,64845.53,3.6,1007.286,23261.6,1.6,2631.656,56876.19,1.6,2688.689,20133.02,3.6,316.941,22452.67,4.7,301.804,8437.97,2.7,2220.966,30725.37,2.3,2295.171,12525.53,2.2,286.456,19464.7,4.3,287.982,4204.93,3.7,478.313,8085.99,6.6,463.115,2820.33,10.1,1628.162,90709.03,1.9,1796.207,55795.53,5.6,875.474,30378.1,0.6,894.96,15174.62,1.8,30809.745,148824.58,3.1,29192.744,126045.15,1.4,28203.837,642704.24,1.9,29448.146,589608.86,2.8,484.445,19195.18,2.6,478.868,8566.36,6.3,34898.666,1432613.71,3.2,35493.995,694595.88,2.5,5381.183,204201.89,2.8,5814.675,111805.84,4.2,1729690,2.8,102.4,626513.78,3.1,97.1
95  Mo  [ No Gas ] :  CPS RSD value = 6.79 is over the allowed maximum = 5.00137  Ba  [ No Gas ] :  Concentration value = 177.66 is over the calibration range137  Ba  [ He ] :  Concentration value = 160.90 is over the calibration range138  Ba  [ He ] :  Concentration value = 165.02 is over the calibration range165  Ho  [ No Gas ] :  CPS RSD value = 5.13 is over the allowed maximum = 5.00238  U  [ No Gas ] :  CPS RSD value = 5.88 is over the allowed maximum = 5.00,FALSE,066SMPL_20250514_Ac Series 575  to 858_rerun .D,14-05-2025 15:58,Sample,,MCS 613,37291.146,671644.07,2.5,41284.47,3086.78,6,2049.153,11489.67,4.9,2107.619,193.53,7.9,12203.561,388984.35,0.4,13251.011,13567.07,2.8,96650.978,4479314.12,1.8,93554.017,324040.86,0.4,79809.629,3522615.75,0.7,78074.556,392502.91,0.8,14540.11,704983.79,2.2,15058.264,140449.93,1.2,30053.877,355040.24,3.1,32486.959,90784.62,1.3,28644.681,755523.78,2.5,30206.99,218298.56,0.8,103513.02,812857.1,2.3,104134.35,114474.04,1,22637.67,572166.95,2.7,26430.862,29131.11,0.8,189926.614,9411921.32,1,176962.202,315315.03,1,37618.179,3068826.44,2.5,34341.893,105801.32,2.8,22206.264,1715291.44,0.6,23216.546,131392.15,2.7,10674.455,454774,2.4,11278.132,65061.17,1.7,1111.824,15655.11,6.8,1148.729,4171.53,5.2,<0.000,2879.88,2.4,<0.000,954.32,13.4,<0.000,337.01,26.6,<0.000,80.08,33.1,5812.417,101705.57,1.4,6051.673,14813.39,2.7,330.785,18314.71,4.2,299.617,2522.78,4.1,10671.691,700820.3,1.5,11207.651,56541.66,2.3,705107.335,5157921.89,2.4,638591.52,584851.22,1.1,654928.422,4049173.97,0.8,59131.009,4180063.62,1.4,56880.407,792845.06,1.5,130228.023,8173500.39,1.5,116733.747,2030486.84,2,12903.929,919111.43,1,13522.857,203765.94,2.9,49771.945,597190.08,0.4,50273.675,139448.65,2.1,9537.531,98203.95,1.5,10300.779,24514.98,4.3,1543.298,57592.27,3.3,1511.049,14482.89,2.3,8488.194,94914.51,2.5,8428.989,34987.01,2.4,1077.797,75054.96,3.4,1076.926,25180.4,0.9,5489.864,87247.65,1,5722.429,29149.91,1,937.772,62123.16,5.1,956.726,21784.13,3.4,2598.503,55384.88,2,2642.857,19464.61,2.8,316.737,22121.74,2.2,343.361,9256.06,4.7,2374.463,32340.89,2.5,2436.919,13053.27,1.2,294.454,19658.55,4.8,316.687,4481.97,5.7,364.141,6271.61,4.2,364.064,2250.21,5.4,1627.516,89421.51,2.6,1827.785,55732.16,0.6,867.156,29712.46,2.7,885.044,14780.46,4.8,32893.301,156044.92,2.4,29769.168,126314.01,2.3,28939.967,650012.94,3.9,31234.077,614024.12,0.3,459.743,18066.84,1.1,440.557,7825.87,4.6,24770.266,1003237.9,3,26917.355,517866.28,3.2,4197.002,157626.74,5.9,4292.364,81444.34,2.5,1712449.43,1.3,101.4,618383.1,1.9,95.8
45  Sc  [ He ] :  CPS RSD value = 5.44 is over the allowed maximum = 5.0095  Mo  [ No Gas ] :  CPS RSD value = 6.48 is over the allowed maximum = 5.00137  Ba  [ No Gas ] :  Concentration value = 170.72 is over the calibration range137  Ba  [ He ] :  Concentration value = 154.94 is over the calibration range138  Ba  [ He ] :  Concentration value = 167.65 is over the calibration range147  Sm  [ He ] :  CPS RSD value = 7.65 is over the allowed maximum = 5.00,FALSE,067SMPL_20250514_Ac Series 575  to 858_rerun .D,14-05-2025 16:02,Sample,,MCS 614,32278.96,667890.73,3,34342.112,3003.34,8.4,2028.873,13025.88,3,2375.905,253.59,23.1,10864.802,397670.43,1.1,11465.518,13727.43,5.4,80990.2,4314124.86,1.6,77407.648,313466.91,0.1,68702.753,3489970.71,0.7,64748.354,381925.69,0.5,12933.446,720154.53,1.6,13090.844,142815.78,2.8,25391.258,346125.08,0.8,26836.403,88282.43,0.3,22227.486,676596.62,0.9,23073.251,195910.81,3.7,83173.706,766736.82,1.6,80074.856,106281.8,1.4,19695.034,572003.9,2.4,22460.988,28940.47,1.4,162026.2,9225676.32,3.2,150089.157,312653.64,1.2,45299.391,3985990.58,1.7,39695.519,134114.58,0.3,19542.021,1734439.44,1.2,20479.263,135466.35,1.6,7992.681,395369.34,0.7,8221.843,56133.21,0.6,926.44,15180.74,6.5,985.796,4208.24,8.2,<0.000,2472.72,7.2,<0.000,794.15,13.1,<0.000,433.77,31,<0.000,86.75,33.3,4991.946,100480.35,0.4,5028.778,14429.18,2.3,257.109,17562.95,4.9,258.046,2576.18,10.3,9044.784,682712.87,1.6,9419.499,55566.33,4.4,596881.707,5016073.27,0.3,541720.709,580080.24,0.9,586139.218,4235978.49,2.4,48044.016,3903032.73,1.3,46623.444,759707.62,1.1,106369.191,7670827.93,4.2,96649.651,1965824.84,2.3,10444.67,855052.19,2.2,11007.555,193881.34,2.3,40516.1,558641.72,1.7,41682.483,135233.72,2.9,7759.833,91836.48,1.5,8123.026,22596.22,7.7,1325.282,56881.47,1.8,1253.494,14085.37,2.9,7084.578,91032.08,1.2,6910.29,33535,5,909.158,72893.17,1.1,865.671,23776.3,3.2,4833.87,88255.64,1.1,5010.775,29848.7,3.9,844.162,64198.63,4,879.196,23345.17,4.3,2395.171,58619.16,3.7,2459.212,21155.73,0.9,310.273,24588.82,1.4,308.639,9703.52,1.7,2255.595,35248.53,1.6,2415.411,15074.25,3.1,292.001,22075.01,2.9,301.403,4935.94,13.8,274.146,5544.61,9.9,278.064,2053.52,4.1,1350.873,85415.89,1.7,1348.786,48260.46,3.3,728.624,28809.46,4,720.35,14172.41,2.6,30473.469,168830.69,4.1,29560.599,146437.43,4,28274.296,729102.7,3.4,29177.682,670137.84,0.5,357.384,16344.38,1.4,355.838,7489,5.5,20870.61,971500.82,1.6,20735.55,466676.82,1.7,3553.331,153399.3,0.7,3775.558,83755.17,1.7,1733053.53,0.3,102.6,636737.89,1.2,98.7
90  Zr  [ No Gas ] :  CPS RSD value = 5.22 is over the allowed maximum = 5.00121  Sb  [ No Gas ] :  CPS RSD value = 5.21 is over the allowed maximum = 5.00137  Ba  [ No Gas ] :  Concentration value = 198.32 is over the calibration range137  Ba  [ He ] :  Concentration value = 176.61 is over the calibration range138  Ba  [ He ] :  Concentration value = 188.56 is over the calibration range,FALSE,068SMPL_20250514_Ac Series 575  to 858_rerun .D,14-05-2025 16:06,Sample,,MCS 615,41730.659,780204.82,4.9,41441.935,3367.12,2.9,2557.399,14799.44,1.5,2144.535,213.55,14.3,12688.074,418474.71,0.6,13235.71,14692.73,3,103315.086,4980082.28,3.5,95680.718,359914.3,1.4,82528.014,3764567.7,4,74943.58,408865.73,0.4,14934.387,751477.18,4.2,14857.533,150345.89,1.4,30655.593,373720.45,2.5,30946.577,93876.12,0.2,33951.74,925704.53,2.8,34903.132,272424.98,0.5,109410.208,871909.83,3.6,101541.226,120412.29,0.9,23926.774,629162.98,3.8,27859.251,33345.4,1.7,203973.7,10511535.31,3,184318.306,356716.75,2.1,43896.709,3565440.24,4.3,37863.801,121999.47,1.7,24753.972,1988151.91,1.6,24656.868,151509.73,0.6,12263.17,537854.39,5.2,12966.397,80402.23,2.3,1224.653,17385.63,1,1140.46,4451.9,2.4,<0.000,2709.67,9.6,<0.000,830.86,10.5,<0.000,407.08,25.2,<0.000,90.09,29.4,6564.481,118556.85,1.3,6682.898,17629.75,4.5,317.895,18144.35,5.2,244.393,2452.69,11,11817.516,806429.06,1.9,12077.552,66126.95,3.9,743389.162,5654494.51,0.8,662020.26,658558.05,1.7,706799.896,4744135.6,2.7,72734.829,5349099.52,1.7,67481.593,1021586.59,2.1,151304.771,9878185.08,1.5,136913.517,2586273.15,1.9,15310.54,1133723.93,1.5,15613.814,255398.2,3.2,58691.64,732501.17,2.4,58464.778,176094.93,3.9,11251.665,120401.11,2.8,11525.037,29748.21,3.5,1689.651,65317.39,5,1606.643,16657.71,3,10294.84,119578.32,3.6,9996.146,45008.85,1.5,1288.854,92602.35,1.5,1197.538,30179.92,2,6249.918,103128.89,3.7,6307.143,34853.21,0.8,1037.79,71049.09,4.6,1015.109,24960.06,3.6,2800.769,61988.63,3.8,2792.675,22302.21,0.9,360.867,25648.69,3.3,333.45,9730.24,3.3,2340.45,33140.43,3,2367.436,13768.1,1.8,309.149,21185.94,2.4,304.316,4665.56,5,428.709,7488.96,4.2,394.068,2600.29,7.3,1726.027,98392.91,2.6,1755.03,58105.99,2.3,940.997,33121.31,3,910.794,16377.5,1.5,32869.301,169245.94,1.8,30606.974,140896.45,1.3,29854.041,696587.71,4.8,30855.126,658584.88,1.5,502.309,20266.95,2.4,480.079,9096.77,1.2,28621.288,1205207.58,2,27956.08,584237.03,2.4,5284.669,205767.33,3.1,5369.357,110191.35,3,1682815.84,2.4,99.7,634542.96,2.1,98.3
45  Sc  [ He ] :  CPS RSD value = 5.20 is over the allowed maximum = 5.0090  Zr  [ No Gas ] :  CPS RSD value = 6.54 is over the allowed maximum = 5.00137  Ba  [ No Gas ] :  Concentration value = 317.58 is over the calibration range137  Ba  [ He ] :  Concentration value = 292.51 is over the calibration range138  Ba  [ He ] :  Concentration value = 305.63 is over the calibration range178  Hf  [ He ] :  CPS RSD value = 5.25 is over the allowed maximum = 5.00,FALSE,069_QC2_20250514_Ac Series 575  to 858_rerun .D,14-05-2025 16:10,QC2,,SJS-Std,50699.818,1013650.58,1.6,52776.965,4358.4,1.7,1409.077,8888.45,5.4,1575.725,160.16,12.5,9322.577,334794.38,1.3,10257.764,11673.43,5.2,109107.222,5624943.29,1.3,106143.139,406529.66,1.9,115124.319,5511858.54,3.1,112609.99,612533.53,1.4,11207.695,608796.16,0.2,11782.185,122343.3,3.2,70096.802,864145.89,3.1,77384.608,223872.72,1.7,31055.823,907453.84,1.3,31694.219,252474.23,1.3,89684.645,794923,2.9,93126.075,114015.97,2.2,15215.588,428844.2,2.5,15437.191,18868.97,1.5,97029.916,5360443.68,1.9,94860.417,187286.68,0.6,264613.082,19267115.07,0.7,234870.523,621330.15,1.9,14371.073,1237653.83,1.2,15601.764,97861.84,1.1,63141.363,2840551.31,6.5,61552.445,373386.65,2.3,2960.719,39780.2,2.2,3352.264,11523.31,3.7,196.264,8925.37,6.1,108.124,2456.04,16.7,390.581,2863.19,3.8,378.82,640.66,27.1,1356.863,30155.42,1.5,1436.476,4441.88,2,1357.291,47622.34,2.2,1422.391,6645.06,2.2,5038.886,371549.56,4.4,5275.72,29710.94,1.9,1159403.896,9429245.31,1.5,1067890.156,1081039.43,2.6,1115792.809,7620324.51,2,19992.691,1576619.23,3.4,20307.191,314019.27,1.9,39031.162,2731369.92,1.9,39633.488,763932.71,0.5,4458.62,355688.44,1.9,4685.624,78635.21,1.9,17454.793,233651.23,0.8,18401.526,56623.61,1.7,3412.688,39420.83,3,3436.658,9122.43,3,975.984,41104.8,1.7,874.499,9486.41,2.8,3505.969,43950.89,2.4,3537.153,16373.76,1.4,455.265,36971.62,1.7,452.101,12405.25,1.3,2941.209,52391.92,2.4,2983.82,16955.16,4.1,558.019,42092.82,2.2,559.973,14539.68,3.4,1649.81,39441.62,2.9,1724.634,14182.25,3,243.136,19377.83,3.8,228.672,7189.3,4.4,1733.231,26401.17,2.3,1795.484,10708.7,3.5,228.079,17379.6,1.4,225.71,3680.92,5.3,2201.379,37593.74,1.7,2319.728,13934.53,5.3,761.836,47661.32,2,843.503,29030.63,2.3,532.497,21253.09,4.7,561.508,10832.33,0.6,21122.519,111471.09,4.3,20124.102,94804.22,3.4,19258.233,483763.11,3.5,20214.171,441775.79,0.8,255.18,11879.13,3.6,252.92,5387.87,2.9,10242.721,463312.27,0.3,10836.473,231433.13,1.9,3221.032,135051.58,1.2,3581.741,75330.81,0.3,1753539.9,0.2,103.9,629684.53,3.3,97.6
137  Ba  [ No Gas ] :  Concentration value = 147.88 is over the calibration range137  Ba  [ He ] :  Concentration value = 134.59 is over the calibration range138  Ba  [ He ] :  Concentration value = 133.30 is over the calibration range157  Gd  [ He ] :  CPS RSD value = 8.56 is over the allowed maximum = 5.00159  Tb  [ No Gas ] :  CPS RSD value = 5.02 is over the allowed maximum = 5.00166  Er  [ He ] :  CPS RSD value = 5.54 is over the allowed maximum = 5.00,FALSE,070SMPL_20250514_Ac Series 575  to 858_rerun .D,14-05-2025 16:14,Sample,,MCS 616,28155.91,549774.78,0.8,28351.678,2302.51,5.4,2260.468,13653.78,3.4,2187.442,216.88,13.3,8453.528,297742.97,1.6,9159.405,10247.52,2.5,68507.883,3441398.49,0.1,67339.056,252634.95,0.9,57278.722,2795905.28,1.9,54489.387,302712.37,1.9,7835.753,421214.73,1.4,8312.574,85944.83,0.8,19862.124,264956.05,2.9,20941.255,66407.59,1.3,19532.76,564476.98,1.6,20746.446,164299.44,1.5,67755.849,632903.02,2.1,66228.144,87346.45,2.7,17518.411,479570.37,2.9,21113.686,25209.22,1.1,139183.456,7465072.38,2.7,128592.489,248178.1,1.7,56777.987,4582547.03,4,49597.291,150440.2,1.8,20196.705,1688041.12,2.9,21496.659,131691.58,0.5,8831.289,410487.95,2,9245.921,58242.54,1.1,783.415,12819.13,2.6,859.993,3560.72,2.1,<0.000,2502.76,5.1,<0.000,747.44,6.2,<0.000,413.76,16.1,<0.000,90.09,61.9,4523.32,86495.8,1.2,4593.287,12311.54,2,223.037,16303.35,4.1,208.333,2315.87,8,8270.343,588670.19,3.9,8561.863,46849.35,2.6,552554.646,4374994.69,1,502897.132,498922.61,2.7,498082.368,3335272.47,4.8,51899.345,3969598.77,3.8,50813.364,766679.08,2.7,107069.483,7271996.59,1.4,94455.229,1778733.48,2.1,10716.077,826170.99,3.3,11222.87,183093.63,0.7,40927.026,531458.78,0.9,41946.291,126007.01,1.1,7781.545,86756.32,1.8,8100.514,20878.18,2.6,1349.743,54629.43,2.7,1299.743,13537.52,0.6,6953.218,84198.61,2.7,6862.355,30865.61,8.6,877.022,66519.28,5,847.128,21653.64,1.9,4765.926,82022.27,5,4934.465,27236.86,1.4,813.072,58484.94,4.9,839.212,20758.03,2.5,2334.088,53879.57,4,2349.026,18756.28,5.5,294.95,22328.99,2,299.762,8848.68,1.7,2130.569,31414.39,3.9,2125.956,12351.88,1.4,266.896,19394.53,4.6,257.899,4038.05,4.1,289.012,5514.58,4.1,296.224,2026.84,9.9,1177.501,70506.33,1.7,1187.491,39563.12,3.2,621.5,23706.73,3.8,653.445,12128.2,2,33602.761,172388.55,1.9,29731.498,136430.46,1.8,30970.486,751880.92,2.8,31608.203,672112.36,1,386.136,16614.68,2.1,381.275,7425.63,8.7,22389.547,981667.89,1.7,22652.422,472066.65,1.8,3434.937,139858.74,1.8,3759.093,77316.2,3.1,1744543.35,1.3,103.3,630061.03,0.5,97.6
9  Be  [ No Gas ] :  CPS RSD value = 5.02 is over the allowed maximum = 5.0045  Sc  [ He ] :  CPS RSD value = 7.04 is over the allowed maximum = 5.00118  Sn  [ No Gas ] :  CPS RSD value = 6.48 is over the allowed maximum = 5.00118  Sn  [ He ] :  CPS RSD value = 6.16 is over the allowed maximum = 5.00137  Ba  [ No Gas ] :  Concentration value = 158.29 is over the calibration range137  Ba  [ He ] :  Concentration value = 141.99 is over the calibration range138  Ba  [ He ] :  Concentration value = 151.48 is over the calibration range140  Ce  [ He ] :  CPS RSD value = 5.27 is over the allowed maximum = 5.00147  Sm  [ No Gas ] :  CPS RSD value = 6.33 is over the allowed maximum = 5.00,FALSE,071SMPL_20250514_Ac Series 575  to 858_rerun .D,14-05-2025 16:19,Sample,,MCS 617,31642.253,574645.09,0.8,34147.15,2619.54,9.2,2077.257,11723.45,5,1951.601,183.52,8.3,10158.023,329970.36,1.4,10909.434,11493.12,7,80818.62,3775773.17,1.9,79701.512,282372.18,0.3,69858.088,3137386.25,2.2,63902.217,332960.71,2.3,9591.353,476334.07,1.6,9986.447,96909.69,1.3,22861.049,280907.09,3.1,23903.644,70921.71,2,19484.573,525600.26,0.7,20446.708,153521.1,1,77789.183,661751.73,2.3,72400.821,89498.98,1.9,19451.932,495502.64,1.8,26158.956,29482.28,0.5,163996.286,8185501.98,1.9,146481.833,266979.99,1.9,42627.067,3410479.34,2.8,38654.084,118274.14,1.3,25945.151,2017167.02,2.5,26720.482,154512.44,1,8322.916,363253.75,2.8,8769.42,52618.82,1.7,1152.957,16236.36,3.5,1155.623,4281.66,8.9,<0.000,2315.86,9.2,<0.000,757.45,6.2,<0.000,477.15,12.3,<0.000,96.76,6,5254.963,93093.45,6.5,5779.852,14489.35,6.2,178.003,14679.78,3.1,171.007,2162.35,8.5,10418.167,689195.6,2.6,10704.174,55251.58,2.8,630008.435,4641179.63,3.1,565137.655,529353.66,1.5,602891.355,3812260.39,1,92622.17,6592419.73,4,85726.716,1220953.33,1,181262.714,11452809.08,3.1,173319.232,3080194.68,5.3,18765.848,1344695.64,1.1,19394.951,298332.57,0.4,71250.416,860658.03,2.2,73206.411,207537.04,1.9,13164.409,136319.77,6.3,13822.868,33585.01,2.9,1970.72,73611.13,2.1,1947.849,18916.5,4.8,11703.701,131563.68,2.8,11383.942,48217.06,0.3,1437.287,99823.86,1.4,1341.532,31741.86,2.9,6519.871,104178.15,1.7,6799.536,35361.91,3.5,1067.762,70880.77,0.9,1076.688,24903.01,3.2,2770.572,59413.05,2.4,2836.119,21326.27,3.9,339.676,23699.57,2.1,341.198,9419.71,2.3,2280.647,31300.67,3.5,2442.042,13370.62,2.4,287.117,19381.2,3.9,285.38,4198.26,6.4,287.811,5164.43,2.7,275.214,1820.14,2.5,1368.513,76066.17,4.6,1390.355,43643.46,3,711.377,25050.89,1.1,759.919,13187.01,2.5,29738.53,144382.53,4,27384.518,118933.88,2.5,26880.405,608749.22,1.5,27646.702,556569.62,1.5,362.299,14718.95,3.6,359.258,6735.23,1.6,35141.283,1432576.69,1.8,35990.857,707823.97,0.3,5139.268,193846.36,2.6,5436.728,105092.28,1.6,1729183.4,0.5,102.4,634051.05,1.8,98.3
9  Be  [ No Gas ] :  CPS RSD value = 7.53 is over the allowed maximum = 5.0089  Y  [ He ] :  CPS RSD value = 5.06 is over the allowed maximum = 5.00137  Ba  [ No Gas ] :  Concentration value = 180.35 is over the calibration range137  Ba  [ He ] :  Concentration value = 164.15 is over the calibration range138  Ba  [ He ] :  Concentration value = 167.96 is over the calibration range169  Tm  [ He ] :  CPS RSD value = 5.49 is over the allowed maximum = 5.00209  Bi  [ He ] :  CPS RSD value = 5.04 is over the allowed maximum = 5.00,FALSE,072SMPL_20250514_Ac Series 575  to 858_rerun .D,14-05-2025 16:23,Sample,,MCS 618,43648.021,806973.51,4.3,51188.094,3941.19,10.8,2485.718,14234.96,7.5,2084.003,196.86,10.6,13367.055,435293.6,1.1,14740.154,15487.72,1.1,106858.59,5088301.96,1.6,102847.995,366677.68,1.8,84885.289,3828987.54,2.6,82577.125,425529.06,1.8,15746.438,782135.99,0.5,16391.707,156931.99,0.7,36129.998,430201.39,2.2,38048.304,107585.73,4.4,45755.643,1224591.36,1.2,47377.921,348251.58,0.7,123282.492,955214.1,1.6,121568.139,132669.35,2.1,25196.026,654199.16,2.5,29082.087,32994.05,3.2,180805.64,9211555.74,3.4,165929.838,304394.44,3.7,37307.457,3120686.84,1.9,33437.299,106280.82,2.2,26005.084,2062785.13,4,26906.733,156626.89,5.1,10317.738,452161.69,1,10725.818,63845.33,2.8,2627.782,33188.65,3.1,2822.34,9222.5,6,<0.000,2629.57,8.6,<0.000,894.26,10.8,20.63,633.99,20.3,47.78,200.2,13.2,6938.029,123688.1,1.4,7183.221,17943.79,4,410.163,20640.59,0.9,393.817,2879.88,7.7,13874.34,934273.65,0.7,14139.505,73279.62,2.8,702755.941,5282309.93,2.3,639626.368,603309.82,2.3,654482.734,4166339.26,1.5,62165.198,4516199.86,1.7,60315.898,865461.92,1.7,135925.77,8765091.15,1.3,121455.596,2175312.35,0.6,13479.475,986746.44,1.2,14003.851,217217.08,2.5,51865.684,639486.85,1.7,51996.68,148511.22,2.2,10082.741,106670.62,1.2,10607.862,25979.36,0.6,1678.88,64214.05,2.6,1652.706,16246.7,2.2,9224.813,105896.7,2.6,9241.806,39464.56,3.2,1205.443,85855.69,2,1130.905,27139.79,1.5,6225.239,101554.86,1.4,6631.109,34749.64,4.9,1055.88,71479.11,3.9,1081.404,25160.46,2.4,3004.496,65681.13,2.6,3259.494,24632.43,3.5,375.876,26400.97,1.3,373.891,10237.84,5.5,2711.417,37852.05,0.6,2749.515,15110.98,0.9,334.179,22526.27,2.4,341.141,4912.58,6.5,358.685,6344.98,2.7,358.735,2280.22,15,1711.914,96565.28,2.9,1793.613,56311.02,2,989.676,34399.41,1.6,997.581,16925.3,1.8,42637.947,207712.57,0.5,38030.605,165682.92,1.9,37114.488,854468.61,3,40147.201,810688.19,0.6,917.448,35214.2,0.2,857.413,14612.1,5,27206.526,1132553.54,3.3,28932.992,573424.56,3.4,5186.439,199535.14,2.9,5343.328,103982.99,2.5,1728173.91,2.1,102.4,625129.88,1.6,96.9
137  Ba  [ No Gas ] :  Concentration value = 189.54 is over the calibration range137  Ba  [ He ] :  Concentration value = 170.51 is over the calibration range138  Ba  [ He ] :  Concentration value = 178.33 is over the calibration range205  Tl  [ He ] :  CPS RSD value = 6.53 is over the allowed maximum = 5.00208  Pb  [ No Gas ] :  CPS RSD value = 5.14 is over the allowed maximum = 5.00209  Bi  [ No Gas ] :  CPS RSD value = 5.55 is over the allowed maximum = 5.00,FALSE,073SMPL_20250514_Ac Series 575  to 858_rerun .D,14-05-2025 16:27,Sample,,MCS 619,32547.954,644660.08,3.5,35620.496,2986.65,5.6,2688.67,16416.21,3.1,2909.114,296.97,11.8,10318.009,363078.49,0.7,11463.484,13156.26,4.2,79639.046,4060738.77,2.4,78884.731,305985.08,0.6,63943.686,3131123.32,1.4,60168.048,342175.47,0.6,10375.962,557998.34,1.5,11079.761,116608.83,1.9,21670.832,288785.21,2.1,23321.016,74967.96,2.7,21014.621,614109.84,0.9,22252.374,181405.58,1.9,74895.293,683101.02,0.3,72105.975,94858.19,2.1,19270.578,535709.92,1.2,23727.379,29278.31,3.8,166037.681,9047056.87,2.5,152288.642,303903.32,1.8,97228.619,7426524.87,2.3,92170.968,263266.65,1.8,20995.849,1783003.22,1.5,21925.596,138920.61,1.7,4069.694,206514.79,2.8,4276.463,29917.66,2.2,277.798,6768.54,2.8,280.43,1785.25,10.6,<0.000,1972.13,6.4,<0.000,884.25,9.5,8.287,560.57,11.7,39.035,193.53,14.9,5228.016,100612.39,2.3,5661.128,15484.84,4,224.772,16186.43,0.9,161.897,2162.36,7.6,9460.487,683253.62,1.4,10013.929,56581.65,3.7,679792.938,5465686.95,0.8,611537.525,627104.59,2.6,639567.931,4426310.59,0.7,59349.327,4613085.91,0.4,57270.474,893727.3,3.1,119789.946,8266453.55,2,107042.9,2084325.01,3.6,12433.2,973697.19,2.5,12997.065,219170.53,1.5,46726.473,616450.17,0.7,47605.013,147883.84,0.2,8799.173,99613.58,1.5,9087.149,24207.37,0.6,1618.306,66148.95,3.1,1612.254,17202.32,4.3,8155.717,100221.77,1.9,7933.11,36844.24,2.1,1003.608,76777.39,1.6,931.272,24435,0.5,5129.379,89591.72,0.4,5532.578,31534.56,1.7,814.14,59400.18,0.9,847.308,21617.16,0.8,2326.003,54526.2,3.4,2371.89,19571.55,1.5,277.544,21396.42,3.2,254.687,7927.14,5.7,1963.183,29447.64,2.1,1990.344,11974.47,4.3,242.342,18027.83,2.4,237.099,3867.81,5.5,121.221,2803.67,6.1,131.486,1103.39,13.2,1239.572,75218.5,3.3,1236.627,42516.16,0.9,742.547,28113.87,1.8,778.082,14576.62,6.5,28870.959,153385.35,0.3,28139.497,133546.47,4.1,26342.642,650721.94,5.1,27787.519,611803.63,0.2,394.505,17128.77,5.6,372.103,7475.68,1.5,22700.584,1010971.13,3.3,24200.246,521491.4,1.3,3459.523,143038.36,3.1,3675.15,78173.83,3.5,1701312.41,0.9,100.8,625594.12,1.1,97
137  Ba  [ No Gas ] :  Concentration value = 188.02 is over the calibration range137  Ba  [ He ] :  Concentration value = 176.29 is over the calibration range138  Ba  [ He ] :  Concentration value = 180.79 is over the calibration range147  Sm  [ No Gas ] :  CPS RSD value = 5.78 is over the allowed maximum = 5.00205  Tl  [ No Gas ] :  CPS RSD value = 6.83 is over the allowed maximum = 5.00232  Th  [ He ] :  CPS RSD value = 5.39 is over the allowed maximum = 5.00238  U  [ He ] :  CPS RSD value = 5.52 is over the allowed maximum = 5.00,FALSE,074SMPL_20250514_Ac Series 575  to 858_rerun .D,14-05-2025 16:31,Sample,,MCS 620,38019.832,701391.47,1,45423.897,3487.28,5.8,2471.367,14121.38,2.5,2163.05,203.54,2.8,12680.158,412886.99,0.6,13763.748,14442.19,1.5,98679.994,4685847.32,1.2,93990.171,334135.79,0.3,78457.109,3548905.58,0.9,74292.651,384115.39,1.1,14800.722,734473.62,0.6,15368.118,146953.78,2,30325.654,366106.7,0.7,32521.095,93130.33,3.1,32445.491,873424.75,1.7,34128.191,252088.62,1.9,96245.088,784263.02,2.4,93309.939,107610.75,1.9,23943.928,620061.31,2.4,26992.21,30525.71,2.7,194386.811,9871507.15,0.5,179329.412,327960.71,2.7,51244.921,4012366.12,2.2,45362.98,133914.88,1.2,23790.563,1882486.97,1.9,25088.85,145684.37,0.8,7390.903,330909.23,2.4,7597.683,46224.91,2.1,730.035,11683.62,1.9,756.863,3110.16,2.7,<0.000,2402.63,4.4,<0.000,800.83,9.9,<0.000,273.61,13.9,<0.000,43.38,13.3,6394.633,114080.79,2,6750.139,16854.64,1,276.183,17215.41,1.9,239.397,2362.59,12,11504.983,773547.67,2,11975.713,61968.98,1.5,733506.76,5497189.49,1,687750.799,646385.8,1.6,705334.981,4475764.94,3.6,50662.377,3670851.28,2,48572.878,695042.57,1.2,106826.07,6872549.02,1.1,96131.537,1716549.78,1.6,10716.876,782856.53,3.5,11121.019,172084.79,2,41716.008,513117.27,1.7,43790.15,124728.88,3.5,7780.229,82198.36,5.8,8106.346,19818.64,0.6,1541.438,58956.67,2.6,1458.621,14362.59,1.2,7334.896,84101.99,1.8,7407.889,31577.84,2.6,1019.373,72907.69,3.8,957.54,23100.98,1.8,5499.439,89551.61,0.7,5828.679,30464.12,1.8,1011.224,68419.42,3,1034.227,24043.89,1.4,2795.505,60990.05,0.8,3043.899,22950.67,0.9,374.265,26223.82,1.9,361.509,9913.9,0.3,2613.251,36396.21,2.8,2752.159,15077.59,3.8,349.41,23375.44,3.1,349.556,5002.7,8.4,231.224,4367.45,5.6,279.431,1843.48,6.4,1657.131,93243.16,2.1,1640.549,51446.51,3.2,906.951,31682.83,6.8,898.162,15341.66,3,35661.053,173458.17,2.1,33943.897,147566.62,1.8,32227.974,741023.61,2,33898.186,683413.18,1.4,542.805,21505.67,3.4,530.534,9430.36,4.3,19698.501,818187.43,3.2,20789.225,411133.74,5.4,3927.816,151292.25,2.8,4122.449,80310.2,5.5,1725291.02,1.8,102.2,623831.54,1,96.7
137  Ba  [ No Gas ] :  Concentration value = 169.43 is over the calibration range137  Ba  [ He ] :  Concentration value = 153.77 is over the calibration range138  Ba  [ He ] :  Concentration value = 160.47 is over the calibration range159  Tb  [ He ] :  CPS RSD value = 5.49 is over the allowed maximum = 5.00,FALSE,075SMPL_20250514_Ac Series 575  to 858_rerun .D,14-05-2025 16:35,Sample,,MCS 621,32025.534,651340.98,3.6,35778.539,3090.11,11.7,2523.213,15828.29,1.4,2882.999,303.64,1.9,10179.634,367319.95,0.6,11222.074,13283.19,1,78200.76,4093713.41,0.6,77372.028,309650.07,1.4,64491.735,3231735.39,1.4,58837.608,344853.28,2.2,10350.244,570799.33,1.1,10927.523,118578.2,1.6,23024.523,311432.8,1.7,23616.763,77864.23,1.8,17861.489,538891.6,0.6,18729.055,158508.57,0.9,86722.982,775897.59,0.3,83593.774,108249.37,0.6,19217.321,548506.82,0.7,21675.486,27606.3,0.4,135538.332,7585230.66,2.2,124297.01,255975.83,0.5,50039.713,4246609.01,2.3,43889.634,143360.86,2,21818.348,1902258.36,0.7,22794.887,148941.58,2.2,8125.45,394221.01,1.2,8524.095,57338.98,2.5,474.153,9265.9,3.1,517.633,2596.2,12.6,<0.000,2282.49,4.6,<0.000,737.43,11.4,<0.000,286.95,12.3,<0.000,73.41,43.8,5037.835,99556.17,0.9,4947.818,14041.72,3.7,183.694,15117.37,4.2,179.406,2239.11,1.4,8766.159,650380.61,1,8831.672,51525.43,0.7,586435.217,4842202.32,2.9,532244.438,563430.36,2.8,555423.631,3967775.28,1.6,45371.047,3623252.01,4.4,41680.473,671399.6,1.7,90832.989,6436779.09,1.8,82428.083,1657158,2,9425.429,758630.85,2.9,9580.684,166907.48,2.5,35648.775,483019.44,2.7,36123.713,115836.07,1.6,6808.917,79240.52,2.1,7038.86,19370.9,3,1379.718,58104.62,2,1318.235,14603.15,4.3,6510.048,82233.27,1.4,6337.16,30427.23,4.3,863.886,68196.07,3.4,812.351,22121.72,5.5,4841.192,86853.26,1.9,4880.667,28714.99,4.4,855.476,63877.09,2.1,871.481,22870.51,3.7,2471.118,59396.71,0.9,2531.823,21506.7,1.7,315.696,24505.24,2.9,307.632,9546.56,5.2,2319.712,35596.55,2.1,2338.991,14439.52,1.2,299.765,22182.04,4.1,261.918,4315.09,4.9,274.897,5451.22,2.7,264.215,1943.49,8.7,1224.191,76247.07,1.2,1204.944,42733.69,1.3,700.371,27287.82,3.3,735.003,14242.57,3,29169.885,159892.16,3.2,26344.048,129065.97,2,27470.446,696354.35,2.8,27597.817,626846.72,1.2,312.875,14258.48,4.1,300.048,6405.03,5.5,18537.943,848304.27,1.5,18511.603,411910.47,0.3,2977.106,126625.26,3,3130.482,68875.9,2.3,1686080.3,1,99.9,623099.39,2.1,96.6
141  Pr  [ He ] :  CPS RSD value = 6.24 is over the allowed maximum = 5.00209  Bi  [ He ] :  CPS RSD value = 6.28 is over the allowed maximum = 5.00,FALSE,076_QC1_20250514_Ac Series 575  to 858_rerun .D,14-05-2025 16:39,QC1,,QC MES 50 ppb,52.989,3763620.09,2.2,50.074,15023.25,1.5,49.001,1057576.98,1.6,50.682,18434.14,2.6,45.833,5485462.35,1.5,44.533,179377.51,1.7,48.91,8981554.7,0.8,46.765,652589.57,1.4,48.058,8077177.82,1.2,45.481,890293.03,2.3,49.25,9190418.35,1.5,45.191,1647592.65,1,43.16,1852364.35,1.2,46.258,476189.99,2.2,48.411,4930528.77,0.4,46.007,1304147.07,1.8,41.657,1188678.65,1,40.842,166508.21,0.2,49.688,4969915.13,2.3,47.15,208684.12,4.5,50.611,9960255.28,3,46.078,331214.76,2.8,48.042,12715586.44,0.8,44.086,433629.29,1.4,50.855,15557696.9,2.8,47.78,1086407.53,3.2,50.129,7993081.13,0.3,47.902,1051466.68,1.8,46.217,2023283.75,3.1,48.669,564032.61,0.5,53.782,5037131.72,4.5,49.945,1736798.21,2,49.461,1055793.27,2.1,49.931,237967.28,1.5,52.494,3477894.36,2.3,49.111,461327.25,2,53.06,5199377.72,2.3,49.477,642398.67,2.2,52.856,13667844.96,1.9,48.584,979988.12,2.6,52.614,1538013.17,3.6,52.926,196869,2.2,51.616,1295120.36,1.5,53.312,14960379.58,3.5,49.235,2763654.39,1.9,52.774,13150911.77,1.9,52.075,3652629.93,2.5,53.424,15064950.81,2.1,52.13,3155485.07,6.2,48.82,2324226.57,2.6,50.517,564705.82,2.6,49.682,2022766.42,2.4,49.698,474671.53,2.6,53.996,7769794.81,1.5,50.53,1877600.42,1,48.543,2143769.81,1.5,51.491,856257.8,1.8,54.425,14458224.5,0.5,54.141,4847030.48,1.1,49.055,3067764.02,0.6,51.268,1042851.21,1.4,53.839,13579402.35,0.5,54.599,4745362.87,1.7,53.496,4456120.29,0.3,51.54,1500976.4,2.5,55.016,13355661.11,2.7,56.141,5242354.97,1.7,50.351,2675627.51,2.4,51.645,1085475.66,0.8,54.797,12617742.77,0.9,51.952,2552570.91,2.8,52.383,3122765.06,4.8,53.529,1145886.08,2,55.077,11742969.83,1.5,55.031,6629412.19,2.1,56.048,6920494.05,2.7,53.485,3244074.81,2.7,53.295,1010415.44,1.3,55.616,941415.74,1.6,57.985,5125362.56,1,52.965,4160817.46,0.9,56.414,7948379.88,2.2,55.826,3444467.14,6.3,57.675,9259768.96,1.9,58.069,4497345.69,0.2,56.798,8348920.19,2.2,62.697,4713132,1.3,1713664.45,0.9,101.5,628382.17,1.9,97.4
137  Ba  [ No Gas ] :  Concentration value = 152.00 is over the calibration range137  Ba  [ He ] :  Concentration value = 145.60 is over the calibration range138  Ba  [ He ] :  Concentration value = 145.58 is over the calibration range181  Ta  [ No Gas ] :  CPS RSD value = 6.82 is over the allowed maximum = 5.00,FALSE,077SMPL_20250514_Ac Series 575  to 858_rerun .D,14-05-2025 16:43,Sample,,MCS 622,40150.72,769100.74,2.8,44533.476,3547.34,6.5,2697.792,15975.25,0.9,2913.247,283.62,7.3,10935.901,373162.41,0.8,11763.889,12869.04,3.7,91879.345,4534305.25,1.2,90519.528,334191.65,1.7,74449.044,3511185.67,1,70813.638,381277.02,1.9,12584.134,652346.57,2,13135.527,131161.83,1.3,29551.253,371558.26,2.3,31848.59,94877.76,0.5,29767.032,834345.02,2.2,32234.213,247646.79,2.1,79233.097,704726.6,2.8,77243.356,97086.22,1.5,21458.133,577488.11,3.2,27689.218,32525.8,2.8,160651.7,8477585.52,2.8,144095.646,273767.69,1.8,39234.27,3361628.72,2.7,36745.302,118056.88,1.9,31307.431,2571961.34,0.4,32812.99,197632.83,2.6,12006.483,540252.36,1.9,12900.182,78659.27,4.1,573.374,10297.73,4,592.803,2726.36,2.8,27.385,4538.68,2.9,32.141,1768.56,0.9,17.971,640.66,6.2,4.956,153.49,47.2,5968.341,110941.26,1.2,6272.922,16316.71,1.8,288.417,18181.04,1.9,283.449,2602.88,8,12485.745,871640.94,1.4,12942.624,69501.77,1,591979.765,4611102.05,1.6,567041.304,553601.27,3,566966.069,3738497.26,2.5,79561.624,5986492.34,1.9,76361.19,1133658.71,2.2,158353.053,10577927.74,3.1,142409.267,2640301.5,1.4,16197.008,1227362.02,1.8,17168.233,275339.69,1.6,62664.903,800218.55,3.1,63679.042,188263.17,1.7,12083.548,132314.34,0.9,12329.223,31233.36,0.5,1858.215,73433.93,2.3,1874.962,19006.85,3,11256.42,133773.11,1.2,11068.918,48863.44,2.6,1418.371,104105.34,4.4,1360.229,33521.51,4.4,7379.9,124530.34,0.7,7828.68,42397.32,2.3,1271.66,88648.17,2.3,1311.874,31337.24,1.5,3408.416,77027.28,2.8,3569.703,27885.61,3.6,445.674,31886.1,3.4,433.663,12071.26,3,2882.394,41648.09,2,3090.066,17539.95,4.7,380.49,26190.5,4.7,362.589,5359.86,2.9,480.559,8519.64,2.5,495.133,3133.75,4.4,1785.48,104187.67,6.8,1861.684,60450.89,2.8,893.643,32448.83,1.7,904.544,16029.94,2.1,34850.31,176036.16,4.1,32372.657,146207.07,1.7,32170.755,768494.69,1.7,32915.27,689195.16,1.5,648.547,26325.16,1.1,649.305,11732.37,3.9,31744.525,1368216.29,3.4,31629.379,648429.41,4.6,5037.272,200851.41,3.1,5556.898,111897.73,2.1,1788717.63,0.3,105.9,646730.43,1.4,100.2
137  Ba  [ No Gas ] :  Concentration value = 110.82 is over the calibration range137  Ba  [ No Gas ] :  CPS RSD value = 7.46 is over the allowed maximum = 5.00137  Ba  [ He ] :  Concentration value = 105.67 is over the calibration range138  Ba  [ He ] :  Concentration value = 104.87 is over the calibration range147  Sm  [ He ] :  CPS RSD value = 5.32 is over the allowed maximum = 5.00172  Yb  [ He ] :  CPS RSD value = 8.12 is over the allowed maximum = 5.00232  Th  [ He ] :  CPS RSD value = 7.10 is over the allowed maximum = 5.00238  U  [ He ] :  CPS RSD value = 5.93 is over the allowed maximum = 5.00,FALSE,078SMPL_20250514_Ac Series 575  to 858_rerun .D,14-05-2025 16:47,Sample,,MCS 623,22262.583,455620.32,2.7,26957.799,2242.43,8.7,1439.869,9222.33,4.6,1569.498,160.16,25,7179.555,267467.31,0.2,8434.182,9683.2,2.9,61041.239,3208457.32,1.1,61490.432,236293.06,1.3,43264.32,2267187.19,1,45492.113,262303.79,1.5,8282.336,463596.05,0.3,8757.145,92326.51,2.6,18594.399,260955.62,1.9,20830.338,67460.6,1.5,17343.761,526419.56,0.3,18627.309,151654.56,0.8,58480.052,593306.52,0.8,61154.654,83977.89,0.6,13666.982,391765.02,1.2,16716.55,20462.97,2.5,119885.445,6727825.13,0.6,113751.218,224890.18,1,34449.292,3181526.74,2.4,30965.507,106200.17,0.8,17356.875,1517991.64,2,18737.553,117620.04,1.7,8601.62,418096.75,1.3,9282.677,59766.23,0.8,447.645,9135.68,3.8,497.229,2469.38,8.1,<0.000,2936.62,2.6,<0.000,954.32,8,<0.000,353.69,12.8,<0.000,50.05,34.6,3846.954,77580.73,2,4122.546,11376.45,4.8,125.948,14068.48,3.3,95.404,1928.75,7.5,6813.613,508398.18,2.2,7368.481,41351.77,1.6,403614.95,3346633.83,7.5,384850.715,391425.35,2.3,381926.451,2621542.17,2.3,42769.026,3423052.02,2.3,41998.257,649111.59,0.5,86371.755,6135994.13,2.5,80491.15,1552551.04,1.8,9150.94,738437.43,1.7,9598.17,160460.79,2.3,34036.211,462400.85,2.9,36340.382,111829.74,1.2,6750.343,78777.09,3.4,7045.996,18612.33,5.3,1194.641,50742.58,2.9,1193.958,12769.27,1,6137.116,77770.59,3.8,6076.055,28002.57,0.8,803.136,63895.96,1.9,772.644,20306.82,4.9,4049.55,72984.58,2.2,4354.486,24645.64,2.4,713.918,53983.87,3.4,757.278,19270.87,3.6,1966.232,47594.62,3.3,2140.236,17523.15,4.7,251.153,20246.72,3.7,256.397,7913.78,4,1815.562,28079.68,2.4,1989.301,11847.51,8.1,229.666,17763.8,1.6,243.009,3917.88,1.9,280.344,5597.95,5.3,331.352,2273.55,5.1,1050.854,65988.85,3.1,1092.422,37342.91,4.6,533.483,21627.52,5,573.849,11056.1,1.7,24477.884,129056.26,3.3,25230.456,118769.82,0.3,22266.099,567251.84,3.3,24116.076,526771.82,3.9,291.859,13540.9,1.1,315.678,6458.4,9.1,17194.69,788800.6,1.8,17823.297,380804.2,7.1,2757.79,117855.09,3.4,3122.822,65974.64,5.9,1778053.58,0.6,105.3,628957.02,0.9,97.5
137  Ba  [ No Gas ] :  Concentration value = 129.67 is over the calibration range137  Ba  [ He ] :  Concentration value = 117.27 is over the calibration range138  Ba  [ He ] :  Concentration value = 111.44 is over the calibration range181  Ta  [ He ] :  CPS RSD value = 7.37 is over the allowed maximum = 5.00,FALSE,079SMPL_20250514_Ac Series 575  to 858_rerun .D,14-05-2025 16:51,Sample,,MCS 624,26243.386,488975.68,0.2,28953.581,2275.81,10.6,2141.267,12354.58,3.9,2401.112,230.23,15.1,8645.035,290466.44,0.1,9531.052,10304.26,1.3,63978.273,3065255.58,2.1,62985.213,228562.74,1.3,47926.876,2278147.63,0.1,48643.285,264548.45,0.8,7588.821,390301.07,2.5,8048.093,80760.21,2,19494.532,249852.31,1.7,20022.115,62112.74,0.9,14103.115,395925.55,1.6,14916.752,116475.52,3,46107.087,474010.22,1.3,44747.816,66126.95,3.5,16933.889,442077.61,0.7,23917.786,27603.1,1.8,126650.074,6478347.32,0.3,114678.986,213966.76,3,56195.408,4352608.35,2.8,50310.772,148157.24,3.8,22413.68,1785810.24,1.1,22932.814,135802.64,1.4,8706.107,387023.89,1.2,9162.776,55969.39,0.5,419.991,8214.17,7.3,396.722,2082.26,7.3,<0.000,2506.1,12.5,<0.000,847.55,12.1,<0.000,320.33,10.8,<0.000,63.4,32.9,3972.163,73163.99,3.2,4214.629,11002.42,4.9,197.196,15224.3,4.8,85.804,1878.69,1.3,7651.75,520026.22,0.8,7842.335,41542.51,1.1,500988.55,3782908.96,0.7,453100.786,434732.45,2.3,430551.247,2790551.39,3.8,107611.571,7843215.73,0.5,102484.761,1493371.76,2,215053.049,13915114.31,2.3,213936.58,3894453.32,3,22697.292,1664868,0.6,22587.697,355494.41,2.5,84189.135,1041397.96,0.5,89100.454,258557.22,1.6,16361.195,173394.8,2,16502.128,41010.8,1.7,2008.287,76763.52,3.1,2019.363,20049.35,2.6,13915.277,160046.51,2.4,12745.187,55202.61,1.3,1407.163,100079.4,1.5,1390.317,33598.4,1.9,6132.129,100367.07,2.7,6376.549,33933.37,3.9,962.1,65603.84,0.7,1011.709,23997.06,4.5,2558.529,56225.75,3.2,2681.452,20661.12,1.8,314.55,22606.47,2.4,316.223,8998.93,2.7,2261.998,31782.47,4.5,2437.845,13657.82,2.7,299.021,20487.5,0.5,273.903,4131.5,5.2,296.005,5387.87,7.9,305.829,2023.51,1,927.787,53455.19,0.8,947.796,30825.3,7.4,612.351,22393.06,4.5,596.547,10879.13,0.3,31049.173,154213.81,1.7,28875.001,128238.14,2.5,28161.989,652656.88,0.8,29462.379,606643.77,3.1,276.846,11899.2,3.3,290.815,5764.72,2.2,44435.054,1854601.27,0.8,46538.709,936419.73,1.2,5886.551,226939.39,2.1,6363.821,125597.27,1.1,1719541,1.6,101.8,630039.52,2.2,97.6
7  Li  [ No Gas ] :  CPS RSD value = 5.04 is over the allowed maximum = 5.0052  Cr  [ No Gas ] :  CPS RSD value = 5.26 is over the allowed maximum = 5.00137  Ba  [ No Gas ] :  Concentration value = 158.55 is over the calibration range137  Ba  [ He ] :  Concentration value = 141.57 is over the calibration range138  Ba  [ He ] :  Concentration value = 151.36 is over the calibration range175  Lu  [ No Gas ] :  CPS RSD value = 5.94 is over the allowed maximum = 5.00,FALSE,080SMPL_20250514_Ac Series 575  to 858_rerun .D,14-05-2025 16:55,Sample,,MCS 625,28912.22,535834.08,5,30831.357,2435.99,2.3,2589.759,14802.76,4.3,2625.325,253.59,21.7,8437.883,282704.32,0.3,9278.036,10103.9,4,68662.561,3274617.13,2.6,65168.551,237991.54,1.3,54146.91,2527038.24,5.3,52870.888,287128.56,0.8,8728.227,443421.49,1.3,8763.638,88057.01,2.2,18079.033,233021.07,2.5,19332.427,60634.74,2.3,16090.432,446225.81,0.9,15887.681,124277.39,1.5,64970.092,587842.3,0.6,63391,83061.06,0.7,17635.042,458467.27,1.8,20499.386,23828.59,0.9,135000.486,6878315.62,1.3,123997.916,232884.36,2.5,59629.27,4551524.97,1.7,53568.091,156624.56,1.6,23770.335,1885735.06,1.6,24553.202,146318.21,1,5636.898,259063.27,0.7,5838.28,37323.21,1.7,507.549,9129.02,3.5,520.11,2456.03,10,<0.000,2062.24,2.5,<0.000,667.35,0.9,<0.000,323.66,31,<0.000,90.09,48.4,4602.274,83597.03,0.1,4915.304,12789.21,4.5,203.176,15204.25,3.6,131.295,2028.87,1.6,7317.115,495578.21,1.4,7758.988,41381.83,0.8,606369.663,4558868.46,1.8,541422.556,522682.22,1.6,578891.606,3771902.12,1,49590.177,3603352.84,1.4,45922.407,674300.68,2.3,100766.97,6498228.87,1.8,90521.357,1658860.95,2,10150.41,743490.58,2.1,10423.412,165593.33,0.2,38349.729,472908.85,1.8,39435.752,115291.37,2.4,7264.589,76937.46,2,7329.509,18401.81,0.7,1348.556,51878.64,4.2,1306.635,13246.9,4.9,6900.58,79341.34,0.9,6595.845,28888.76,2.6,910.765,65556.08,1.5,871.358,21663.68,3.3,5227.741,85358.46,0.4,5126.231,27534.51,1.9,909.857,61928,2.5,940.37,22509.52,4.9,2627.01,57482.53,1.2,2787.392,21596.96,0.3,316.828,22639.89,2.2,320.305,9149.2,3.2,2324.772,32518.35,2.4,2459.29,13858.29,3.8,286.082,19625.19,5.9,276.283,4181.57,4.6,203.983,3943.98,5.3,195.193,1416.76,5.9,1165.113,66316.72,3,1179.997,38292.39,4.1,634.343,22991.39,1.8,638.7,11603.83,0.8,28141.354,140813.04,0.5,26299.536,117720.21,3,27122.94,626342.15,2.6,27353.341,567250.72,1.4,245.04,10674.72,4.8,200.634,4337.45,2.6,20107.036,837179.19,3,20956.093,425216.71,1.8,3024.865,117231.46,3.9,3024.862,60858.79,3.1,1695698.36,2,100.4,627912.11,2.4,97.3
118  Sn  [ He ] :  CPS RSD value = 5.25 is over the allowed maximum = 5.00137  Ba  [ No Gas ] :  Concentration value = 190.22 is over the calibration range137  Ba  [ He ] :  Concentration value = 172.04 is over the calibration range138  Ba  [ He ] :  Concentration value = 184.88 is over the calibration range140  Ce  [ He ] :  CPS RSD value = 7.73 is over the allowed maximum = 5.00172  Yb  [ He ] :  CPS RSD value = 5.87 is over the allowed maximum = 5.00,FALSE,081SMPL_20250514_Ac Series 575  to 858_rerun .D,14-05-2025 17:00,Sample,,MCS 626,38995.468,714310.53,3.5,41235.248,3190.24,6.1,2169.14,12347.89,3,1969.121,186.85,3.1,11211.566,364868.42,1.1,12221.109,12949.19,3.5,97116.832,4580266.42,1,90002.571,322186.05,1,78978.931,3543651.57,1.5,73220.878,381142.31,1.2,15063.639,741589.64,1.1,15289.901,147168.56,1.3,29848.697,357987.9,0.3,29898.508,86821.22,2.6,27968.513,750647.71,1.1,28710.074,214633.17,1.9,109350.495,857452.35,1.3,102112.834,115705.9,1.2,22092.413,568447.96,2.1,27735.291,31589.16,2.3,209603.283,10569895.33,0.9,187471.66,345139.09,1.1,38229.148,3140966.29,1.5,34361.777,108488.36,1.3,24598.459,1932992.84,1.3,25279.92,147756.11,2.2,9667.202,420974.25,1.1,10185.003,60998.3,2.9,950.245,14024.96,1.8,916.126,3590.77,6.1,<0.000,2682.97,3.9,<0.000,834.2,15.2,<0.000,340.35,24.1,<0.000,63.4,65.7,6417.745,113619.5,1.9,6416.663,16163.03,5.2,292.353,17359.13,2.3,281.874,2499.42,4.8,11408.322,761941.76,0.6,11810.737,61526.28,1.3,731574.115,5446626.43,2.6,661623.287,626084.69,1.7,711038.979,4541979.07,0.3,89119.761,6409842.14,1.2,82998.278,1194856.65,0.8,183816.497,11743550.66,3.4,173137.849,3113216.35,7.7,18654.306,1350938.39,0.3,19086.347,296663.69,1.7,70430.99,860012.64,2,71904.133,206128.8,2.6,13560.52,141887.3,1.8,13960.033,34273.85,0.9,1870.058,70634.52,0.9,1774.579,17459.58,0.9,12028.982,136644.63,0.8,11455.541,49044.64,2.6,1450.27,101650.98,1.7,1370.233,32712.06,2.4,6539.15,105588.09,0.6,6728.196,35358.62,2.5,1027.444,68952.15,0.9,1052.711,24602.18,2.1,2774.059,60100.61,1.4,2901.555,22044.9,2.5,341.354,23963.6,2.5,331.247,9242.72,3.7,2395.507,33180.64,2.4,2532.216,13988.54,5.9,316.997,21272.76,3.4,301.375,4421.9,4.3,345.652,6078.18,4,331.106,2133.53,10.3,1596.522,89276.37,0.2,1635.159,51633.82,3.3,891.882,30930.19,1.5,905.985,15538.8,3.5,30627.906,150285.49,4.8,28230.706,123783.26,1.5,28288.658,646794.36,2.2,29464.197,598947.2,1.8,464.799,18520.78,3,403.165,7465.66,3.2,37063.098,1527152.94,1.5,39571.518,786510.81,1.5,5848.122,222497.93,1.4,6122.293,119373.73,0.6,1689171.83,1.9,100,619256.67,1.7,96
7  Li  [ No Gas ] :  CPS RSD value = 6.62 is over the allowed maximum = 5.00137  Ba  [ No Gas ] :  Concentration value = 324.98 is over the calibration range137  Ba  [ He ] :  Concentration value = 291.45 is over the calibration range138  Ba  [ He ] :  Concentration value = 308.04 is over the calibration range165  Ho  [ He ] :  CPS RSD value = 6.80 is over the allowed maximum = 5.00172  Yb  [ He ] :  CPS RSD value = 5.67 is over the allowed maximum = 5.00178  Hf  [ No Gas ] :  CPS RSD value = 6.13 is over the allowed maximum = 5.00,FALSE,082_QC2_20250514_Ac Series 575  to 858_rerun .D,14-05-2025 17:04,QC2,,SJS-Std,49750.35,977249.2,6.6,51909.048,4358.39,7.2,1525.648,9416,0.9,1948.907,200.2,36.1,9236.985,325845.22,0.4,10007.708,11593.26,4.3,112589.614,5698000.93,1.2,104059.688,405584.52,1.7,115791.236,5438250.56,2.5,110461.834,612075.58,0.9,11534.933,614446.19,1.1,11496.558,121551.09,1.4,70477.761,852300.11,2.7,74903.973,220820.18,1.2,31050.855,890586.63,0.6,32653.86,264360.53,2,91655.895,792870.53,4.2,87042.43,110127.05,2.7,15019.19,415686.52,3.4,16453.567,20466.26,3.4,100525.494,5447613.46,3.7,89950.792,180721.39,2.1,261133.799,18679439.06,3.5,239170.939,643256.28,1.7,14752.664,1246781.86,1,15169.568,96808.68,0.3,58328.481,2576756.06,3.6,62051.16,382790.37,0.5,3200.836,41932.63,0.9,3206.118,11256.16,4.8,215.927,9269.28,3.7,97.997,2409.31,3.4,386.602,2789.76,6.2,416.785,700.73,10.8,1405.583,30493.23,1.2,1414.457,4461.92,5.1,1354.086,46674.67,2.3,1336.227,6448.09,6.1,5205.998,376584.24,1.8,5213.773,29861.4,3.4,1186440.825,9471837.27,0.6,1064011.812,1095650.5,1.2,1124609.518,7814526.42,2.5,20136.063,1559088.73,1.8,20540.648,323093,1.4,40159.762,2758822.79,1,38399.425,753514.95,1.9,4569.984,357848.88,1.6,4631.586,79101.41,3.2,17871.122,234911.39,4,17864.034,55982.58,3.6,3433.053,38905.34,2.9,3574.385,9650.03,4.4,991.556,40950.6,3.5,852.702,9432.97,3,3402.947,41901.53,2.4,3413.871,16079.76,3.5,477.655,37918.48,1.5,452.721,12639.05,1.1,2903.798,50790.34,1.2,2969.46,17172.37,3.2,557.794,41306.26,4.5,562.882,14873.75,6.8,1711.493,40144.47,2.4,1757.089,14686.65,1.5,229.231,18087.92,2.1,229.043,7339.52,7.8,1692.265,25317.73,0.5,1678.596,10207.75,5.7,247.629,18308.49,3.9,223.815,3714.29,4.6,2222.303,37249.46,6.1,2206.612,13514.06,1.4,780.163,47879.04,2.7,867.702,30370.61,1.8,534.01,20902.1,3.8,528.883,10471.65,1.8,22222.922,119207.82,3.7,19641.112,94280.76,2.9,19265.224,475195.91,2.8,20861.278,463687.51,0.6,263.895,11999.28,1.3,226.694,5034.39,2.7,10198.982,452957.1,2.9,10815.995,235056.17,2.1,3485.343,143222.46,2.2,3492.381,74811.8,4,1721871.67,2.3,102,640581.14,2.7,99.3
9  Be  [ No Gas ] :  CPS RSD value = 5.95 is over the allowed maximum = 5.00137  Ba  [ No Gas ] :  Concentration value = 115.28 is over the calibration range137  Ba  [ He ] :  Concentration value = 107.57 is over the calibration range138  Ba  [ He ] :  Concentration value = 103.55 is over the calibration range163  Dy  [ He ] :  CPS RSD value = 5.84 is over the allowed maximum = 5.00165  Ho  [ He ] :  CPS RSD value = 7.34 is over the allowed maximum = 5.00169  Tm  [ No Gas ] :  CPS RSD value = 5.12 is over the allowed maximum = 5.00172  Yb  [ No Gas ] :  CPS RSD value = 6.40 is over the allowed maximum = 5.00238  U  [ No Gas ] :  CPS RSD value = 5.93 is over the allowed maximum = 5.00,FALSE,083SMPL_20250514_Ac Series 575  to 858_rerun .D,14-05-2025 17:08,Sample,,MCS 627,19706.719,377422.01,2.3,21832.303,1715.16,6.8,1906.494,11316,5.9,2030.596,193.53,46.4,6395.82,226299.36,1.4,7232.74,7873.54,7.8,42991.125,2117179.27,1,47257.363,171051.94,0.8,35247.352,1785414.06,1.2,37240.795,207719.18,1.9,5191.561,281274.44,0.8,5478.675,56368.19,2.2,11984.182,172031.26,2.6,13147.12,44046.74,1.7,12236.516,355381.91,0.6,12974.515,101930,1.5,33812.224,407840.37,0.8,35110.012,57561.69,2.2,13631.013,364879.52,1.9,16024.29,18464.77,2.6,122402.271,6412967.98,1.1,114055.382,212134.22,1,59394.225,4675347.54,1,53060.163,154362.6,2.5,16875.8,1378302.68,1.8,17987.014,106245.17,1.5,4235.796,207657.69,2.5,4518.398,29536.66,2.3,374.461,7900.31,5.6,382.65,2035.54,5.8,<0.000,2115.63,3.6,<0.000,697.38,7.1,<0.000,236.91,10.6,<0.000,66.73,17.3,3121.422,59982.61,2.7,3171.392,8441.25,0.9,126.396,13807.92,3.3,72.258,1841.98,11.9,6013.191,419953.37,2.1,6335.165,33557.64,0.8,448325.939,3468153.68,1.4,418326.223,400398.77,2.2,402718.675,2599312.81,3.1,32585.231,2435437.01,1.9,33832.966,492335.97,1.7,73188.585,4853903.92,1.4,66204.458,1201421.6,1.9,7492.048,565157.82,1.5,7758.199,122259.7,0.4,28913.413,366662.84,3,29892.71,86604.61,0.9,5367.63,58604,3.5,5804.243,14459.43,2.3,1241.599,49262.31,2.8,1233.517,12435.25,2,5048.868,59852.09,1.3,5156.209,22409.09,2.3,699.795,52542.13,1.5,683.379,17122.17,3.9,4044.159,68089.53,3.1,4352.015,23204.67,5.8,733.606,51875.71,2.9,749.888,18024.41,7.3,2129.919,48127.34,4.5,2269.063,17489.75,1.5,278.784,20865,5.1,290.291,8347.84,3,2068.318,29825.65,6.4,2190.856,12258.35,3.9,243.413,17593.48,1.8,258.946,3924.56,7.6,137.935,3020.38,11.8,165.351,1243.4,8.1,722.197,43104.97,1.5,789.129,25746.81,2.1,541.091,20611.32,4.2,546.401,10060.91,4.6,33617.551,166291.96,2,30964.229,136840.63,2.3,29291.588,695128.85,4,31946.255,654873.16,1.2,214.075,9840.7,3.3,203.462,4357.46,2.9,14612.153,626299.62,3.2,15882.417,319439.93,1.5,2190.456,87959.55,5.9,2320.412,46573.8,2.4,1772416.95,1.4,105,632207.66,3.1,98
118  Sn  [ He ] :  CPS RSD value = 5.18 is over the allowed maximum = 5.00137  Ba  [ No Gas ] :  Concentration value = 153.40 is over the calibration range137  Ba  [ He ] :  Concentration value = 139.78 is over the calibration range138  Ba  [ He ] :  Concentration value = 141.55 is over the calibration range209  Bi  [ No Gas ] :  CPS RSD value = 5.78 is over the allowed maximum = 5.00103  Rh ( ISTD )  [ No Gas ] :  CPS RSD value = 17.44 is over the allowed maximum = 5.00,FALSE,084SMPL_20250514_Ac Series 575  to 858_rerun .D,14-05-2025 17:12,Sample,,MCS 628,35242.934,634580.04,4.2,37994.494,2909.89,2,2969.813,16489.7,1.1,3220.812,300.3,8.8,11762.829,375373.59,1.6,12941.577,13553.71,3.6,96520.484,4475939.49,0.8,92182.202,326602.23,2.2,73744.087,3262359.55,3.6,68049.992,352699.18,0.9,11702.935,571463.1,1.7,12080.007,116167.49,1.7,27185.357,323605.3,2.8,27709.734,80532.48,2.3,29828.947,785674.85,1.6,30979.37,228715.35,2.9,71434.784,614235.92,4.3,66251.468,83772.81,1.7,20964.515,531215.14,2.9,24531.655,27663.14,0.7,185516.475,9184220.07,2.4,165955.598,302526.01,1.3,45464.101,3553487.66,1.6,40302.539,121758.92,0.5,24248.28,1873256.8,1.4,24971.895,144504.56,2,9745.803,417055.01,1.6,9952.192,59136.39,1,435.571,8190.77,0.4,439.688,2172.37,7.7,<0.000,2652.93,7.4,<0.000,824.19,13,<0.000,290.29,22.6,<0.000,56.72,40.8,6024.361,105239.52,1.6,6219.802,15538.3,5.2,491.429,22121.18,2.6,472.758,3130.2,5.6,10675.568,702058.23,0.7,10893.388,56216.28,1,601198.748,4403090.91,1,547847.993,513549.92,2.3,554761.527,3509785.63,1,53843.408,3803360.66,2.4,50620.37,721801.1,1.5,109194.478,6853756.06,1.3,97271.097,1731016.44,0.4,11067.881,788464.19,2.9,11415.16,176007.67,0.6,41974.803,503619.7,2.3,43417.55,123226.74,3.9,8107.907,83425.85,3.3,8312.496,20249.87,2.1,1491.273,55708.9,1.5,1476.926,14489.55,1.4,7653.783,85431.51,3.9,7254.489,30821.84,2.8,978.273,68283.27,2.9,948.244,22820.3,1.8,5478.489,87108.16,1.2,5485.254,28591.28,1.4,1004.312,66356.05,0.9,1002.719,23271.7,1.2,2859.258,60805.44,2,2827.576,21279.45,3.6,367.184,25143.82,3.8,360.788,9867.14,4.1,2511.996,34137.43,2.2,2653.571,14503,3.1,306.579,20313.52,3.4,313.957,4542.05,4.2,359.067,6204.91,3,335.498,2143.53,8.5,1373.78,75808.96,4.1,1380.914,43345.58,0.7,857.135,29525.18,3.8,857.785,14670.16,2.5,33499.973,162498.73,2.1,30937.988,134173.8,1.4,31296.699,700049.79,4.7,31546.826,634206.87,2,655.611,25045.76,5.8,669.287,11575.53,1.8,22161.366,897448.23,2.6,21665.15,426717.51,3.3,3738.9,141142.57,2.2,3995.04,77625.96,2.6,1727973.7,17.4,102.3,624517.97,0.8,96.8
137  Ba  [ No Gas ] :  Concentration value = 171.73 is over the calibration range137  Ba  [ He ] :  Concentration value = 161.01 is over the calibration range138  Ba  [ He ] :  Concentration value = 164.64 is over the calibration range165  Ho  [ He ] :  CPS RSD value = 5.13 is over the allowed maximum = 5.00209  Bi  [ No Gas ] :  CPS RSD value = 6.41 is over the allowed maximum = 5.00,FALSE,085SMPL_20250514_Ac Series 575  to 858_rerun .D,14-05-2025 17:16,Sample,,MCS 629,32209.199,617285.12,3.1,35123.287,2749.7,9.2,2243.22,13316.42,3.1,2159.031,206.87,45,9713.26,333042.91,0.5,11101.506,11923.88,3.2,73439.128,3623963.66,1.7,73123.196,264882.81,0.9,62437.799,2975792.15,0.8,59741.856,318629.98,2,11137.927,578963.56,3.3,11356.651,111733.84,2.1,20357.808,266453.8,1.3,21982.123,66991.58,3.5,20523.434,581906.91,2.3,22083.579,168513.27,2.9,58639.508,565594.91,0.4,59385.15,78592.72,1.5,19074.793,512881.37,1.6,24188.896,27877.22,3.3,166448.018,8771443.34,2.5,155472.662,289682.72,2.6,45359.847,3747682.48,2.8,39910.326,122534.75,0.8,20733.511,1702807.81,1.9,21950.719,129876.97,2.5,4645.38,225676.2,1.2,5009.141,32286.4,3.4,367.866,7780.14,2.5,395.156,2055.56,11.5,<0.000,1935.42,12.1,<0.000,560.57,26.3,<0.000,203.54,17.3,<0.000,46.71,49.5,4736.056,88827.62,1.5,4818.378,12445.15,3.9,86.714,12582.11,4.6,3.349,1568.34,4.1,9037.192,631682.02,1.9,9076.333,47937.91,2.1,650095.757,5056720.27,2.7,609541.968,583618.96,2.8,623265.129,4028228.44,2.4,75983.599,5709288.67,2.3,74308.696,1082219.25,2.3,156045.199,10411299.23,0.4,141819.987,2578243.56,3.8,15833.93,1198424.03,4.1,16468.62,259079.6,0.5,60946.674,777350.09,2.6,62071.987,179981.64,1.9,11205.563,122567.49,2.3,12076.434,30002.17,1.5,1639.086,64838.29,4,1683.063,16774.64,3.5,10084.608,119768.59,4.2,9873.852,42772.33,3.4,1173.018,86420.24,4.2,1155.884,28096.38,4.1,5376.492,90814.96,1.1,5882.422,31303.8,1.3,869.86,61338.14,1.7,914.725,21764.06,5.1,2337.995,53042.13,0.9,2490.309,19183.91,1.6,286.344,21419.88,2.8,294.275,8431.31,2.4,2023.316,29360.64,1.2,2056.256,11556.97,4.8,253.143,18235.03,1.5,264.394,3991.31,9,152.254,3247.1,6.6,157.154,1190.06,20.1,1141.064,67241.94,0.8,1231.203,39586.8,2.4,652.493,24358.63,4.9,723.731,12836.28,0.9,28215.5,140089.79,2.3,25492.086,113200.8,3.7,25173.506,602013.6,0.4,26411.279,543599.92,1.8,298.779,13057.08,6.4,298.224,5854.76,2.4,27983.755,1204894.58,1.6,30665.111,616762.68,1.1,4365.898,174070.98,3.5,4781.812,94595.72,3.4,1736774.12,1.3,102.9,616487.54,0.7,95.5
95  Mo  [ No Gas ] :  CPS RSD value = 5.91 is over the allowed maximum = 5.00133  Cs  [ He ] :  CPS RSD value = 6.75 is over the allowed maximum = 5.00137  Ba  [ No Gas ] :  Concentration value = 157.89 is over the calibration range137  Ba  [ He ] :  Concentration value = 147.11 is over the calibration range138  Ba  [ He ] :  Concentration value = 151.19 is over the calibration range181  Ta  [ No Gas ] :  CPS RSD value = 5.11 is over the allowed maximum = 5.00,FALSE,086SMPL_20250514_Ac Series 575  to 858_rerun .D,14-05-2025 17:20,Sample,,MCS 630,33005.615,652262.76,0.9,35521.559,2936.59,2.6,1973.805,12130.83,2.7,1997.314,203.54,37.2,9825.326,346619.82,2.3,10732.146,12181.02,0.4,81178.289,4130332.32,1.1,78156.729,299106.4,2,66702.462,3254908.04,1.6,61705.933,346291.29,1.5,11706.075,625808.47,1.2,12223.06,126517.95,1.5,26717.975,347699.01,2.6,27375.837,85407.12,0.9,28016.4,809406.05,0.9,29638.643,236256.77,2.6,67214.416,635183.62,0.5,64069.539,86680.99,0.6,19551.932,542447.81,2.6,22708.648,27659.89,2.1,159637.756,8678500.18,2.5,146206.867,287825.71,2.5,36675.127,3246070.14,1.3,32973.972,111172.91,0.9,19158.963,1623934.41,1.8,20168.148,126068.16,1.6,7576.514,360718.8,1.6,8097.759,52481.78,1.7,649.793,11326.27,5.9,646.353,2936.61,9.1,<0.000,2602.88,7.5,<0.000,930.97,7.5,<0.000,290.29,17.2,<0.000,43.38,48,5116.692,98453.18,2.3,5476.685,14813.4,4.1,237.859,16764.41,2.3,154.853,2145.66,4.6,10172.935,732668.48,1.7,10467.998,58302.02,6.8,580695.173,4661895.44,2.5,541055.728,547432.49,3,556033.806,3798964.49,3,56211.577,4359843.39,0.6,54462.259,838632.07,3.5,116325.472,8009902.63,2,104115.093,2000313.39,3,11885.901,928887.2,0.5,12360.662,205703,2.3,44983.533,592148.89,1.6,47402.889,145255.36,1.6,8829.188,99751.04,1.9,8928.296,23478.69,2,1453.092,59472.9,2.8,1444.796,15281.24,2.1,7893.114,96817.81,1.7,7463.292,34230.79,2.2,962.783,73679.69,3.7,937.464,24314.51,5,5000.097,87195.57,0.7,5002.777,28139.7,4.7,832.29,60607.18,0.7,841.03,21215.93,3.6,2249.314,52667.05,2.4,2340.598,19056.97,3.2,291.275,22342.47,2.5,267.232,8177.56,7.1,2058.185,30798.85,3,2151.442,12749.29,1.6,271.229,19895.91,4.8,265.192,4204.94,4.4,269.647,5261.16,9.9,262.828,1866.82,1.7,1241.62,75265.22,5.1,1283.551,43489.69,3,722.521,27448.29,3.2,723.582,13527.69,4,31678.586,165923.36,1.5,28255.966,132399.03,1.4,27776.549,684496.42,2.9,30312.587,658020.13,0.7,513.981,21786.15,1.5,501.396,9593.81,2.7,22270.318,990191.34,3.9,24038.492,510878.43,2.2,3832.657,157912.84,1.6,4083.637,85584.38,2,1741085.1,1.5,103.1,633266.86,3.3,98.1
137  Ba  [ No Gas ] :  Concentration value = 134.96 is over the calibration range137  Ba  [ He ] :  Concentration value = 122.29 is over the calibration range138  Ba  [ He ] :  Concentration value = 120.24 is over the calibration range147  Sm  [ He ] :  CPS RSD value = 5.02 is over the allowed maximum = 5.00163  Dy  [ He ] :  CPS RSD value = 5.76 is over the allowed maximum = 5.00165  Ho  [ He ] :  CPS RSD value = 5.11 is over the allowed maximum = 5.00,FALSE,087SMPL_20250514_Ac Series 575  to 858_rerun .D,14-05-2025 17:24,Sample,,MCS 631,21874.213,417677.31,0.6,24215.409,1925.4,8,2072.303,12234.35,1.1,2378.885,230.23,11.5,9251.538,315687.76,1.1,10074.743,10985.51,1,58929.753,2889077.52,1.8,57597.96,211340.65,1.3,45336.674,2211267.84,2.4,47967.917,263538.6,1.4,8779.044,457413.04,3.5,9132.842,91873.09,1.5,16252.762,218319.92,0.9,17248.24,55222.6,1.8,13007.973,374848.85,1.4,13323.029,105769.7,1.7,48189.349,493283.99,2.3,45825.951,67182.97,1.2,15938.263,425616.37,1,18863.381,22030.31,0.8,123754.109,6474853.62,1.2,110930.6,209371.17,0.9,63956.595,4949480.85,1.3,59404.739,170976.94,1.7,30673.326,2497060.24,1.5,31631.321,189212.24,2.8,5823.862,273456.66,1,6123.809,39051.63,1.6,508.25,9326.03,6.3,563.185,2586.18,1,36.743,4605.44,9.5,7.081,1478.23,12.6,<0.000,447.12,11.5,<0.000,73.41,20.8,3899.737,73415.59,3.1,4082.838,10785.32,0.7,199.274,15351.23,3,145.566,2062.24,7.7,6631.771,461628.37,1.8,6719.513,36057.1,2.3,508050.617,3923387.25,2.1,460338.236,446619.97,1.3,452616.837,2963913.61,2.4,46079.752,3437579.25,0.3,43554.168,642540.67,1.2,93128.712,6167068.75,1.9,86408.277,1590744.65,2.2,9649.516,725803.23,1.3,9896.083,157937.54,1.9,36285.485,459535.21,2.2,37709.534,110746.27,3.6,6977.906,75912.87,1.5,7530.853,18983.23,5,1481.781,58322.61,1.3,1395.17,14168.81,0.6,6972.623,82307.28,1.3,6837.965,30059.28,0.9,1017.308,74772.6,1,967.298,23996.92,2.4,6696.326,112043.02,2.9,6833.415,36774.02,5.8,1197.223,82765.38,1.2,1257.89,29835.44,5.1,3574.212,79978.17,2.6,3726.306,28855.51,1.2,439.751,31116.57,2.2,456.972,12512.14,2.2,3271.907,46737.52,2.1,3363.666,18899.95,1.4,398.855,26986.36,1.6,409.919,5910.68,1.1,189.786,3813.93,6.9,192.084,1400.09,12.5,951.269,55939.94,3,966.138,31680.52,3.9,533.658,20257.13,2.2,549.195,10207.85,3.7,34730.998,174122.49,1.6,32630.084,146227.8,0.8,31613.473,748234.82,3.6,32950.037,684759.11,1.9,259.728,11478.81,3.8,241.169,4997.7,2.4,17238.615,737205.93,2.6,17875.539,364524.95,3.5,2889.556,115097.73,0.9,3073.857,62080.11,1.2,1713367.9,1.1,101.5,620547.22,0.9,96.2
118  Sn  [ No Gas ] :  CPS RSD value = 9.03 is over the allowed maximum = 5.00141  Pr  [ He ] :  CPS RSD value = 6.38 is over the allowed maximum = 5.00163  Dy  [ No Gas ] :  CPS RSD value = 8.86 is over the allowed maximum = 5.00178  Hf  [ No Gas ] :  CPS RSD value = 5.19 is over the allowed maximum = 5.00232  Th  [ He ] :  CPS RSD value = 6.28 is over the allowed maximum = 5.00,FALSE,088_QC1_20250514_Ac Series 575  to 858_rerun .D,14-05-2025 17:28,QC1,,QC MES 50 ppb,53.15,3763429.79,1.8,49.842,15133.5,4.9,50.003,1076077.56,1.3,51.87,19072.29,2.4,46.167,5509857.37,0.4,43.705,178048.31,0.6,49.567,9077581.77,1.6,46.669,658738.27,0.7,49.249,8247352.79,0.8,44.918,890168.27,1.4,49.023,9126123.02,2.8,45.071,1662471.69,0.9,43.5,1860992.92,1.5,45.515,474176.95,1,48.592,4935829.9,3.6,45.699,1311187.2,2.1,42.605,1207948.6,1.1,40.904,168699.59,1.1,49.231,4910402.39,1.9,47.145,211247.44,1.7,51.762,10156467.11,1.2,46.125,335333.86,1.8,47.645,12584331.86,2,43.395,432332.97,1.7,52.58,16032770.72,3.2,47.783,1098987.56,0.9,50.201,7985648.21,3,46.639,1035827.33,1.3,46.543,2030914.98,2.7,48.666,570450.88,1.8,54.289,5067501.78,4.7,50.703,1784289.14,1.8,49.587,1055633.94,0.9,50.314,242583.55,1.5,51.355,3389776.56,9,48.927,465110.29,1.1,54.117,5288935.4,3.2,49.762,653577.21,0.9,52.753,13605697.81,2.3,47.958,978684.31,0.7,52.871,1541090.47,1.6,53.126,199876.78,0.5,51.843,1315717.7,1.4,53.37,14936438.13,3.2,48.901,2777634.62,1.3,53.07,13185468.41,0.9,51.389,3645496.65,1.1,53.25,14972277.31,1.4,50.552,3099053.54,6.4,49.383,2344404.15,1.9,49.809,562882.27,2.2,48.521,1969471.61,3.6,50.356,486426.1,1.2,55.946,8025495.72,1.6,50.023,1879564.57,3.4,49.244,2169016.68,3.9,50.858,856112.91,3.4,54.962,14553470.17,3.1,54.149,4903407.17,0.8,51.342,3205053.92,8.9,49.92,1027811.18,1.6,54.423,13685625.24,1.2,55.66,4891572.1,2.5,55.419,4605189.89,2.7,49.889,1470062.88,3,56.255,13618111.89,1,56.4,5324847.15,2.2,50.598,2681185.98,0.6,51.101,1086558.91,3.4,55.431,12729957.06,1.9,50.015,2486487.54,2.5,56.64,3368678.07,5.2,52.214,1131523.55,2.1,54.427,11577464.41,3.1,54.328,6617757.61,1.1,58.691,7225644.62,1.6,52.169,3203990.04,4,54.451,1043516.85,3,53.662,919417.44,2.2,56.432,4975849.92,2.5,52.893,4201721.94,2.4,57.182,8034739.26,3.7,52.85,3300249.64,1.6,57.84,9255849.62,3.4,58.703,4598744.17,6.3,57.983,8502932.53,2.3,62.196,4730889.55,3.2,1709393.98,2.5,101.2,636124.38,3.7,98.6
137  Ba  [ No Gas ] :  Concentration value = 102.10 is over the calibration range137  Ba  [ He ] :  Concentration value = 103.83 is over the calibration range159  Tb  [ No Gas ] :  CPS RSD value = 5.29 is over the allowed maximum = 5.00166  Er  [ He ] :  CPS RSD value = 5.66 is over the allowed maximum = 5.00169  Tm  [ No Gas ] :  CPS RSD value = 5.81 is over the allowed maximum = 5.00,FALSE,089SMPL_20250514_Ac Series 575  to 858_rerun .D,14-05-2025 17:32,Sample,,MCS 632,20531.253,401414.16,2.2,22921.545,1895.37,9.1,1263.822,7769.99,5.8,1075.799,110.11,24.1,7040.57,250874.96,0.3,7599.413,8698.2,4.1,57217.475,2870633.55,2.6,53971.778,205938.61,0.9,42177.546,2117338.38,2.7,43139.277,248287.89,2.8,7604.655,408179.14,2.6,7615.728,80364.51,2.9,16481.866,225159.24,1.5,17273.968,57243.08,3.4,15016.237,438309.77,2.2,15354.922,125406.37,1.7,38734.116,438412.76,3,36148.78,60148.87,2.1,13495.687,369125.03,1,15277.768,18571.6,3.8,123115.954,6590988.08,3.7,108016.429,211946.56,1.6,24487.494,2364911.17,1.1,24724.376,89987.51,1.8,14565.447,1216346.71,2.7,14507.31,90514.43,1.5,7615.299,356557.33,1.4,7907.61,51153.06,1.5,486.127,9202.46,3.9,472.951,2382.61,4.1,26.252,4355.1,1.2,7.304,1504.93,8,<0.000,266.94,33.6,<0.000,46.71,65.5,3475.407,67369.89,2.6,3606.149,9977.21,2.5,175.613,14833.44,4.2,164.147,2172.36,10,6558.398,467103.37,1.5,6684.52,37298.62,4.4,375394.987,2969717.12,1,381739.852,385396.61,1.5,365978.343,2494083.41,0.8,29747.129,2272446.67,2.1,31348.084,481183.33,2,70653.139,4789052.09,1.9,62844.771,1203526.37,0.3,7051.083,543534.89,3,7367.291,122447.13,3.9,27136.484,351826.57,0.4,27124.342,82906.6,2.7,5148.622,57427.37,1.9,5446.324,14309.1,1.5,895.365,36713.56,4,860.552,9299.45,1.6,4806.276,58222.56,0.8,4654.323,21346.2,4,607.673,46864.4,5.3,566.5,15137.61,3,3392.628,58478.2,0.7,3597.409,20253.45,4.2,603.911,43977.79,0.3,578.892,14907.11,3.8,1674.519,38812.44,1.4,1802.511,14723.42,5.7,221.208,17366.19,5.8,212.861,6758.61,2.8,1616.416,23913.59,4.4,1626.657,9693.54,9.8,205.007,15428.32,2.2,186.211,3133.54,2.9,275.952,5277.82,4.2,284.454,1986.84,7.6,850.902,51393.32,2.4,904.052,30871.95,2.7,511.79,19929.56,3.1,491.749,9626.78,1.6,22633.715,118553.98,0.2,19443.06,91201.01,2,20204.916,491844.98,1.7,21320.741,462980.3,1.4,242.088,11028.36,3.4,203.753,4540.87,6.5,13995.341,613060.07,4.3,14861.965,315219.43,1.6,2292.945,93887.46,3.6,2413.336,50972.55,3,1712371.12,0.5,101.4,630148.72,1,97.7
9  Be  [ No Gas ] :  CPS RSD value = 5.28 is over the allowed maximum = 5.00137  Ba  [ No Gas ] :  Concentration value = 158.09 is over the calibration range137  Ba  [ He ] :  Concentration value = 140.94 is over the calibration range138  Ba  [ He ] :  Concentration value = 151.67 is over the calibration range139  La  [ No Gas ] :  CPS RSD value = 7.47 is over the allowed maximum = 5.00157  Gd  [ No Gas ] :  CPS RSD value = 6.00 is over the allowed maximum = 5.00181  Ta  [ No Gas ] :  CPS RSD value = 6.53 is over the allowed maximum = 5.00,FALSE,090SMPL_20250514_Ac Series 575  to 858_rerun .D,14-05-2025 17:36,Sample,,MCS 633,27331.049,544775,2.8,29584.609,2442.67,9.3,2392.351,14712.62,5.3,2459.592,246.91,23.4,9960.958,353081.01,1,10762.755,12167.67,4.5,80408.971,4116560.42,0.3,78413.635,298895.3,0.7,63372.421,3122421.28,0.5,59313.702,332209.55,1.3,10836.079,584624.89,1.9,11259.439,116461.51,1.1,22665.86,302113.07,3.3,24220.169,76320.4,2.1,21191.669,622290.38,3.7,22574.061,180887.16,0.7,60132.181,590198.74,3.1,59851.7,82204.59,0.5,18272.442,510246.46,2.9,21053.334,25550.17,1.2,169177.16,9255873.39,1.7,156411.922,306691.07,2.3,51334.759,4281818.18,2.6,44385.536,139208.7,0.9,19548.665,1666565.84,2.3,20685.535,128810.6,1.6,8484.779,403149.5,4.2,9026.865,57807.15,1.5,358,7830.21,3,327.604,1918.73,5.7,<0.000,3330.44,4.5,<0.000,1107.82,6.4,<0.000,417.09,23.7,<0.000,76.74,32.8,4891.377,94890.11,1.5,5079.55,13741.13,2.6,390.164,20951.34,3.7,322.294,2719.69,0.4,8254.44,599639.35,2.7,8773.527,48782.17,1.9,577485.047,4664710.45,1.1,514818.396,519057.99,3.2,554007.887,3769506.29,2.6,42012.523,3284024.55,7.5,41754.406,640549.39,3.1,90762.917,6291775.12,2.1,79480.459,1521819.9,1.1,9070.624,713982.47,3.3,9501.787,157679.05,1.4,35398.913,469178.96,1.7,35463.655,108321.42,1.6,6418.629,73127.31,4.7,6957.827,18244.75,0.5,1240.431,51325.64,0.8,1171.448,12448.6,2.1,6309.561,78017.26,6,5853.787,26781.94,3.1,773.327,60137.17,1.2,776.059,20249.91,3.6,4555.948,80021.31,4.1,4593.172,25775.77,4.6,783.906,57583.53,2.1,786.046,19812.23,1.3,2220.962,52291.56,3.4,2297.718,18642.57,4.1,278.506,21617.07,3.2,274.251,8314.46,4.9,1937.437,29183.5,2.1,1985.783,11747.33,3.8,230.832,17402.91,3,242.014,3877.84,5.7,316.593,6068.18,4,310.464,2136.86,11.7,1159.098,70742.51,6.5,1192.731,40348.99,2.6,758.603,28849.65,3.2,796.641,14663.5,1.2,27367.884,142983.59,2.1,25094.633,117279.42,2.2,23979.741,595483.43,1.1,25527.823,552978.88,1.4,438.609,18961.39,0.4,452.767,8726.47,2.7,19768.927,884525.91,4.5,20367.006,431464.08,3.5,3025.895,126021.48,3.4,3333.068,69821.9,1.3,1740899.34,3.3,103.1,626129.96,1.2,97
137  Ba  [ No Gas ] :  Concentration value = 152.76 is over the calibration range137  Ba  [ He ] :  Concentration value = 108.82 is over the calibration range138  Ba  [ He ] :  Concentration value = 104.04 is over the calibration range153  Eu  [ He ] :  CPS RSD value = 5.22 is over the allowed maximum = 5.00163  Dy  [ He ] :  CPS RSD value = 5.02 is over the allowed maximum = 5.00169  Tm  [ No Gas ] :  CPS RSD value = 5.54 is over the allowed maximum = 5.00103  Rh ( ISTD )  [ No Gas ] :  CPS RSD value = 17.49 is over the allowed maximum = 5.00,FALSE,091SMPL_20250514_Ac Series 575  to 858_rerun .D,14-05-2025 17:41,Sample,,MCS 634,26462.105,415670.75,4,21552.928,1748.53,8.2,2295.71,11068.89,3.8,1893.171,186.85,27,10821.642,300580.43,0.2,9374.049,10434.49,2.5,80484.556,3229166.88,2.2,60550.71,226146.47,1.6,73830.69,2834948.08,0.7,53371.432,295891.45,1.3,9530.318,405736.53,3.3,7661.345,79273.48,0.7,20794.072,221841.9,2.3,16770.867,54984.34,0.4,14009.721,330325.63,1.4,11351.973,92878.26,0.7,69119.463,516662.46,0.7,48026.491,70566.66,0.5,19533.358,429293.25,1.7,19861.181,23601.28,2.3,130975.809,5613560.03,2.9,93673.256,180071.11,0.7,61925.321,3972461.84,2.2,41932.419,131253.52,1,24152.365,1610193.16,3.7,19951.926,121686.91,1.4,7672.015,289721.87,1.8,6319.41,40930.55,3.2,924.321,11610.12,3.6,676.784,2990.01,4,<0.000,2429.33,2.9,<0.000,837.54,12.3,9.472,463.81,17.3,<0.000,103.44,14.8,4790.109,73177.01,2.1,4026.81,10845.42,2.6,328.068,15367.95,3.3,165.957,2179.04,2.1,7693.21,439027.47,1.9,6442.562,35220.7,0.5,578658.819,3653036.8,4.2,412203.425,407360.94,2.1,394093.239,2628982.63,3.1,79892.473,4890910.5,1.1,61114.203,917162.4,1.7,164726.519,8935223.57,2.7,117651.779,2204670.4,4.1,16850.08,1041338.66,1.3,14117.8,228929.07,2.4,63861.917,664525.1,3.3,51954.252,155326.49,4.9,11965.74,106661.21,3.7,10301.027,26387.17,1,1846.505,59285.17,3.4,1429.453,14766.81,5.2,10704.061,103372.98,3.7,7972.612,35635.99,3.7,1198.167,71773.04,3.6,937.247,23716.29,3,6110.519,83913.45,2,4867.698,26755.33,5,1018.526,58370.67,2,844.041,20778.16,2.4,2969.052,54513.09,3.8,2458.135,19518.2,1.2,383.3,22746.83,5.5,305.457,8968.88,4.3,2812.816,33063.59,1.7,2339.914,13497.53,0.1,373.446,20835.03,4.4,276.938,4275.03,4.1,241.093,3807.26,3.3,203.57,1493.43,11.1,1183.965,57004.29,3.9,964.503,32195.3,4.8,600.268,18375.56,3.9,491.885,9469.83,2.8,28412.373,145293.07,2.7,26864.472,122858.76,1.5,33510.129,655190.81,4.4,26557.461,563167.27,0.3,301.143,10708.08,2.6,212.525,4620.89,5.2,34626.716,1220170.02,3,27375.712,567548.72,2.4,4602.84,148824.36,4.3,3939.19,80578.47,1.2,1448881.15,17.5,85.8,635686.92,1.5,98.5
137  Ba  [ No Gas ] :  Concentration value = 136.18 is over the calibration range137  Ba  [ He ] :  Concentration value = 123.31 is over the calibration range138  Ba  [ He ] :  Concentration value = 118.36 is over the calibration range147  Sm  [ He ] :  CPS RSD value = 6.55 is over the allowed maximum = 5.00165  Ho  [ He ] :  CPS RSD value = 5.15 is over the allowed maximum = 5.00172  Yb  [ No Gas ] :  CPS RSD value = 6.90 is over the allowed maximum = 5.00,FALSE,092SMPL_20250514_Ac Series 575  to 858_rerun .D,14-05-2025 17:45,Sample,,MCS 635,19296.648,404272.85,3.3,20857.473,1835.3,3.7,1691.427,10995.41,4,1607.49,173.51,31.8,5888.794,227177.88,1.6,6191.757,7579.73,5.3,40624.484,2190632.72,0.6,43400.666,176189.43,2.4,33243.099,1825388.99,2.1,34906.689,216758.35,1.8,4669.425,276694.87,1.9,4774.062,55121.83,2.1,10880.797,169702.51,4.3,11248.047,42496.51,0.9,13740.659,430437.27,1,14351.885,124603.21,1.6,37472.54,446466.83,2.2,36801.185,62589.2,1.4,13055.491,382929.69,2.8,14844.467,19193.11,1.6,116578.636,6688816.75,2.2,107979.559,225328.72,0.4,62265.993,5233294.76,0.5,55617.061,176109.09,1.7,11184.097,1001891.22,2.3,11833.909,78580.5,1.9,4650.203,242758.37,1.1,4824.477,34538.92,3.3,270.126,6841.99,3.9,291.081,1851.99,12,<0.000,2943.29,3.3,<0.000,971.01,7.2,<0.000,230.23,24.2,<0.000,53.39,47.2,4237.22,86502.41,3.6,4257.212,12328.28,2.9,140.98,14121.95,2,94.445,1925.41,10.3,5573.177,426020.14,1.4,5948.952,35310.83,1.7,464005.068,3930659.52,2.3,420158.757,450713.47,2.5,403310.263,2920851.27,1.2,31934.797,2613780.4,2.5,33651.022,549123.08,2.1,72609.744,5278746.05,2.4,64167.905,1306724.41,1.3,7325.89,604916.51,1.5,7689.634,135848.55,3.8,28016.372,389520.51,2.2,28720.381,93305.45,2.5,5299.034,63311.14,1,5262.091,14696.67,6.5,999.708,43619.06,2,995.181,11293.06,4.3,4707.689,61086.12,2.2,4443.329,21667.03,0.8,568.184,46971.83,3.2,551.015,15595.3,3.1,2887.171,53403.5,2.3,3045.952,18261.62,4.8,455.357,36038.09,1.3,477.689,13213.55,5.2,1338.507,33374.64,1.5,1446.31,12615.75,5,162.224,14225.7,1,149.102,5356.52,4.6,1283.039,20407.18,6.9,1318.512,8404.6,8.2,141.142,12054.63,3.8,154.721,2833.16,2.5,157.195,3533.84,1.7,142.576,1206.73,7.5,745.934,48407.84,0.6,764.053,27858.02,3.1,483.366,20130.11,3.8,471.417,9767.02,4.2,36449.262,201818.84,1.7,32639.37,161633.91,2,32052.453,831479.66,0.6,34301.947,787323.09,0.6,188.474,9490.38,2.4,160.489,3967.34,3.4,14083.042,661260.44,2.1,15147.121,341680.13,1.8,2033.095,89357.46,1.4,2161.76,48610.26,3,1702552.3,3.2,100.8,621244.37,1.6,96.3
137  Ba  [ No Gas ] :  Concentration value = 146.20 is over the calibration range137  Ba  [ He ] :  Concentration value = 121.02 is over the calibration range138  Ba  [ He ] :  Concentration value = 121.02 is over the calibration range138  Ba  [ He ] :  CPS RSD value = 7.34 is over the allowed maximum = 5.00147  Sm  [ He ] :  CPS RSD value = 5.23 is over the allowed maximum = 5.00175  Lu  [ No Gas ] :  CPS RSD value = 5.33 is over the allowed maximum = 5.00209  Bi  [ No Gas ] :  CPS RSD value = 5.95 is over the allowed maximum = 5.00232  Th  [ He ] :  CPS RSD value = 5.25 is over the allowed maximum = 5.00103  Rh ( ISTD )  [ No Gas ] :  CPS RSD value = 9.91 is over the allowed maximum = 5.00,FALSE,093SMPL_20250514_Ac Series 575  to 858_rerun .D,14-05-2025 17:49,Sample,,MCS 636,28215.865,491663.32,0.9,27988.362,2219.07,5,2315.447,12481.49,1.3,2068.116,200.2,13.2,8803.428,276608.28,1.8,8743.755,9566.33,2.7,65107.591,2918574.73,0.8,58195.112,213021.65,1.1,49040.714,2171309.29,2.1,45778.74,252332.82,2.1,10427.33,493672.67,2.2,9803.087,98089.57,2.4,20388.054,242496.11,3.3,19054.001,60034.56,2.9,20508.995,527689.54,2,19342.17,150062.27,0.9,63479.818,544188.6,1,55921.439,76535.69,1.6,16790.908,409873.19,1.6,18032.702,21021.04,1.1,168593.258,8071712.77,1.1,142640.003,268388.52,1.7,60798.04,4341772.2,2.4,48685.522,145166.43,1.7,29671.515,2210035.25,1.4,27887.957,166476.43,1.2,6156.239,263345.81,1.2,6022.667,38456.51,3.2,459.662,8070.58,1.1,384.669,2055.56,7.8,<0.000,2209.07,5.2,<0.000,800.83,10,<0.000,410.42,12.2,<0.000,70.07,28.6,4857.472,82552.78,2.3,4684.73,12254.79,3.7,198.245,14172.01,2.3,78.434,1855.33,0.8,7763.334,493113.31,1.7,7315.931,39118.98,2.7,559551.198,3958841.97,2.3,463196.235,448344.99,0.1,463164.514,3023814.34,7.3,53055.07,3617256.43,2.1,45925.021,675765.48,1.6,103722.225,6289637.57,2.4,84744.957,1556245.73,3,11124.131,764379.8,2.6,10408.24,165672.89,1,41696.716,483800.56,2.4,39044.722,114437.12,2.8,8201.46,81359.01,4.5,7754.639,19491.21,5.2,1482.087,53416.54,1.2,1361.045,13811.39,1.3,8058.325,86782.18,3.5,7013.951,30744.93,4.1,1058.849,71131.6,2.3,937.027,23254.81,0.4,6225.899,95322.61,1.7,5806.772,31216.92,2.9,1121.345,71065.53,1.6,1091.063,25996.35,1.4,3375.445,69159.81,1.1,3125.356,24214.35,2.2,431.952,28012.75,2.8,397.046,11039.27,3.4,3101.288,40603.28,0.6,2905.734,16340.41,2.4,397.945,24665.84,5.3,380.47,5530.13,8.5,201.602,3673.89,9.1,161.727,1230.06,7.2,1013.065,54570.11,3.8,961.71,31496.89,1.6,636.82,21667.6,1.1,604.998,11092.82,1.5,31976.91,160123.29,2.8,30672.688,137249.06,0.6,31281.42,678585.62,1.7,30318.069,629317.99,2,290.62,11558.89,6,264.261,5377.87,2.4,19546.688,765168.92,0.6,17826.583,362843.44,5.2,3034.814,110540.98,3.4,2980.781,60111.27,2.2,1605168.61,9.9,95.1,629511.03,1.7,97.6
9  Be  [ No Gas ] :  CPS RSD value = 5.48 is over the allowed maximum = 5.0052  Cr  [ No Gas ] :  CPS RSD value = 7.53 is over the allowed maximum = 5.00137  Ba  [ No Gas ] :  Concentration value = 139.85 is over the calibration range137  Ba  [ He ] :  Concentration value = 116.01 is over the calibration range138  Ba  [ He ] :  Concentration value = 114.69 is over the calibration range103  Rh ( ISTD )  [ No Gas ] :  CPS RSD value = 8.35 is over the allowed maximum = 5.00,FALSE,094SMPL_20250514_Ac Series 575  to 858_rerun .D,14-05-2025 17:53,Sample,,MCS 637,25624.219,436669.98,1.3,26939.725,2098.93,10.8,2415.087,12665.19,5.5,2825.816,266.93,13.2,10057.657,305859.19,0.5,10259.543,10965.45,3.4,68833.786,3012142.25,0.3,60132.199,216021.88,1.4,55547.941,2385135.5,7.5,49314.713,265909.16,3.3,7746.764,363986.57,1.1,7167.23,71831.44,1.5,19810.361,232029.79,1.4,19114.893,59398,2.3,17079.082,433151.5,2.7,15843.541,122250.47,4,64388.415,541142.95,1.5,52330.957,72800.96,0.5,19139.143,455701.17,2.1,25369.517,28974.03,2.4,140605.131,6570545.98,0.6,117876.689,217810.18,0.8,71489.496,4895660.15,1.6,57672.807,164716.61,2.6,30028.601,2182130.78,1.4,28257.665,165519,0.6,8094.477,331069.97,0.3,7757.483,47623.09,2.6,636.928,9806.84,3.2,604.021,2699.65,11,<0.000,2836.49,0.5,<0.000,814.18,7.2,<0.000,340.35,7.8,<0.000,96.76,52.1,4547.125,75751.22,4.5,4153.94,10768.63,3.1,196.446,14105.21,1.7,116.182,1998.82,1.2,8999.434,557048.96,2.4,8508.756,44595.6,0.8,553483.892,3818614.35,1.1,459143.171,436512.23,3.9,453884.828,2910121.48,1,145830.331,9680586.02,4.8,124441.79,1794775.04,1.8,291404.364,17247636,2.6,265122.355,4775291.24,2.4,29922.532,1999043.89,4.3,27733.753,431733.9,1.5,110029.584,1242668.19,0.8,104869.642,301204.85,3.6,21106.137,203975.19,2.1,19761.69,48588.37,2.1,2818.387,97550.54,4.2,2597.183,25360.92,1.1,16834.165,176665.9,4,14685.44,62916.35,1.8,1690.185,109221.24,3.4,1419.852,33983.21,3.1,7536.863,112560.09,3.3,7132.874,37603.94,4.9,1286.834,79202.57,4.4,1164.149,27200.09,3.6,3531.313,70609.38,0.4,3402.859,25835.91,3.5,447.546,28353.98,2.6,405.164,11072.73,0.9,3148.956,40195.16,1.7,2963.472,16353.8,2.8,402.611,24415.01,1,347.13,5029.4,3.8,263.615,4484.16,0.6,243.277,1670.12,11.5,1341.643,69809.44,0.8,1190.404,38001.64,1.3,595.99,20029.85,4.9,571.249,10414.9,2.3,32138.856,157935.62,2.3,31537.68,138446.3,1.2,33685.671,711359.28,3.1,31101.457,633467.53,0.7,347.296,13243.95,2.1,327.959,6328.34,4.9,55340.558,2109471.56,3.4,49875.363,993633.03,2.8,7200.765,252888.85,2.1,7350.126,143378.17,3.9,1616525.28,8.4,95.7,639046.57,3.2,99
90  Zr  [ No Gas ] :  CPS RSD value = 5.29 is over the allowed maximum = 5.00118  Sn  [ No Gas ] :  CPS RSD value = 5.97 is over the allowed maximum = 5.00137  Ba  [ No Gas ] :  Concentration value = 324.13 is over the calibration range137  Ba  [ He ] :  Concentration value = 298.17 is over the calibration range138  Ba  [ He ] :  Concentration value = 317.61 is over the calibration range140  Ce  [ No Gas ] :  CPS RSD value = 7.64 is over the allowed maximum = 5.00159  Tb  [ He ] :  CPS RSD value = 5.77 is over the allowed maximum = 5.00172  Yb  [ He ] :  CPS RSD value = 8.23 is over the allowed maximum = 5.00181  Ta  [ He ] :  CPS RSD value = 6.44 is over the allowed maximum = 5.00205  Tl  [ He ] :  CPS RSD value = 8.01 is over the allowed maximum = 5.00238  U  [ He ] :  CPS RSD value = 5.83 is over the allowed maximum = 5.00,FALSE,095_QC2_20250514_Ac Series 575  to 858_rerun .D,14-05-2025 17:57,QC2,,SJS-Std,49508.819,981845.44,3,53804.185,4461.86,5.2,1443.349,9018.67,5.5,1832.228,186.85,8.2,9132.103,325697.73,1.9,9988.65,11422.95,2.5,111359.434,5692521.7,1,107456.477,413208.94,0.5,118086.845,5599891.15,2.7,109218.155,597214.82,1.9,11251.002,605945.8,1.1,11871.413,123699,1.6,70768.127,864662.45,1.6,75185.486,218601.1,3.3,31344.487,907916.77,1.2,32372.422,258669.89,2.9,90055.15,790715.8,1,90194.237,111674.09,1.8,14983.783,418809.01,0.2,15872.011,19473.88,4.4,98439.328,5391850.2,2.8,91441.199,181224.05,2.4,261067.343,18858814.27,0.6,238267.539,632125.07,1.3,14770.521,1261148,2.1,15914.455,100170.55,0.6,62713.794,2798314.54,5.3,60931.244,370878.95,1.2,3040.825,40412.9,3.4,3296.202,11396.41,3.1,206.33,9112.34,0.9,102.393,2419.32,14.5,436.665,3113.5,6.3,350.743,603.95,21.4,1349.448,29757.58,6,1477.693,4565.39,6.2,1355.75,47177.12,2.8,1436.406,6718.49,5.8,5102.07,372997.17,0.8,5355.793,30259.54,2,1183345.651,9541677.53,2.1,1088569.655,1105520.49,2.9,1159535.441,7952272.7,2.5,20027.799,1566121.02,2.4,21182.304,328615.01,3.6,40598.459,2816086.3,7.6,40068.312,775339.51,1.1,4646.806,367446.13,0.5,4600.123,77520.23,2.2,17574.806,233267.44,1.9,18527.274,57229.89,2.7,3432.086,39307.02,1.1,3520.108,9379.55,2.9,984.948,41121.38,1.9,854.888,9326.18,1.9,3408.94,42386.84,1.3,3502.861,16276.9,0.8,477.261,38283.24,0.5,458.471,12605.73,5.8,2945.098,52016.46,2,3045.648,17359.39,1.2,575.357,42953.56,0.6,590.456,15318.04,1.8,1677.242,39749.68,2,1804.91,14873.8,1.9,232.191,18475.5,1.5,222.096,7052.39,5.6,1771.154,26738.76,0.4,1827.002,10932.47,8.2,228.913,17289.4,3.9,229.022,3737.64,3.6,2264.413,38319.36,4,2321.47,14007.91,4.6,787.478,48789.37,3.6,860.683,29732.39,6.4,540.879,21356.74,3.6,559.456,10835.71,8,22222.667,117547.98,3.9,19899.289,94180.55,3,19441.697,484228.15,2,20426.803,448029.48,0.9,259.803,11959.25,3.2,237.427,5147.77,4.6,10082.389,452304.13,1.6,10685.511,229223,3.1,3430.788,142487.78,1.3,3577.054,75506.7,5.8,1738886.96,0.9,103,631657.87,0.6,97.9
7  Li  [ No Gas ] :  CPS RSD value = 6.29 is over the allowed maximum = 5.00137  Ba  [ No Gas ] :  Concentration value = 183.87 is over the calibration range137  Ba  [ He ] :  Concentration value = 161.03 is over the calibration range138  Ba  [ He ] :  Concentration value = 168.88 is over the calibration range172  Yb  [ No Gas ] :  CPS RSD value = 5.52 is over the allowed maximum = 5.00172  Yb  [ He ] :  CPS RSD value = 5.26 is over the allowed maximum = 5.00,FALSE,096SMPL_20250514_Ac Series 575  to 858_rerun .D,14-05-2025 18:01,Sample,,MCS 638,38729.114,738629.12,6.3,43383.273,3507.3,2.8,5044.297,29394.02,0.6,5456.606,533.88,10.7,12253.632,412431.18,1.6,13673.292,15100.21,2.1,112001.021,5496436.45,1,107178.022,401077.91,0,107908.172,4940042.24,4.1,101846.296,544191.86,1,15696.273,802949.31,1.4,16211.92,162694.88,2.7,31489.516,390109.03,1.8,33224.515,99519.48,0.4,33843.31,939645.11,1.8,34651.838,269221.33,2.6,82098.06,712390.26,3.7,79548.605,99506.04,0.6,34510.566,923137,1.8,36961.679,43986.98,2.6,183483.709,9634344.36,1.9,167769.719,323006.61,2,27144.375,2511207.77,1.5,25408.731,90561.61,2.2,22350.164,1829157.96,1.3,23015.925,140737.67,0.7,7509.382,346067.52,1.5,7613.955,48620.06,3.2,675.925,11302.9,4.4,608.153,2769.74,9.9,<0.000,2659.61,10.5,<0.000,857.56,13.7,<0.000,310.32,42.3,<0.000,53.39,54.1,6556.995,120657.26,1.7,6586.622,17305.63,4.3,208.859,15598.44,3.1,158.784,2138.99,8.2,12896.456,896066.12,2.8,13105.487,71359.96,2.3,687663.381,5329090.98,1.9,602238.408,595997.84,3.1,631595.646,4219539.44,1.5,58082.969,4352007.12,0.6,55437.17,835156.07,1.5,125106.961,8321024.59,1.3,109787.602,2063503.04,2.4,12456.502,940210.13,0.8,12743.505,207480.63,0.3,46933.154,596983.59,2.3,48779.584,146185.66,2.9,9418.612,102762.33,2.2,9546.252,24551.74,3.5,1478.411,58474.09,2.4,1428.133,14800.27,2.6,8517.47,100856.96,3.9,8310.784,37269.2,0.9,1086.691,80023.52,2.8,1032.873,26089.96,3.7,5759.164,96895.85,1.5,5840.872,32146.76,3.6,928.601,65057.28,2.5,966.313,23679.43,1.3,2617.262,59074.79,2.2,2689.621,21389.79,1.1,339.143,24732.52,1.6,329.721,9593.32,3.4,2434.492,35111.17,5.5,2530.559,14596.53,5.3,315.542,21978.09,3.1,309.484,4715.63,5.1,249.904,4780.94,2.8,244.378,1723.47,13.5,1649.045,95924.22,4.3,1704.663,56207.14,1.5,891.181,32094.44,3.2,903.951,16170.23,3.4,33531.33,171843.87,2.3,30728.251,140695.5,1.4,30516.479,725889.9,3.2,31675.179,672727.86,1.4,719.279,28780.8,2.9,709.598,12843.46,4.5,26668.074,1144752.8,1.2,26772.068,556960.57,2,4433.934,176133.69,1.9,4784.169,97871.61,3.6,1710441.17,2,101.3,630094.92,3.2,97.6
52  Cr  [ No Gas ] :  CPS RSD value = 8.04 is over the allowed maximum = 5.00137  Ba  [ No Gas ] :  Concentration value = 127.64 is over the calibration range137  Ba  [ He ] :  Concentration value = 114.72 is over the calibration range138  Ba  [ He ] :  Concentration value = 111.96 is over the calibration range159  Tb  [ No Gas ] :  CPS RSD value = 5.50 is over the allowed maximum = 5.00166  Er  [ He ] :  CPS RSD value = 5.88 is over the allowed maximum = 5.00169  Tm  [ No Gas ] :  CPS RSD value = 5.27 is over the allowed maximum = 5.00172  Yb  [ He ] :  CPS RSD value = 5.31 is over the allowed maximum = 5.00205  Tl  [ No Gas ] :  CPS RSD value = 6.44 is over the allowed maximum = 5.00,FALSE,097SMPL_20250514_Ac Series 575  to 858_rerun .D,14-05-2025 18:05,Sample,,MCS 639,25823.675,492398.69,3.3,26471.931,2122.29,3.3,2377.995,13994.47,1.8,2356.085,230.23,15.7,9226.887,315212.64,1.3,9925.326,10932.04,3.3,64326.201,3152854.01,0.8,62797.813,232496.47,1.8,55073.094,2637974.75,8,53086.612,291955.17,0.4,8263.919,432403.61,1.4,8504.845,86720.4,1.2,17615.369,233982.51,1.9,18158.301,58235,2.2,12757.895,368465.82,1.2,13295.938,106600.07,1.2,54774.359,537423.1,1.9,52585.289,74177.07,4,17135.414,457596.33,1.6,20702.039,24390.15,1.7,107886.579,5648578.8,3.1,99421.724,189412.01,0.1,72463.834,5521754.27,2.3,66248.962,189487.12,0.6,25712.466,2094786.2,1.6,27323.013,164961.68,2.2,8794.335,399211.13,2.8,9353.282,58141.78,1.1,519.435,9492.98,3.7,607.381,2753.05,2.6,<0.000,2719.68,0.8,<0.000,887.59,11.3,7.455,563.91,19.6,<0.000,140.14,14.3,4217.771,79034.23,3.5,4282.951,11389.79,3.8,158.615,14399.15,2.7,130.578,2045.55,7.5,7019.862,488388.9,2.4,7274.995,39346.86,3.9,485288.42,3748363.47,1.7,436164.779,427135.16,1.4,425667.078,2813055.04,3,55212.034,4118638.96,0.4,53202.156,791809.31,1.3,110577.927,7322463.94,1.3,99815.786,1853891.97,1.6,11425.367,858899.45,2.6,11874.079,191102.17,2.7,43237.378,547530.29,1.9,45392.579,134497.66,1.1,8097.432,88006.41,2.2,8527.272,21683.64,3.3,1477.298,58165.27,3.6,1468.306,15023.99,4,7635.555,90105.43,3.2,7451.361,33046.53,4.9,1031.391,75763.76,5.5,1030.433,25735.49,3.9,5779.112,96833.2,1.6,5878.611,31962.67,2.5,1053.844,73203.39,2,1090.62,26287.22,3.8,3079.924,69055.75,0.2,3234.354,25327.75,5.9,427.457,30343.98,5.3,403.772,11323.17,3.3,2901.367,41513.95,3.7,3142.47,17847.39,5.3,394.929,26779.19,2.8,368.964,5436.63,5,275.862,5181.09,4.8,297.277,2010.17,9.5,1067.846,62602.02,2.6,1003.05,33174.64,4.6,537.526,20404.26,6.4,546.049,10267.95,4.3,32977.238,166975.14,3.2,31838.029,144006.66,2.3,31028.476,734767.09,0.4,31325.896,657304.71,1.9,293.245,12760.05,4.7,325.419,6428.4,2.8,22301.703,953618.93,2.1,22338.171,459177.13,2.9,3321.467,131986.45,1.5,3723.974,75590.05,1,1731026.6,1.7,102.5,632460.38,1.4,98
121  Sb  [ No Gas ] :  CPS RSD value = 7.83 is over the allowed maximum = 5.00137  Ba  [ No Gas ] :  Concentration value = 180.24 is over the calibration range137  Ba  [ He ] :  Concentration value = 153.79 is over the calibration range138  Ba  [ He ] :  Concentration value = 170.13 is over the calibration range103  Rh ( ISTD )  [ He ] :  CPS RSD value = 5.36 is over the allowed maximum = 5.00,FALSE,098SMPL_20250514_Ac Series 575  to 858_rerun .D,14-05-2025 18:09,Sample,,MCS 640,28265.588,512588.36,4.7,29788.409,2275.8,12.3,2285.155,12838.86,3.9,2446.481,230.23,30.4,10650.938,344277.24,0.1,11933.589,12468.25,4.4,88205.542,4110159.96,0.3,86143.132,303463.21,1.8,72661.303,3246993.46,1.9,67020.817,346364.33,0.7,12227.84,599714.43,1.4,12799.747,122304.83,1.2,24959.541,302762.69,2.4,25795.385,75393.87,3.5,21632.676,579628.86,1.2,22344.209,166308.35,1,73016.603,632466.61,0.2,68962.655,86278.47,2.2,19925.028,506379.85,0.3,24890.395,27927.33,3.5,187299.953,9325163.72,1.6,172856.741,313457.18,0.3,69221.794,5090775.06,1.5,62273.389,172820.21,1.9,24670.439,1914106.2,1.2,25967.579,149347.01,2.2,6654.45,295655.52,2.9,6952.304,42395.25,2.1,270.454,6464.76,4.8,240.381,1598.37,8.9,<0.000,1938.76,8.2,<0.000,710.74,13.4,<0.000,273.61,22.1,<0.000,70.07,0,5333.266,94215.75,1.2,5577.27,13934.83,3.6,191.192,15053.91,7.8,219.819,2319.2,5.4,8317.083,550187.56,2.5,8755.215,45054.48,3.8,721968.686,5306661.36,1.6,616005.64,574324.19,1.4,681476.31,4287693.01,0.8,87844.664,6238706.84,0.6,79670.275,1129174.44,0.8,175669.465,11073838.86,1.6,156421.72,2769148.01,1.4,17776.342,1271724.67,3.6,17872.452,273666.32,2.1,66366.503,799642.04,3,67635.725,191017.85,2.3,12629.556,130521.93,1.9,12830.852,30988.99,4.2,1842.355,68772.66,2.1,1710.77,16617.65,2.9,11354.288,127343.95,1.9,10515.902,44329.09,2.9,1353.866,94031.06,3.8,1260.551,29802.1,3.3,6737.501,107410.75,1.7,6840.232,35402.08,0.6,1007.755,66938.92,2.9,1043.656,24050.57,3.4,2660.039,56990.17,3.3,2676.353,20052.76,2.1,300.236,21246.04,3.6,282.867,8003.95,2.6,2067.609,28380.64,1.7,2107.773,11550.33,2.6,238.112,16497.51,3.3,226.964,3447.27,8.8,233.608,4340.77,5.7,229.182,1570.1,8.9,1340.685,74402.91,3.3,1359.973,42466.07,2.7,800.976,27812.72,3.1,874.682,14884.03,3.3,22579.58,109467.15,2.4,21239.834,92071.93,3,20140.693,456707.67,4.4,21323.905,428478.82,2.9,340.247,13911.34,0.1,318.835,6078.22,4.2,36480.407,1483906.3,1.6,38859.323,759702.59,4.1,4635.494,174709.99,2.2,4916.178,94604.03,3.4,1736903.99,2,102.9,636088.04,5.4,98.6
"7  Li  [ No Gas ] :  CPS RSD value = 5.12 is over the allowed maximum = 5.0051  V  [ No Gas ] :  CPS RSD value = 8.81 is over the allowed maximum = 5.0051  V  [ He ] :  CPS RSD value = 8.10 is over the allowed maximum = 5.0052  Cr  [ He ] :  CPS RSD value = 7.02 is over the allowed maximum = 5.0059  Co  [ He ] :  CPS RSD value = 8.49 is over the allowed maximum = 5.0063  Cu  [ He ] :  CPS RSD value = 10.66 is over the allowed maximum = 5.0071  Ga  [ He ] :  CPS RSD value = 8.66 is over the allowed maximum = 5.0085  Rb  [ No Gas ] :  CPS RSD value = 5.91 is over the allowed maximum = 5.0085  Rb  [ He ] :  CPS RSD value = 8.03 is over the allowed maximum = 5.0088  Sr  [ He ] :  CPS RSD value = 9.30 is over the allowed maximum = 5.0089  Y  [ No Gas ] :  CPS RSD value = 5.86 is over the allowed maximum = 5.0089  Y  [ He ] :  CPS RSD value = 7.35 is over the allowed maximum = 5.0090  Zr  [ He ] :  CPS RSD value = 10.36 is over the allowed maximum = 5.00133  Cs  [ He ] :  CPS RSD value = 9.20 is over the allowed maximum = 5.00137  Ba  [ No Gas ] :  Concentration value = 123.26 is over the calibration range137  Ba  [ He ] :  Concentration value = 108.92 is over the calibration range137  Ba  [ He ] :  CPS RSD value = 9.50 is over the allowed maximum = 5.00138  Ba  [ He ] :  Concentration value = 105.57 is over the calibration range138  Ba  [ He ] :  CPS RSD value = 9.62 is over the allowed maximum = 5.00139  La  [ He ] :  CPS RSD value = 12.63 is over the allowed maximum = 5.00140  Ce  [ He ] :  CPS RSD value = 6.71 is over the allowed maximum = 5.00141  Pr  [ He ] :  CPS RSD value = 14.87 is over the allowed maximum = 5.00146  Nd  [ He ] :  CPS RSD value = 11.26 is over the allowed maximum = 5.00147  Sm  [ No Gas ] :  CPS RSD value = 5.82 is over the allowed maximum = 5.00147  Sm  [ He ] :  CPS RSD value = 17.02 is over the allowed maximum = 5.00157  Gd  [ No Gas ] :  CPS RSD value = 5.96 is over the allowed maximum = 5.00157  Gd  [ He ] :  CPS RSD value = 11.82 is over the allowed maximum = 5.00159  Tb  [ No Gas ] :  CPS RSD value = 6.54 is over the allowed maximum = 5.00159  Tb  [ He ] :  CPS RSD value = 14.38 is over the allowed maximum = 5.00163  Dy  [ No Gas ] :  CPS RSD value = 5.48 is over the allowed maximum = 5.00163  Dy  [ He ] :  CPS RSD value = 9.92 is over the allowed maximum = 5.00165  Ho  [ No Gas ] :  CPS RSD value = 5.78 is over the allowed maximum = 5.00165  Ho  [ He ] :  CPS RSD value = 15.97 is over the allowed maximum = 5.00166  Er  [ No Gas ] :  CPS RSD value = 5.26 is over the allowed maximum = 5.00166  Er  [ He ] :  CPS RSD value = 12.78 is over the allowed maximum = 5.00172  Yb  [ No Gas ] :  CPS RSD value = 8.03 is over the allowed maximum = 5.00175  Lu  [ No Gas ] :  CPS RSD value = 5.16 is over the allowed maximum = 5.00181  Ta  [ No Gas ] :  CPS RSD value = 5.80 is over the allowed maximum = 5.00181  Ta  [ He ] :  CPS RSD value = 13.35 is over the allowed maximum = 5.00205  Tl  [ No Gas ] :  CPS RSD value = 5.35 is over the allowed maximum = 5.00206  [Pb]  [ He ] :  CPS RSD value = 13.45 is over the allowed maximum = 5.00207  [Pb]  [ He ] :  CPS RSD value = 15.10 is over the allowed maximum = 5.00208  Pb  [ No Gas ] :  CPS RSD value = 6.76 is over the allowed maximum = 5.00208  Pb  [ He ] :  CPS RSD value = 13.40 is over the allowed maximum = 5.00232  Th  [ No Gas ] :  CPS RSD value = 6.53 is over the allowed maximum = 5.00232  Th  [ He ] :  CPS RSD value = 12.66 is over the allowed maximum = 5.00238  U  [ He ] :  CPS RSD value = 18.33 is over the allowed maximum = 5.00103  Rh ( ISTD )  [ No Gas ] :  CPS RSD value = 6.46 is over the allowed maximum = 5.00103  Rh ( ISTD )  [ He ] :  CPS RSD value = 9.46 is over the allowed maximum = 5.00103  Rh ( ISTD )  [ He ] :  ISTD Recovery Percent value = 63.93 is outside the allowed range [80.00, 120.00]",FALSE,099SMPL_20250514_Ac Series 575  to 858_rerun .D,14-05-2025 18:13,Sample,,MCS 641,23811.907,439175.62,5.1,21716.161,1131.19,23.8,1671.124,9606.32,3.1,2013.097,126.79,24.1,7385.223,247885.28,3,9322.674,6618.27,10.6,54055.689,2570007.93,8.8,64318.619,152794.69,8.1,46452.717,2190643.2,3.7,54332.966,191495.8,7,7996.266,405258.38,2.7,9180.241,59888.04,8.5,16437.617,213876.68,3.1,19837.066,40267.77,4.3,15783.276,435297.31,4.6,18700.31,94521.66,10.7,47376.996,476312.25,3.6,57151.392,50442.68,4.7,14422.081,372520.57,4.7,19718.231,14910.03,8.7,132895.673,6725003.77,5.9,127162.815,155412.44,8,46021.328,3649175.54,4.5,41197.931,82754.39,9.3,19896.112,1569351.7,5.9,21833.527,84666.31,7.3,9188.474,402457.55,4.6,10188.533,40496.49,10.4,340.412,7219.23,3.3,428.538,1428.18,13.2,<0.000,2028.86,10,<0.000,447.12,14.9,<0.000,337.01,7.5,<0.000,36.7,56.8,3619.356,66343.71,4.8,4053.353,6955.52,9.2,173.367,14435.92,4.1,157.126,1394.81,22,6620.662,445708.77,3.8,6827.897,23732.75,9.2,475743.652,3552688.42,3.9,420416.056,264533.17,9.5,407485.027,1731104.55,9.6,54473.262,3926236.87,2.8,52922.337,507074.13,12.6,117240.906,7506213.11,4.3,99952.951,1190907.97,6.7,11433.683,830848.87,3.9,11765.853,122062.36,14.9,44770.222,547698.31,2.8,42951.899,81874.62,11.3,8181.66,86021.45,5.8,8205.003,13450.76,17,1300.507,49751.38,4.8,1170.311,7796.96,13.9,7709.57,87898.18,6,6904.522,19705.35,11.8,971.327,69300.34,6.5,831.758,13557.77,14.4,5012.196,81321.97,5.5,4730.125,16564.27,9.9,816.534,55465,5.8,726.438,11550.36,16,2166.463,47246.49,5.3,2084.444,10608.54,12.8,263.693,19173.93,3.8,217.249,4325.1,9.4,1856.031,25939.76,8,1720.16,6398.09,12.9,225.988,15946.19,5.2,182.83,1952.12,17,290.664,5264.48,12.3,258.229,1156.72,16.3,899.041,51329.56,5.8,794.844,17095.33,13.3,537.94,19802.56,5.3,455.358,5683.71,11.9,21279.978,69802.97,13.5,20024.756,58810.34,15.1,22563.893,519064.86,6.8,20375.666,277001.52,13.4,208.498,9293.57,5.2,135.299,2163.54,22,22987.446,951006.06,6.5,19824.757,262517.99,12.7,3300.95,126888.91,4.4,2843.281,37487.68,18.3,1700335.23,6.5,100.7,412503.21,9.5,63.9
"45  Sc  [ No Gas ] :  CPS RSD value = 8.68 is over the allowed maximum = 5.0051  V  [ He ] :  CPS RSD value = 7.93 is over the allowed maximum = 5.0059  Co  [ No Gas ] :  CPS RSD value = 6.84 is over the allowed maximum = 5.0059  Co  [ He ] :  CPS RSD value = 5.70 is over the allowed maximum = 5.0066  Zn  [ No Gas ] :  CPS RSD value = 5.02 is over the allowed maximum = 5.0066  Zn  [ He ] :  CPS RSD value = 5.22 is over the allowed maximum = 5.0085  Rb  [ No Gas ] :  CPS RSD value = 6.77 is over the allowed maximum = 5.0088  Sr  [ No Gas ] :  CPS RSD value = 5.50 is over the allowed maximum = 5.0088  Sr  [ He ] :  CPS RSD value = 5.79 is over the allowed maximum = 5.0090  Zr  [ No Gas ] :  CPS RSD value = 10.09 is over the allowed maximum = 5.0090  Zr  [ He ] :  CPS RSD value = 6.53 is over the allowed maximum = 5.00111  Cd  [ No Gas ] :  CPS RSD value = 5.15 is over the allowed maximum = 5.00111  Cd  [ He ] :  CPS RSD value = 6.68 is over the allowed maximum = 5.00121  Sb  [ No Gas ] :  CPS RSD value = 5.77 is over the allowed maximum = 5.00133  Cs  [ No Gas ] :  CPS RSD value = 6.93 is over the allowed maximum = 5.00137  Ba  [ No Gas ] :  CPS RSD value = 5.27 is over the allowed maximum = 5.00139  La  [ No Gas ] :  CPS RSD value = 5.34 is over the allowed maximum = 5.00140  Ce  [ He ] :  CPS RSD value = 5.10 is over the allowed maximum = 5.00141  Pr  [ No Gas ] :  CPS RSD value = 6.75 is over the allowed maximum = 5.00147  Sm  [ He ] :  CPS RSD value = 5.14 is over the allowed maximum = 5.00157  Gd  [ No Gas ] :  CPS RSD value = 7.40 is over the allowed maximum = 5.00157  Gd  [ He ] :  CPS RSD value = 6.90 is over the allowed maximum = 5.00163  Dy  [ No Gas ] :  CPS RSD value = 7.62 is over the allowed maximum = 5.00163  Dy  [ He ] :  CPS RSD value = 8.78 is over the allowed maximum = 5.00165  Ho  [ No Gas ] :  CPS RSD value = 7.05 is over the allowed maximum = 5.00166  Er  [ No Gas ] :  CPS RSD value = 5.03 is over the allowed maximum = 5.00166  Er  [ He ] :  CPS RSD value = 7.95 is over the allowed maximum = 5.00169  Tm  [ No Gas ] :  CPS RSD value = 9.70 is over the allowed maximum = 5.00172  Yb  [ He ] :  CPS RSD value = 6.05 is over the allowed maximum = 5.00175  Lu  [ No Gas ] :  CPS RSD value = 6.14 is over the allowed maximum = 5.00175  Lu  [ He ] :  CPS RSD value = 7.26 is over the allowed maximum = 5.00181  Ta  [ He ] :  CPS RSD value = 5.46 is over the allowed maximum = 5.00207  [Pb]  [ He ] :  CPS RSD value = 6.18 is over the allowed maximum = 5.00209  Bi  [ He ] :  CPS RSD value = 5.71 is over the allowed maximum = 5.00238  U  [ He ] :  CPS RSD value = 8.62 is over the allowed maximum = 5.00103  Rh ( ISTD )  [ No Gas ] :  CPS RSD value = 5.40 is over the allowed maximum = 5.00103  Rh ( ISTD )  [ No Gas ] :  ISTD Recovery Percent value = 31.19 is outside the allowed range [80.00, 120.00]103  Rh ( ISTD )  [ He ] :  CPS RSD value = 6.64 is over the allowed maximum = 5.00103  Rh ( ISTD )  [ He ] :  ISTD Recovery Percent value = 38.87 is outside the allowed range [80.00, 120.00]",FALSE,100_QC1_20250514_Ac Series 575  to 858_rerun .D,14-05-2025 18:18,QC1,,QC MES 50 ppb,31.457,686930.21,4.3,45.043,5379.78,1.8,55.212,365628,2,60.387,8761.6,7.8,62.399,2293502.57,8.7,57.93,92835.37,0.7,66.328,3738119.07,4,62.256,346275.43,7.9,62.449,3198086.95,4.8,56.392,436666.71,2.7,53.576,3072700.31,6.8,54.64,793718.96,5.7,50.05,657034.52,3.8,55.47,226770.34,3.2,49.769,1556858.84,4.7,56.535,638118.3,3.6,52.062,441897.13,5,53.711,83895.48,5.2,47.911,1470884.01,2.7,52.709,92994.83,3.5,52.118,3151124.77,6.8,48.524,138730.51,2.4,48.483,3941256.37,5.5,45.59,178521.32,5.8,51.054,4793789.84,4.5,50.024,452689.4,1.6,46.02,2259117.31,10.1,48.686,426399.85,6.5,47.366,636335.71,4.2,49.84,229961.45,1.6,47.69,1371901.28,4.9,49.706,689271.25,4.6,48.296,316746.55,5.1,48.522,92215.1,6.7,43.857,891593.13,1.1,45.469,170333.29,3.7,48.158,1450312.51,5.8,48.323,249728.15,4.6,53.16,4220713.12,6.9,45.537,366335.23,5,51.233,460219.84,5.3,48.389,71694.81,2.5,47.767,477730.75,3.3,52.801,4549722.86,5.3,44.443,994172.77,2.4,49.207,3765730.74,3.8,42.036,1175086.16,5.1,49.555,4295005.85,6.7,43.818,1057139.9,4.2,44.805,654956.52,3.4,41.338,183922.2,2.4,44.599,557276.31,3.8,43.067,163968.06,5.1,44.536,1966282.07,3.1,40.608,601509.81,4.1,43.671,592547.09,7.4,44.522,294965.49,6.9,47.005,3832312.11,2.7,40.412,1442498.81,5,43.422,834305.09,7.6,43.312,351598.08,8.8,45.396,3519627.24,7.1,39.498,1366941.89,2.6,41.405,1059204.65,5,41.76,484689.85,8,45.936,3432379.99,9.7,40.233,1495795.75,4.9,42.643,695566.11,3,42.222,353797.9,6,41.938,2966773.24,6.1,37.848,741422.54,7.3,43.636,798252.83,2.3,41.704,355552.44,2.8,39.07,2556159.55,2,38.146,1831669.87,5.5,41.905,1588787.33,3.2,41.198,995428.69,3.5,40.971,309575.42,4.5,41.335,278994.7,6.2,40.292,1093309.3,2,40.775,1276524.29,3.3,42.374,1833729.81,4.3,39.693,976159.93,5.7,39.98,1968368.37,3.3,38.858,1199699.65,4.1,39.524,1784645.27,4.1,39.449,1182621.29,8.6,526533.72,5.4,31.2,250783.03,6.6,38.9
137  Ba  [ No Gas ] :  Concentration value = 151.06 is over the calibration range137  Ba  [ He ] :  Concentration value = 153.28 is over the calibration range138  Ba  [ He ] :  Concentration value = 159.09 is over the calibration range159  Tb  [ He ] :  CPS RSD value = 5.59 is over the allowed maximum = 5.00181  Ta  [ He ] :  CPS RSD value = 5.69 is over the allowed maximum = 5.00205  Tl  [ He ] :  CPS RSD value = 5.17 is over the allowed maximum = 5.00232  Th  [ He ] :  CPS RSD value = 6.10 is over the allowed maximum = 5.00103  Rh ( ISTD )  [ He ] :  CPS RSD value = 8.97 is over the allowed maximum = 5.00,FALSE,101SMPL_20250514_Ac Series 575  to 858_rerun .D,14-05-2025 18:22,Sample,,MCS 642,29943.216,537359.82,4.4,37437.337,2662.93,4.7,2245.062,12474.86,0.5,2784.129,243.58,15.6,12308.159,389641.32,0.6,14038.313,13633.87,2.8,85867.062,3956245.11,2.5,93120.366,305835.03,1.2,72442.922,3200800.7,1.7,73117.299,349177.46,4.5,12710.992,614776.56,4.9,14457.023,128131.71,1.3,25718.929,307174.29,2.3,29924.274,79814.46,3.9,24450.937,644350.07,1.4,28285.889,194118.18,3.1,66108.623,581746.98,2.7,70865.538,81490.13,2.6,20494.526,515160.36,2.3,25567.718,26660.15,4.5,163095.587,8037620.34,2.7,162275.29,274316.64,0.1,51387.449,3909531.31,2.5,50329.489,134925.23,1.5,22546.933,1731612.5,2.5,25760.48,138219.23,2.6,12656.246,530724.32,2,15027.798,80902.78,1.8,757.188,11673.6,4.1,856.975,3143.53,9.9,25.456,4248.3,5.7,25.428,1531.63,13.8,<0.000,353.7,16.3,<0.000,60.06,28.9,5089.772,89136.6,3.9,5926.314,13764.48,2.7,271.416,16710.99,2.7,350.204,2546.15,2.8,9972.525,651354.35,1.3,11047.293,52825.1,2.1,597213.449,4343540.74,0.7,605994.317,527023.41,1.8,628961.436,3683079.75,2.8,37175.187,2613724.77,2.2,44210.744,584700.2,0.6,86130.375,5375772.34,3,85808.65,1413117.6,4.3,8771.133,621891.78,1.9,10277.69,147012.39,3.9,33635.116,401366.21,1,37855.499,99562.15,2.9,6448.328,66185.57,3.9,7591.662,17122.1,4.1,1316.648,49107.96,2.3,1452.187,13223.53,0.8,6237.638,69501.86,4.3,6946.889,27357.17,2.3,863.693,60348.76,2.7,943.402,21102.34,5.6,4818.096,76238.19,3.8,5671.24,27447.62,2.6,902.809,59534.48,0.8,1028.809,22058.3,4.8,2715.687,57510.26,3,3188.153,22201.99,1.9,351.227,24067.39,2.4,394.227,9887.14,1.7,2471.355,33445.28,4,3000.959,15131.05,4.6,335.211,21877.82,2.1,353.55,4655.55,6.9,459.95,7662.4,4.1,519.841,2917.02,5.3,1360.417,74604.05,3.8,1666.634,48190.61,5.7,716.522,24880.44,4.8,847.025,13507.69,5.2,38365.943,172208.82,3.1,34609.008,139160.22,4,30336.475,676876.57,1.7,35758.468,665732.31,3.9,449.629,17592.73,0.4,464.732,7795.88,5.4,17067.521,687961.63,2.4,19805.36,360888.62,6.1,3051.625,114519.1,0.6,3606.111,65227.44,3.6,1695943.86,2.6,100.4,587429.79,9,91
121  Sb  [ No Gas ] :  CPS RSD value = 5.53 is over the allowed maximum = 5.00137  Ba  [ No Gas ] :  Concentration value = 272.52 is over the calibration range137  Ba  [ He ] :  Concentration value = 230.76 is over the calibration range138  Ba  [ He ] :  Concentration value = 240.71 is over the calibration range165  Ho  [ He ] :  CPS RSD value = 5.35 is over the allowed maximum = 5.00169  Tm  [ He ] :  CPS RSD value = 7.43 is over the allowed maximum = 5.00209  Bi  [ No Gas ] :  CPS RSD value = 5.23 is over the allowed maximum = 5.00103  Rh ( ISTD )  [ No Gas ] :  CPS RSD value = 12.17 is over the allowed maximum = 5.00,FALSE,102SMPL_20250514_Ac Series 575  to 858_rerun .D,14-05-2025 18:26,Sample,,MCS 643,43365.509,829617.17,2.8,44079.383,3821.03,0.6,3098.614,18193.58,4.9,3432.136,363.7,31.9,15977.121,533347.32,0.6,16184.068,19105.99,1.7,138568.871,6806826.63,1.2,119741.826,480464.18,0.8,117204.682,5368140.65,1.2,97490.512,561357.39,2.5,20831.815,1060103.08,2.4,18960,203547.64,1,40443.046,494755.6,1.5,38661.635,123144.17,2.2,35014.562,973660.85,2.2,32540.311,271960.62,1.3,103429.869,863510.96,1.3,87827.683,116623.85,1,29759.492,797033.73,2.2,31693.23,40458.79,1.6,294160.726,15498827.19,1.8,251562.723,519257.55,0.8,102643.751,7594362.92,2.8,78551.055,239535.04,2.9,29202.481,2397351.1,1.7,28398.676,186132.02,0.5,6990.429,325653.98,3.3,6465.209,45174.4,3.3,615.842,10862.09,3.3,554.817,2856.51,8.4,<0.000,2706.33,4.7,<0.000,1021.06,8.4,69.273,940.98,7.4,44.612,223.56,11.3,7855.267,144070.71,1.7,7859.589,22030.89,3.9,282.35,18120.94,5.5,166.24,2429.34,3.3,12756.263,889404.43,0.9,12146.932,70957.68,1.4,1082446.221,8394301.61,2.5,916590.83,972061.73,2.7,956099.975,6844271.37,1.1,92612.791,6957047.9,0.9,82019.166,1324217.92,1.7,187497.017,12472560.92,2.7,168915.391,3404271.36,0.8,19267.669,1456447.7,1.7,18445.698,321684.57,1.4,73520.611,935984.56,1.6,68824.697,221226.26,3.4,13977.843,152556.7,1.1,13693.527,37693.97,3.5,2273.135,89124.16,4.1,2019.455,22228.52,4.4,12514.854,148152.86,1.9,11326.172,54368.28,2.9,1542.904,112476.65,3.8,1386.225,37145.42,1.5,7863.89,132182.76,2.6,7425.209,43746.84,2.1,1223.358,85257.92,1.2,1201.46,31340.66,5.4,3353.383,75482.49,3.2,3173.046,27006.19,3.5,409.387,29477.65,2.8,373.378,11536.96,7.4,2829.742,40734.2,4.4,2722.589,16858.33,3.8,355.751,24625.78,2.5,324.608,5306.46,2,260.964,4984.35,8.5,226.788,1766.8,7.5,2148.124,124630.63,2.3,2106.626,74269.61,3.3,1322.217,46518.25,2.5,1285.141,24097.82,2.8,28987.872,159578.4,1.4,26086.633,128481.6,2.2,28159.248,669954.49,4.6,27568.919,629190.71,1.2,437.097,18270.49,5.2,378.682,7976,5.9,39085.786,1675648.31,3.7,38731.023,863250.91,2.4,5620.825,223002.53,2.7,5410.698,118566.29,1.1,1839426.15,12.2,108.9,717279.29,1.9,111.2
9  Be  [ No Gas ] :  CPS RSD value = 8.00 is over the allowed maximum = 5.0063  Cu  [ No Gas ] :  CPS RSD value = 5.92 is over the allowed maximum = 5.00137  Ba  [ No Gas ] :  Concentration value = 138.43 is over the calibration range137  Ba  [ He ] :  Concentration value = 104.52 is over the calibration range138  Ba  [ He ] :  Concentration value = 100.46 is over the calibration range165  Ho  [ He ] :  CPS RSD value = 5.03 is over the allowed maximum = 5.00166  Er  [ No Gas ] :  CPS RSD value = 5.06 is over the allowed maximum = 5.00208  Pb  [ No Gas ] :  CPS RSD value = 6.74 is over the allowed maximum = 5.00209  Bi  [ No Gas ] :  CPS RSD value = 11.26 is over the allowed maximum = 5.00238  U  [ No Gas ] :  CPS RSD value = 5.68 is over the allowed maximum = 5.00238  U  [ He ] :  CPS RSD value = 6.17 is over the allowed maximum = 5.00103  Rh ( ISTD )  [ No Gas ] :  CPS RSD value = 20.61 is over the allowed maximum = 5.00,FALSE,103SMPL_20250514_Ac Series 575  to 858_rerun .D,14-05-2025 18:30,Sample,,MCS 641,27433.996,473951.27,4.4,24828.607,2195.71,8.7,1910.26,10224.06,8,1917.902,206.87,27.5,7733.109,243734.34,3.1,6871.747,8461.13,0.9,64334.578,2859360.3,4.4,51055.931,208228.53,1.1,55238.092,2414392.94,4.9,43544.326,268863.13,2.1,8931.992,422453.99,4.8,7572.967,85662.33,1.2,19307.223,230071.35,3.4,15686.95,57018.44,0.7,17755.023,455584.44,5.9,15039.175,131775.32,1.2,57388.605,506546.1,2.1,39415.143,68940.57,1.3,16220.671,393375.57,3.9,16776.862,21783.02,0.7,153780.485,7336844.98,1.4,112785.878,236487.33,1.6,54316.215,3937343.71,1.9,37117.231,130873.53,1,23092.891,1711392.07,2.3,19322.158,128629.23,1.2,10613.03,433536.71,2.1,8896.395,61162.81,2.5,479.819,8301.01,2.2,318.531,2072.25,8.5,<0.000,2436.01,12.8,<0.000,700.72,6.2,<0.000,360.37,29,<0.000,73.41,63,4204.678,71637.59,3.4,3466.102,10314.46,0.1,263.228,15832.26,3.6,73.061,2058.9,8.8,7685.003,484151.15,4.9,6381.701,38088.33,1.6,534294.005,3768737.91,1.9,403408.569,435150.54,2.7,387722.916,2823192.16,1.9,66373.776,4487200.02,4.9,50243.473,823261.6,1.3,135249.092,8150408.76,1.9,98727.32,2018939.57,1.7,13347.235,911654.99,2.6,11099.547,196722.69,2.3,51685.549,596216.45,1.9,42852.364,139783.45,1.4,9666.39,95170.24,4.6,8358.865,23391.66,3.5,1480.651,52930.71,4.6,1191.057,13547.52,2,9049.601,97222.24,2.1,7308.449,35666.23,3.3,1136.566,75512,4.5,883.606,24518.51,3.2,5769.536,88080.74,1.1,5063.355,30343.78,2.6,941.916,59729.22,3,766.744,20751.31,5,2595.371,52858.5,5.1,2184.008,18983.47,2.4,314.696,21165.94,3.5,254.705,8434.64,3.9,2227.787,29069.76,4.9,1847.571,11723.98,2.6,281.538,18144.81,3.2,229.694,4004.67,3.2,317.621,5344.53,2.9,296.431,2216.88,16.5,1055.247,56438.98,0.8,884.011,32352.3,3.5,654.283,22055.72,3.6,549.261,11380.1,1.5,23957.575,134076.06,2,22654.197,113340.48,1.4,26653.738,573937.57,6.7,22914.619,531401.71,0.3,264.813,10537.99,11.3,180.556,4490.84,5.6,26822.266,1046441.94,2.4,23665.924,535652.63,2.3,4070.287,146201.76,5.7,3584.749,80170.24,6.2,1652004.48,20.6,97.8,706801.46,1.4,109.5
139  La  [ He ] :  CPS RSD value = 5.79 is over the allowed maximum = 5.00178  Hf  [ No Gas ] :  CPS RSD value = 7.42 is over the allowed maximum = 5.00205  Tl  [ He ] :  CPS RSD value = 6.70 is over the allowed maximum = 5.00209  Bi  [ He ] :  CPS RSD value = 8.74 is over the allowed maximum = 5.00,FALSE,104SMPL_20250514_Ac Series 575  to 858_rerun .D,14-05-2025 18:34,Sample,,QC MES 50 ppb,46.759,3857232.76,2.1,44.323,15106.76,0.8,43.916,1100625.86,0.8,45.632,18841.77,3.2,39.726,5524778.12,1.5,39.291,179770.19,1.6,44.162,9420533.89,2.1,42.151,668243.38,0.6,43.976,8607080.22,0.6,40.831,911091.35,1.6,43.574,9446236.26,1.6,41.045,1700346.08,0.5,38.122,1904736.93,2.1,41.375,485106.76,1.6,43.772,5179934.63,1.6,41.212,1327986.85,0.3,35.891,1218805.99,0.8,36.707,173026.95,0.1,45.142,5241420.39,2,41.607,209325.89,1.2,45.945,10503057.66,1.6,42.878,350047.56,1,42.228,13073041.4,2.3,39.078,440361.96,1.8,46.878,16647383.25,2.4,43.707,1128955.78,1.4,45.3,8390455.29,0.8,43.042,1074341.03,3.9,41.32,2099684.59,3.8,44.499,585839.77,1.6,47.755,5195174.25,0.9,43.979,1737728.98,0.8,44.809,1110749.45,0.6,45.095,244207.46,2.4,47.147,3627421.49,2.3,44.598,476242.99,2.4,48.251,5491372.22,0.6,45.326,668578.03,0.6,46.819,14056086.53,2.8,44.01,1008478.43,0.2,47.231,1605139.21,2.3,49.303,208480.6,2,47.384,1351918.9,1.8,46.995,15311672.54,1.8,47.352,3020732.2,5.8,48.032,13901358.89,2.7,47.57,3790694.66,1.3,47.063,15410862.98,2.2,49.238,3384794.9,1.1,43.439,2401345.67,1.8,45.509,577871.36,3.7,43.503,2057083.08,2.5,46.448,503751.58,1.1,48.883,8167070.63,0.7,46.193,1950627.98,3.8,44.34,2274020.33,1.8,47.025,888313.97,0.6,48.756,15038984.43,1.4,50.046,5092060.61,2.6,49.677,3607773.41,1.8,46.972,1085801.64,0.8,49.046,14363867.23,0.4,51.151,5049809.93,0.3,49.175,4758068.81,2.5,46.601,1541704.68,1.7,49.552,13970687.38,0.9,51.394,5450212.1,2.2,44.058,2718881.59,2.1,47.167,1126295.8,0.5,51.248,13703018.46,0.7,45.11,2516921.51,1.3,47.528,3291855.16,7.4,48.756,1185988.03,2.6,50.359,12472295.65,2.4,49.31,6746041.36,1.8,51.07,7321820.38,0.8,51.723,3561834.44,6.7,49.146,1057918.52,3.7,50.597,973224.81,2.6,51.97,5335060.18,1.6,48.942,4366692.01,2.2,50.865,8322582.58,1.3,49.737,3491904.43,8.7,52.11,9716796.81,2.3,53.869,4737857.56,3,52.285,8926239.38,1.2,56.534,4830301.98,3.3,1990262.3,2,117.9,713982.66,2.4,110.6
137  Ba  [ No Gas ] :  Concentration value = 188.02 is over the calibration range137  Ba  [ He ] :  Concentration value = 128.63 is over the calibration range138  Ba  [ He ] :  Concentration value = 138.55 is over the calibration range146  Nd  [ He ] :  CPS RSD value = 5.86 is over the allowed maximum = 5.00159  Tb  [ He ] :  CPS RSD value = 5.47 is over the allowed maximum = 5.00163  Dy  [ No Gas ] :  CPS RSD value = 5.71 is over the allowed maximum = 5.00166  Er  [ No Gas ] :  CPS RSD value = 7.70 is over the allowed maximum = 5.00172  Yb  [ He ] :  CPS RSD value = 6.27 is over the allowed maximum = 5.00181  Ta  [ He ] :  CPS RSD value = 5.60 is over the allowed maximum = 5.00103  Rh ( ISTD )  [ No Gas ] :  CPS RSD value = 20.70 is over the allowed maximum = 5.00,FALSE,105SMPL_20250514_Ac Series 575  to 858_rerun .D,14-05-2025 18:38,Sample,,MCS 642,39842.294,631684.59,1.5,30522.788,2642.91,3,2803.116,13693.86,4.5,1985.492,210.21,9.5,12721.795,355855.97,1.6,10293.919,12257.85,1.4,100330.306,4094800.96,0.9,74950.708,299947.25,2.4,88328.378,3406373.99,1.9,59169.208,350093.83,2.1,14659.053,626108.13,1.5,11639.332,126676.92,2.8,31484.383,325086.75,2.6,24051.71,80485.62,3.3,28705.896,668655.77,2.2,22958.816,193613.32,1.1,86100.286,622323.65,0.9,54455.481,83233.01,1.1,24347.844,541903.15,0.9,21281.374,27131.56,4.2,198548.008,8697472.49,2,136371.132,280833.7,1.8,64166.775,4163742.4,2.4,39715.562,136216.85,1.8,26753.635,1824224.96,2.9,21425.058,140040.27,1.2,15761.163,579161.01,1.7,12567.604,83223.58,2.7,970.372,12478.46,3.1,688.059,3280.37,5.7,86.462,5039.37,4.4,19.39,1811.94,10.8,<0.000,363.7,15.7,<0.000,46.71,24.7,6252.426,96217.44,0.6,5036.35,14382.49,4.4,427.894,18194.44,1.3,204.103,2552.81,0.4,12212.995,705810.94,2.4,9644.469,56273.65,2.2,743319.275,4777279.89,2.8,508536.541,538313.52,0.2,547748.14,3914131.33,3.2,45989.308,2860805.71,1.9,36106.614,581637.56,0.2,111299.204,6153934.99,0.8,74362.464,1495034.26,2.3,11001.23,691228.7,0.4,8310.289,144937.82,2,41952.409,443912.57,0.3,32530.277,104420.66,5.9,8107.949,73392.61,3,6296.253,17345.98,2,1681.5,55172.47,0.5,1174.266,13150.04,3.4,7731.847,76212.81,0.8,5846.163,28112.85,4.4,1091.953,67109.39,2.2,754.867,20841.47,5.5,6281.673,87259.78,5.7,5072.448,29882.25,0.6,1146.812,66596.34,2.8,864.934,22860.51,2,3358.006,62254.15,7.7,2631.498,22389.15,4.8,439.575,26143.56,0.7,339.05,10575.1,1.6,3276.749,39013.5,2.5,2504.871,15461.79,6.3,431.504,24395.19,3.3,323.904,5283.1,8,612.933,8819.85,0.2,432.58,3013.71,10.7,1717.866,83141.48,1.5,1375.593,48809.48,5.6,996.506,29702.32,0.7,769.661,15037.61,4,32802.196,179785.75,3.8,30263.63,148134.34,3.2,38781.655,765634.36,2.4,30817.241,699805.25,0.5,568.556,19328.67,3.3,420.159,8679.79,2.2,22236.723,793287.95,2.3,17469.308,388797.67,1.4,3848.632,127400.18,1.1,3209.383,70772.1,2.2,1550894.12,20.7,91.9,711637.52,3,110.3
137  Ba  [ No Gas ] :  Concentration value = 254.99 is over the calibration range137  Ba  [ He ] :  Concentration value = 227.01 is over the calibration range138  Ba  [ He ] :  Concentration value = 240.19 is over the calibration range140  Ce  [ He ] :  CPS RSD value = 7.14 is over the allowed maximum = 5.00172  Yb  [ No Gas ] :  CPS RSD value = 5.09 is over the allowed maximum = 5.00175  Lu  [ No Gas ] :  CPS RSD value = 5.86 is over the allowed maximum = 5.00,FALSE,106SMPL_20250514_Ac Series 575  to 858_rerun .D,14-05-2025 18:42,Sample,,MCS 643,41388.9,799373.6,3.2,43250.633,3587.4,3.4,2908.368,17338.25,1.7,2832.242,286.96,14.5,15039.553,508931.73,0.4,15939.528,18013.38,3.1,126364,6280027.75,1.3,119445.643,458614.35,3.6,105688.985,4920728.97,1.2,93350.403,515261.57,1.8,19152.733,988472.54,1,18925.795,194442,2.5,37113.69,461430.53,1.1,37175.251,113695.25,1,32678.597,921414.12,2.4,32336.16,258626.69,2,96166.777,824876.86,1.8,86336.749,110169.87,1.5,27791.181,753304.09,0.9,32087.784,39190.39,3.1,276043.359,14679820.27,2.3,241533.666,477044.02,0.5,93559.656,7075695.92,0.2,80175.826,233336.99,2.1,27050.115,2241735.07,1,27226.297,170760.6,2,6309.554,300686.58,3.4,6441.975,43067.42,0.6,546.91,10140.76,3,517.82,2616.22,3.6,<0.000,3010.04,8.8,<0.000,1027.74,17.4,44.006,807.5,11.2,28.91,193.53,15.8,7603.379,141274.79,3.6,7515.28,20199.45,1.6,194.572,16052.79,4.7,170.308,2339.22,1.1,12521.871,882021.76,3.6,12436.263,69508.08,0.9,1012805.134,7940727.83,2.6,901662.982,914826.18,2.1,953996.309,6535216.27,2.3,88450.011,6712677.48,2.7,79907.457,1234435.95,0.7,177601.673,11959118.73,1.4,166514.006,3211023.74,7.1,18047.483,1378810.22,1.4,18193.697,303581.42,1.4,69715.687,897477.82,0.7,68700.615,211274.31,3.4,13075.467,144347.09,1.1,13158.062,34675.56,2.5,2087.259,82945.27,2.9,1903.88,20076.07,2.1,11646.756,139537.03,1.1,11085.864,50930.54,3.8,1459.555,108013.43,1.5,1324.546,34016.92,3.7,7166.212,121955.49,0.4,7272.411,40994.66,2.6,1182.325,83323.61,2.8,1151.372,28795.26,4.9,3078.039,70243.39,1.8,3095.593,25214.04,4.8,386.532,28320.51,2.2,358.219,10651.9,3.7,2602.166,37972.55,5.1,2610.703,15478.45,1.9,339.886,23923.64,5.9,318.743,4999.35,1.9,232.919,4620.88,4.7,211.699,1600.11,7.8,1995.619,117204.6,0.7,2073.296,69930.24,2.5,1263.97,45115.26,2,1257.525,22593.49,1.7,27884.512,146960.02,1.3,25827.361,121731.84,2.8,26140.493,631218.93,2.1,26812.414,585610.08,1.6,421.414,17936.61,1.8,405.784,8092.71,4,36401.075,1581617.71,3.2,36015.172,768142.6,4,5217.148,209649.47,3.9,5318.635,111540.66,4.2,1840031.75,2.5,109,686131.32,0.3,106.3
90  Zr  [ He ] :  CPS RSD value = 5.06 is over the allowed maximum = 5.00137  Ba  [ No Gas ] :  Concentration value = 153.11 is over the calibration range137  Ba  [ He ] :  Concentration value = 135.16 is over the calibration range138  Ba  [ He ] :  Concentration value = 143.99 is over the calibration range169  Tm  [ No Gas ] :  CPS RSD value = 5.26 is over the allowed maximum = 5.00238  U  [ He ] :  CPS RSD value = 5.69 is over the allowed maximum = 5.00,FALSE,107SMPL_20250514_Ac Series 575  to 858_rerun .D,14-05-2025 18:46,Sample,,MCS 644,27311.925,579490.57,3.7,28100.927,2549.46,4.2,1628.792,10771.66,4.7,1524.996,170.17,21.2,7954.773,305086.89,0.7,8563.309,10721.68,2.9,66145.014,3607649.22,1.3,60831.849,255063.97,0.7,54763.427,2908675.14,0.6,49302.315,307978.85,0.9,7792.184,454349.08,0.5,7713.322,89370.41,1.2,18147.958,265427.53,1.3,18462.079,66437.93,2.7,18232.955,573332.75,0.8,18192.651,161790.73,1.6,52765.042,575550.67,1.4,48661.795,78784.22,1.1,15970.328,474964.06,0.8,19253.85,25693.95,1.7,147544.917,8593541.06,1.5,130763.53,281922.44,1.5,37354.695,3520256.62,1.4,31397.552,117106.89,0.6,19588.005,1777292.03,2,20037.703,137189.96,1.3,5288.497,278478.96,1.2,5559.756,40793.56,5.1,393.445,8785.11,3.7,365.6,2239.11,6.9,<0.000,2402.64,4.7,<0.000,924.29,8.2,<0.000,240.24,25.3,<0.000,53.39,28.6,4429.768,91916.41,4.2,4583.917,13711.04,2.9,134.043,14850.13,3.2,87.84,2075.58,10.5,8367.632,646314.27,2.5,8750.771,53475.3,0.2,558410.024,4801882.52,2,492958.742,546371.38,1.6,525182.063,3928465.35,2.2,64286.645,5338667.32,2,60387.11,1017567.47,1.8,133993.172,9878566.92,2.8,115516.707,2430143.33,0.6,13467.335,1126667.43,1.6,13788.65,251091.64,2.3,51917.074,731775.55,0.6,52093.414,174768.28,2.1,9642.641,116615.26,1.7,9877.954,28410.43,4.5,1334.454,58614.52,2,1287.325,14973.89,2.7,8611.003,113026.18,1.8,7958.654,39933.41,0.9,1046.571,85512.03,2.2,975.315,27597.9,3.3,5073.027,94641.02,3.5,5177.025,31902.5,1.7,821.985,64151.37,3.5,818.398,22616.39,2.5,2114.965,53065.4,1.5,2190.001,19558.19,1.1,253.731,21219.26,5.3,252.2,8521.46,3.2,1795.041,28852.32,3.2,1828.24,11917.66,3.7,230.951,18549.11,3.6,228.999,4068.09,4.3,173.429,3927.3,6.5,184.606,1540.1,9.4,1109.753,72233.17,2.2,1114.217,41519.53,3.3,608.44,25211.31,3.6,616.482,12839.65,3.4,26453.612,151981.19,3.4,23988.117,123291.15,2.9,24171.34,638848.98,1.1,24971.087,594727.72,2.1,317.422,15119.44,2.6,286.693,6515.13,4.3,26734.397,1272242.72,3.6,27378.623,637119.33,4.3,3874.348,170949.71,1.5,3951.065,90681.14,5.7,1850148.85,3.4,109.6,687161.17,0.7,106.5
137  Ba  [ No Gas ] :  Concentration value = 296.41 is over the calibration range137  Ba  [ He ] :  Concentration value = 273.17 is over the calibration range138  Ba  [ He ] :  Concentration value = 285.07 is over the calibration range140  Ce  [ No Gas ] :  CPS RSD value = 6.01 is over the allowed maximum = 5.00209  Bi  [ No Gas ] :  CPS RSD value = 6.84 is over the allowed maximum = 5.00,FALSE,108_QC2_20250514_Ac Series 575  to 858_rerun .D,14-05-2025 18:50,QC2,,SJS-Std,42779.7,940708.34,4.1,50245.707,4531.97,3.4,1312.68,9125.49,2.2,1529.894,170.17,15.6,8065.855,321784.34,0.3,9339.559,11636.69,0.6,101803.682,5771124.05,1.7,97079.569,405848.32,2.7,105338.406,5563373.8,1.9,101019.404,602507.89,1.9,10071.04,604133.46,2.2,10700.382,121703.22,3.1,63480.172,863627.35,1.9,69043.481,219080,0.5,27500.422,886388.97,1,29360.56,255742.52,0.7,77979.385,786842.34,1.1,77786.491,108619.42,0.8,13762.326,426471.03,0.6,14824.604,19781.26,0.6,90505.079,5496074.42,0.5,83066.79,179018.28,1.3,239140.857,19213683.72,0.8,217706.776,630417.66,1,13446.596,1272163.18,2.5,14044.945,96160.75,1.1,59721.395,2955955.27,2.8,56654.612,375221.06,2.9,2866.051,42414.64,2.2,3063.302,11580.06,1,177.25,9255.94,2.3,87.418,2472.72,4.5,351.363,2886.55,10.4,344.991,647.33,11,1227.137,30456.67,4.9,1211.078,4214.92,0.9,1212.44,47980.51,2.3,1294.097,6748.54,2.6,4550.075,369401.31,0.4,4706.277,28985.21,3.6,1082132.384,9672630.98,1.3,997282.681,1101157.83,0.3,1040740.383,7760627.73,2,18037.515,1563956.98,1,19339.133,326235.72,0.4,37630.348,2892970.89,6,35873.254,754734.94,0.9,4141.852,363489.24,1.9,4314.814,79114.61,1.6,16081.971,236578.78,3.1,16957.014,56958.28,1.8,3158.473,40180.78,5,3348.61,9710.14,5.3,901.416,41861.27,2.2,787.974,9392.93,1.5,3094.336,42721.72,2.9,3074.422,15565.25,2.5,419.756,37700.89,2.2,427.063,12862.82,3.8,2666.542,52290.82,1.9,2802.32,17392.79,3.1,491.019,41041.38,1.8,526.763,14990.71,4.7,1587.048,41738.06,0.7,1682.815,15104.24,0.7,201.106,18154.71,2.3,205.617,7205.99,4,1585.43,26591.68,3.1,1650.654,10778.82,2.8,208.702,17727.03,0.7,200.956,3650.87,5.3,1936.189,36446.71,0.7,2021.648,13310.54,2,743.744,51202.7,2.4,843.516,31683.83,4.2,491.983,21791.36,4.1,487.591,10478.33,1.1,20095.842,115710.83,0.6,18320.932,94394.71,0.9,17243.587,477080.13,3.3,19010.483,453710.93,1,235.471,12179.44,6.8,230.622,5464.6,8.8,9049.471,450396.31,2.7,9916.46,231251.66,2.5,3094.725,142780.66,3.1,3260.382,74984,2,1928685.72,3.8,114.2,686682.46,1.4,106.4
137  Ba  [ No Gas ] :  Concentration value = 189.50 is over the calibration range137  Ba  [ He ] :  Concentration value = 174.37 is over the calibration range138  Ba  [ He ] :  Concentration value = 187.86 is over the calibration range,FALSE,109SMPL_20250514_Ac Series 575  to 858_rerun .D,14-05-2025 18:55,Sample,,MCS 645,43841.162,880806.93,0.5,46510.127,3857.75,10.8,3249.555,20111.53,4.1,3365.9,340.35,20.6,12108.638,431344.56,0.9,13653.937,15497.78,3.8,102460.971,5303358.16,0.7,100927.018,387815.25,0.1,88132.366,4315694.66,1.2,81546.648,453652.55,1.4,15031.596,813194,2.3,15802.692,163290.38,2,33166.976,433268.46,2.2,36499.829,111850.95,1.6,35227.215,1031656.79,1.7,37497.87,298768.45,0.1,81874.616,760723.43,2.7,81967.712,106032.79,1.3,25476.711,718984.66,0.7,30064.218,36747.59,1.1,187531.948,10380437.96,2.2,174455.015,344930.48,0.8,53806.871,4565526.06,1,47518.093,150676.41,1.2,37565.966,3237071.24,3.6,36741.502,230341.24,0.9,9428.301,452183.45,0.7,10178.058,65554.14,0.4,642.367,11717.01,3.1,729.938,3290.38,2.5,<0.000,3020.05,11.4,<0.000,1121.18,7,<0.000,333.68,12.5,<0.000,63.4,32.9,7096.884,137516.59,0.8,7553.604,20306.35,1.1,264.616,18615.43,0.4,223.534,2526.12,4.4,13625.755,997544.87,1.8,14447.793,80698.05,0.6,750771.164,6133914.34,2.6,690813.65,701804.12,1,744261.871,5104076.9,1.2,77740.668,6137335.47,1.9,72377.653,1118817.72,3.3,154851.105,10855103.88,0.2,141712.592,2734668.53,1.1,16440.261,1307074.73,1.4,16500.157,275568.5,1,59561.034,798195.43,1.2,62036.226,190922.11,4.8,11576.84,133042.23,0.7,11737.14,30958.85,4,2143.604,88630.24,1.7,2114.094,22231.86,3.2,10930.874,136338.92,1.2,11054.587,50816.51,1.8,1465.964,112888.22,3.2,1363.921,35000.4,1.5,7987.771,141382.56,1.6,8533.71,48083.39,3.8,1446.673,105492.25,1.4,1450.257,35954.13,0.7,3916.711,92746.15,2.1,4143.366,33618.7,0.9,526.296,39009.76,2.3,524.573,14927.21,2.3,3541.033,53558.17,1.1,3717.527,21884.49,2.1,464.244,32963.36,2.7,488.7,7296.14,3.9,333.153,6485.05,4.7,349.238,2410.25,2.9,1764.205,108098.82,1.9,1807.08,61150.71,2.9,907.97,34590.27,3.4,1024.042,18706.39,3.1,40222.861,211267.32,1.4,37455.15,175856.66,1.1,36107.99,904285.23,0.5,38182.857,831246.26,0.4,740.875,31310.16,1.8,772.004,14311.79,1.2,33408.486,1510824.06,1.1,34930.644,745512.6,2.2,5559.698,232443.11,3.1,6008.462,125864.99,2.3,1909585.68,1.3,113.1,684788.46,0.6,106.1
90  Zr  [ He ] :  CPS RSD value = 5.35 is over the allowed maximum = 5.00137  Ba  [ No Gas ] :  Concentration value = 235.63 is over the calibration range137  Ba  [ He ] :  Concentration value = 209.39 is over the calibration range138  Ba  [ He ] :  Concentration value = 222.82 is over the calibration range157  Gd  [ No Gas ] :  CPS RSD value = 5.14 is over the allowed maximum = 5.00166  Er  [ No Gas ] :  CPS RSD value = 5.67 is over the allowed maximum = 5.00175  Lu  [ No Gas ] :  CPS RSD value = 6.14 is over the allowed maximum = 5.00205  Tl  [ He ] :  CPS RSD value = 5.85 is over the allowed maximum = 5.00232  Th  [ He ] :  CPS RSD value = 5.22 is over the allowed maximum = 5.00238  U  [ He ] :  CPS RSD value = 5.44 is over the allowed maximum = 5.00,FALSE,110SMPL_20250514_Ac Series 575  to 858_rerun .D,14-05-2025 18:59,Sample,,MCS 646,32027.98,725880.67,1.3,33210.715,3140.18,1.6,2356.624,16503.08,3,2196.933,253.59,13.9,11342.725,453561.1,0.4,12571.779,16215.99,4.1,96511.84,5625289.47,0.3,94791.966,414528.71,1.7,80802.37,4446232.81,1,73594.213,465241.31,3,13515.842,823001.7,1.8,14258.734,167604.12,3.1,27574.986,408209.24,1.1,28307.958,100015.94,1.7,24697.284,820525.45,3.5,26292.894,240110.13,2.1,71145.923,747801.53,1.9,67176.327,100958.49,1.2,21320.048,678022.37,1.9,25605.046,35630.1,2.9,214506.264,13367786.98,2.4,191800.295,431415.45,1.5,66604.108,6053236.16,0.5,61317.086,207240.76,0.8,17583.719,1709448.52,2,18284.125,130705.05,2.7,2692.802,166251.76,1.7,2867.752,23988.79,5.4,253.957,7322.73,4.2,249.258,1875.35,4.1,<0.000,2846.51,15.7,<0.000,1011.05,10.9,<0.000,553.9,12,<0.000,103.44,47.7,6366.49,138886.62,2,6535.837,20015.62,1.9,152.546,15995.99,3.2,111.989,2192.39,5.3,9186.626,759404.12,2.1,9777.245,62267.25,4.6,824317.764,7577508.77,3.9,732505.096,846441.68,1.1,779493.683,6080294.06,3,57035.502,5073954.17,2,54210.581,953953.85,1,118215.071,9332610.54,1.6,105454.108,2316308.4,0.4,12012.741,1076530.33,2,12128.587,230655.41,2.3,45183.949,682050.83,2.2,46930.463,164443.23,2.3,8778.653,113687.49,3.1,8746.579,26280.3,1.9,1430.461,67088.56,2.2,1389.697,16798.09,2.7,7728.275,108659.77,5.1,7637.776,40010.3,4,951.21,83375.16,2.7,886.847,26277.07,0.6,4501.908,90065.18,3.5,4705.402,30296.95,2.5,743.496,62256.73,1.5,732.301,21219.21,2.6,1935.734,52077.04,5.7,2053.465,19153.98,3.1,227.367,20547.5,2.7,223.174,7987.24,3.3,1688.431,29066.38,3.1,1740.362,11847.51,0.7,205.921,17887.52,6.1,206.241,3867.82,3.5,95.057,2693.64,9.6,106.271,1066.71,9.2,1379.652,95477.01,2.2,1426.846,55095.67,2.9,920.693,39064.78,1.5,977.44,20197.09,5.9,22990.525,138119.07,3.4,21443.071,115212.57,3.3,21224.934,601269.21,1.1,22212.7,552944.17,1.3,320.224,16250.93,4.4,309.233,7188.84,5.4,23611.076,1203086.87,1.3,23589.492,573156.26,5.2,3015.493,142992.33,2.5,3321.25,79799.57,5.4,1899460.97,1.9,112.5,688220.05,1.1,106.7
7  Li  [ No Gas ] :  CPS RSD value = 5.07 is over the allowed maximum = 5.00137  Ba  [ No Gas ] :  Concentration value = 287.72 is over the calibration range137  Ba  [ He ] :  Concentration value = 239.68 is over the calibration range138  Ba  [ He ] :  Concentration value = 254.56 is over the calibration range205  Tl  [ He ] :  CPS RSD value = 6.32 is over the allowed maximum = 5.00103  Rh ( ISTD )  [ No Gas ] :  CPS RSD value = 8.57 is over the allowed maximum = 5.00,FALSE,111SMPL_20250514_Ac Series 575  to 858_rerun .D,14-05-2025 19:03,Sample,,MCS 647,59144.863,1136923.93,5.1,60302.171,5066.01,3.9,3391.293,20054.65,1.8,3611.821,370.38,7.2,17201.056,575395.58,1.6,17954.986,20546.2,3.2,144184.74,7115530.96,2.2,132053.186,514720.55,1.5,118223.699,5434347.69,1.5,101453.063,565871.52,0.1,20233.814,1036656.03,1.1,19842.355,206660.63,1.7,44968.102,546816.69,0.8,44695.89,136465.27,1.5,43433.418,1208485.68,2.1,42459.52,342111.4,0.9,127045.643,1016443.01,0.6,114250.374,138133.04,3.2,33692.15,908265.64,1.6,35598.738,44147.38,2.2,297972.393,15754238.02,0.5,255192.408,511783,0.7,56506.378,4527915.63,2.5,45913.826,148307.23,0.5,41111.64,3383791.09,1.1,37066.527,235846.03,1.4,14513.763,649339.73,1.6,14381.607,92162.65,2.6,1068.665,16116.09,4.2,1055.461,4378.47,5.5,<0.000,3670.87,1,<0.000,1101.15,7.8,<0.000,363.71,18.3,<0.000,46.71,65.5,8913.687,163727.94,0.6,8929.555,24210.37,2.5,434.587,22057.69,2.5,331.804,2926.61,3.3,16897.51,1180829.69,1.1,16985.133,96228.07,3.8,1121637.871,8753017.41,1.5,934374.651,962801.03,3.3,992372.785,6902749.43,0.3,86384.183,6520483.41,2.9,77906.647,1222537.7,2.7,186077.85,12466781.81,2.6,173929.933,3405568.08,0.7,18358.687,1394888.28,0.8,17871.39,302890.55,1.8,70144.868,897804.68,2.1,70371.734,219701.25,2,13818.981,151751.42,0.6,13738.174,36773.53,3.4,2378.208,93726.71,3.2,2234.678,23803,1.5,13009.552,155116.43,1.7,12245.782,57100.22,0.4,1670.312,122247.76,2.3,1540.299,39930.16,4,9299.644,157002.84,2.4,9058.911,51762.09,1.1,1565.014,108842.66,1.1,1538.205,38608.08,2.9,4484.231,101127.8,3.7,4442.187,36539.94,1.8,579.519,40687.01,1.4,556.762,15969.54,2.5,4061.014,58586.03,0.9,4143.815,24699.21,1.6,544.668,36409.93,1.9,515.004,7753.53,2.7,529.406,9313.51,4,493.708,3303.79,0.2,2289.213,133236.06,2.1,2299.19,78628.84,3.4,1391.66,49047.78,1,1308.26,23756.88,6.3,45313.335,241341.03,1.6,41942.005,199584.88,3.2,43318.719,1035818.87,0.7,42648.359,941320.49,1.2,730.797,29562.96,2.4,700.127,13263.95,2.3,35267.847,1523014.27,1.7,33943.591,735358.59,2,6072.546,242140.37,2.3,6322.969,134256.95,2.3,1805086.65,8.6,106.9,684124.02,2.4,106
139  La  [ He ] :  CPS RSD value = 6.68 is over the allowed maximum = 5.00163  Dy  [ No Gas ] :  CPS RSD value = 8.91 is over the allowed maximum = 5.00175  Lu  [ No Gas ] :  CPS RSD value = 6.24 is over the allowed maximum = 5.00181  Ta  [ No Gas ] :  CPS RSD value = 5.48 is over the allowed maximum = 5.00209  Bi  [ He ] :  CPS RSD value = 8.63 is over the allowed maximum = 5.00,FALSE,112_QC1_20250514_Ac Series 575  to 858_rerun .D,14-05-2025 19:07,QC1,,QC MES 50 ppb,49.664,3920382.16,1.8,44.13,14568.98,2.1,45.956,1101682.29,2.9,45.764,18323.84,2.8,40.027,5326190.37,1,38.843,172218.69,0.6,45.68,9321866.89,1,42.16,647689.32,0.9,45.112,8441769.5,0.5,40.673,879362.04,1.1,45.861,9510831.48,0.4,41.094,1649807.31,1.9,39.048,1866119.09,1.1,41.14,467474.06,2,45.522,5153077.26,1.2,41.734,1303088.95,3.2,37.809,1217647.52,1.2,35.981,164860.6,1.7,45.732,5082470.19,1.2,43.32,211222.79,2,47.586,10407024.55,1.1,42.486,336114.38,0.7,43.325,12818643.67,0.3,39.65,432639.45,3.5,48.127,16360801.67,1.4,43.584,1090533.61,2.5,45.707,8099767.38,1.7,43.771,1058168.24,2.5,42.828,2083441.46,1.1,45.041,574527.64,2,49.055,5106391.3,1.5,46.917,1796220.75,4,43.818,1039438.11,2.9,45.985,241262.15,1.5,50.388,3709356.45,2,46.089,476762.78,0.9,49.311,5370425.85,1.9,45.785,654557.05,2.9,49.335,14178410.94,1.6,46.091,1023260.48,1.4,49.031,1593902.55,1.6,50.111,205274.52,1.7,49.092,1356512.87,2.3,48.498,15117730.26,2.5,47.675,2945108.45,6.7,50.304,13932065.42,2.6,50.009,3860243.79,1.8,48.268,15122747.78,0.4,50.063,3334709.3,2.1,45.775,2422423.73,2.5,47.3,581788.86,1.2,44.087,1994050.15,2.2,46.293,486698.01,3.3,51.712,8269252.19,1.6,48.166,1969582.09,0.6,44.172,2167298.97,0.5,47.485,869001.03,0.4,51.715,15267420.79,2.2,53.183,5240814.78,1.7,48.55,3376501.82,8.9,48.37,1083025.09,2.8,51.047,14307105.47,1.1,53.41,5107046.12,2.7,51.081,4728224.59,1.2,48.494,1554301.23,1,51.855,13991620.4,2.1,52.848,5429479.7,1.9,47.197,2786140.52,2.2,48.854,1130304.5,1.3,49.941,12783330.44,6.2,47.688,2578462.06,0.8,55.38,3666200.36,3,48.472,1142139.62,1.4,48.671,11536474,5.5,51.741,6860920.94,2.5,54.84,7519672.19,4.9,49.384,3298004.89,1.7,50.723,1058541.04,0.7,52.916,985931.87,1.5,52.898,5197596.36,3.5,49.925,4316552.55,0.8,54.6,8545404.04,2.7,52.043,3540678.69,8.6,53.277,9508585.48,4.8,55.35,4718135.75,0.7,55.165,9007000.77,4.5,58.569,4846965.31,0.2,1904291.38,1.6,112.8,691723.1,2.2,107.2
137  Ba  [ No Gas ] :  Concentration value = 215.91 is over the calibration range137  Ba  [ He ] :  Concentration value = 165.55 is over the calibration range138  Ba  [ He ] :  Concentration value = 181.59 is over the calibration range140  Ce  [ He ] :  CPS RSD value = 8.50 is over the allowed maximum = 5.00153  Eu  [ No Gas ] :  CPS RSD value = 5.67 is over the allowed maximum = 5.00166  Er  [ He ] :  CPS RSD value = 6.21 is over the allowed maximum = 5.00169  Tm  [ He ] :  CPS RSD value = 5.17 is over the allowed maximum = 5.00208  Pb  [ No Gas ] :  CPS RSD value = 5.19 is over the allowed maximum = 5.00103  Rh ( ISTD )  [ No Gas ] :  CPS RSD value = 13.99 is over the allowed maximum = 5.00,FALSE,113SMPL_20250514_Ac Series 575  to 858_rerun .D,14-05-2025 19:11,Sample,,MCS 648,41448.06,801223.18,2.7,37712.136,3534,4.2,3510.941,20793.17,1.2,3308.029,377.05,17.7,11365.911,388117,0.7,10613.713,13653.94,2.8,94443.898,4687887.79,1.5,78895.478,342257.09,0.6,79188.288,3726112.79,1.2,62542.288,396839.6,1.2,11683.35,609772.83,1.8,10288.636,121517.11,1.7,26666.637,338641.9,2.4,23811.217,85397.48,1.9,22679.806,644370.76,0.8,20412.446,186828.28,2,73650.796,658200.57,1.3,56547.758,89577.11,2.6,23771.019,643908.61,1.6,24944.315,34419.02,3.5,193392.389,10265519.71,1.5,153313.504,342131.6,1.8,59126.71,4668785.78,2.2,44004.087,156852.44,2.7,30214.446,2496621.21,2,27078.014,191715.66,1.1,12087.124,544844.6,2.6,11003.741,79138.39,2.1,781.165,12528.58,2.3,605.649,3166.9,5.4,47.882,4779.01,3.6,6.792,1671.79,10.4,<0.000,373.71,21.7,<0.000,60.06,44.1,6440.766,119575.94,2.6,5637.52,17252.25,2,291.023,17579.71,3.3,179.095,2492.74,5.6,12254.203,859767.22,2.5,11084.175,69968.08,2.2,776676.526,6083443.67,4.6,595533.162,682954.02,2.9,653221.894,5056014.05,1.4,85030.39,6441646.45,3.4,65488.633,1142475.27,3.1,170968.308,11469294.73,4.2,137398.935,2992213.78,8.5,17524.759,1337285.8,2.8,14851.229,279958.81,3.1,65070.592,835465.78,2.3,59205.179,205622.82,2.8,12550.582,138356.41,1,10921.316,32514.57,2.8,2058.267,81195.37,5.7,1698.628,20236.53,4,11468.729,137264.44,1.8,9249.077,48002.85,4.1,1421.952,104479.8,4.5,1177.938,34194.19,4.9,7690.667,130687.54,2.4,6777.641,43133.8,2.3,1232.367,86064.03,4.7,1073.5,30283.55,1.6,3537.307,80432.04,0.8,3205.713,29420.72,6.2,441.867,31551.56,3.8,384.898,12649.11,5.2,3077.75,44775.15,1.5,2751.16,18351.9,4,402.811,27608.18,2.6,332.59,5783.82,9,466.514,8272.78,3.6,422.092,3167.09,6.1,2819.876,164201.32,1.9,2588.145,98090.26,3,985.595,35493.57,4.4,862.837,17907.74,2.1,32341.108,191944.91,1.3,29947.407,158892.71,2.3,35206.673,843794.11,5.2,31000.909,762510.39,2,488.959,20330.34,1.1,408.722,9066.73,1,33033.939,1432617.05,3.5,29800.841,718008.9,4.8,5092.345,204558.12,4.5,4819.885,114136.88,0.5,1687615.74,14,100,701750.48,0.5,108.8
95  Mo  [ He ] :  CPS RSD value = 5.95 is over the allowed maximum = 5.00137  Ba  [ No Gas ] :  Concentration value = 211.53 is over the calibration range137  Ba  [ He ] :  Concentration value = 185.90 is over the calibration range138  Ba  [ He ] :  Concentration value = 189.65 is over the calibration range178  Hf  [ No Gas ] :  CPS RSD value = 5.75 is over the allowed maximum = 5.00208  Pb  [ No Gas ] :  CPS RSD value = 5.09 is over the allowed maximum = 5.00232  Th  [ No Gas ] :  CPS RSD value = 5.31 is over the allowed maximum = 5.00,FALSE,114SMPL_20250514_Ac Series 575  to 858_rerun .D,14-05-2025 19:15,Sample,,MCS 649,56651.282,1186550.61,4.4,57233.839,5129.44,9,5576.329,35742.09,5,5208.188,567.25,4.1,14047.594,517018.13,1.4,15374.863,18791.92,1.8,119332.098,6444010.9,2.4,111292.625,462257.25,0.9,102821.732,5197426.6,2.6,94664.422,563497.95,2.1,17944.135,1006954.67,2.4,18084.505,200993.9,1.5,42102.674,560961.52,1.1,42782.568,139250.17,1.7,43557.548,1323977.89,1.6,44806.08,383930.94,0.5,103310.857,936141.46,0.7,98496.411,130054.43,1.6,29856.773,879444.08,2,34113.955,45061.54,2.5,209484.238,12106877.74,1.8,187133.485,399958.64,0.6,53648.543,4718528.75,4.5,44727.005,153720.05,0.5,46597.263,4191653.54,2.3,43303.992,293383.26,1.1,19505.859,940989.39,0.7,19689.851,132541.01,1.6,2735.049,38906.75,1.6,2623.286,10020.56,6,27.719,4849.11,6.5,<0.000,1554.99,2.4,1681.169,11109.29,3.3,1681.38,2542.81,12.7,7638.923,153826.88,2.9,8014.751,23204.15,3,358.223,21569.65,1.3,293.806,2913.25,2.3,17498.222,1335303.88,2.2,17555.885,105855.68,2.2,798288.253,6809978.33,3.2,701559.856,770447.53,2.8,715741.814,5306519.55,2.7,79529.522,6555806.86,4.4,74857.678,1250874.47,3.2,164352.142,12033113.97,2.2,156468.151,3265121.27,2.3,16485.455,1368711.11,1.8,16588.747,299472.72,1.2,63091.084,882845.82,2,63873.094,212545.66,1.1,12032.492,144381.77,1.7,12246.611,34913.24,1.5,2234.231,96289.35,1.9,2148.544,24387.98,2.4,11715.624,152521.75,4.2,11254.754,55923.14,0.4,1605.79,128608.64,3.6,1540.595,42467.69,3,9315.422,171947.64,1.9,8989.766,54720.71,1.2,1651.687,125217.57,2.6,1703.796,45353.97,2.4,4699.857,115950.06,1.8,4712.739,41249.03,2.9,638.104,48569.54,1.1,614.373,18562.46,4.4,4106.097,64705.71,1.2,4239.42,26905.99,1.1,564.001,41031.92,3.4,549.118,8735.16,6,681.487,12826.71,5.7,678.413,4684.25,3,2122.636,135197.43,2.3,2067.159,75365.83,1,2693.667,100694.12,2.6,2798.487,52156.67,1.8,46479.043,263565.55,3.3,41376.992,209793.11,1.4,42286.913,1104159.5,5.1,43361.101,1019210.83,3.5,976.471,42353.51,2.1,930.86,18323.85,4.4,31350.913,1480585.69,5.3,32624.319,752932.05,0.9,7111.645,309539.78,4.9,7338.829,165747.12,3.9,1899679.68,1.4,112.5,705389.77,1.3,109.3
137  Ba  [ No Gas ] :  Concentration value = 207.75 is over the calibration range137  Ba  [ He ] :  Concentration value = 165.87 is over the calibration range138  Ba  [ He ] :  Concentration value = 175.32 is over the calibration range175  Lu  [ No Gas ] :  CPS RSD value = 5.25 is over the allowed maximum = 5.00103  Rh ( ISTD )  [ No Gas ] :  CPS RSD value = 12.64 is over the allowed maximum = 5.00,FALSE,115SMPL_20250514_Ac Series 575  to 858_rerun .D,14-05-2025 19:19,Sample,,MCS 650,34423.204,687778.61,4.6,33894.487,3190.23,1,3239.85,19817.42,3.1,2884.311,330.34,26.4,11798.542,414946.91,1.2,11822.664,15213.81,2.3,101347.233,5198659.71,1.1,84100.915,366175.41,1.7,81172.915,3941043.66,1.2,64911.132,412185.7,1.7,13488.948,724023.37,0.4,12322.942,144983,1.1,28683.969,373744.19,1,25681.274,91513.51,2.8,25470.803,743915.9,1.7,22834.646,208816.36,2.4,72769.924,673946,0.3,57501.3,90745.15,2.3,22748.106,635575.99,2.7,23666.7,32789.94,0.3,204331.927,11222845.79,0.3,163418.07,366064.2,1.4,69207.845,5512703.55,3.5,52252.539,180930.99,1.7,29789.147,2549543.35,1.9,26959.575,191625.32,1.7,16785.253,770507.88,2.5,15603.269,110752.43,0.5,291.373,6965.52,4,249.322,1888.7,7.2,<0.000,3460.6,5.2,<0.000,1071.12,16.4,110.336,1164.56,10,47.607,230.23,34.8,6250.345,120176.54,1.3,5732.871,17592.97,2.2,504.026,23899.45,0.7,374.611,3277.04,6.8,10174.926,739917.39,0.7,9473.411,60108.03,1.3,742483.399,6016195.38,2.1,592799.026,682604.64,3.1,626590.893,4868267.03,1.3,71062.474,5558190.29,2,58773.299,1029401.62,0.3,143442.263,9972725.66,2.8,113580.978,2483429.16,1.4,14789.443,1165270.71,2.5,13454.542,254651.9,2.7,54346.323,723919.13,2.6,50416.217,175817.2,2.3,10255.136,116813.37,1.4,9698.604,28992.18,2.4,1737.194,71554.11,1.7,1527.55,18328.42,2.7,9668.36,119537.83,1.3,8182.462,42661.75,1,1235.048,94491.52,1.2,1079.407,31551.37,2.6,6766.47,118927.21,0.4,6074.557,38835.8,1.4,1175.373,85270.83,0.5,1067.177,30216.61,1,3215.045,75540,3.7,3048.392,28106.48,0.6,426.849,31718.63,1.5,376.083,12432.02,3.2,2868.055,43121.05,3.8,2578.301,17286,1.6,359.6,25812.67,5.3,301.591,5323.15,5.1,602.906,10821.42,2.9,504.253,3730.58,14.9,1629.647,99117.75,2.6,1476.761,56746.18,1.9,975.503,36347,3.9,879.607,18282,1.8,29697.205,177080.44,1.4,27097.958,144495.86,1.3,30167.771,751770.18,2.3,28190.624,696777.66,2.2,563.222,23953.55,3,463.514,10147.59,4.1,28205.426,1266693.05,0.8,25883.789,625980.13,3.8,4651.591,193394.35,3.7,4273.557,101750.96,3.2,1728568.67,12.6,102.4,699926.02,1.5,108.5
89  Y  [ No Gas ] :  CPS RSD value = 10.02 is over the allowed maximum = 5.00118  Sn  [ He ] :  CPS RSD value = 7.72 is over the allowed maximum = 5.00137  Ba  [ No Gas ] :  Concentration value = 189.90 is over the calibration range137  Ba  [ He ] :  Concentration value = 174.92 is over the calibration range138  Ba  [ He ] :  Concentration value = 182.47 is over the calibration range140  Ce  [ He ] :  CPS RSD value = 6.47 is over the allowed maximum = 5.00153  Eu  [ He ] :  CPS RSD value = 5.45 is over the allowed maximum = 5.00209  Bi  [ He ] :  CPS RSD value = 5.23 is over the allowed maximum = 5.00238  U  [ He ] :  CPS RSD value = 7.26 is over the allowed maximum = 5.00,FALSE,116SMPL_20250514_Ac Series 575  to 858_rerun .D,14-05-2025 19:23,Sample,,MCS 651,40314.462,820526.42,4.2,43522.874,3664.16,1.7,2575.343,16219.13,1.4,2756.137,283.62,4.1,11539.632,417142.65,1,13038.197,15033.47,1.7,100431.506,5260698.84,3.2,94656.653,369139.94,3.2,80944.343,4034372.51,2.1,76838.105,435060.19,1.4,12240.975,674986.55,1.3,12249.013,129644.41,3.1,28304.211,380167.24,1,30844.059,97512.02,2.8,26717.695,798646.88,1.4,27608.485,225323.51,1.2,70689.195,692330.53,2.4,70582.97,96528.18,3.1,23911.423,683186.42,1.7,29248.491,36279.23,0.6,190098.83,10649875.52,2.8,172323.908,345741.17,0.8,44445.61,3951657.08,2.7,38102.421,128541.15,4.1,32361.527,2822024.11,10,31664.736,201487.05,2.4,13194.093,627973.34,2.7,13803.094,88615.58,2,542.93,10608.27,1.2,544.991,2733.03,12.7,<0.000,3010.04,3.5,<0.000,967.68,7.6,<0.000,373.71,21.7,<0.000,36.7,41.7,6639.059,130566.55,2.9,6692.288,18361.58,7.7,194.158,16824.48,2.1,160.603,2325.88,4.1,12459.387,923961.38,1,12885.178,73115.09,3.5,748783.469,6191517.78,2.2,689738.817,710899.99,1.3,719496.005,5007574.77,1.7,79874.527,6382204.51,2.2,74807.684,1173572.64,1.9,160615.265,11397291.48,2,151153.937,2961667.93,6.5,16392.486,1319516.76,2.2,16868.58,285838.84,1.4,61395.272,832802.02,0.5,63835.551,199324.08,0.4,11885.089,138256.71,1.2,12508.713,33484.43,3.3,1880.278,78931.52,2,1863.764,19972.61,5.4,10815.409,136552.66,0.1,10863.73,50699.38,4.2,1409.258,109961.89,3.5,1349.495,35154.33,4.2,7090.737,127147.15,4.7,7649.402,43776.87,3.3,1285.546,95216.9,3.4,1293.079,32651.96,3,3366.246,80831.9,4.8,3630.853,29952.48,2.9,444.41,33809.57,4.2,430.831,12692.52,2.3,2986.197,45823.64,2.5,3037.88,18221.52,3.1,391.642,28574.78,4.7,365.624,5713.71,1.8,431.278,8222.77,1.4,433.467,2947.03,0.2,1632.015,101372.35,2.1,1677.404,57664.14,2.4,881.806,34094.98,2.2,948.719,17697.23,2.4,35351.204,188589.63,2.3,31792.307,151760.61,3.2,31261.036,793641.61,1.8,33222.593,734674.85,1.6,516.845,22704.52,3.4,523.669,10241,5.2,32459.325,1486198.76,1.4,33907.365,734316.51,2.4,4804.791,203594.49,1.7,5261.097,112061.93,7.3,1923846.92,1.5,113.9,691682.8,1.8,107.2
89  Y  [ No Gas ] :  CPS RSD value = 9.47 is over the allowed maximum = 5.00137  Ba  [ No Gas ] :  Concentration value = 179.55 is over the calibration range137  Ba  [ He ] :  Concentration value = 156.96 is over the calibration range138  Ba  [ He ] :  Concentration value = 164.95 is over the calibration range,FALSE,117SMPL_20250514_Ac Series 575  to 858_rerun .D,14-05-2025 19:27,Sample,,MCS 652,40940.616,882142.53,3,38862.978,3554.03,4.3,3120.402,20702.98,1.4,3088.055,343.68,37.6,12012.161,456908.8,1,13006.444,16249.41,2.7,102283.613,5676998.05,0.2,98009.81,414895.08,1.1,77290.68,4071789.71,2.5,68893.577,424316.49,0.7,13420.751,779368.95,2.2,14062.778,160258.17,2.1,29698.694,417133.66,2.2,29818.038,101841.5,1.4,28909.169,910938.52,2,30100.975,265261.81,1,77877.671,768583.06,1.8,73750.035,105628.84,0.6,22313.463,675629.98,2.8,25641.881,34542.83,0.8,202770.433,12037110.05,3.2,179425.421,390799.67,0.3,51094.761,4622673.93,0.4,44007.367,153425.42,1,29953.434,2769672.86,9.5,29545.398,204165.71,1,15881.942,791635.8,3.6,16771.247,115526.42,1.2,594.835,11600.1,4.2,545.491,2889.89,6.4,<0.000,3333.77,6.8,<0.000,967.68,4.2,<0.000,337.01,14,<0.000,63.4,36.5,6006.375,125243.28,1.2,6334.21,18832.61,1.3,556.327,27557.11,1.6,557.698,3934.55,4.4,11421.819,897659.51,1.5,11804.235,72715.9,2.2,651719.894,5711335.1,0.5,569742.658,638007.75,1.2,598730.217,4525541.18,0.4,53437.765,4527185.11,1.4,49974.64,851598.94,2.5,111066.163,8352906.67,1.4,95316.816,2027283.38,0.6,11398.789,973091.77,0.1,11555.914,212867.4,2.3,42634.581,613064.33,2.1,43378.906,147156.88,0.4,8367.485,103263.15,2.2,8313.048,24194.09,4.2,1609.722,71738.41,2.5,1577.128,18395.18,1.2,7989.269,107013.68,0.3,7784.522,39491.61,2,1094.251,90972.75,1.3,1013.607,28932.3,1.1,6506.058,123618.98,1.3,6431.257,39983.94,4,1140.369,89589.57,1.9,1199.57,32892.83,1.8,3394.683,86285.81,2.9,3500.708,31333.88,2.6,426.551,34271.42,3.4,436.105,13808.16,3.4,3001.106,48734.01,3.3,3036.379,19738.76,3,371.328,28638.38,1,379.38,6347.99,4.1,584.067,11385.25,2.6,599.496,4247.41,5.4,1521.301,100129.7,1.8,1545.572,57714.56,1.3,922.063,37361.11,0.2,969.543,19461.66,3.2,34025.128,197056.64,2.5,31489.251,163044.32,3.4,32260.053,866841.19,1.7,32331.413,776067.97,1.9,727.688,32854.2,4,752.594,15296.26,2.3,22464.455,1090475.24,4.3,22033.613,518599.38,1.1,4144.021,186270.33,1,4404.133,101980.53,3.9,1876469.18,0.1,111.1,691269.32,0.5,107.1
137  Ba  [ No Gas ] :  Concentration value = 153.92 is over the calibration range137  Ba  [ He ] :  Concentration value = 137.30 is over the calibration range138  Ba  [ He ] :  Concentration value = 143.10 is over the calibration range205  Tl  [ He ] :  CPS RSD value = 7.91 is over the allowed maximum = 5.00209  Bi  [ No Gas ] :  CPS RSD value = 6.68 is over the allowed maximum = 5.00,FALSE,118SMPL_20250514_Ac Series 575  to 858_rerun .D,14-05-2025 19:31,Sample,,MCS 653,29906.831,649901.84,2.7,31173.7,2849.82,9.9,2630.842,17628.94,3.1,2661.269,296.97,28.7,9780.866,379201.56,1.1,10969.438,13714.05,4.1,67484.283,3776506.72,0.8,65809.548,277871.3,1.2,58742.599,3182322.22,0.9,54280.196,339022.63,1.3,10283.699,607126.03,1.2,10601.059,121735.8,1.2,21796.962,319176.71,2.9,22858.469,80418.34,4.2,19313.406,621546.55,0.6,19837.549,176971.3,1.2,48636.481,561674.23,0.9,45320.179,76069.11,0.8,17487.009,533208.25,1.5,21792.918,29278.36,1.7,149015.274,8904197.13,1.3,131151.35,284818.78,1.5,35756.108,3494942.03,1.7,31002.139,117035.06,0.9,21835.64,2032845.93,1,22670.921,156270.6,1.9,9979.505,512055.85,1.4,10373.282,72912.47,3.5,1525.143,24052.9,2.3,1594.179,6554.89,4.2,<0.000,2612.89,6.6,<0.000,864.23,3.7,860.2,6144.29,2.5,854.288,1388.14,15.2,3941.211,84581.37,4.3,3995.937,12147.89,3.7,131.058,15227.61,1.7,64.668,2015.52,10.7,10016.26,792859.53,1.7,10336.257,63531.71,3.4,565221.322,4984726.3,1.1,504173.391,562772.04,1.1,525486.788,3958602.67,0.7,67054.646,5714370.84,3.1,62315.897,1057545.31,3.1,138793.881,10498839.9,1.9,119720.363,2536291.4,2.1,14191.827,1217826.55,1.3,14912.23,273419.32,2.8,55026.803,795785.45,2.7,54956.721,185667.01,0.8,10340.618,128258.61,1,11262.429,32608,2.7,1657.513,74279.33,3.8,1637.966,19016.74,0.8,9395.94,126512.85,3.9,8777.649,44332.57,1.5,1175.226,98083.35,3.4,1115.264,31591.25,0.5,5685.9,108819.23,2.3,5976.89,37031.94,2.7,955.243,75986.22,1.1,981.093,27063.02,2.1,2660.895,68261.15,2.5,2715.584,24321.33,0.6,344.53,28464.23,3.3,330.471,10798.85,3.1,2409.205,39478.86,3.9,2487.779,16186.8,2.2,314.016,24842.96,3.4,304.527,5226.36,5.6,330.655,6881.95,6.8,332.061,2506.93,2.2,1048.077,70141.05,1,1108.674,41609.85,3,1673.892,65789.48,2.5,1672.728,32298.7,7.9,31747.569,183307.05,2.1,28027.018,144832.44,3.6,28017.513,758534.16,2,29200.222,699232.26,1.1,316.817,15503.26,6.7,322.946,7248.85,4.9,26998.064,1318036.89,2.8,27785.733,651451.56,3,4623.601,208818.48,3.9,5016.672,115536.27,2.9,1909795.74,0.9,113.1,696943.66,2,108
118  Sn  [ No Gas ] :  CPS RSD value = 5.39 is over the allowed maximum = 5.00121  Sb  [ No Gas ] :  CPS RSD value = 6.04 is over the allowed maximum = 5.00137  Ba  [ No Gas ] :  Concentration value = 207.53 is over the calibration range137  Ba  [ He ] :  Concentration value = 185.14 is over the calibration range138  Ba  [ He ] :  Concentration value = 192.10 is over the calibration range163  Dy  [ He ] :  CPS RSD value = 5.12 is over the allowed maximum = 5.00209  Bi  [ He ] :  CPS RSD value = 6.64 is over the allowed maximum = 5.00,FALSE,119SMPL_20250514_Ac Series 575  to 858_rerun .D,14-05-2025 19:36,Sample,,MCS 654,31951.299,656568.36,1.7,32757.766,2866.51,3.2,2314.877,14729.29,1.3,2368.384,253.59,18.7,14928.295,535896.52,1.6,16233.895,19296.46,2.8,115889.986,6116460.43,2.2,109813.9,443914.88,3,93960.338,4669451.96,2.2,83478.772,487198.74,1.3,13651.39,755063.45,2,13927.042,151953.55,0.6,32006.908,426908.03,0.4,31908.665,103947.08,3.6,32844.646,982432.38,1.7,33592.084,282291.37,1.2,69843.895,686684.53,0.7,63316.627,92109.66,3.8,27078.844,779682.13,1.3,29803.71,38340.35,2.6,218627.78,12346819.34,1.3,193998.121,403586.5,2.7,39515.267,3608807.36,0.6,33268.975,119604.2,0.8,20165.622,1776574.03,1.8,20687.07,136784.6,2,8462.403,416425.01,0.4,8666.638,59290.65,0.9,794.774,13747.67,4.9,791.656,3637.49,4.6,<0.000,2522.78,5.8,<0.000,760.79,14.7,61.641,944.32,8.9,20.271,186.85,21.7,7620.39,150002.63,5.4,7621.912,21532.88,2.4,413.467,22836.52,6,354.016,3090.14,4.4,9970.356,746298.64,4.6,10150.754,59839.48,0.7,796691.704,6643614.67,4.1,710751.543,759838.8,2.2,737450.265,5323392.57,1.8,66622.453,5367925.12,2.7,64009.128,1041412.3,1.7,149639.688,10709810.87,3.6,127193.275,2583941.71,1.3,14093.833,1144374.06,2.2,14508.988,255091.74,1.8,56467.605,772273.94,0.8,56492.917,182986.01,1.9,10298.313,120819.99,3.2,10546.151,29289.93,0.5,1718.287,72839.2,0.4,1667.983,18582.31,0.9,9279.318,118173.81,1.2,8811.506,42688.53,3.3,1142.553,90407.47,1,1103.25,30042.6,2,5911.773,107015.61,2.3,5835.09,34712.84,5.1,894.352,67565.89,1.9,935.864,24856.26,3.7,2449.718,59570.9,3.8,2514.539,21647.11,2.3,289.23,23208.16,1.9,272.402,8845.33,3.4,1986.2,30925.97,2.1,2035.317,12792.71,5,238.798,18652.73,3.3,247.467,4224.96,3.9,303.316,6078.19,1.6,293.937,2180.2,14.7,1864.273,116372.67,1.1,1896.417,67433.23,0.5,956.065,36912.64,4.5,974.279,18763.23,2.8,29265.47,162253.61,0.9,25770.356,127851.62,1.1,25960.476,665515.73,1,27343.922,628495.56,0.7,554.406,24357.69,1.2,536.886,10818.2,6.6,30081.385,1389047.54,2.5,30804.713,692039.07,1.7,4899.231,209104.48,4,5398.696,119139.94,1.6,1888685.93,2.2,111.9,698476.13,1.5,108.2
137  Ba  [ No Gas ] :  Concentration value = 230.91 is over the calibration range137  Ba  [ He ] :  Concentration value = 182.45 is over the calibration range138  Ba  [ He ] :  Concentration value = 198.78 is over the calibration range169  Tm  [ He ] :  CPS RSD value = 7.67 is over the allowed maximum = 5.00103  Rh ( ISTD )  [ No Gas ] :  CPS RSD value = 9.81 is over the allowed maximum = 5.00,FALSE,120SMPL_20250514_Ac Series 575  to 858_rerun .D,14-05-2025 19:40,Sample,,MCS 655,49159.256,932364.06,1.8,46341.272,4034.64,2.3,4133.724,24041.71,0.2,3426.15,363.7,16.8,14725.763,489036.84,0.6,14701.255,17465.46,4.4,121123.624,5905742,2.1,103440.378,417311.77,0.9,101095.444,4622710.95,1.3,84159.832,489646.18,1.2,18593.87,941547.17,2.4,16891.379,182700.21,1.3,40703.646,491306.37,3.1,38175.629,121909.13,1.6,33631.328,929970.44,3.5,31318.047,263111.35,1.6,95960.416,799186.85,4.8,78926.579,107193.48,2.3,30091.401,801621.83,0.9,30551.381,39197.05,1.8,222824.31,11623039.32,3,182645.071,379062.51,1.8,65012.677,5026914.53,0.4,49223.297,161571.65,0.9,30077.922,2445278.41,3.1,28947.73,190660.67,0.3,13517.505,598228.17,0.6,12574.769,83796.91,1.4,2217.507,29208.55,1.3,2051.85,7836.88,1.8,2065.402,55085.44,1.4,1916.422,20807.52,2.5,1246.528,7559.82,5.3,1085.447,1651.77,8.3,7597.625,138580.87,2.1,7049.449,19918.67,3.3,417.06,21148.56,1.7,313.116,2919.93,4.5,15235.169,1052268.55,0.2,14550.72,85302.44,2,881594.505,6791212.06,1.1,696559.947,742836.85,2.1,758905.111,5463611.96,0.8,69589.36,5191981.68,1.7,60139.45,976104.62,2,150043.044,9924865.51,1,120957.373,2450879.58,1,14714.335,1105565.54,1.1,13885.83,243635.28,1.2,58056.798,734475.31,0.8,53924.223,174267.7,0.9,11174.232,121283.26,1.1,10543.487,29219.75,3.2,2081.668,81261.77,0.7,1829.722,20269.94,2.2,10705.371,126060.59,1.5,9185.964,44385.87,4.6,1344.423,98004.72,2.7,1225.297,33099.96,4.9,7583.021,126633.06,1.5,7023.413,41603.73,3.4,1282.877,88618.1,2.9,1199.537,31397.57,4.1,3663.43,81822.49,3.4,3452.746,29474.06,1.5,479.502,33725.95,3.1,419.663,12786.06,7.7,3267.908,46687.5,4.8,3202.922,19832.32,4.3,446.606,29882.45,3.1,391.735,6261.2,4.4,478.941,8422.89,4.6,432.427,3030.38,3.8,1957.267,112915.45,1.7,1806.471,64135.38,2.5,2267.672,76969.33,3,2167.354,39607.12,1,44641.342,245930.43,0.8,41452.689,204077.46,1.6,45376.75,1071153.68,0.6,42933.774,980171.05,0.6,613.999,24721.96,2.5,532.536,10714.74,2.3,29517.633,1258484.89,3.3,27345.229,613108.19,2.2,6038.119,237794.07,1.8,5792.589,127386.92,3.4,1748635.36,9.8,103.6,692947.61,1.4,107.4
63  Cu  [ He ] :  CPS RSD value = 5.40 is over the allowed maximum = 5.0090  Zr  [ No Gas ] :  CPS RSD value = 8.39 is over the allowed maximum = 5.00137  Ba  [ No Gas ] :  Concentration value = 306.60 is over the calibration range137  Ba  [ He ] :  Concentration value = 266.40 is over the calibration range138  Ba  [ He ] :  Concentration value = 281.31 is over the calibration range140  Ce  [ No Gas ] :  CPS RSD value = 6.94 is over the allowed maximum = 5.00172  Yb  [ He ] :  CPS RSD value = 5.10 is over the allowed maximum = 5.00181  Ta  [ No Gas ] :  CPS RSD value = 5.68 is over the allowed maximum = 5.00,FALSE,121_QC2_20250514_Ac Series 575  to 858_rerun .D,14-05-2025 19:44,QC2,,SJS-Std,43061.902,954755.7,0.8,48659.463,4508.6,2.1,1307.331,9162.21,3.5,1754.551,200.2,8.7,7833.194,315714.66,1,8552.381,10985.46,1.4,102329.726,5843766.9,2.5,95215.37,409042.76,1.2,102781.567,5482406.17,2.4,97503.297,598307.66,1.6,10230.512,617883.07,2.7,10413.85,121904.06,2,61682.664,847303.74,2.7,68109.378,222147.83,2.8,27720.617,900288.94,2.4,28807.362,258174.16,5.4,75905.924,777378.03,1.7,76620.407,110371.79,1.3,13699.689,427918.02,3.7,14534.559,19938.25,3.5,88847.346,5440459.22,2.8,81971.226,181545.69,0.2,235500.449,19081276.73,2.2,213900.783,637156.77,1.8,13509.671,1289425.6,1.6,13979.163,98348.78,1.5,54531.845,2720800.27,8.4,55711.833,379312.25,2.7,2780.709,41627.89,1.4,2965.073,11546.68,2.4,220.952,10605,1.4,137.515,3076.79,4.1,363.45,2990.02,12.3,308.341,610.62,14.3,1190.542,29998.32,3.2,1278.953,4525.33,3.7,1225.968,48757.75,1.8,1150.072,6367.96,5.8,4484.27,367151.16,1.9,4639.402,29343.2,4.4,1119352.554,10084900.54,1.3,972564.908,1103892.54,2.1,1027023.46,7867446.84,2.9,17643.087,1541955.97,0.5,18529.083,321341.43,1.7,38670.662,2996796.28,6.9,35676.143,771481.43,1.8,3979.141,352052.45,0.3,4207.59,79305.79,1.3,16476.321,244378.9,2.8,16683.537,57571.52,3.4,3144.57,40274.27,1.2,3200.686,9539.84,0.8,895.616,41948.31,2.7,780.366,9559.89,6.7,3081.744,42879.17,2.1,3058.649,15909.37,1.9,419.61,38008.78,1.4,394.505,12321.74,3.3,2702.024,53400.43,2.9,2802.699,17867.39,2.6,509.112,42805.91,2.5,518.801,15204.49,4.2,1521.629,40358.86,3.9,1668.142,15394.88,2.3,198.581,18111.27,3.3,195.895,7122.52,3.8,1574.108,26618.44,1.2,1673.377,11216.32,5.1,206.294,17696.98,1.1,208.113,3854.47,7.5,2046.64,38763.79,4.1,2106.804,14241.53,4.3,674.346,47033.01,5.7,739.663,28713.47,3.4,494.521,22075.43,4.6,498.173,10959.25,3.3,20379.41,120533.1,1.2,18276.026,96741.68,2.8,17563.523,489506.77,2,18984.506,465577.51,0.9,238.323,12416.36,4.8,208.269,5194.46,2.2,9183.708,460510.98,1.5,9906.204,237386.73,2.6,3147.899,146248.97,1.2,3380.064,79824.69,2.6,1942816.83,1.7,115.1,705753.77,2.1,109.4
137  Ba  [ No Gas ] :  Concentration value = 152.44 is over the calibration range137  Ba  [ He ] :  Concentration value = 135.94 is over the calibration range138  Ba  [ He ] :  Concentration value = 141.61 is over the calibration range166  Er  [ He ] :  CPS RSD value = 7.95 is over the allowed maximum = 5.00,FALSE,122SMPL_20250514_Ac Series 575  to 858_rerun .D,14-05-2025 19:48,Sample,,MCS 656,23808.041,550641.32,4.1,24660.896,2395.95,3.4,2197.266,15681.28,3.4,2511.828,296.96,11.8,6962.908,293105.87,0.8,7899.865,10594.77,1.6,61492.487,3656838.51,2.4,58357.082,261800.33,1.7,46999.241,2747827.94,1,42870.586,288878.47,0.9,7679.158,487099.68,1.4,8010.916,98825.62,2.4,15741.649,254658.73,0.7,16066.253,62813.59,3.4,17948.809,614021.39,2,18648.795,176833.6,2.4,48205.93,581742.47,0.5,44944.856,78777.76,1.7,13967.151,452894.99,1.3,16639.919,23771.79,0.1,142652.617,9051645.62,2.2,124328.117,286824.69,1.8,67948.208,6264673.23,2,60530.42,209830,2,18227.604,1803025.42,1.5,19083.259,139796.38,3.2,6926.158,385834.04,0.6,7240.114,55219.35,3.3,222.142,6975.53,2.4,238.574,1875.35,7.4,<0.000,2696.32,9.1,<0.000,750.78,10.4,<0.000,330.34,21,<0.000,103.44,48.7,3857.384,87779.16,3.4,3859.175,12448.5,4.9,317.014,21405.94,2.3,276.478,2919.93,11.5,7016.955,591882.07,1.4,6955.208,45580.28,4.7,530171.898,4966514.44,1.5,472793.869,560649.35,0.7,492527.339,3942696.56,3.2,52359.936,4739826.92,0.4,47990.187,865429.78,2.1,105306.977,8462834.52,0.6,93883.345,2113670.13,3,10848.973,989512.85,1.2,10721.985,209077.02,2.3,40656.907,624706.87,1,42210.725,151581.51,3.4,7604.005,100292.47,0.9,7439.937,22927.05,3.3,1303.48,62366.09,0.1,1282.691,15932.67,3.1,6838.521,97944.24,1.7,6317.013,33956.37,1.9,865.321,77451.72,1,816.878,24909.74,1.2,4552.961,92680.22,0.8,4630.633,30554.48,2.8,787.592,66908.34,2.8,771.813,22833.68,3.3,2205.046,60198.63,3,2201.024,21012.09,8,265.713,23893.41,2,248.836,8942.17,3.8,1848.12,32297.42,0.9,1862.724,12963.08,2,222.063,19397.94,3.2,220.294,4181.57,3,254.822,5798.05,8.3,257.443,2130.19,6.8,979.447,69658.83,1.3,998.528,39887.58,3.3,627.371,28060.34,0.4,630.937,13938.6,3.5,27753.648,170402.07,2.3,25979.735,142628.55,1.8,25839.815,743458.64,3,26436.256,672748.88,2.7,360.361,18337.21,3.1,313.033,7432.29,1.6,20980.449,1088584.78,2.2,21921.062,545974.45,4.1,3347.264,161155.55,0.8,3592.654,88287.07,2.7,1921555.52,1.7,113.8,701083.72,0.6,108.7
137  Ba  [ No Gas ] :  Concentration value = 242.52 is over the calibration range137  Ba  [ He ] :  Concentration value = 186.00 is over the calibration range138  Ba  [ He ] :  Concentration value = 198.85 is over the calibration range175  Lu  [ No Gas ] :  CPS RSD value = 5.53 is over the allowed maximum = 5.00205  Tl  [ He ] :  CPS RSD value = 5.98 is over the allowed maximum = 5.00209  Bi  [ No Gas ] :  CPS RSD value = 5.77 is over the allowed maximum = 5.00103  Rh ( ISTD )  [ No Gas ] :  CPS RSD value = 13.29 is over the allowed maximum = 5.00,FALSE,123SMPL_20250514_Ac Series 575  to 858_rerun .D,14-05-2025 19:52,Sample,,MCS 657,39965.323,774473.67,3.1,40170.483,3734.25,2.4,3006.943,17856.1,3.9,2469.958,280.28,14.3,13638.884,462084.69,0.7,13191.825,16743.8,3.8,115754.272,5754354.58,1.1,95164.217,409637.24,1.2,96538.091,4491604.22,1.9,76438.78,475305.77,2.1,14311.866,742142.74,2.6,12787.508,148602.58,0.7,35406.28,438954.36,1.9,31180.38,107609.19,3.3,36265.149,1017040.17,1.9,32281.084,288525.34,1.4,77615.498,684722.64,0.8,60981.47,93460.17,3.2,26744.871,726700.35,1.8,27371.882,37480.34,0.8,218483.54,11615848.37,1.1,173998.762,385201.28,4.9,64795.006,5068518.42,1.3,46744.241,163358.87,1.8,25646.404,2123003.16,2.1,23483.613,165100.04,1.7,11354.757,515152.65,1.5,10158.802,72848.46,1.5,682.662,11403.1,1.1,626.572,3213.62,2.2,<0.000,3397.19,9.1,<0.000,1074.46,15.4,40.977,734.09,7.5,<0.000,156.82,41.5,7513.823,139298.14,1.3,6611.324,19931.99,4.1,381.215,19952.08,1.5,216.785,2616.23,1,12213.038,859908.35,0.2,11034.876,69148.99,1.7,868370.048,6827145.91,1.5,665987.32,757707.21,2.6,712011.631,5469442.16,2.8,85376.405,6471441.45,2.7,69055.248,1195725.93,1.2,178537.128,12036689.21,0.9,151814.477,3281373.57,2.8,17748.599,1358205.71,1.2,15905.179,297555.54,2.1,67703.421,870923.04,2.2,61158.751,210822.48,1.2,12857.417,141911.91,1,11525.133,34049.78,2.5,1997.297,79167.38,3.5,1664.609,19691.77,2.6,11513.806,138268.21,2,9941.481,51198.71,1.9,1466.368,107912.79,3.4,1175.956,33879.6,1.8,7065.696,120331.82,2.3,6394.655,40408.7,2.6,1165.388,81775.11,3.3,967.348,27210.09,0.4,3054.781,69686.5,0.2,2698.084,24648.93,1.1,389.193,28166.56,3.5,323.119,10772.13,3,2549.732,37149,2,2306.333,15334.8,1.8,323.619,22716.94,5.5,274.623,4862.5,9.6,374.163,6811.88,0.4,337.937,2586.95,2.4,3259.06,189643.93,1.8,2835.827,106560.89,1.9,1069.088,38341.67,2.8,946.283,19331.35,6,32150.018,189445.1,3,29186.76,153744.89,3.5,33985.415,816073.13,3.7,30251.49,738855.13,2.2,749.077,30087.18,5.8,619.895,13013.63,3.3,37302.326,1626605.77,3,33859.175,809560.34,2.5,5667.387,226816.9,3.5,5247.98,123202.44,1,1680897.05,13.3,99.6,693385.91,1.1,107.5
139  La  [ He ] :  CPS RSD value = 6.10 is over the allowed maximum = 5.00157  Gd  [ No Gas ] :  CPS RSD value = 5.08 is over the allowed maximum = 5.00178  Hf  [ He ] :  CPS RSD value = 5.06 is over the allowed maximum = 5.00209  Bi  [ He ] :  CPS RSD value = 5.35 is over the allowed maximum = 5.00,FALSE,124_QC1_20250514_Ac Series 575  to 858_rerun .D,14-05-2025 19:56,QC1,,QC MES 50 ppb,47.762,3855664.74,1.5,44.812,15363.97,4.1,45.448,1114614.77,1.9,45.764,19008.85,1.6,39.799,5417820.96,0.7,37.856,174266.13,2,45.199,9435563.92,0.3,41.867,667223.06,2.3,43.4,8318689.75,1.4,39.809,893886.08,0.6,44.628,9467714.82,0.2,40.313,1679041.49,1,38.959,1904997.03,1.5,40.491,477667.77,0.6,44.07,5103591.83,3,40.777,1321090.1,2.2,36.923,1221704.52,1.8,34.852,166661.23,1.4,45.653,5189912.11,2.8,42.116,213063.15,2.1,46.483,10402321.51,2.2,41.104,337374.01,2.1,43.997,13301531.14,2.1,39.256,444787.4,2.3,47.239,16423434.72,2.3,42.858,1113163.35,1.9,45.906,8320812.58,2.1,43.116,1081610.3,1.2,42.495,2114510.09,0.5,43.584,576882.46,3.5,49.197,5236569.29,3.1,43.256,1717947.74,2,44.718,1085491.53,3.4,45.847,249569.51,0.5,49.518,3729262.5,1.6,43.992,472276.52,0.5,49.416,5506542.8,3.4,45.283,671508.75,1.4,49.26,14475411.69,1.5,44.88,1034200.01,1.1,48.688,1619447.58,3.2,49.454,210193.52,1.9,47.262,1355649.19,0.7,49.277,15711056.92,1.7,49.356,3163421.55,6.1,50.014,14170277.39,2.5,47.926,3838834.36,0.6,49.381,15825075.52,1,49.728,3437642.44,1.5,44.607,2415374.86,4.4,47.116,601418.2,1.4,44.689,2067821.99,2.4,46.291,504979.11,1.2,49.733,8133081.43,2.7,47.576,2018707.52,2.3,46.532,2336043.08,5.1,48.317,917564.26,1.1,50.33,15196767.21,0.5,51.113,5225556.92,3.1,52.74,3748386.31,3.3,47.65,1107376.52,0.2,50.891,14588106.05,1,51.945,5154267.3,3.5,52.435,4965205.53,2.7,47.887,1592600.26,2.1,50.974,14065756.2,1.1,52.929,5646197.67,1.9,47.824,2889162.61,2.9,48.935,1174514.33,1.7,50.354,13176646.25,0.9,47.08,2642243.03,2.4,55.133,3733954.74,2.1,48.798,1192546.78,5.1,51.195,12404101.48,1.3,52.814,7270213.85,3.5,54,7576534.68,1.1,48.05,3328475.36,2.7,51.276,1110908.54,3,48.975,946510.47,4.3,53.163,5341387.65,1.2,49.546,4446819.77,1.1,53.249,8527023.41,0.2,51.76,3652948.59,5.3,53.397,9739400.88,3.8,55.616,4920577.67,2,54.362,9084172.11,0.9,56.064,4814032.48,1.4,1948367.12,2.5,115.4,717914.45,2.4,111.3
137  Ba  [ No Gas ] :  Concentration value = 278.93 is over the calibration range137  Ba  [ He ] :  Concentration value = 248.26 is over the calibration range138  Ba  [ He ] :  Concentration value = 260.86 is over the calibration range,FALSE,125SMPL_20250514_Ac Series 575  to 858_rerun .D,14-05-2025 20:00,Sample,,MCS 658,48564.215,1032319.85,2.7,48906.269,4438.49,5.2,3556.867,23269.55,3,3315.699,367.04,20.7,14982.899,557293.86,1.1,16465.977,20345.71,2.4,130216.267,7133994.22,1.3,122528.961,515370.03,1.3,112797.897,5751904.21,1.4,98958.607,594723.92,1.5,18458.155,1049803.66,1.5,19090.311,214403.62,1,40736.522,551179.89,0.8,40536.111,133975.08,1.8,36536.709,1130746.89,2,38392.294,334161.4,0.5,104468.673,954352.95,2.1,96861.752,129499.58,3.7,29616.955,884699.13,4.5,32853.265,43933.2,2.4,259885.03,15235532.65,1.2,230298.084,498359.6,1.4,79308.352,6683599.45,1.2,67064.068,216995.43,1,33283.582,3039196.18,0.6,30040.837,206317.85,1,10564.217,530884.78,1.7,10794.027,75513.63,2.7,452.741,9679.98,4.2,491.917,2706.33,5.7,52.765,5546.75,5.7,38.871,2002.17,6.1,4.954,600.62,15.3,<0.000,146.81,34.3,8357.715,170144.66,2.5,8327.39,24367.59,1.6,297.671,19905.32,1.9,241.867,2713.01,1.5,14741.659,1142295.58,1.8,14648.961,89538.75,0.8,1032902.688,8932817,0.8,919327.269,1021644.51,0.7,966003.703,7250047.77,1.8,68332.101,5716070.87,1.7,62831.179,1063781.75,2.2,139813.432,10384042.61,1.2,121589.429,2570352.03,3,13912.173,1172324.91,3.7,13927.614,254731.42,1.4,53401.805,758260.16,3.2,53454.729,180179.48,1.2,10062.568,122601.1,2.2,10658.503,30778.14,4.9,1829.501,80314.8,0.7,1702.671,19701.78,1.9,9844.687,130148.65,2.4,9190.236,46274.66,2.4,1269.426,103786.42,1,1217.615,34281.05,3.4,7035.921,132012.26,1.7,7059.906,43572.72,2.6,1195.016,92651,0.7,1224.89,33381.27,2.1,3313.078,83246.66,2.5,3351.661,29838.69,0.3,436.91,34656.18,1.5,441.191,13895.01,1.9,2961.996,47538.25,1.4,2919.678,18879.83,1.6,388.237,29501.19,1.9,361.83,6064.23,6.9,425.916,8462.92,8.1,391.947,2890.35,8.9,2439.394,157220.54,3.1,2625.569,96522.29,2.5,1255.78,49255.04,3.9,1260.604,24689.68,3,32832.375,188972.96,3.9,29923.536,154095.96,1,30673.097,814510.89,1.9,31189.082,744314.38,1.2,699.635,31316.97,2.2,676.488,13814.55,3.3,28689.606,1374731.14,2.2,29402.382,687291.48,2.6,4588.702,203591.38,3.2,4882.035,112175.83,0.5,1891369.03,1.8,112,701004.21,2,108.6
137  Ba  [ No Gas ] :  Concentration value = 163.01 is over the calibration range137  Ba  [ He ] :  Concentration value = 140.56 is over the calibration range138  Ba  [ He ] :  Concentration value = 151.17 is over the calibration range205  Tl  [ He ] :  CPS RSD value = 5.10 is over the allowed maximum = 5.00232  Th  [ He ] :  CPS RSD value = 5.96 is over the allowed maximum = 5.00,FALSE,126SMPL_20250514_Ac Series 575  to 858_rerun .D,14-05-2025 20:04,Sample,,MCS 659,30682.087,652053.25,2,31053.583,2803.1,12.9,2235.779,14715.91,1.1,1746.431,193.53,21.5,8892.113,340089.07,0.5,9835.264,12204.41,1.9,75234.836,4113561.59,1.2,71724.612,298989.65,1.2,63433.299,3346369.4,0.4,58135.544,357549.88,2.3,9617.749,557535.25,0.6,10027.086,114172.82,2.3,20741.548,300143.63,0.9,21295.19,75031.92,4.6,20699.312,650242.4,1.5,22130.004,194301.18,2,49171.659,559153.96,1.2,45207.146,75904.86,1.7,17747.601,529171.05,1.9,21808.359,28930.5,3.3,156010.823,9112948.59,1,139181.008,298428.91,2.2,70050.005,5986509.44,2.5,60606.89,197857.98,1.6,23319.85,2122246.83,0.5,24216.862,164795.05,1,7894.136,403326.34,2.3,8162.201,57726.85,3.3,340.993,8277.61,2.1,335.368,2159.01,1.1,<0.000,3417.22,5.6,<0.000,1234.63,14.7,25.92,744.1,22.4,18.15,186.85,15.5,4909.437,101879.86,2.7,5291.771,15651.96,4.1,163.135,16166.4,2.9,114.436,2232.44,6.6,8752.251,678470.06,2.4,9167.73,55717.2,0.6,617110.904,5320604.26,1.4,532153.886,586494.6,1.8,572315.462,4257341.1,2.2,63040.246,5253160.57,3.5,59348.382,994721.54,1.8,131634.277,9734674.7,0.7,114824.098,2402565.69,0.2,13165.307,1105132.53,4.2,13438.854,243424.77,2.5,49761.185,703641.66,0.6,51793.065,172880.99,3.7,9324.711,113150.11,3.2,9513.07,27226.62,1.6,1512.64,66481.39,2,1490.481,17165.61,0.5,8673.964,114248.54,4.2,8138.873,40615.98,1.9,1078.507,88385.5,4.2,1009.472,28410.62,2.6,5648.477,105710.04,0.9,5930.641,36315.53,0.9,965.091,75123.83,2.1,966.389,26371.07,4.2,2714.444,68086.15,1.5,2719.265,24063.9,3.1,331.779,27012.94,3.6,330.745,10718.68,4.5,2370.809,38015.82,2.6,2357.478,15184.51,2.7,294.304,23031,3.6,302.615,5149.57,4.8,259.135,5491.22,5.6,290.65,2223.55,13.5,1325.929,86238.64,3.9,1333.36,49221.03,2.1,669.193,27608.83,2.8,689.431,14149.09,5.1,26174.11,149678,2,25003.551,127804.97,1.4,24261.205,643471.51,2.2,25142.457,595897.67,2.6,436.607,20230.26,2,425.527,9076.73,6.2,26198.641,1250542.26,1.7,26821.621,621184.04,6,3843.785,170204.07,1.9,4178.095,95309.21,4.9,1924993.07,1.2,114,709454.85,1.2,109.9
95  Mo  [ No Gas ] :  CPS RSD value = 7.10 is over the allowed maximum = 5.00121  Sb  [ No Gas ] :  CPS RSD value = 5.74 is over the allowed maximum = 5.00137  Ba  [ No Gas ] :  Concentration value = 206.70 is over the calibration range137  Ba  [ He ] :  Concentration value = 182.47 is over the calibration range138  Ba  [ He ] :  Concentration value = 193.75 is over the calibration range206  [Pb]  [ He ] :  CPS RSD value = 5.70 is over the allowed maximum = 5.00207  [Pb]  [ He ] :  CPS RSD value = 5.18 is over the allowed maximum = 5.00209  Bi  [ He ] :  CPS RSD value = 6.23 is over the allowed maximum = 5.00232  Th  [ He ] :  CPS RSD value = 6.06 is over the allowed maximum = 5.00,FALSE,127SMPL_20250514_Ac Series 575  to 858_rerun .D,14-05-2025 20:08,Sample,,MCS 660,37277.419,788297.46,3.3,42664.924,3801.01,5.9,3527.379,22885.24,3.1,3283.925,357.03,21,11971.258,446669.47,1,12759.651,15547.88,2.8,104303.884,5674572.92,1,100211.69,413301.7,2,85612.094,4395063.2,1.2,77886.774,464404.4,1.7,15085.524,855655.16,2,15485.931,171486.57,1.4,29945.94,412346.41,0.8,31518.448,104437.39,1.8,30763.252,948472.2,2.4,32479.98,278354.94,1.1,86149.333,814250.87,1.1,81315.555,110903.82,0.6,23868.992,708063.37,2.5,27380.043,35934.48,0.3,208165.071,12109472.41,2.5,186173.395,395192.67,1.4,70873.749,6000576.42,2,60169.302,193771.11,0.8,27099.709,2456412.93,1.9,28697.638,193308.55,1.3,14720.187,721577.83,2.3,14781.206,99816.04,3.2,683.262,12545.29,7.1,704.789,3370.49,6.4,9.295,4258.31,2.8,<0.000,1304.71,6.5,<0.000,500.51,14,<0.000,116.78,27.6,8899.461,179375.34,2.5,9384.132,26824.74,4,481.446,24969.32,5.7,406.817,3277.04,6.5,11073.511,852920.45,3.9,11246.913,67545.97,1,757847.69,6508323.34,1.4,668994.92,729781.27,1.2,710361.382,5228887.86,1.4,62851.501,5218165.16,1.4,57633.856,957234.48,3.1,128225.051,9450675.9,1.1,114009.494,2361929.12,1.6,13029.045,1089838.95,1.3,12913.636,231717.57,2.7,47880.03,674787.19,1.1,50171.517,165786.12,1.7,9434.411,114058.61,1.5,9618.881,27266.65,1.8,1741.676,75924.12,2.9,1683.153,19093.6,0.3,8699.698,114165.65,1.2,8612.472,42541.24,2.1,1168.693,95002.14,4.3,1108.116,30708.35,0.7,6415.3,119542.74,3.1,6805.009,41199.03,4.2,1123.804,86595.04,1.8,1145.874,30685.07,2,3195.77,79692.43,1.8,3394.128,29624.73,2.8,404.098,32013.05,0.8,403.569,12565.63,4.3,2812.1,44801.86,2.7,3037.554,19250.85,2,371.259,28080.06,4.3,358.443,5890.65,4.3,485.575,9426.95,6.4,532.666,3717.24,11.7,1641.397,105716.74,3.2,1691.107,61458.89,3.2,959.035,37983.66,4.8,999.781,19515.09,2.4,36600.793,206586.67,5.7,32139.759,162040.71,5.2,32074.58,844966.66,2.6,33826.873,791248.72,2.7,633.914,28309.55,3.7,641.738,12883.51,6.2,22640.254,1077083.2,2,23598.743,541641.97,6.1,4249.468,187157.36,3.6,4628.941,104367.84,1.3,1858474.73,2,110.1,680650.63,2.3,105.5
137  Ba  [ No Gas ] :  CPS RSD value = 6.84 is over the allowed maximum = 5.00153  Eu  [ He ] :  CPS RSD value = 7.00 is over the allowed maximum = 5.00163  Dy  [ He ] :  CPS RSD value = 7.06 is over the allowed maximum = 5.00172  Yb  [ No Gas ] :  CPS RSD value = 6.67 is over the allowed maximum = 5.00205  Tl  [ He ] :  CPS RSD value = 5.41 is over the allowed maximum = 5.00,FALSE,128SMPL_20250514_Ac Series 575  to 858_rerun .D,14-05-2025 20:12,Sample,,MCS 661,20159.566,419210.97,0.8,20429.771,1798.59,8.5,1798.123,11616.54,4,1897.096,203.54,17.3,6215.609,239642.12,0.7,6627.079,8120.58,2.4,54706.429,2919107.97,0.1,51700.207,209341.13,3.1,36733.775,2009929.36,1.9,37154.906,232074.14,1.1,7345.625,421280.97,1.1,7385.26,83164.17,2.2,14382.82,216152.37,1.7,14806.552,54173.6,1.2,16128.452,499929.12,2.8,16431.162,142360.61,1.1,35699.88,456705.04,1.4,33153.748,62549.26,0.2,12696.188,369251.72,3.3,14899.421,19233.22,2.6,120581.197,6861392.66,1.3,106100.891,221013.56,2.6,43036.883,3898416.45,0.4,36493.491,128646.46,2.3,17353.663,1539610.24,2.1,17848.773,118056.34,1.2,8442.844,418653.73,1.1,8733.296,59779.56,2.7,244.282,6952.15,3.3,203.919,1685.14,3.8,<0.000,3173.57,3.8,<0.000,920.96,1.1,<0.000,377.05,18.1,<0.000,60.06,60.1,3519.54,72747.26,2.8,3532.047,10438.03,4.1,312.201,20279.61,1.5,300.61,2919.92,4.1,5382.498,409084.41,2.1,5464.272,32483.71,1.6,389247.452,3271759.27,6.8,366308.778,392573.33,2.9,350425.052,2535296.29,0.4,47587.92,3860737.31,1.5,44245.52,720033.73,2.2,94732.392,6822056.66,3,82949.707,1685753.73,2.8,9594.132,784900.11,0.3,9814.053,172867.2,0.8,35235.631,485315.96,1.5,36093.177,117018.36,2.2,6810.22,80605.8,1.6,6755.421,18819.53,4.2,1089.248,47185.47,0.6,1076.828,12241.56,7,6158.552,79174.04,2.4,5723.996,27808.56,1.7,744.422,60485.81,1.9,717.194,20056.06,2.7,3919.486,71716.15,1.9,4099.244,24488.72,7.1,676.225,52184.43,3.1,698.484,18899.97,3.1,1923.448,47289.99,2.6,1995.314,17269.26,0.8,233.297,19488.12,4.3,235.917,7887.09,5,1675,26347.6,6.7,1657.688,10491.61,0.4,187.79,15428.44,4.4,199.891,3560.75,2.9,273.494,5617.95,2.5,268.573,2030.18,6.8,891.76,57255.3,1.2,916.63,33288.2,1.9,478.896,20180.25,4.1,474.673,10010.81,5.4,23213.83,129086.13,3.2,21174.842,105368.72,3.7,20706.304,535918.88,0.7,21863.263,503983.93,3.5,300.219,14198.31,3,281.717,6284.98,5,17137.393,797289.61,1.7,17437.262,392230.51,2.6,3116.49,134806.41,4.7,3253.777,72448,1.5,1931290.2,2.5,114.4,709565.19,2,110
137  Ba  [ No Gas ] :  Concentration value = 102.64 is over the calibration range137  Ba  [ No Gas ] :  CPS RSD value = 7.93 is over the allowed maximum = 5.00166  Er  [ No Gas ] :  CPS RSD value = 5.22 is over the allowed maximum = 5.00,FALSE,129SMPL_20250514_Ac Series 575  to 858_rerun .D,14-05-2025 20:16,Sample,,MCS 662,17666.182,374876.99,0.7,18918.058,1688.47,14.7,1570.36,10364.29,4.7,1651.947,180.18,14.7,7161.744,276420.32,1,7923.459,9753.31,1.2,48648.403,2646724.59,1.2,46002.136,189075.78,1.8,36107.281,2006602.96,2.4,38595.501,242458.37,1.2,6913.387,404711.35,2.3,7064.173,80747.13,2.3,12467.167,194906.2,2.1,13093.22,49480.98,1.7,11575.578,372651.44,2.1,11941.786,106936.64,1.4,34551.271,449510.34,2.2,32340.322,61563.47,1.1,12686.471,375918.81,2.6,15087.994,19744.51,3,103289.88,5987844.32,3.5,89815.227,189852.05,2.2,50882.8,4520562.97,1.4,45360.296,153333.42,2.3,21029.198,1897859.74,2.6,21315.191,142859.17,2.3,4643.865,247754.71,0.3,4892.596,35802.26,2.1,468.861,9830.23,2.3,459.28,2539.46,5.6,<0.000,2743.05,5.6,<0.000,1001.04,7.9,<0.000,330.34,33.7,<0.000,70.07,49.5,3105.353,65847.02,0.9,3237.077,9736.81,3.9,117.094,14633.03,1.1,98.222,2125.64,8.1,5482.817,423851.67,4.8,5817.133,35013.17,3.4,386121.825,3307487.49,7.9,359571.981,390873.23,1.1,349602.531,2565283.15,1.8,43559.346,3599093.79,4.2,42288.424,698195.88,3.5,90416.291,6634487,1.6,78634.755,1620299.1,4.5,9001.868,750215.79,2.1,9570.506,170976.06,2.5,33970.716,476689.99,1.9,35037.174,115192.75,2.6,6629.496,79907.48,1.2,6886.769,19444.44,2.4,1209.309,53081.54,2.1,1193.333,13654.41,3.8,6086.778,79704.56,2.8,5984.817,29473.98,1.2,810.779,66683.26,3.8,790.413,22208.51,2.9,4778.653,88826.01,3.1,5018.448,30303.84,2.7,836.903,64930,4.8,900.124,24271.19,0.7,2595.184,64641.98,5.2,2639.461,23010.94,3.9,341.389,27457.74,2.6,349.332,11049.3,3.4,2545.543,40436.04,1.5,2610.875,16504.11,3.4,328.495,25120.51,4.7,332.654,5500.07,1,145.632,3450.49,3.8,142.761,1256.74,14.3,757.993,49843.71,2.5,765.434,28359.1,2,420.411,18322.11,2.8,440.371,9486.55,5.9,26858.849,151119.44,3.8,24584.831,123756.71,4.8,24051.922,632444.23,1.9,25690.059,599115.37,1.2,199.099,10207.62,4.7,173.603,4367.47,3,16196.827,767517.65,2.9,16587.593,378544.96,1.3,2536.944,112245.84,1.6,2744.212,62207.34,4.4,1897165.5,2,112.4,693992.82,1.1,107.6
137  Ba  [ No Gas ] :  Concentration value = 204.79 is over the calibration range137  Ba  [ He ] :  Concentration value = 184.27 is over the calibration range138  Ba  [ He ] :  Concentration value = 196.99 is over the calibration range153  Eu  [ He ] :  CPS RSD value = 7.23 is over the allowed maximum = 5.00,FALSE,130SMPL_20250514_Ac Series 575  to 858_rerun .D,14-05-2025 20:21,Sample,,MCS 663,35697.706,746475.38,0.9,39737.751,3473.93,4.4,2954.296,19028.84,4.3,3449.908,367.04,15,11286.358,418857.76,1.2,12328.181,14759.56,4.4,101012.531,5434357.91,0.5,96933.085,392150.43,1.8,83898.437,4275615.2,1,78937.468,462388.81,0.3,14422.124,811245.94,1.4,15137,164749.65,2.6,30192.047,412558.12,1.6,31941.666,104121,0.8,28856.094,882646.5,0.9,30108.288,253979.29,0.8,69985.773,700832.21,1,67528.008,96373.68,1.4,22505.77,660394.31,1,26033.045,33515.91,1.2,200770.583,11551901.93,2.4,181713.991,378211.22,2.9,66214.244,5629032.59,0.7,56804.01,182464.28,0.6,20782.082,1864513.37,3.2,21465.874,141932.58,3.6,5007.332,263740.45,2.5,5076.57,36574.35,0.3,490.993,10130.75,2.3,488.804,2626.23,5.7,<0.000,3033.39,8.1,<0.000,954.33,13.3,492.542,3650.85,1.9,446.015,774.13,4.2,6223.567,125847.5,2.3,6605.765,18779.22,1.7,171.927,16356.77,3.6,99.14,2138.99,5.1,11503.066,876316.6,0.2,11795.152,69458,1,787432.247,6684482.42,0.5,708532.602,757735.34,1.4,757432.997,5467932.32,2.5,59494.086,4883452.73,0.4,54267.044,883539.09,2,119326.771,8695593.94,0.8,107283.712,2180137.8,3,12001.184,992642.43,1.2,12397.784,218220.36,1.9,46508.207,647971.91,1.7,47997.123,155568.91,4,8686.784,103886.3,0.1,9147.779,25434.45,3.1,1536.318,66532.11,2.3,1458.984,16340.33,7.2,7990.174,103739.77,0.6,7608.362,36901.02,2.4,1036.566,83872.74,2.4,992.753,27186.65,3.1,5137.267,94801.63,3.4,5555.225,33059.88,3,869.562,67019.57,3.3,836.585,22372.38,1.8,2306.65,57160.54,4.2,2431.671,20951.92,2.4,274.371,22586.33,2.7,275.242,8928.82,5.2,1886.411,29939.31,2.4,2032.418,12772.69,4.2,229.051,18335.25,4.9,228.636,3961.28,3.5,176.304,3980.66,4.2,165.449,1386.75,12.2,1385.464,88682.69,2,1455.038,52062.25,0.5,1443.695,55209.78,3.9,1507.62,28137.09,3.4,26509.753,147214.59,3.4,24298.953,120689.54,3.8,23716.916,619860.16,1.9,25300.478,582302.66,2.3,499.615,22550.97,2.4,498.973,10150.92,3,23183.761,1090558.01,0.4,24933.978,560685.43,1.1,3841.427,167636.5,0.6,4134.168,91648.91,1.5,1926278.89,1.3,114.1,699709.58,0.2,108.4
9  Be  [ No Gas ] :  CPS RSD value = 5.26 is over the allowed maximum = 5.00137  Ba  [ No Gas ] :  Concentration value = 128.98 is over the calibration range137  Ba  [ He ] :  Concentration value = 114.53 is over the calibration range138  Ba  [ He ] :  Concentration value = 114.92 is over the calibration range138  Ba  [ He ] :  CPS RSD value = 6.57 is over the allowed maximum = 5.00147  Sm  [ No Gas ] :  CPS RSD value = 5.86 is over the allowed maximum = 5.00169  Tm  [ No Gas ] :  CPS RSD value = 5.21 is over the allowed maximum = 5.00172  Yb  [ He ] :  CPS RSD value = 7.87 is over the allowed maximum = 5.00205  Tl  [ No Gas ] :  CPS RSD value = 5.20 is over the allowed maximum = 5.00,FALSE,131SMPL_20250514_Ac Series 575  to 858_rerun .D,14-05-2025 20:25,Sample,,MCS 664,25866.011,513729.39,1.8,26886.239,2279.14,5.6,2586.553,15854.97,5.3,2789.695,286.96,22.7,8750.487,314014.69,1.2,9466.298,11048.94,4.8,74128.328,3781842.89,0.8,70172.225,274372.68,1.4,58087.776,2896657.29,1.5,53012.629,309588.05,2.5,9548.578,517943.4,0.9,9518.754,102255.44,2.5,20331.125,277646.72,2.5,20887.391,69892.34,4.3,20072.62,590471.63,0.4,20513.391,169978.14,2.3,49564.135,536846.54,3,45182.158,73009,2.1,17565.693,488660.31,1,19646.724,24460.49,2.6,165064.292,8987405.97,2.7,146105.014,293788.74,0.6,44297.986,3850599.56,3,36747.171,126044.2,0.5,18708.521,1588388.13,3.4,18617.066,118975.58,1.1,7173.083,346436.85,2.3,7392.433,49697.47,1.6,324.957,7766.77,2.6,338.29,2095.61,13.7,<0.000,3013.38,7,<0.000,1021.06,3.4,<0.000,413.75,26.7,<0.000,73.41,70,5030.66,97548.56,2.9,5176.999,14419.24,4.1,385.912,21827.04,3.1,317.54,2943.29,5,8102.301,586554.22,3.1,8071.15,46092.64,3.3,521154.437,4192819.7,3.1,462761.074,478741.49,1.5,464316.535,3242267.8,6.6,45567.701,3542427.75,3,42345.997,666119.09,1.1,92526.737,6379904.71,4.7,79225.198,1555147.7,2.3,9121.442,715604.46,4.2,9356.018,159251.35,2.4,35039.744,462154.54,4.5,35447.838,111008.89,4.1,6743.292,76541.16,5.9,6613.231,17800.42,2.5,1228.515,50803,3,1196.756,13089.99,2.9,6077.458,74890.65,4,5670.372,26634.91,1.7,774.685,60281.26,2.6,719.906,19494.67,3.7,4175.661,73179.21,2.1,4373.959,25220.62,4.7,750.996,55270.44,3.4,760.533,19818.94,1.5,2028.034,47755.64,1.7,2157.677,18021.06,2.5,243.218,19431.28,5.2,241.286,7806.96,1.9,1729.617,26063.32,1.5,1821.539,11106.12,7.9,209.427,16240.19,3.5,199.539,3457.28,7.6,241.652,4887.67,4.1,244.405,1830.14,4.5,1115.677,68143.61,2.7,1150.293,40077.97,2.7,746.676,28585.43,5.2,721.803,13921.92,3,26542.658,142408.78,0.7,23906.542,114771.17,1.4,23931.191,592510.6,1.6,24665.315,548679.12,0.4,471.279,20330.34,2.8,464.076,9260.22,1.2,17657.939,787017.88,1.7,18181.703,395108.15,3.9,3039.756,126203.56,1.3,3279.524,70617.73,3.4,1916434.61,2.5,113.5,710039.47,1.4,110
9  Be  [ No Gas ] :  CPS RSD value = 6.26 is over the allowed maximum = 5.00118  Sn  [ He ] :  CPS RSD value = 7.57 is over the allowed maximum = 5.00137  Ba  [ No Gas ] :  Concentration value = 175.08 is over the calibration range137  Ba  [ He ] :  Concentration value = 155.57 is over the calibration range138  Ba  [ He ] :  Concentration value = 165.14 is over the calibration range205  Tl  [ No Gas ] :  CPS RSD value = 5.75 is over the allowed maximum = 5.00209  Bi  [ No Gas ] :  CPS RSD value = 7.94 is over the allowed maximum = 5.00,FALSE,132SMPL_20250514_Ac Series 575  to 858_rerun .D,14-05-2025 20:29,Sample,,MCS 665,31936.813,703419.96,2.9,34978.762,3300.37,3.1,3003.815,20332.06,6.3,3137.83,360.37,2.8,9409.88,370492.54,1.3,10375.822,13440.18,3.7,75643.159,4289236.74,1.9,72128.96,314828,1.9,61637.787,3366766.36,1.5,55942.01,360087.01,0.5,10154.081,607724.77,0.1,10222.385,121500.01,1.8,22260.636,328914.23,1.2,22992.948,83382.23,0.7,21678.283,703542.03,3.3,21584.597,198342.57,0.2,58656.116,639995.96,0.7,54027.531,87466.67,1.2,18810.897,581412.05,3.7,20604.857,28639.69,0.6,155574.002,9424348.33,2.4,136610.837,306953.73,2.2,53904.845,4926084.01,1.4,45846.605,163216.29,0.8,25532.685,2409053.22,1.2,25222.569,179691.14,2.7,6985.146,372215.68,1.9,7211.458,53719.84,1.7,386.919,9012.17,4.1,353.088,2275.82,9.3,<0.000,2993.38,11.5,<0.000,997.71,5.1,<0.000,363.7,27.6,<0.000,40.04,66.1,5012.961,107470,2.1,4996.725,15504.89,7.6,164.545,16236.57,2.7,122.533,2282.49,1.5,9520.621,764452.27,1.8,9537.274,60688.19,2.5,630809.435,5639073.46,1.3,560499.652,646554.8,3.2,595008.338,4636048.35,1.2,45515.043,3935102.82,2.7,42146.913,740084.07,2.9,94146.279,7223770.45,0.9,81170.145,1779724.46,1.5,9409.638,820157.4,1.7,9556.958,181616.59,2.6,36288.252,532309.47,2.5,35888.047,125554.19,1.5,6891.841,86850.31,0.9,7277.684,21830.7,4.3,1473.669,67149.09,3,1290.126,15625.35,2.4,6567.008,89819.6,2.2,6435.996,33682.11,3.2,912.075,77895.39,4.1,829.668,24658.85,1.5,5261.149,102126.8,3.5,5371.792,34455.24,2.8,961.394,77474.33,4.2,993.942,28303.84,2,2887,74999.35,1.3,2944.118,27230.13,0.5,392.587,32404.6,2,356.443,11900.92,3,2756.419,45702.59,1.1,2776.185,18629.26,1.3,371.228,29190.14,2.4,354.692,6157.72,1,262.576,5714.68,7.6,226.38,1876.82,7.2,1245.998,84058.34,0.9,1191.073,46139.01,0.4,726.503,30666.02,5.7,739.062,15675.79,0.9,29956.509,179088.14,1.4,29168.151,155690.12,3.3,28890.789,792580.99,1.7,28891.684,715533.4,0.9,394.363,19054.99,7.9,355.306,8099.38,4,17659.091,874816.02,2.7,17804.173,432369.34,2,2949.277,135948.87,2.4,3197.643,76717.89,4.5,1900267.67,1.3,112.5,707586.7,2.7,109.7
137  Ba  [ No Gas ] :  Concentration value = 334.15 is over the calibration range137  Ba  [ He ] :  Concentration value = 306.70 is over the calibration range138  Ba  [ He ] :  Concentration value = 327.74 is over the calibration range209  Bi  [ No Gas ] :  CPS RSD value = 7.02 is over the allowed maximum = 5.00209  Bi  [ He ] :  CPS RSD value = 6.03 is over the allowed maximum = 5.00,FALSE,133SMPL_20250514_Ac Series 575  to 858_rerun .D,14-05-2025 20:33,Sample,,MCS 666,51874.787,1104384.08,4.3,57219.371,5066.01,7.6,4002.756,26184.46,2.4,4021.868,433.78,11.6,18270.815,675286.43,1.2,20738.134,24904.61,4.3,157273.745,8628873.27,0.8,156319.022,641545.27,1.7,132617.442,6724994.59,1.1,122504.803,712384.65,2.3,23458.521,1329901.52,1.4,24671.884,268960.01,0.7,47752.535,640155.25,1.4,51396.083,162949.42,1.3,43037.738,1329762.06,1.3,44480.06,376643.64,0.7,121918.521,1080349.55,0.3,118789.573,148349.11,0.4,34290.417,1026627.91,2.6,39712.046,51829.51,1.7,331465.403,19467504.21,1.7,297238.116,627660.85,1.2,98101.373,8097690.83,1.5,88604.832,269995.7,2,34433.147,3150410.52,2.3,32595.752,218477.44,0.1,6728.298,349710.45,2.1,7045.254,49597.2,2.2,380.965,8738.34,2.9,353.503,2162.35,6.1,<0.000,3317.09,6.6,<0.000,1124.51,12.7,6.033,603.95,16.1,<0.000,110.11,15.7,9829.091,199539.95,1.8,10428.05,29573.5,2.3,307.666,20159.41,1.4,323.916,2949.96,8.6,15610.238,1211717.97,2.5,16231.91,96802.16,2,1228759.333,10646448.76,1.5,1127822.525,1223088.04,2.7,1205201.045,8826011.03,1.9,82202.658,6889538.09,2.7,76151.73,1258104.75,2.6,170764.804,12709729.75,1.1,169573.738,3497533.48,1.2,16981.725,1433330.42,0.3,17664.577,315220.57,2.4,65147.572,926943.4,2.1,67704.725,222695.46,3.1,12445.596,151754.35,2.4,13173.899,37121.52,2.3,2168.997,95078.65,2.1,2182.144,24461.57,3,11677.947,154516.93,4.5,11080.93,54432.4,4.4,1459.204,119034.33,1.3,1464.433,39953.56,0.7,7743.763,145477.68,0.8,8074.607,48619.49,3.1,1303.962,101030.35,1.3,1312.966,34826.58,4.2,3452.388,86844.13,1.7,3653.989,31715.26,2.7,420.406,33511.76,1.8,417.071,12892.98,4.2,2867.491,46114.41,2.9,2968.102,18732.83,1.7,359.594,27574.8,2.5,363.938,5944.05,3.4,262.271,5554.61,11.5,269.462,2046.84,2.9,2365.652,152878.04,3.3,2435.846,87539.54,4.5,1557.557,60450.14,2.4,1601.893,30177.36,0.8,37300.931,209431.29,4.9,33464.511,168015.49,0.5,32701.1,869729.16,3.7,34763.929,809145.15,2.4,635.271,28667.19,7,647.205,12943.6,6,33500.451,1608384.06,0.9,34481.044,786600.14,2,4854.852,215655.19,1.9,5288.421,118493.1,0.4,1882085.99,1.6,111.5,679427.61,0.4,105.3
71  Ga  [ He ] :  CPS RSD value = 5.27 is over the allowed maximum = 5.0090  Zr  [ No Gas ] :  CPS RSD value = 7.98 is over the allowed maximum = 5.0095  Mo  [ He ] :  CPS RSD value = 5.89 is over the allowed maximum = 5.00137  Ba  [ No Gas ] :  Concentration value = 313.78 is over the calibration range137  Ba  [ He ] :  Concentration value = 271.91 is over the calibration range138  Ba  [ He ] :  Concentration value = 297.01 is over the calibration range140  Ce  [ No Gas ] :  CPS RSD value = 9.02 is over the allowed maximum = 5.00159  Tb  [ He ] :  CPS RSD value = 6.46 is over the allowed maximum = 5.00,FALSE,134_QC2_20250514_Ac Series 575  to 858_rerun .D,14-05-2025 20:37,QC2,,SJS-Std,46713.898,1010280.83,2,50339.369,4592.05,4,1368.874,9352.57,2.3,1663.77,186.85,25.3,8011.335,314710.46,0.6,9013.422,11366.2,3,103552.903,5774019.65,1,97666.821,412881.92,1.1,110741.383,5743386.73,1.7,99154.355,598445.55,0.7,10333.475,609032.86,0.3,10470.575,120551.06,0.5,64925.876,868389.64,1.9,68551.68,220043.43,0.2,28017.084,888047.22,0.9,28778.04,253607.01,1.4,80341.125,791298.05,1.6,78053.203,110116.31,2.1,13983.652,426421.71,0.5,14565.211,19664.28,5.3,93132.273,5564532.46,0.7,83824.953,182701.95,2.5,244243.666,19287787.83,1.8,215624.078,631803.34,1.5,13711.41,1277396.04,1.2,14140.128,97894.75,2.1,57746.685,2812614.07,8,55043.671,368799.45,2.3,2898.06,42183.68,1.1,2936.106,11262.83,5.9,175.143,9052.27,0.9,84.48,2472.72,7.1,351.003,2839.82,1.7,330.182,633.99,8.1,1220.284,29877.91,4.3,1340.727,4632.15,3.4,1223.371,47538.8,1.8,1170.406,6344.6,4.8,4714.36,376481.14,2.8,4712.457,29333.05,2.1,1145562.364,10074239.05,3.7,992702.051,1108879.43,3.1,1084327.789,8173028.25,1.6,18276.419,1559249.51,1.2,19118.952,326282.1,2.8,38552.402,2917353.09,9,37617.055,800163.65,2,4295.483,370714.56,1.1,4322.051,80152.65,3.2,16500.011,238950.31,1.6,17152.131,58272.17,1,3210.339,40140.47,1.7,3314.645,9723.52,4.9,943.703,43056.29,2.3,764.923,9242.66,1.7,3211.016,43579.08,0.6,3165.975,16196.64,0.7,439.638,38735.01,2.2,411.035,12582.31,6.5,2687.673,51835.57,3.1,2871.632,18007.66,3.1,518.836,42531.24,1.2,523.197,15067.49,4,1635.419,42280.57,2,1625.278,14770.21,1.8,206.528,18261.65,1.9,204.037,7242.69,2.1,1634.664,26966.22,1.4,1682.575,11102.74,1.9,217.226,18044.53,3.3,215.656,3914.56,11.6,2039.51,37720.95,2.3,2092.116,13914.47,0.4,706.159,47945.83,2.9,731.818,27988.3,4.4,502.166,21848.1,0.1,510.511,11012.67,4.4,20322.247,118329.78,2,18621.927,96969.7,3,17804.045,484254.66,1.9,19082.288,460540.81,0.2,239.276,12169.44,1.4,212.589,5197.79,7.3,9619.398,470751.9,0.7,10135.359,238979.18,2.2,3199.414,145061.51,1.6,3342.56,77678.8,0.8,1896803.06,1.9,112.3,694470.15,1.8,107.6
137  Ba  [ No Gas ] :  Concentration value = 188.97 is over the calibration range137  Ba  [ He ] :  Concentration value = 144.68 is over the calibration range138  Ba  [ He ] :  Concentration value = 153.68 is over the calibration range163  Dy  [ He ] :  CPS RSD value = 5.08 is over the allowed maximum = 5.00178  Hf  [ No Gas ] :  CPS RSD value = 5.25 is over the allowed maximum = 5.00205  Tl  [ No Gas ] :  CPS RSD value = 5.14 is over the allowed maximum = 5.00103  Rh ( ISTD )  [ No Gas ] :  CPS RSD value = 5.03 is over the allowed maximum = 5.00,FALSE,135SMPL_20250514_Ac Series 575  to 858_rerun .D,14-05-2025 20:41,Sample,,MCS 667,39787.504,790302.6,3,36402.317,3370.46,4.6,2195.743,13530.17,4.9,2384.544,270.27,7.4,12049.328,423216.63,0.8,12034.529,15263.92,1.4,99761.235,5098747.72,2.1,83463.099,357684.14,0.7,85689.838,4144528.08,1.6,70211.03,438348.86,0.2,12477.271,669720.27,2,11561.014,134496.95,1.4,29392.205,382545.48,1.4,27044.751,94977.78,1.1,24051.56,703225.6,0.6,21974.214,198506.93,0.7,72507.242,680891.26,0.5,58228.325,91961.29,1.5,23416.624,652959.26,0.3,23867.379,32559.2,2.4,181787.836,9939743.1,1.5,143361.119,315985.21,2.1,47746.905,4055823.85,2.6,36135.819,134465.93,1.7,21523.854,1833818.61,1.8,19784.4,138605.65,1.7,17856.864,817293.76,1.2,16373.259,114417.45,3.1,713.369,12281.4,2.7,627.624,3263.68,5.2,<0.000,3166.9,3.2,<0.000,854.22,2.7,<0.000,410.42,4.9,<0.000,86.75,53.3,6491.849,124603.71,2.3,5854.921,17716.69,3.5,295.961,18799.25,1,137.921,2402.63,6.1,11731.358,849147.14,1.3,10942.754,68273.55,0.2,719257.518,5804452.8,0.6,550697.821,624129.64,0.2,584931.846,4473574.42,1.4,49518.566,3863797.76,2,42092.393,725799.06,1.9,115067.052,7967260.4,2.1,88195.66,1898175.84,0.4,10454.61,822046.71,1.2,9957.271,185757.16,0.7,43086.426,570563.17,1.1,37453.872,128610.65,0.1,8006.23,91021.46,3.4,7372.175,21730.41,0.4,1462.423,60287.54,1.7,1204.785,14395.98,1.9,7288.018,89956.59,1.9,6566.833,33748.87,1.8,1010.073,77757.59,1.6,839.706,24575.36,3.3,5301.311,92885.32,3.1,4947.459,31183.45,5.1,928.998,67871.27,2.5,854.134,24150.92,1.8,2625.027,61639.67,2.8,2493.499,22720.08,3.7,342.401,26023.25,0.7,298.433,10104.22,1.8,2453.361,36817.81,0.6,2330.432,15455.03,4.1,316.435,22984.27,1.2,274.968,4879.18,5.7,595.387,10721.35,5.2,563.743,4080.69,1.1,1677.241,101470.46,3,1510.973,57175.77,0.6,827.527,31291.44,5.1,788.521,16400.79,2.3,33039.181,193838.8,2.1,30958.12,162168.25,3.9,34185.455,846227.97,1.6,31795.991,772661.4,1.3,503.14,21549.07,1.2,422.408,9283.59,6.5,21254.886,950497.03,0.2,19804.333,472091.13,2.3,4325.706,178980.07,1.6,4102.736,96285.01,2.5,1815247.07,5,107.5,733912.71,3.1,113.7
163  Dy  [ No Gas ] :  CPS RSD value = 9.11 is over the allowed maximum = 5.00205  Tl  [ He ] :  CPS RSD value = 8.71 is over the allowed maximum = 5.00103  Rh ( ISTD )  [ No Gas ] :  CPS RSD value = 7.26 is over the allowed maximum = 5.00,FALSE,136_QC1_20250514_Ac Series 575  to 858_rerun .D,14-05-2025 20:45,QC1,,QC MES 50 ppb,49.335,3821896.07,0.9,44.174,14896.32,1.7,46.097,1084389.05,1.5,45.666,18661.33,2.4,40.955,5348890.77,0.7,37.66,170509.42,2.3,46.547,9321408.3,1.1,41.386,649194.09,0.1,45.375,8342801.36,2.3,40.201,887664.23,3.8,46.496,9456979.29,2,40.038,1641230.35,1.4,39.042,1832702.03,1.3,40.724,472575.17,2.1,44.913,4988308.11,1.6,41.176,1312657.06,0.7,38.2,1206170.44,0.9,34.918,164279.35,1.1,46.631,5087710.33,1.1,42.029,209177.25,3.2,48.626,10443028.46,0.9,41.326,333841.47,0.5,45.282,13113073.52,1.1,38.936,434162.34,0.9,49.122,16393814.26,0.4,43.244,1105182.27,2.2,47.69,8299961.13,2.3,43.5,1073619.54,2.1,43.512,2076702.38,1.3,43.624,568258.66,3.2,50.816,5192187.62,0.7,45.665,1784590.53,2.7,45.386,1057940.86,2.4,45.438,243405.68,1.1,51.73,3740164.34,2,45.224,477644.65,1,50.113,5360851.07,1.5,45.554,664747.46,0.2,50.548,14268650.35,2.5,44.931,1018575.53,0.1,50.065,1600040.72,4.1,49.174,205703.63,1,47.56,1342048.04,0.8,50.952,15597720.25,1.2,46.547,2937270.09,1.2,51.628,14049716.83,3.1,48.574,3829149.68,2.3,51.5,15853132.75,4.3,49.509,3366434.46,2.2,47.203,2451329.25,2.1,46.067,578770.74,2.3,45.4,2017041.31,2.8,46.748,501655.84,2.2,54.011,8476455.64,2.6,45.88,1916166.79,1.5,45.668,2200301.24,0.7,49.337,922023.9,1.6,54.855,15907398.68,1.9,48.452,4875575.06,2.4,50.375,3444198.16,9.1,48.995,1120493.7,3.5,54.077,14885304.08,1.8,49.691,4852565.49,4,52.648,4783262.02,3.5,49.527,1620850.75,3.1,54.07,14328004.28,1.5,51.97,5452562.68,4,48.814,2827102.52,3.9,49.023,1158185.06,1.7,54.465,13687965.49,1.5,45.212,2495964.72,2.9,56.748,3684309.94,2.8,48.93,1177581.55,1.8,53.334,12414746.48,1.8,51.134,6921056.35,2.8,56.667,7622896.46,2.5,52.001,3543867.1,8.7,50.846,1083391.08,1.2,50.975,969863.2,3.4,56.248,5433348.57,3.9,49.938,4409504.28,0.3,57.207,8779113.62,2.9,57.239,3971452.34,1.3,56.877,9965934.08,1.1,56.393,4908678.06,1.2,57.784,9260333.27,2.2,59.812,5054495.13,0.9,1875552.38,7.3,111.1,706166.58,1,109.4
89  Y  [ No Gas ] :  CPS RSD value = 6.97 is over the allowed maximum = 5.00137  Ba  [ No Gas ] :  Concentration value = 238.69 is over the calibration range137  Ba  [ He ] :  Concentration value = 206.45 is over the calibration range138  Ba  [ He ] :  Concentration value = 217.22 is over the calibration range166  Er  [ He ] :  CPS RSD value = 5.68 is over the allowed maximum = 5.00178  Hf  [ No Gas ] :  CPS RSD value = 6.73 is over the allowed maximum = 5.00,FALSE,137SMPL_20250514_Ac Series 575  to 858_rerun .D,14-05-2025 20:49,Sample,,MCS 668,41627.473,914781.48,1.8,42923.555,4021.28,1.8,2833.908,19205.95,1,2355.079,270.27,29.6,12127.328,470063.36,1.4,13064.412,16723.79,2.1,104049.549,5889840.48,1.3,97250.018,422031.62,0.6,87975.468,4684733.39,1.7,75776.259,475515.1,0.6,13268.596,785941.65,0.7,13691.308,160068.06,1.4,31538.245,448788.11,1.7,31421.806,109337.7,0.3,28274.661,909163.85,1.7,29332.607,265116.63,1.6,84912.215,834154.44,1.9,78506.317,113124.66,1.2,24635.527,760610.79,2.1,28247.196,38996.15,3,217077.596,13138820.93,1.7,187837.263,419338.03,1.3,45579.377,4284664.99,2.8,38498.015,141260.93,1.2,27937.777,2632635.61,7,27301.31,193453.71,0.8,13944.243,712486.03,3.6,14649.147,103987.46,1.8,573.208,11506.62,3.5,583.379,3090.13,7.8,72.188,6167.65,4.4,72.303,2382.61,4.3,<0.000,437.11,14.9,<0.000,80.08,33.1,6669.96,141229.46,2.4,6863.588,20841.15,1.7,298.918,20262.95,2.6,274.24,2879.88,5.4,12172.016,974999.01,0.3,12726.086,80302.02,1.6,859597.811,7675465.06,1.7,743487.665,852826.68,1.9,782279.126,6056804.11,2.3,67483.758,5828907.46,0.4,64845.96,1132255.3,1,144984.175,11116717.58,1.4,123521.729,2692346.21,2.6,14148.538,1231004.63,1,14576.887,274966.08,2.1,54526.755,799425.78,1,55270.284,192125.8,1,10455.098,131422.48,4.1,10450.758,31142.8,2,1724.389,78189.85,3,1630.807,19471.2,1.3,9536.203,130095.13,3.1,9004.756,46783.6,3.2,1227.853,103678.62,1,1130.493,32895.88,1.6,6364.874,123340.74,0.5,6315.258,40248.12,1.5,1131.082,90641.79,2.9,1126.669,31742.08,2.4,3180.847,82513.18,1.9,3118.372,28651.83,5.7,403.594,33210.57,1,400.101,13100.01,1.9,2746.329,45525.22,3.1,2748.31,18348.53,2.5,378.276,29688.48,3.8,371.685,6384.71,3.7,529.511,10611.22,6.7,532.918,3907.29,4.3,1947.357,130080.92,2.5,2038.589,77602.49,0.7,1024.705,41980.57,2,1053.918,21520.61,4.2,35889.906,212954.85,1.7,33636.141,178385.95,1.7,34227.666,937492.6,0.8,34166.92,840228.28,1.9,557.758,26121.28,1,538.462,11562.19,2.3,28602.607,1415535.54,2.9,27461.007,662148.36,2.2,4825.228,220767.93,2.1,5075.663,120208.16,1.1,1899161.98,2,112.5,703104.09,0.8,109
137  Ba  [ No Gas ] :  Concentration value = 235.54 is over the calibration range137  Ba  [ He ] :  Concentration value = 215.85 is over the calibration range138  Ba  [ He ] :  Concentration value = 229.30 is over the calibration range209  Bi  [ No Gas ] :  CPS RSD value = 5.28 is over the allowed maximum = 5.00,FALSE,138SMPL_20250514_Ac Series 575  to 858_rerun .D,14-05-2025 20:53,Sample,,MCS 669,33977.949,724904.44,1.7,38206.505,3273.67,11.1,2596.44,17104.45,2.4,2193.242,230.23,28.5,12843.61,482271.51,0.7,14787,17275.02,1,110063.308,6036101.12,0.9,108687.087,431113.13,1,91860.018,4744338.41,1,88909.6,507071.75,1.1,15417.397,882302.12,1,16174.02,172253.54,1.9,29787.259,415276.57,1.8,33561.727,106626.16,1.7,26479.659,828231,2.2,28138.9,233203.3,0.9,80558.243,788702.87,0.6,81196.44,107569.94,1.2,24259.811,725848.95,1.6,27383.984,34569.59,2.9,232115.42,13615075.52,0.9,220905.649,450603.77,2.1,89576.62,7475229.62,2.4,80002.963,239391.61,2.7,20387.348,1865075.13,0.9,22657.584,146829.2,2.5,5288.046,281977.98,2.2,5561.095,38827.54,1.7,308.477,7917,2.1,318.685,2005.5,9.4,9.535,4455.25,6.8,14.443,1691.81,2.6,<0.000,490.5,28.3,<0.000,66.73,17.3,6995.204,143504.01,2.3,7807.545,21603.06,3.3,175.136,16667.49,2.6,193.031,2426,6.3,10572.434,821857.27,1,11183.272,64601.37,1.8,897591.637,7767635.36,3,822561.749,862326.31,1.3,873816.683,6183374.64,1,52724.751,4414785.31,1.2,51358.116,820126.66,2,108160.616,8037508.15,1.9,98720.548,1967757.08,2,10931.517,922649.4,3.7,11821.089,204041.91,2.5,41999.005,596757.19,1.8,44392.201,141142.55,1.8,7953.802,97044.3,4,8547.501,23308.16,3.1,1523.273,67286.54,2.3,1461.325,16046.28,1.6,7353.471,97394.3,2.1,7530.95,35800.18,3.8,961.004,79513.18,0.8,933.083,25140.34,4.2,5125.206,96473.81,0.9,5555.013,32414.33,4.2,850.501,66865.53,2.5,902.612,23562.46,2.9,2361.862,59668.07,1.5,2591.921,21867.71,0.9,282.206,23572.51,3.7,290.759,9152.55,4.3,2051.089,33147.27,4.3,2206.828,13560.96,3.4,262.646,20985.42,4.5,259.074,4305.06,4.9,186.138,4227.4,7.2,192.319,1520.1,12.3,1761.884,114334.66,2.2,1996.045,69554.58,2.8,1059.354,42127.88,3.4,1142.391,21283.14,2.4,27686.272,150662.33,1.2,25810.353,125566.25,3.1,24243.539,645982.78,3.3,26367.178,594739.68,0.9,358.94,17078.71,5.3,397.052,8152.75,4.1,20718.301,994108.77,1.8,22269.496,491358.05,4.1,3295.321,147010.21,1.5,3810.092,82945.6,1.6,1946966.14,1.3,115.3,680142.12,1.8,105.4
121  Sb  [ No Gas ] :  CPS RSD value = 6.18 is over the allowed maximum = 5.00137  Ba  [ No Gas ] :  Concentration value = 244.23 is over the calibration range137  Ba  [ He ] :  Concentration value = 188.02 is over the calibration range138  Ba  [ He ] :  Concentration value = 199.22 is over the calibration range172  Yb  [ He ] :  CPS RSD value = 5.78 is over the allowed maximum = 5.00103  Rh ( ISTD )  [ No Gas ] :  CPS RSD value = 15.13 is over the allowed maximum = 5.00,FALSE,139SMPL_20250514_Ac Series 575  to 858_rerun .D,14-05-2025 20:57,Sample,,MCS 670,58279.477,1161658.64,1.1,56301.964,5446.54,7,3922.618,24071.85,3.3,4020.097,473.82,3.2,14749.886,514033.94,0.5,13676.523,18076.88,1.6,121658.59,6259267.41,1.7,100564.045,451479.4,0.4,106862.288,5110623.66,0.4,83787.995,539710.28,2.3,17100.392,913363.94,0.7,15334.447,184551.08,1.7,41898.852,528190.16,1.8,37236.555,131451.07,1.4,42151.165,1217187.95,1.6,37322.949,346359.87,0.9,102721.964,869872.72,2.2,80267.132,117539.89,3.1,29953.611,839437.8,1.6,30661.289,43772.55,0.3,214928.16,11832803.66,0.9,170054.326,392798.46,2.7,50575.212,4212690.09,1.5,35861.131,136853.96,1.6,46625.829,3997519.51,1.7,37701.959,276090.72,2.8,16193.782,745739.96,1.3,14609.693,107095.89,0.6,825.01,13360.2,1.9,689.494,3544.04,1.3,32.661,4435.21,7.5,<0.000,1364.78,7.1,<0.000,483.83,17.2,<0.000,70.07,37.8,8541.006,162167.43,4.4,7225.595,22615.84,2.5,403.048,20877.92,6.2,253.001,2803.12,5,17248.548,1253143.22,0.9,15564.904,101470.33,0.8,838068.734,6813103.74,1.9,645176.348,765741.18,2,683622.055,5478476.4,0.8,105349.09,8266827.26,2.4,85224.432,1539113.33,0.9,218545.086,15268259.96,1.7,183992.095,4149049.47,2.4,21791.421,1721880.27,3.4,19175.845,373866.76,3.1,82235.699,1097112.66,1.5,72589.516,260996.15,0.6,15891.973,181249.82,2.7,14448.555,44482.69,0.6,2398.69,98228.54,0.6,2026.466,24835.99,3.4,14742.747,182356.53,2.5,12463.614,66864.47,2.6,1872.462,142094.48,0.1,1521.418,45216.73,0.4,9394.661,165204.16,1.8,8849.217,58196.66,0.9,1743.135,125413.94,0.7,1516.547,43669.98,0.8,4644.011,109045.09,2.4,4220.719,39937.2,2.9,620.289,44845.22,1,519.117,17055.45,1.9,4075.992,61093.86,3,3497.353,24020.57,5.8,540.93,37279.52,2.2,452.898,7857.06,7.1,551.751,10024.12,4.2,476.29,3633.88,6.6,2215.892,134049.36,3.1,1926.323,75878.67,1.1,1145.888,42235.7,0.9,1069.631,22489.97,4.7,38807.933,238026.13,2.2,35922.329,196896.02,1.4,41598.108,1034542.96,1.2,36870.686,937123.94,1.7,956.092,39393.73,0.7,802.26,17142.17,3.5,42281.324,1904272.03,1.2,37431.748,933070.99,4.9,7110.783,294205.58,2.6,6534.131,159588.76,4.2,1673102.27,15.1,99.1,693234.28,1.2,107.4
"9  Be  [ No Gas ] :  CPS RSD value = 7.57 is over the allowed maximum = 5.0051  V  [ No Gas ] :  CPS RSD value = 5.56 is over the allowed maximum = 5.0052  Cr  [ No Gas ] :  CPS RSD value = 5.19 is over the allowed maximum = 5.0071  Ga  [ No Gas ] :  CPS RSD value = 6.73 is over the allowed maximum = 5.0089  Y  [ No Gas ] :  CPS RSD value = 6.42 is over the allowed maximum = 5.00121  Sb  [ No Gas ] :  CPS RSD value = 6.36 is over the allowed maximum = 5.00137  Ba  [ No Gas ] :  Concentration value = 223.65 is over the calibration range137  Ba  [ He ] :  Concentration value = 195.04 is over the calibration range138  Ba  [ He ] :  Concentration value = 205.53 is over the calibration range159  Tb  [ No Gas ] :  CPS RSD value = 5.59 is over the allowed maximum = 5.00165  Ho  [ No Gas ] :  CPS RSD value = 6.44 is over the allowed maximum = 5.00165  Ho  [ He ] :  CPS RSD value = 5.47 is over the allowed maximum = 5.00166  Er  [ He ] :  CPS RSD value = 6.08 is over the allowed maximum = 5.00169  Tm  [ No Gas ] :  CPS RSD value = 6.77 is over the allowed maximum = 5.00172  Yb  [ No Gas ] :  CPS RSD value = 7.02 is over the allowed maximum = 5.00205  Tl  [ No Gas ] :  CPS RSD value = 6.80 is over the allowed maximum = 5.00208  Pb  [ No Gas ] :  CPS RSD value = 5.02 is over the allowed maximum = 5.00209  Bi  [ No Gas ] :  CPS RSD value = 8.03 is over the allowed maximum = 5.00232  Th  [ No Gas ] :  CPS RSD value = 6.60 is over the allowed maximum = 5.00238  U  [ No Gas ] :  CPS RSD value = 10.01 is over the allowed maximum = 5.00103  Rh ( ISTD )  [ No Gas ] :  CPS RSD value = 39.40 is over the allowed maximum = 5.00103  Rh ( ISTD )  [ No Gas ] :  ISTD Recovery Percent value = 120.27 is outside the allowed range [80.00, 120.00]",FALSE,140SMPL_20250514_Ac Series 575  to 858_rerun .D,14-05-2025 21:02,Sample,,MCS 671,40306.676,804643.27,2,39695.469,3443.89,4.9,2983.646,18170.26,7.6,3085.436,327,20.8,12571.462,441712.77,3.4,13342.169,15825.13,2.1,109157.782,5565276.54,5.6,99755.293,400593.52,2.1,91851.326,4421757.7,5.2,81261.366,471837.58,1.4,14781.116,796296.9,0.9,14443.317,156319.75,2.4,30990.52,402246.71,3.6,31566.42,102315.91,0.5,29520.454,863952.71,1.6,29231.39,245049.09,1.6,79776.674,732104.74,4.7,74033.251,102195.85,1.5,24637.451,683841.49,6.7,26742.459,34178.24,3.4,225641.765,12337508.78,4.3,194529.647,401877.44,1,78359.83,6194890.11,4.7,64912.95,202745.35,1.8,24289.128,2061790.23,6.4,24081.678,157978.03,1.9,6565.497,319382.19,4.6,6551.235,45589.39,1.3,482.026,9472.95,7.2,425.92,2399.3,8.8,<0.000,3116.84,6.9,<0.000,1107.83,12.3,<0.000,543.89,10.1,<0.000,106.77,23.6,6891.939,132322.99,3.2,6978.757,19658.06,3.4,211.029,16567.29,6.4,182.476,2439.34,1.7,12050.163,874926.6,4.1,11860.796,69323.46,1.9,862864.349,6970383.94,3.9,752481.707,798830.94,2.2,792939.388,5681226.45,2.5,62473.779,4880789.65,4.6,57055.961,922245.14,2.3,130383.183,9032629.52,4.2,110612.241,2231489.15,0.3,13028.646,1026363.08,4.1,12763.41,223000.34,0.6,49869.468,661788.47,3.8,50661.928,163026.11,2.1,9634.487,109488.63,4.8,9309.711,25695.21,2.2,1676.778,69406.92,1.4,1598.731,17716.85,3.2,8986.9,111197.63,4,8432.858,40576.25,2.4,1143.467,87423.89,5.6,1072.156,29025.87,4.1,6018.196,106669.23,1,6285.33,37088.48,1.6,1009.262,73177.97,6.4,973.019,25628.56,5.5,2739.125,64652.77,3,2839.639,24214.51,6.1,338.443,25658.92,6.8,320.043,10070.82,2.3,2304.767,34435.79,7,2432.935,15100.96,3.1,291.438,21603.72,0.7,282.577,4698.94,6.8,234.492,4727.59,7.2,211.4,1660.12,6.7,1676.869,101984.03,2.5,1702.213,60246.85,0.7,1032.471,38228.42,6.8,1038.55,19759.08,1.1,30441.044,167583.79,3.7,28027.388,137970.16,3.6,28621.785,709818.23,5,28718.45,655221.75,1.8,541.511,22985.23,8,515.623,10381.12,4.5,24288.849,1087324.67,6.6,25035.076,558839.85,3.4,3999.242,163847.73,10,4010.316,88291.31,3.3,2030556.29,39.4,120.3,697072.02,1.5,108
137  Ba  [ No Gas ] :  Concentration value = 128.74 is over the calibration range137  Ba  [ He ] :  Concentration value = 112.72 is over the calibration range138  Ba  [ He ] :  Concentration value = 122.84 is over the calibration range159  Tb  [ He ] :  CPS RSD value = 7.20 is over the allowed maximum = 5.00,FALSE,141SMPL_20250514_Ac Series 575  to 858_rerun .D,14-05-2025 21:06,Sample,,MCS 672,25841.503,520409.55,0.6,27956.447,2362.57,0.4,2265.366,14108.02,4.9,2163.226,223.56,29.8,7803.479,286460.37,0.8,8763.834,10234.16,3.3,70670.484,3655848.04,1.8,67458.151,263126.18,1.2,53547.327,2726955.5,0.5,49874.847,291904.99,0.7,9078.848,500279.11,2.8,9264.257,99350.27,1.6,18312.371,257224.48,1.7,19529.572,65753.96,3.3,17493.483,524975.51,1.2,17970.148,149485.01,0.4,54232.614,573667.6,1.6,51505.421,78566.26,0.1,16183.86,456498.03,1.7,19904.955,24721.14,4.6,147039.44,8123264.11,2.8,130005.397,260844.61,0.1,58163.804,4865682.15,1.8,52546.97,165979.74,2,18562.379,1598798.59,0.4,19155.897,122077.99,2.3,6578.779,324295.64,0.8,7054.544,47466.02,1.7,464.887,9546.41,2.8,481.463,2542.81,5.5,<0.000,2539.47,7.5,<0.000,964.34,21.4,<0.000,457.13,12.8,<0.000,116.78,55.1,4334.771,85901.23,2.9,4576.294,12805.85,3,450.983,23779.09,2.7,460.071,3430.57,4.9,6927.215,509321.1,2,7302.252,41659.52,2,514277.371,4195424.6,1.1,450297.792,464727.06,1.9,490720.456,3417132.14,0.8,65277.757,5141815.47,1.6,61582.121,965616.48,0.5,137619.715,9623595.7,2.8,122533.599,2398524.26,1.7,13691.4,1086668.55,1.6,14282.904,242021.12,2,51690.257,690863.52,2.7,52639.85,164357.42,3.5,9507.654,109107.1,2.6,10132.123,27122.81,1.8,1537.069,63938.82,2.6,1471.681,15899.36,3.9,8507.934,106000.41,1.6,8201.708,38303.15,1.8,980.79,76444.49,1.2,941.723,24959.95,7.2,4815.715,85394.83,1.5,5147.742,29544.55,2.8,743.987,55532.48,2.3,793.119,20540.91,4.3,2100.885,50096.92,0.5,2147.087,17884.1,2.9,228.203,18649.27,2.9,214.157,7065.76,1.4,1737.301,26538.08,1.7,1707.965,10418.12,3.8,195.509,15538.63,1.9,174.75,3103.51,5.2,232.416,4790.94,2.2,245.362,1826.81,1.7,1095.619,67871.98,2.3,1086.819,37821.14,2.2,630.137,24920.47,3.7,652.474,12699.33,3,28652.974,153187.33,0.2,27469.948,131285.72,2.1,27188.968,681330.99,1.9,28215.403,624988.49,1,392.445,17489.32,4.3,361.858,7462.3,2.8,28932.983,1305472.09,2.1,30166.601,653190.87,1.1,4093.712,171359.82,0.3,4258.387,90936.69,3.2,1920604.77,1.7,113.8,700228.33,0.8,108.5
137  Ba  [ No Gas ] :  Concentration value = 219.75 is over the calibration range137  Ba  [ He ] :  Concentration value = 194.82 is over the calibration range138  Ba  [ He ] :  Concentration value = 205.58 is over the calibration range140  Ce  [ He ] :  CPS RSD value = 6.44 is over the allowed maximum = 5.00175  Lu  [ No Gas ] :  CPS RSD value = 9.05 is over the allowed maximum = 5.00181  Ta  [ He ] :  CPS RSD value = 6.28 is over the allowed maximum = 5.00,FALSE,142SMPL_20250514_Ac Series 575  to 858_rerun .D,14-05-2025 21:10,Sample,,MCS 673,48538.194,1047716.86,2.7,51217.46,4565.33,4.3,2797.995,18657.98,3.2,2850.691,310.31,23.3,13203.619,501517.11,1.4,14924.54,18150.43,3.8,111705.025,6214564.58,0.2,108574.007,448640.27,0.6,91264.799,4775569.43,2.7,87726.922,520843.38,1.3,15671.603,908519.77,0.5,16352.304,181164.82,1.7,35662.646,494838.34,1.8,38692.447,126076.49,1.6,38846.275,1218290.19,1.8,41688.086,355727.37,1,82159.744,804856.45,1.3,79945.438,109850.64,1.9,26560.159,806028.45,2.4,32126.734,42219.3,2.4,198165.356,11795781.22,0.4,177923.355,378334.08,0.8,45346.229,4212452.25,1.6,39642.052,138346.08,1.4,25571.901,2371702.8,0.9,27024.688,182381.72,1.4,8046.15,417684.24,3,8555.066,59689.32,2.3,833.093,14836.62,3.8,894.68,4031.33,4.6,<0.000,3183.58,4.7,<0.000,1031.08,10.2,<0.000,357.03,17.1,<0.000,60.06,28.9,7396.177,153462.34,2.1,8105.148,23314.48,2.1,296.647,20119.23,0.6,262.542,2736.37,6.2,14272.903,1123084.83,1.3,15395.885,92415.48,3.5,809872.909,7114212.35,2.5,717998.214,784375.52,2.2,757674.945,5587672.89,0.9,76314.505,6480540.76,1.4,73030.842,1214218.15,0.8,165499.199,12481104.46,4,148955.998,3091495.46,6.4,16329.476,1395847.47,2.4,16801.83,301740.8,2.6,60374.896,870147.6,0.6,63616.208,210573.67,0.7,12082.499,149232.24,3.1,12331.658,34973.28,0.6,1861.912,82948.44,3.9,1885.274,21352.77,3.3,11002.009,147534.92,0.2,10616.856,52488.44,2.6,1347.854,111665.61,2.5,1300.444,35863.84,2.7,6744.261,128477.5,2.2,7324.199,44409.77,0.9,1072.831,84734.48,3,1108.257,29785.48,4.5,2963.176,75677.34,2.5,3185.613,27878.96,3.2,377.108,30778.93,2.4,375.073,11817.46,2,2564.533,41865.63,2.6,2798.787,17797.2,4.3,332.598,26056.83,9.1,328.157,5463.34,6,286.439,6064.85,1,259.39,1996.84,1.8,1956.013,128475.72,1.1,2040.663,74014.09,6.3,1031.428,41585.55,3.7,1097.85,21323.33,2.7,39680.554,224103.16,4.6,37889.562,191190.6,2.1,36176.114,973761.18,2.2,38450.223,899856.29,3.4,871.554,39105.98,1.9,875.258,17188.85,4,32497.936,1580360,2.8,34900.881,801205.85,3.7,5728.344,257278.18,3.4,6382.674,143567.56,4.3,1910571.93,1.5,113.2,685202.91,0.3,106.2
7  Li  [ No Gas ] :  CPS RSD value = 5.16 is over the allowed maximum = 5.00137  Ba  [ No Gas ] :  Concentration value = 164.26 is over the calibration range137  Ba  [ He ] :  Concentration value = 145.30 is over the calibration range138  Ba  [ He ] :  Concentration value = 151.24 is over the calibration range,FALSE,143SMPL_20250514_Ac Series 575  to 858_rerun .D,14-05-2025 21:14,Sample,,MCS 674,31350.258,632150.84,5.2,34907.948,2949.94,7.1,2211.288,13827.46,3.6,2458.613,253.59,9.1,9809.618,354252.44,0.3,10605.259,12321.31,0.9,83133.883,4312832.01,3.3,76998.472,300960.12,1,66669.314,3332077.4,1.2,60940.778,351014.6,1.3,11236.587,614719.21,1,11188.156,119039.89,1.2,23468.762,318308.62,1.3,24729.838,80364.69,1.1,21966.177,653978.38,1.8,22186.545,182930.16,0.7,67581.143,661838.05,1.6,63455.635,89619.76,0.7,20397.165,576786.72,3.1,23735.486,29519.15,2.2,183896.055,10190186.67,2.6,166116.34,333944.17,1.2,49189.712,4235085.51,3.5,41552.437,137409.01,3.3,25513.65,2202603.86,0.6,26945.347,171908.33,0.8,7598.493,370421.96,2.5,7763.373,51819.14,2.2,601.185,11169.33,2.4,600.091,2913.25,5.7,<0.000,3557.39,3.9,<0.000,1257.99,15.9,<0.000,417.09,7.3,<0.000,73.41,43.8,5149.582,101304.61,2,5350.635,14856.8,3.1,222.116,17315.71,4,214.685,2512.77,7.6,9391.534,690304,1.3,9756.619,55589.83,0.4,641962.306,5250621.99,0.8,567888.036,587047.52,2.5,591076.506,4123584.53,0.3,70715.434,5588815.28,1.5,66990.419,1053012.65,1.4,147239.569,10329970.2,1.6,127525.304,2502390.94,2.8,14857.046,1182672.28,0.8,15404.027,261546.04,3.2,56866.492,762847.51,0.2,58438.64,182892.67,2.6,10630.129,122340.25,1.7,11279.277,30253.13,0.9,1807.011,75043.81,2.8,1737.494,18682.61,1.6,9688.479,121060.45,3.4,9585.073,44838.11,5,1254.173,97044.14,4,1195.789,31354,3.1,6346.363,112635.85,3.3,6616.931,37968.9,0.4,1062.282,78241.39,2.2,1070.512,27307.04,1,2962.24,70485.06,4.8,3059.763,25354.36,2.1,353.723,27220.1,0.5,332.455,10140.94,1.4,2455.61,37363.46,3.5,2669.948,16093.18,4.6,316.701,23385.51,1.7,323.502,5139.55,1.4,246.873,5027.71,7.5,264.655,1940.16,10,1343.487,82893.14,4.1,1331.207,46122.27,0.5,724.221,28217.48,3.9,753.069,14402.97,3.1,33539.163,179414.81,1.3,31407.864,150166.33,2.8,31400.171,787891.2,2.3,32285.982,715760.47,1.6,400.833,17839.76,3.4,356.746,7368.92,6.5,27837.772,1260530.71,0.9,28188.107,611919.5,0.5,4107.888,172477.16,1.5,4440.13,94977.42,3.3,1885698.46,1.6,111.7,686856.2,1.1,106.4
137  Ba  [ No Gas ] :  Concentration value = 115.13 is over the calibration range137  Ba  [ He ] :  Concentration value = 105.07 is over the calibration range159  Tb  [ No Gas ] :  CPS RSD value = 5.14 is over the allowed maximum = 5.00208  Pb  [ No Gas ] :  CPS RSD value = 5.04 is over the allowed maximum = 5.00,FALSE,144SMPL_20250514_Ac Series 575  to 858_rerun .D,14-05-2025 21:18,Sample,,MCS 675,22135.593,456830.28,1.6,23190.398,2038.87,0.8,1769.312,11366.08,3.2,1639.333,176.84,19.9,6395.137,244459.88,1,7078.027,8654.79,2.8,51888.076,2751797.01,1.5,48879.871,198198.07,1.9,36460.239,1986825.68,1,37516.332,234453.03,1.3,6880.417,394043.52,0.8,6979.813,79021.81,1.9,14875.821,220971.57,2.1,15529.203,56411.75,0.9,16740.102,515027.62,2.5,17094.696,147925.26,0.6,29375.061,411501.17,1.8,26214.563,55909.53,1.8,13204.624,381788.74,2.8,14660.289,18935.85,2,108535.994,6137285.63,1.5,97844.94,204039.56,2.3,42214.028,3822736.5,2.9,35123.422,125360.62,1.3,15075.381,1328374.73,4.5,15881.843,105198.5,3.1,4991.029,258914.64,1.8,5214.29,37553.7,2.3,371.103,8514.65,7.1,348.481,2172.37,15.6,<0.000,2446.02,4.7,<0.000,887.59,12.2,<0.000,273.61,5.6,<0.000,36.7,15.7,3160.088,65525.19,1.3,3142.957,9396.2,5.9,88.955,13971.6,0.3,84.663,2122.31,7.3,6115.29,460989.38,3.2,6054.521,35956.57,1.4,452473.307,3775951.58,2.3,412937.597,442586.18,0.5,390813.9,2828039.92,2.3,30369.706,2450972.91,2,31533.598,513934.5,1.2,68719.959,4916972.92,2.4,61478.894,1250789.59,2.3,7086.985,577282.71,2.5,7240.085,127854.12,1,26519.672,363055.1,0.8,28241.533,91639.39,1.4,5280.717,62224.88,0.7,5493.746,15344.69,4.4,1036.947,44750.53,2.3,1044.827,11897.56,1.7,4886.493,62514.56,1.5,4721.868,23010.68,2.2,633.071,51691.16,5.1,617.454,17489.65,1,3705.502,67411.75,3.5,3782.068,22613.01,3,633.952,48810.65,2.5,652.723,17783.77,4.1,1970.394,48113.91,2.7,1985.796,17199.16,3.8,240.073,19838.95,2.5,247.004,8207.61,7.9,1886.608,29410.72,0.7,2034.013,12796.07,1.6,232.293,18281.84,1.3,234.017,4051.38,4.4,165.612,3740.59,9.4,141.806,1246.74,8.8,754.537,48528.39,4.2,764.177,28008.36,3.7,468.064,19688.9,4.4,490.253,10304.68,2.6,25726.61,143026.57,2.4,23598.392,117298.96,1.8,23621.721,606433.45,5,24411.86,562501.07,1.9,221.518,10941.6,4.8,208.358,4981.03,3.3,12832.798,594031.47,4.3,13109.792,295711.22,3.2,2150.951,93268.24,3.5,2298.991,51749.56,1.9,1933977.84,3.1,114.5,715518.49,2.5,110.9
137  Ba  [ No Gas ] :  Concentration value = 174.92 is over the calibration range137  Ba  [ He ] :  Concentration value = 155.54 is over the calibration range138  Ba  [ He ] :  Concentration value = 166.56 is over the calibration range181  Ta  [ He ] :  CPS RSD value = 7.11 is over the allowed maximum = 5.00,FALSE,145SMPL_20250514_Ac Series 575  to 858_rerun .D,14-05-2025 21:22,Sample,,MCS 676,33366.638,756481.72,1.5,33366.9,3176.89,4.5,2083.481,14655.8,4.5,1979.783,230.23,15.7,9639.475,389661.12,1,10753.888,14031.36,3.1,83502.357,4873182.88,2.5,78588.032,346027.16,0,67848.966,3782165.71,3.2,61311.872,394832.02,1.5,10758.01,660876.23,2.8,11104.402,132599.56,2.4,25024.407,374654.99,2,26613.397,95341.08,1.1,21769.831,726954.35,2.6,22603.134,208917.27,0.6,68908.457,732440.59,1.7,64403.42,98746.33,0.9,19859.226,631977.4,3,23062.97,32308.28,0.9,174518.765,10889978.75,1.2,153434.908,347615.74,2.6,48020.172,4588005.2,1.6,39865.06,146445.59,2.2,23319.645,2267202,1.3,24642.865,177141.91,0.6,11431.147,606736.52,1.5,11851.515,86095.76,2.8,717.496,13764.36,0.8,733.419,3657.51,6,<0.000,3260.36,5.5,<0.000,991.04,19.4,<0.000,433.78,9.6,<0.000,70.07,49.5,5089.484,112192.02,0.6,5440.004,16901.38,3.9,266.753,19604.59,3.7,228.662,2689.65,5.1,10121.797,836541.31,1.3,10442.109,66928.38,3,614625.239,5659787.72,2,546523.736,636422.03,1.8,585268.207,4600197.92,1.9,52415.606,4667405.33,3,49502.829,876938.45,0.7,108709.154,8590416.26,1.7,96002.025,2122750.05,1.3,11132.328,998846.74,2.8,11253.974,215532.14,0.3,42173.72,637089.85,3.4,43247.02,152512.4,1,8194.301,106288.13,3.2,8322.01,25180.28,3.6,1598.899,74819.26,1.7,1546.904,18742.74,4.2,7724.014,108733.07,1.9,7411.95,39093.09,3,1016.784,88959.15,3,983.568,29179.64,2.9,5756.877,115036.28,1.6,5711.571,36941.36,1.5,970.815,80494.49,2.1,1006.156,28868.78,2.4,2845.911,76160.73,2.6,2856.685,26655.12,1.1,367.651,31374,3,357.433,11994.47,3,2566.053,43867.5,3,2583.018,17499.87,4.1,322.516,26441.29,2.4,325.129,5737.1,4.3,384.619,8166.06,4,374.159,2883.68,2.6,1330.615,92276.52,2.9,1319.059,51360.01,7.1,790.751,34018.1,1.3,771.163,16387.39,1.6,34341.067,206734.02,2.3,32865.025,176830.35,2.6,32253.656,910511.37,0.9,32879.01,820391.78,2.1,477.769,23292.28,3.7,467.851,10324.41,4,21054.294,1073927.65,2.2,21915.583,536383.63,3.9,3687.83,174407.22,0.9,3894.493,93903.69,2.5,1909051.03,1.2,113.1,695868.79,1.7,107.8
137  Ba  [ No Gas ] :  Concentration value = 200.30 is over the calibration range137  Ba  [ He ] :  Concentration value = 176.69 is over the calibration range138  Ba  [ He ] :  Concentration value = 187.34 is over the calibration range,FALSE,146SMPL_20250514_Ac Series 575  to 858_rerun .D,14-05-2025 21:26,Sample,,MCS 677,42764.174,857057.63,1.9,44513.514,3774.31,6.9,2237.761,13941.02,1.9,2561.916,266.94,20.7,11797.975,419858.22,0.3,12961.838,15076.85,3.7,100152.058,5170250.78,1.6,94893.957,373086.34,2.7,86437.338,4227165.82,1.5,78553.717,447976.6,1.2,15027.446,810878.07,2.4,15324.334,162160.73,1.9,30132.432,396538.29,0.7,30874.58,98452.81,2.4,29939.031,878375.77,0.5,30623.284,251099.31,0.8,80196.623,748769.21,0.4,75054.954,101984,1.1,23740.372,668524.07,2.5,29205.075,36483.27,3.3,213890.696,11800624.4,1.4,184942.467,373918.41,0.7,41639.414,3705457.13,1.3,35641.637,123527.94,1,24630.061,2117826.69,1.9,24658.511,158287.29,0.6,7932.72,384449.32,0.2,8297.712,55500.67,1.6,698.391,12391.65,4.2,692.93,3253.67,4.1,<0.000,2789.77,11.4,<0.000,991.03,5.6,<0.000,410.42,28.1,<0.000,43.38,35.3,7046.464,136176.36,1.3,7247.202,19965.47,0.8,224.251,17536.19,3.5,218.903,2579.52,8.4,13001.244,949038.44,2.2,13313.098,76108.83,1.3,799683.825,6510758.9,0.8,705436.454,732893.65,1,747944.208,5245225.55,0.4,84123.834,6619840.48,2.5,76940.878,1215906.43,1.2,176779.979,12355544.73,1.5,171504.282,3385643.88,2.8,17363.936,1376347.97,1,17686.703,301891.46,2.1,68315.376,912223.53,2.6,67163.203,211414.33,1.9,12565.668,143901.36,1.9,12831.867,34568.43,4.8,1823.761,75477.52,2.1,1743.877,18876.33,2.2,11440.443,142199.11,2.7,10644.595,50009.44,4.3,1366.474,105098.58,2,1330.509,34966.89,1.2,6756.605,119343.98,1.7,6689.499,38597.94,2.6,1051.326,77203.91,2.2,1057.601,27183.41,2,2837.896,67300.5,1.1,2857.253,23836.65,3,343.373,26461.14,2.5,335.06,10297.92,1.8,2572.087,38973.13,3.3,2548.197,15465.07,1.8,302.141,22419.39,1.1,319.763,5129.54,5.3,281.196,5604.62,3.8,259.328,1926.82,2.6,1740.226,106340.39,2.2,1799.564,62283.08,1.8,986.217,37221.05,1.6,944.614,17787.56,1.1,35677.29,191872.05,1.4,33028.314,158797.2,0.9,32654.112,816455.08,1.8,33964.001,757059.33,0.5,622.411,26532.2,4.9,597.935,11628.96,2.8,35705.636,1610493.67,2.3,37206.8,811870.62,2.1,5557.239,231589.29,0.8,5976.753,128027.69,4,1919398.57,2.9,113.7,706036.85,3,109.4
139  La  [ He ] :  CPS RSD value = 7.02 is over the allowed maximum = 5.00178  Hf  [ No Gas ] :  CPS RSD value = 6.61 is over the allowed maximum = 5.00,FALSE,147_QC1_20250514_Ac Series 575  to 858_rerun .D,14-05-2025 21:30,QC1,,QC MES 50 ppb,47.968,3791301.52,2.2,44.367,15043.26,0.8,45.08,1082485.61,0.6,45.886,18858.43,2.4,39.521,5266773.24,0.7,37.483,170646.51,0.7,45.381,9273294.56,0.9,41.936,661314.99,0.9,43.523,8165060.91,0.9,39.124,869586.28,0.8,45.568,9465382.07,2,39.714,1636913.22,1.2,37.671,1803653.71,2.7,38.964,455217.92,2.9,44.717,5069612.96,1,40.264,1291010.39,1.3,36.312,1178983.99,2,34.182,162263.71,2.3,46.279,5151420.18,3.1,40.739,203971.97,2.6,47.051,10303377.36,3,40.63,330049.93,1.2,44.481,13162068.76,2.8,38.084,427687.58,0.6,47.77,16255474.67,1.8,42.368,1088703.34,2.2,46.837,8313582.79,2,42.448,1053583.63,1.7,41.77,2034555.5,1.1,43.067,564082.34,2,48.238,5028561.8,0.1,42.893,1686001.89,1.4,43.912,1043170.2,1.6,44.7,240724.4,1.7,49.311,3636604.42,2.5,44.56,473233.97,2.4,49.162,5360793.72,0.4,44.928,659406.58,2.9,49.03,14111944.06,2,44.701,1018825.44,2.1,48.191,1568334.54,2.6,48.66,204726.79,2.2,47.348,1343206.8,0.7,50.023,15624897.85,3.8,47.212,2999131.43,7,49.702,13777468.75,2.7,48.149,3815356.2,2.6,50.377,15814101.63,4.1,50.089,3426089.53,2.6,44.699,2367725.07,1.1,46.771,590615.76,1.5,45.604,2065649.46,1.3,46.137,497855.37,0.7,51.465,8242598.24,2.6,47.196,1981744.46,3.6,45.097,2216051.47,1.3,47.456,891755.2,1,51.125,15116086.95,2.8,51.89,5246621.63,3,52.5,3653223.55,1.5,47.806,1099513.58,3.8,51.677,14505831.69,2.5,52.667,5170100.11,2.6,52.097,4828899.01,2,47.974,1579043.58,2.5,52.185,14103220.75,3.5,53.665,5660292.39,1.5,47.277,2794258.33,4.3,49.047,1164752.23,2.4,52.784,13524840.7,1.3,47.581,2640767.39,2.4,52.453,3481294.01,6.6,49.186,1189754.67,1.7,52.313,12409001.06,2.5,50.74,6907234.48,1.5,54.673,7509845.69,1,56.132,3847591.24,2,50.727,1087370.37,3.4,51.442,983688.43,2.5,54.663,5376516.53,3.1,50.205,4457022.06,1.2,55.211,8654074.87,1.5,48.424,3376653.49,3.1,54.5,9738342.11,4.4,57.564,5037085.95,2.5,55.947,9150905.09,1.6,60.316,5124520.16,0.8,1907075.78,2,113,710267.46,2.8,110.1
90  Zr  [ No Gas ] :  CPS RSD value = 63.74 is over the allowed maximum = 5.00137  Ba  [ No Gas ] :  Concentration value = 310.93 is over the calibration range137  Ba  [ He ] :  Concentration value = 278.62 is over the calibration range138  Ba  [ He ] :  Concentration value = 290.15 is over the calibration range178  Hf  [ He ] :  CPS RSD value = 6.21 is over the allowed maximum = 5.00181  Ta  [ No Gas ] :  CPS RSD value = 5.35 is over the allowed maximum = 5.00208  Pb  [ No Gas ] :  CPS RSD value = 5.91 is over the allowed maximum = 5.00209  Bi  [ No Gas ] :  CPS RSD value = 5.38 is over the allowed maximum = 5.00,FALSE,148_QC2_20250514_Ac Series 575  to 858_rerun .D,14-05-2025 21:34,QC2,,SJS-Std,43734.381,952774.78,2.6,47066.489,4228.22,1.2,1272.418,8774.94,4.2,1414.421,156.82,22.4,8054.222,318385.99,1,8763.185,10898.66,0.3,101340.532,5690094.9,0.8,95832.284,399018.33,0.7,108747.739,5684093.27,0.6,99202.403,589709.49,0.5,9807.312,583222.83,2,10252.797,116386.87,1.1,63878.104,861010.86,2.5,67446.969,213417.89,0.7,27411.094,875073.43,3.5,28646.811,248725.07,1.3,79925.814,793672.5,0.7,77551.213,107940.36,1.2,13790.001,423422.45,0.8,14537.337,19316.85,4.1,92794.519,5582608.24,1.2,81832.322,175667,0.3,243298.772,19352023.32,1.6,213025.149,615036.77,0.4,13580.268,1273863.97,2,13978.002,95337.3,1.1,97875.471,4736758.89,63.7,56091.874,369984.71,0.4,2913.567,42672.19,1,3077.601,11580.08,4.5,312.501,13039.61,1.8,241.941,4064.72,4.8,390.079,3113.5,2.5,351.528,654.01,9.2,1229.644,30259.18,2.3,1291.691,4425.21,7.7,1274.2,49370.73,1.2,1300.977,6751.88,2.7,4672.495,375626.6,0.7,4731.832,29005.27,3.1,1135159.98,10053983.17,2.5,1017200.609,1118720.18,0.9,1059272.946,7865217.32,0.6,18339.097,1575104.9,2.4,19658.52,330263.17,1.6,36918.061,2813256.6,1.6,36509.079,765010.84,1.4,4125.243,358621.28,1.6,4368.109,79739.28,2.6,16588.905,241903.79,4.6,17425.285,58312.26,2.2,3155.241,39715.51,1.9,3446.321,9947.21,1.1,932.316,42841.93,2,831.915,9843.7,0.9,3193.092,43629.14,3.6,3039.741,15324.71,4.7,448.234,39685.54,1.5,412.992,12438.63,2,2695.082,52361.77,3.2,2866.012,17706.88,1.3,511.819,42263.51,2.1,542.485,15344.88,3.9,1603.458,41768.37,1.7,1714.859,15321.45,2.9,207.626,18468.9,2.7,202.738,7095.81,4.4,1632.232,27106.59,1.5,1678.212,10909.03,1.4,211.545,17757.13,2.8,212.808,3807.74,2.4,2138.049,39783.65,1.9,2332.618,15246.85,6.2,1218.966,81564.55,5.4,1521.12,55905.8,4.4,533.909,23191.94,2.1,574.713,12014.65,2.6,20273.495,116254.14,0.6,19267.051,98792.85,2.6,18354.492,501869.66,5.9,19310.459,458973.67,0.6,251.157,12766.72,5.4,242.672,5668.01,2.4,9701.362,477688.38,3.1,10105.989,234768.84,1.3,3177.443,145113.25,4.1,3362.663,76982.77,2.2,1909507.79,2,113.1,683989.46,1.7,106
95  Mo  [ No Gas ] :  CPS RSD value = 5.13 is over the allowed maximum = 5.00137  Ba  [ No Gas ] :  Concentration value = 167.41 is over the calibration range137  Ba  [ He ] :  Concentration value = 145.44 is over the calibration range138  Ba  [ He ] :  Concentration value = 157.76 is over the calibration range181  Ta  [ No Gas ] :  CPS RSD value = 5.26 is over the allowed maximum = 5.00238  U  [ No Gas ] :  CPS RSD value = 5.30 is over the allowed maximum = 5.00,FALSE,149SMPL_20250514_Ac Series 575  to 858_rerun .D,14-05-2025 21:38,Sample,,MCS 678,35007.521,723691.63,2.8,36076.055,3133.5,2.7,2362.174,15120.11,2.7,2607.625,276.94,12.7,10259.881,378816.06,0.6,11275.581,13436.82,2.4,85082.499,4525905.6,2.4,80493.896,323439.36,0.7,71506.398,3645370.8,1.6,63649.869,375586.78,0.5,10719.313,602498.77,2.9,10993.11,120285.52,2.6,24892.532,343659.76,1.9,26260.776,87012.58,1,22762.651,693856.41,2.9,23207.311,196319.87,1.1,58052.285,611492.59,0.4,54048.705,82651.44,1.9,20737.684,601379.72,3.2,23207.689,29682.87,0.7,168974.371,9608151.5,0.3,148066.825,306085.21,0.9,38734.679,3584290.23,1,32486.247,117090.69,1,23199.953,2055460.93,1.2,24541.804,161020.59,0.7,7519.527,376168.77,1.7,7731.112,53067.53,2.5,563.621,10958.94,5.1,582.769,2929.93,6.1,<0.000,3510.67,5.4,<0.000,1308.05,4.4,<0.000,327,6.4,<0.000,50.05,0,5698.597,114329.9,4.7,5937.24,16847.94,2,179.482,16487.08,1.1,108.936,2179.04,3.4,11004.559,828738.85,0.9,11574.695,67662.9,3,650276.57,5457088.97,0.6,564927.147,600492.28,2.2,612783.061,4392504.08,3.8,56411.737,4576324.36,1,52042.094,841395.59,0.7,114650.105,8254056.78,1.9,100371.22,2024620.2,2.5,11737.327,959579.09,1.5,12058.429,210758.94,0.5,45648.678,628413.96,0.6,44795.929,144136.56,2.4,8480.026,100245,2,9353.916,25818.82,1.3,1581.327,67638.37,1.6,1563.206,17342.64,2.8,8187.284,105020.76,0.6,8098.118,38972.55,2.5,1047.612,83748.32,1.3,1020.734,27735.09,4.3,5891.714,107317.48,3.3,6173,36439.36,0.4,981.786,74424.81,1.2,1011.582,26598.2,3.3,2799.321,68361.44,3.7,2895.702,24682.34,2.5,365.004,28701.83,2.3,345.869,10772.11,3.6,2460.075,38397.34,0.3,2481.997,15408.3,2.9,325.04,24535.47,2.9,309.798,5086.14,1.9,257.013,5334.5,5.8,274.843,2053.51,3.6,1663.142,104816.27,5.3,1697.032,60078.51,1.5,823.841,32468.78,1.1,852.657,16537.84,2.6,32968.336,181319.27,0.8,29326.894,144280.62,1.6,29778.318,767320.16,2.1,30927.306,705083.59,0.9,491.482,21963.25,4.7,471.01,9597.18,2.4,22455.594,1044009.69,1.4,23428.86,522978.63,2.9,3934.506,169517.56,5.3,4181.397,92036.99,0.5,1922928.87,1.6,113.9,701999.89,2,108.8
137  Ba  [ No Gas ] :  Concentration value = 232.34 is over the calibration range137  Ba  [ He ] :  Concentration value = 206.42 is over the calibration range138  Ba  [ He ] :  Concentration value = 223.01 is over the calibration range147  Sm  [ He ] :  CPS RSD value = 5.16 is over the allowed maximum = 5.00153  Eu  [ He ] :  CPS RSD value = 6.45 is over the allowed maximum = 5.00,FALSE,150SMPL_20250514_Ac Series 575  to 858_rerun .D,14-05-2025 21:43,Sample,,MCS 679,37019.698,821181.47,3.2,41520.799,3794.33,2.6,2576.374,17658.98,3.5,2781.314,310.31,9.7,12338.288,481898.97,1.1,13761.746,17161.43,1.8,107260.528,6123624.47,0.2,103243.49,436955.79,0.5,88483.029,4751540.51,3.1,83238.54,506845.34,1.1,15282.972,909343.69,1.7,15698.549,178222.86,1,31612.419,453699.82,2.9,33760.743,113791.83,0.7,29477.249,954919.01,1,31102.669,273695.21,0.5,74284.553,762111.33,1.8,73214.427,104812.09,1.2,23934.671,745374.31,2.8,27501.714,37028.68,1.1,213543.32,13042335.28,2.3,193117.174,420477.93,1.3,68943.275,6134690.33,2.3,60699.083,199725.58,0.4,20896.545,1989830.62,0.3,22322.672,154374.49,1.3,5655.166,309926.15,3,5754.69,42478.8,4.1,382.667,9025.49,3.2,387.96,2329.21,5.6,<0.000,3791.02,3.1,<0.000,1361.44,7.2,10.729,647.33,11.8,<0.000,116.78,32.5,6559.143,140145.98,1.3,7013.178,20747.51,4.6,253.352,19059.9,0.5,226.982,2622.9,7.4,11757.127,950290.61,1.3,11814.518,72739.6,4.2,836337.691,7535167.06,1.3,743031.69,831283.58,2,802750.652,6061800.36,1.5,57844.7,5041260.13,0.6,53621.522,913421.55,0.2,117286.55,9073567.96,1.4,106562.912,2265576.83,1.9,11937.11,1048172.57,0.8,12327.69,227006.37,2.1,44995.538,665557.38,1.4,47323.501,160461.56,3.1,8638.792,109656.3,4,9086.974,26434.03,5.2,1546.613,70959.74,2,1489.448,17392.82,6.5,8052.278,110952.83,4.9,7909.314,40117.36,3.7,1031.129,88364.44,0.2,1002.893,28627.98,2.7,5301.64,103807.51,0.5,5701.924,35472.46,1.4,881.753,71931.31,3.7,948.023,26257.15,1.5,2475.69,65000.11,2,2589.392,23288.45,3.2,303.324,25946.25,2.8,306.417,10127.59,3,2131.586,35800.53,1.7,2241.33,14669.99,1.5,264.923,21834.43,3.6,275.7,4795.74,8.3,222.744,5021.04,5.5,194.615,1616.78,6.8,1758.677,118706.42,0.2,1830.058,68073.23,2.2,1033.526,42677.21,2.2,1073.567,21353.35,3.2,28760.662,166806.64,1.7,25866,134191.81,0.9,24805.311,687607.29,1.3,27061.045,650552.52,2.7,547.849,25920.95,0.4,567.754,11825.77,0.5,22656.582,1131476.79,1.4,24152.691,568191.42,1.7,3547.205,164372.45,4.6,3812.256,88456.17,1.1,1914795.69,1.4,113.4,685444.19,0.9,106.2
45  Sc  [ He ] :  CPS RSD value = 5.10 is over the allowed maximum = 5.00137  Ba  [ No Gas ] :  Concentration value = 107.77 is over the calibration range165  Ho  [ No Gas ] :  CPS RSD value = 5.28 is over the allowed maximum = 5.00,FALSE,151SMPL_20250514_Ac Series 575  to 858_rerun .D,14-05-2025 21:47,Sample,,MCS 680,18206.747,407127.74,3,21811.737,1978.79,9.1,1638.195,11379.45,1.6,1314.212,146.81,15.7,6897.553,280903.47,1.5,8083.113,10100.59,5.1,49055.592,2814467.39,1.4,48213.655,201618.84,1.6,37374.582,2171589.93,3.8,39834.558,252959.35,1.6,5675.167,354388.65,1.8,6120.339,71727.07,1.6,13375.812,216073.6,2.1,14434.811,54023.22,1.5,12600.546,424341.93,1.3,13788.782,124159.11,2.1,43082.113,530712.6,1.3,42484.038,72056.62,0.9,13161.785,411197.83,1.2,16555.292,22043.75,4.2,104565.19,6397213.69,0.5,94122.794,202406.57,1.5,44189.265,4221580.86,0.8,39552.601,139048.27,1,21717.817,2068349.03,0.1,22777.198,155380.78,1.9,6556.421,354694.01,1.5,6890.989,49359.54,2.1,441.369,9853.61,7.8,466.066,2576.18,15.2,<0.000,3303.74,8.7,<0.000,1167.89,2.8,<0.000,540.55,12.1,<0.000,100.1,36.1,3259.074,72442.1,2.2,3455.304,10494.81,4.7,151.901,16082.85,0.9,131.664,2232.44,2.7,5628.011,458834.4,1,6129.982,37532.65,4.8,391292.87,3534489.71,1.6,353863.103,391678.52,2.6,346073.358,2585498.42,2.6,48091.076,4193967.1,1.8,46569.345,782801.16,2.5,102668.915,7946509.44,0.6,93041.263,1951518.03,0.9,9994.706,878668.51,1.5,10753.962,195463.17,2.7,40078.969,593132.5,2.4,41878.315,140144.78,2.5,7105.654,90317.82,2,8019.281,23034.05,4.9,1260.715,58229.19,4,1294.345,15004.01,4.4,6670.65,92063.67,1.4,6773.521,33932.99,4.3,860.78,74333.51,4,841.846,23936.72,1.1,4830.832,94714.26,2.1,5202.642,31959.28,1.5,886.783,72330.91,5.3,959.531,26200.3,0.7,2719.108,71351.27,2.7,2945.202,26069.95,2.6,369.17,30942.46,1.1,360.807,11510.21,4.3,2699.826,45167.15,4.1,2822.791,18131.34,3.8,344.652,27574.76,3,345.171,5760.45,3.7,222.577,5027.71,4.4,236.235,1863.48,2,749.025,51938.49,1.5,803.076,30186.79,1.2,422.382,19304.58,1.8,451.555,9803.76,2.6,29371.824,167991.66,1.1,27760.702,141932.26,2.8,26380.154,731106.34,2.1,28274.19,670217,0.6,268.537,13731.09,4.7,254.582,5898.11,2.7,19448.61,972050.25,1.3,21405.978,496905.79,1,3109.592,144485.6,2.4,3363.006,77134.23,3,1932149.55,1.9,114.4,682044.75,2.2,105.7
137  Ba  [ No Gas ] :  Concentration value = 165.54 is over the calibration range137  Ba  [ He ] :  Concentration value = 153.55 is over the calibration range138  Ba  [ He ] :  Concentration value = 165.35 is over the calibration range169  Tm  [ No Gas ] :  CPS RSD value = 5.18 is over the allowed maximum = 5.00205  Tl  [ He ] :  CPS RSD value = 5.17 is over the allowed maximum = 5.00,FALSE,152SMPL_20250514_Ac Series 575  to 858_rerun .D,14-05-2025 21:51,Sample,,MCS 681,27156.273,621942.71,3.8,29085.932,2696.3,3.8,1812.363,12895.61,3.3,1756.446,200.2,35,8588.57,352602.72,1,9946.626,12655.29,2.5,71653.089,4221387.75,1.2,71176.844,305102.29,1.6,61979.305,3505040.15,0.5,58439.011,367056.85,0.8,7817.594,491337.58,0.8,8273.572,97423.98,2.8,20180.501,312131.32,1.2,21776.494,77672.9,2.9,17290.318,587951.3,3.2,18921.269,171414.74,2.3,50128.036,590855.88,1.6,48436.687,78858.35,1.6,18174.37,583713.27,1.4,23301.817,31789.92,4,143126.624,9010823.34,1,130517.482,287683.16,2.7,48366.025,4643774.51,3.1,41039.022,145493.17,2.4,19500.218,1913625.71,1.6,21610.384,151168.6,2.7,6452.137,358483.51,1.2,6704.055,49182.17,1.2,547.55,11446.49,3.8,546.87,2883.22,6,<0.000,2966.65,5.6,<0.000,1007.72,3.5,<0.000,350.36,22.9,<0.000,50.05,52.9,4719.722,105287.26,1.5,4908.638,14910.22,1.8,115.732,14883.57,3.2,91.159,2048.89,7,8764.617,731569.23,0.8,9278.485,57919.29,4.3,573278.908,5328288.4,2.7,531735.158,602759.39,2.4,572623.501,4379555.08,1.5,77162.504,6926548.64,0.5,74402.845,1282805.73,3.4,157400.38,12548875.98,2.7,164471.539,3537519.61,2.7,15743.606,1423114.52,1,16814.781,313008.52,1.8,59102.005,900563.48,1,63505.023,217898.05,3.4,11595.858,151448.94,1.1,12189.405,35826.53,2.2,1649.488,77789.9,1.1,1601.04,18859.73,3.4,10020.713,142081.41,0.3,10386.351,53225.63,2.1,1205.141,105711.02,1.8,1160.729,33270.67,4.3,5453.212,109908.99,4.2,5960.136,37516.98,2.8,850.988,71481.27,2.8,942.682,26377.41,0.1,2246.202,60798.11,3.2,2406.021,21917.8,2.2,277.032,24588.86,5.2,270.963,9172.57,2.3,1868.34,32374.57,3.6,2064.253,13694.57,3.3,240.521,20594.46,2.5,255.153,4518.69,1.9,227.98,5241.12,2.8,233.361,1880.15,10.8,1175.352,82488.37,4.1,1232.235,46768.12,2.6,650.514,28719.17,4.9,698.041,14569.97,5.2,31926.467,187268.32,4.8,30409.998,159305.03,1.9,27595.666,786874.56,2.7,30547.275,742216.57,1.6,355.09,17940.02,3.5,367.242,8129.43,5.2,29945.712,1540220.85,2.5,32811.806,780829.53,1.7,4350.332,207010.92,3.2,4953.99,115751.78,1.3,1898217.39,2.2,112.4,667617.6,2.6,103.5
"7  Li  [ No Gas ] :  CPS RSD value = 5.42 is over the allowed maximum = 5.009  Be  [ No Gas ] :  CPS RSD value = 5.41 is over the allowed maximum = 5.0095  Mo  [ No Gas ] :  CPS RSD value = 9.42 is over the allowed maximum = 5.00118  Sn  [ No Gas ] :  CPS RSD value = 5.80 is over the allowed maximum = 5.00121  Sb  [ No Gas ] :  CPS RSD value = 7.84 is over the allowed maximum = 5.00133  Cs  [ No Gas ] :  CPS RSD value = 5.31 is over the allowed maximum = 5.00137  Ba  [ No Gas ] :  Concentration value = 126.44 is over the calibration range137  Ba  [ No Gas ] :  CPS RSD value = 5.66 is over the allowed maximum = 5.00137  Ba  [ He ] :  Concentration value = 110.92 is over the calibration range138  Ba  [ He ] :  Concentration value = 118.08 is over the calibration range138  Ba  [ He ] :  CPS RSD value = 6.33 is over the allowed maximum = 5.00139  La  [ No Gas ] :  CPS RSD value = 5.28 is over the allowed maximum = 5.00140  Ce  [ No Gas ] :  CPS RSD value = 6.83 is over the allowed maximum = 5.00141  Pr  [ No Gas ] :  CPS RSD value = 5.43 is over the allowed maximum = 5.00146  Nd  [ No Gas ] :  CPS RSD value = 7.18 is over the allowed maximum = 5.00153  Eu  [ No Gas ] :  CPS RSD value = 5.04 is over the allowed maximum = 5.00163  Dy  [ No Gas ] :  CPS RSD value = 6.23 is over the allowed maximum = 5.00165  Ho  [ No Gas ] :  CPS RSD value = 5.77 is over the allowed maximum = 5.00166  Er  [ No Gas ] :  CPS RSD value = 5.63 is over the allowed maximum = 5.00205  Tl  [ No Gas ] :  CPS RSD value = 5.39 is over the allowed maximum = 5.00232  Th  [ No Gas ] :  CPS RSD value = 5.34 is over the allowed maximum = 5.00103  Rh ( ISTD )  [ No Gas ] :  CPS RSD value = 45.13 is over the allowed maximum = 5.00103  Rh ( ISTD )  [ No Gas ] :  ISTD Recovery Percent value = 124.28 is outside the allowed range [80.00, 120.00]",FALSE,153SMPL_20250514_Ac Series 575  to 858_rerun .D,14-05-2025 21:55,Sample,,MCS 682,23841.721,491803.98,5.4,25396.451,2255.78,5.9,1957.588,12772.11,5.4,1529.46,166.83,43.4,9163.023,339896.17,4.2,10228.853,12451.54,2.6,68994.991,3680248.9,2.8,64116.227,262784.26,2.1,58757.411,3049953.5,1.6,52990.816,322284.79,1.8,7761.176,442929.48,3,7751.832,87905.62,2.9,19168.417,273704.79,2,19924.137,69533.08,1.8,15997.762,494457.07,3.6,16504.785,144421.19,3,48150.987,537057.72,2.7,43286.859,72307.95,1.8,17342.211,501474.3,4.9,20431.651,26650.13,2.6,109666.487,6283232,1.3,94844.313,200084.62,1.6,52529.101,4551811.4,3.2,45262.108,152644.54,3.6,25182.057,2236951.22,3.6,25501.566,170519.68,1.1,7503.756,374064.57,3.5,7670.843,53519.2,1.5,692.567,12321.54,9.4,649.97,3176.9,3.9,<0.000,3347.13,8.9,<0.000,1081.13,7.9,<0.000,500.51,10.6,<0.000,103.44,24.4,4386.107,88798.8,5.8,4557.762,13350.29,1.9,169.054,15601.86,7.8,149.369,2305.85,10.1,8123.056,611022.98,5.3,8281.672,49518.73,2.2,472773.429,3947115.14,5.7,414756.958,449772.91,1.6,441535.455,3230702.48,6.3,54177.739,4371900.87,5.3,49120.962,809522.41,1.8,111155.966,7933305.2,6.8,95904.485,1972714.23,3.5,11100.748,902999.9,5.4,11084.467,197528.39,0.5,42168.776,576164.56,7.2,43381.244,142334.66,2,8059.894,94981.22,4.4,8035.696,22626.2,3.7,1527.17,65016.51,5,1443.781,16353.72,4,7530.805,96990.25,3.5,7434.399,36489.67,3.1,1056.753,84443.07,2.5,1015.948,28079.52,3.3,6144.742,111188.56,6.2,6331.476,38079.19,2.1,1107.342,83016.21,5.8,1120.675,29838.77,3.7,3053.707,74143.92,5.6,3119.809,27063,1.2,405.307,31340.92,4.1,396.342,12308.46,2,2871.015,44631.51,3.6,2853.407,17974.36,3.4,354.943,26591.86,2.5,362.347,5913.99,1.5,269.2,5577.95,3,270.585,2053.51,3.1,1209.884,77018.88,2.4,1225.815,44560.09,1.4,556.96,22770.79,5.4,554.039,11480.21,1.2,33185.283,185973.07,0.9,31460.038,157580.09,1.3,30311.915,783779.49,1.8,32241.22,748704.42,0.4,383.281,17535.99,2.4,362.818,7775.84,0.9,21265.613,983668.88,5.3,22062.075,502230.65,2.3,3589.887,154797.7,3.7,3796.765,85271.62,2.1,2098267.18,45.1,124.3,688651.78,0.4,106.7
137  Ba  [ No Gas ] :  Concentration value = 218.09 is over the calibration range137  Ba  [ He ] :  Concentration value = 189.64 is over the calibration range138  Ba  [ He ] :  Concentration value = 206.80 is over the calibration range140  Ce  [ He ] :  CPS RSD value = 8.34 is over the allowed maximum = 5.00166  Er  [ No Gas ] :  CPS RSD value = 5.32 is over the allowed maximum = 5.00205  Tl  [ He ] :  CPS RSD value = 5.97 is over the allowed maximum = 5.00209  Bi  [ He ] :  CPS RSD value = 5.58 is over the allowed maximum = 5.00,FALSE,154SMPL_20250514_Ac Series 575  to 858_rerun .D,14-05-2025 22:00,Sample,,MCS 683,33749.079,763344.65,0.5,36639.357,3443.88,4.1,2745.755,19135.73,1.6,2886.336,330.34,13.9,11820.95,470848.63,1,13269.768,17014.43,1.6,102974.968,5991421.02,2.2,99228.769,431661.78,2.3,83447.904,4574374.38,2.6,76501.302,480193.34,1.9,14010.186,850798.67,1.6,14633.433,170971.41,1.2,28986.787,426131.13,1.6,30580.376,106633.29,1.4,23817.768,790941.15,2.8,24524.075,223315.97,1.9,77843.726,796851.52,3.3,75731.679,109521.46,1.6,22541.934,715696.5,3.3,26574.246,36781,2.5,213680.669,13295195.22,1.7,192288.833,430459.55,1.6,76761.844,6845750.35,1.3,66694.676,221553.5,1,22659.13,2198004.47,0.1,23638.756,168009.08,1.5,7736.771,419387.95,0.8,8325.126,61051.96,3.4,516.624,10925.53,1.3,555.104,2966.64,7.9,<0.000,3423.89,10,<0.000,1117.84,6.4,<0.000,427.1,15.2,<0.000,100.1,34.6,6319.557,137647.35,2,6723.6,20466.78,2.3,396.954,23498.36,1.9,358.867,3170.25,7,10461.36,862424.28,1.4,10809.857,68468.1,0.7,760165.84,6981951.34,1.2,660999.682,760531.34,2.5,720807.626,5595950.75,2.8,70552.847,6264747.68,0.2,65179.24,1141294.47,1.6,147868.887,11659779.39,2.4,136066.193,2971407.04,8.3,14199.715,1269897.95,1.7,14701.725,278106.55,2.9,55848.675,841839.71,2,56843.55,198054.95,4.6,10389.403,134262.09,1.7,10937.402,32668.07,0.5,1764.413,82169.14,0.9,1677.694,20042.67,1.8,9272.627,130114.33,1.9,9264.93,48247.39,1,1181.35,102565.84,1.9,1153.433,33585.11,1.8,5847.988,116569.56,1.3,6096.592,38946.38,4.4,960.905,79474.68,3.4,1007.877,28574.59,1.6,2586.546,69150.14,5.3,2649.489,24458.54,4.8,302.687,26290.69,1.5,324.611,10892.34,3.3,2117.553,36232.13,3.3,2227.797,14974.06,4.5,255.949,21496.78,3.8,258.098,4642.19,4,280.482,6181.57,5.3,285.492,2253.55,14.3,1609.764,110851.9,2.5,1665.485,63777.05,1.2,987.238,41592.2,1.6,1022.286,20922.23,6,31592.903,188189.81,3.1,29275.871,155825.76,2.7,27440.786,774028.3,0.9,29823.447,736192.93,1.4,526.247,25383.23,2.5,520.713,11208.52,5.6,28756.513,1462874.65,2.1,30440.207,735746.71,1.8,4325.012,203619.57,2.6,4679.767,111184.09,3.3,1889547.1,1.6,111.9,682426.57,1.4,105.8
118  Sn  [ He ] :  CPS RSD value = 5.99 is over the allowed maximum = 5.00137  Ba  [ No Gas ] :  Concentration value = 202.38 is over the calibration range137  Ba  [ He ] :  Concentration value = 182.57 is over the calibration range138  Ba  [ He ] :  Concentration value = 192.41 is over the calibration range169  Tm  [ No Gas ] :  CPS RSD value = 6.15 is over the allowed maximum = 5.00207  [Pb]  [ He ] :  CPS RSD value = 5.38 is over the allowed maximum = 5.00,FALSE,155SMPL_20250514_Ac Series 575  to 858_rerun .D,14-05-2025 22:04,Sample,,MCS 684,31280.293,669538.27,4.8,31946.837,2829.8,3.9,2133.125,14154.79,3.2,2253.499,243.58,11.9,9828.21,375335.61,1.1,11259.853,13667.28,3.4,86965.674,4785738.56,1.6,85565.734,350463.22,0.6,72730.52,3816807.55,0.2,67690.113,404262.44,0.8,12269.732,708570.31,2,12730.266,140938.62,1,24253.308,345640.96,2.1,25915.672,87173.81,1.5,21840.357,688773.02,2.5,23043.08,198423.61,0.4,62059.272,651790.27,0.9,61581.179,90547.1,1.7,19934.773,598325.02,1.8,26049.647,33933.96,2,193346.224,11373642,3.5,173925.063,366507.75,0.8,76287.437,6478439.91,2.5,67923.711,213604.7,0.6,22027.744,2019185.49,0.7,22753.874,152231.97,0.5,3310.844,187911.96,2.3,3511.61,26834.18,0.7,448.677,9663.25,2.4,449.718,2492.74,6.9,<0.000,2379.28,8.6,<0.000,800.83,3.7,3.583,593.94,12.7,<0.000,110.11,15.7,5299.361,110219.93,2.5,5940.618,17135.26,6,167.995,16186.4,1.8,166.537,2359.25,4.3,8711.805,680105.73,3.4,9336.978,55747.2,1.7,750608.178,6511755.52,1.3,677133.663,733414.67,2.9,713613.298,5215450.15,2.1,84173.177,7060718.86,0.8,81148.234,1336721.62,0.9,175866.555,13094868.65,0.8,173759.875,3572992.9,0.8,17604.453,1486189.63,2,18011.927,320533.23,1.9,67708.571,963805.55,1.6,69267.185,227181.26,1.1,12342.192,150585.82,3.1,13048.79,36663.07,3.1,1891.827,83213.35,1.8,1892.575,21252.52,3.3,11097.563,147007.39,4,10915.551,53436.56,3.8,1280.973,104974.1,1.5,1252.02,34257.73,3.6,6001.097,113002.32,1.6,6362.218,38259.76,2.6,949.4,74391.4,1.5,985.233,26377.44,2.9,2490.7,63005.13,2.3,2580.277,22472.69,3.3,289.967,24084.05,6.1,276.508,9025.68,3.6,2012.997,32592.12,3.5,2026.133,12869.53,3.7,242.777,19588.39,3.6,248.087,4265.02,6.3,121.588,3057.06,9.8,107.225,1026.71,6.6,1445.094,94398.55,2.8,1623.049,58578.22,1.8,854.943,34580.11,3.4,869.716,17075.68,2.7,25668.466,144294.76,2.5,23405.157,117767.44,5.4,22345.925,597535.61,3.7,24243.771,564995.94,1.1,358.328,17025.29,4,351.308,7555.7,3.3,36686.827,1763156.44,3.4,38888.619,884512.3,2.1,4897.986,217594.65,1.8,5418.167,121021.62,3.3,1899634.28,2.2,112.5,683489.48,2.4,105.9
137  Ba  [ No Gas ] :  Concentration value = 104.39 is over the calibration range137  Ba  [ No Gas ] :  CPS RSD value = 8.65 is over the allowed maximum = 5.00139  La  [ No Gas ] :  CPS RSD value = 9.40 is over the allowed maximum = 5.00169  Tm  [ No Gas ] :  CPS RSD value = 5.01 is over the allowed maximum = 5.00238  U  [ He ] :  CPS RSD value = 6.80 is over the allowed maximum = 5.00,FALSE,156SMPL_20250514_Ac Series 575  to 858_rerun .D,14-05-2025 22:08,Sample,,MCS 685,16078.955,372321.27,2.7,18122.719,1735.18,8.2,1729.284,12374.61,2,1888.893,220.22,34.3,6410.145,270738.71,1.2,7210.132,9522.91,5.1,36254.922,2156283.68,0.6,39598.293,174534.54,2.3,34164.517,2065708.26,0.4,36122.683,242985.9,0.9,4840.433,315479.66,0.8,4936.129,61784.05,2.1,10815.749,187066.68,0.8,11803.196,48097.91,3.2,10777.499,378309.39,2.2,11548.804,110513.83,2.5,25490.249,403778.15,2.5,25087.779,55842.67,3.5,11899.132,384582.59,0.7,14061.909,19734.48,2.9,90828.204,5746760.94,1,84446.164,191348.44,1,61759.002,5742156.75,1.8,53675.631,186046.93,2.3,19051.074,1876669.28,1.3,20747.836,149059.91,0.4,5372.238,304927.14,0.1,5586.441,42803.25,0.7,412.686,9619.85,2.7,548.579,2969.99,4.8,<0.000,2449.36,5.9,<0.000,900.93,5.1,<0.000,360.37,10,<0.000,60.06,28.9,2618.3,61062.18,0.9,2593.524,8474.62,2.8,111.008,14850.12,2.2,68.634,2018.85,6.7,5027.988,424273.11,0.5,5324.943,34363.92,4.2,363334.997,3394050,8.7,348038.492,405537.56,0.8,332522.485,2615504.15,0.9,33510.115,3023621.13,9.4,34387.757,608883.65,0.8,75421.497,6037362.17,2.2,67317.741,1487543.48,1.6,7343.645,668078.37,1.7,7733.714,148234.96,1.8,28863.949,441824.26,0.6,30259.141,106670.15,1.2,5357.6,70513.22,1.6,5624.962,17041.87,0.8,1040.061,49935.51,4.4,1027.777,12652.36,3.2,5082.111,72624.58,1.1,4947.863,26153.5,2.5,732.824,65824.66,3.9,718.916,21680.42,2.5,4459.777,90436.28,2.3,4550.696,29464.19,0.3,852.702,71904.81,1.2,913.493,26283.91,3,2573.593,69831.2,2.2,2761.49,25745.59,2.6,369.971,31902.68,5,368.316,12285.05,3.3,2635.507,45599.08,3.5,2800.081,18916.64,2.7,346.804,28524.65,2.4,349.347,6097.62,4.4,169.492,4144.05,5.7,172.338,1516.77,5.8,633.306,45660.66,2.2,661.292,26358.09,1,383.153,18271.98,2.3,393.368,9139.26,3.3,28572.317,172096.7,2.6,25294.461,136269.93,3.8,25242.45,723272.73,1.7,26841.222,670156.92,1.2,253.495,13430.8,2.8,253.775,6141.59,1.7,16753.546,865948.63,0.5,18214.355,445449.42,1.9,2338.025,112935.12,4.3,2595.022,63009.47,6.8,1914923.57,1.9,113.4,688390.24,0.6,106.7
89  Y  [ No Gas ] :  CPS RSD value = 8.89 is over the allowed maximum = 5.00137  Ba  [ No Gas ] :  Concentration value = 154.92 is over the calibration range137  Ba  [ He ] :  Concentration value = 140.66 is over the calibration range138  Ba  [ He ] :  Concentration value = 145.96 is over the calibration range166  Er  [ No Gas ] :  CPS RSD value = 5.60 is over the allowed maximum = 5.00205  Tl  [ No Gas ] :  CPS RSD value = 5.01 is over the allowed maximum = 5.00,FALSE,157SMPL_20250514_Ac Series 575  to 858_rerun .D,14-05-2025 22:12,Sample,,MCS 686,27945.616,607706.7,3.5,31342.035,2816.45,2.7,2347.236,15761.47,1.3,2225.622,243.58,22.6,10078.768,389711.27,0.2,11187.689,13764.13,1.9,76862.262,4292930.13,1.5,71888.738,298637.2,1.3,63569.956,3418253.26,0.6,59930.7,365641.06,1,10069.647,594785.06,1.6,10338.328,117006.51,2.3,20753.941,305725.58,0.5,22540.011,78199.61,2.8,14010.124,458169.06,2.5,14221.398,127186.4,2.6,97912.614,921619.33,2.2,94627.842,125254.01,0.7,19398.37,590705.68,1.1,21987.253,29067.56,2.1,121653.358,7266579.72,0.2,106809.913,228377.31,2.1,66683.259,5838028.25,0.7,58859.384,191489.51,2.5,28616.335,2661241.04,8.9,28314.48,191858.55,1.9,9809.383,503674.59,1.4,10461.009,72339.43,1.8,948.595,16386.66,3.9,1034.255,4528.66,3.7,<0.000,3690.89,3.8,<0.000,1141.2,9.6,35.656,804.17,6.3,8.225,166.83,30.8,4992.675,105633.83,1.1,5089.108,15007.06,1,168.517,16333.46,1.6,189.494,2462.71,1.2,7891.791,625400.12,2.1,8068.643,48915.85,2.3,569441.779,5019219.96,1,517034.19,568009.52,1.2,536520.356,3977362.68,2,55124.551,4693470.67,3,51829.133,866065.89,1.5,112432.45,8498389.45,0.6,100521.85,2096346.19,0.5,11427.123,981120.91,3.2,11819.649,213506.42,1.7,43300.781,625752.08,3.6,45592.962,151676.85,0.8,8133.365,100928.4,3.6,8385.916,23939.95,3.4,1587.824,71144.1,2.6,1579.946,18081.16,3.5,7669.479,103252.13,2.4,7713.701,38370.07,2.6,1053.578,88236.76,1.4,1044.945,29223.25,1.3,5984.859,114416.21,1.1,6260.089,38196.34,4.9,1156.832,91380.6,1.7,1200.253,32293.98,1.3,3344.185,85523.91,5.6,3491.278,30644.94,1.4,446.11,35934.2,2.6,459.037,14195.63,2.4,3239.314,52818.05,3.8,3378.632,21503.42,2.6,408.009,31384.52,2.9,442.419,7152.57,1.5,349.691,7212.13,5.6,355.33,2616.96,7.7,1269.217,84370.01,1,1300.925,47852.1,1.8,639.027,27006.95,5,699.329,14239.23,4.1,36872.554,209339.27,3.6,36010.596,182633.98,1.1,33678.299,908931.12,3.2,36293.39,853533.07,1.8,373.938,17946.54,3.6,346.813,7572.37,2.7,22442.84,1094820.4,1.9,23778.496,548500.39,3.5,3670.173,166177.41,1.3,3848.634,87619.05,3,1911440.09,3.3,113.2,686605.49,1.9,106.4
137  Ba  [ No Gas ] :  Concentration value = 223.83 is over the calibration range137  Ba  [ He ] :  Concentration value = 204.49 is over the calibration range138  Ba  [ He ] :  Concentration value = 219.45 is over the calibration range147  Sm  [ No Gas ] :  CPS RSD value = 5.34 is over the allowed maximum = 5.00172  Yb  [ He ] :  CPS RSD value = 6.20 is over the allowed maximum = 5.00175  Lu  [ No Gas ] :  CPS RSD value = 6.28 is over the allowed maximum = 5.00238  U  [ He ] :  CPS RSD value = 5.03 is over the allowed maximum = 5.00,FALSE,158SMPL_20250514_Ac Series 575  to 858_rerun .D,14-05-2025 22:16,Sample,,MCS 687,40180.556,909258.56,3.9,44552.087,4208.2,2.8,2689.454,18791.6,0.9,2366.548,273.61,14.8,10850.255,435483.36,1.6,12159.969,15718.25,3.4,98696.319,5754621.92,0.8,92911.322,406631.87,0.8,80708.09,4447610.54,2.9,71799.829,455323.7,0.2,12026.068,735942.95,1.9,12447.279,147137.96,0.5,25695.815,383814.13,1.6,27259.757,96923.44,1.4,22396.358,747160.11,1.9,23407.416,214878.96,1,67748.52,724707.31,2.3,64348.59,98333.07,1.4,22910.027,728727.61,2.2,25134.942,35001.14,0.2,196618.194,12259800.66,0.9,172377.018,388087.79,1.8,60605.131,5591074.63,1.7,51974.262,180822.8,1.9,18578.725,1806377.48,2.1,19346.741,138400.81,1.3,6500.91,358475.89,1.5,6955.303,52066.53,2,249.45,7306.03,1.6,233.039,1828.63,6.6,<0.000,3323.77,12.1,<0.000,1177.9,6.9,<0.000,460.47,7.8,<0.000,83.42,6.9,6278.533,137110.86,1.7,6722.821,20590.42,3.1,113.578,14940.31,1.8,110.709,2209.07,5.7,11974.124,987774.55,1.7,12443.171,79176.93,3.5,792532.222,7292301.49,0.8,724062.01,837547.94,1.7,777003.086,6067241.21,2.2,46336.118,4122196.68,3.8,43456.687,765585.02,0.8,92973.108,7345790.18,2.4,83525.52,1836797.69,1.7,9568.758,858454.55,3,9870.656,188074.47,4,35790.064,540556.03,4.3,36652.903,128573.64,1.4,6891.45,89417.86,5.3,7239.426,21793.91,3.5,1299.415,61158.93,2,1228.335,14940.49,3.9,6434.985,90676.57,3.2,6322.33,33200.4,1.2,805.295,71138.8,1.9,808.999,24134.16,3.5,4476.858,89649.68,2.7,4667.118,30082.9,3.8,734.959,61636.46,2.4,792.464,22887.17,1.4,2145.118,57646.93,2.8,2194.212,20460.58,1.5,254.469,22686.71,1,258.26,9035.67,2.8,1855.352,31882.59,0.7,1904.569,12946.39,6.2,222.142,19133.88,6.3,223.224,4141.51,3.5,253.213,5687.99,3.9,232.116,1916.83,6.3,1499.908,103649.03,2.4,1545.964,59643.02,0.7,916.183,38947.71,2,957.95,19859.3,4.5,28569.335,171298.19,1.4,27219.622,145891.62,1.1,25480.896,720424.93,3.3,26954.612,669927.44,1.8,521.238,25246.19,4.1,513.342,11151.82,3.2,18823.607,960014.89,1.8,19785.779,481451.73,3.1,2999.886,142337.69,1.6,3173.648,76406.73,5,1923258.94,1.9,113.9,697087.77,0.8,108
205  Tl  [ He ] :  CPS RSD value = 7.23 is over the allowed maximum = 5.00,FALSE,159_QC1_20250514_Ac Series 575  to 858_rerun .D,14-05-2025 22:20,QC1,,QC MES 50 ppb,47.931,3854118.5,2.4,45.182,14923.02,0.9,44.481,1087021.68,1.6,46.488,18614.55,1.5,38.471,5217040.7,0.5,38.094,168975.03,1.7,44.438,9242019.33,0.6,42.585,654355.15,0.9,43.506,8304250.1,2,40.728,880940.5,1.9,45.199,9553603.62,1.9,41.113,1650531.26,0.6,37.282,1817067.49,0.6,40.639,462092.69,1.3,44.25,5105208.97,1,41.049,1281921.95,0.9,36.729,1211169.51,1,36.373,166415.71,0.7,46.318,5245780.17,2,41.932,204487.91,0.8,46.481,10357937.96,1.5,42.82,338756.1,1.8,44.302,13339210.9,1.1,39.099,427045.98,1.5,46.905,16247372.41,3.1,44.263,1108121.88,1.3,46.076,8319198,1,42.874,1036741.68,2,41.1,2037583.16,1,44.182,563884.45,2.9,47.638,5052839.72,1.8,44.523,1704738.96,2.2,43.427,1049760.93,1.8,45.776,240207.32,0.9,49.389,3705045.05,0.8,45.433,470162.6,3.3,49.558,5500720.94,2.9,45.23,646536.3,1.4,48.66,14245400.84,1.5,45.658,1013915.4,2.2,47.669,1579634.17,3.2,48.968,200724.46,2.5,48.61,1343568.2,1.3,49.334,15671251.7,0.9,46.298,2862129.11,1.3,48.634,13723608.64,2,49.139,3793854.38,0.8,50.092,15986883.58,2.5,51.677,3442610.01,1.5,43.71,2357306.11,4.4,47.628,586005.28,1,44.55,2052283.69,3.8,47.188,496199.52,1.9,51.573,8403078.3,1.3,47.925,1960888.18,2.5,45.55,2276879.64,1.7,48.987,897055.13,3.1,51.578,15512309.01,0.1,53.813,5303951.57,2.3,52.401,3710547.12,2,48.247,1080812.64,0.9,50.63,14455167.28,1.1,54.392,5205061.64,3.6,52.386,4940718.13,2.2,49.673,1592432.69,2.7,52.522,14434755.62,0.8,54.785,5633107.49,2.6,46.49,2797542.44,2,50.664,1172699.29,2.5,51.755,13486008.12,3.8,49.238,2662479.41,1.6,56.132,3788033.17,1.7,51.505,1214530.27,2.7,51.692,12478829.4,0.5,52.418,6950721.36,0.8,55.13,7705874.22,1.1,55.762,3721180.98,7.2,51.556,1076169.9,2.8,54.297,1012297.51,3.1,53.441,5347140.69,3.7,51.512,4455269.47,1.8,54.823,8743592.16,1,57.098,3882642.03,3.9,54.864,9969573.55,2.9,58.953,5025113.77,3.5,55.446,9226614.76,2.6,60.776,5030958.68,2.4,1940461.14,1.9,114.9,691864.52,1.9,107.2
137  Ba  [ No Gas ] :  Concentration value = 140.25 is over the calibration range137  Ba  [ He ] :  Concentration value = 124.43 is over the calibration range138  Ba  [ He ] :  Concentration value = 134.44 is over the calibration range159  Tb  [ He ] :  CPS RSD value = 7.05 is over the allowed maximum = 5.00163  Dy  [ He ] :  CPS RSD value = 6.19 is over the allowed maximum = 5.00165  Ho  [ He ] :  CPS RSD value = 6.99 is over the allowed maximum = 5.00103  Rh ( ISTD )  [ No Gas ] :  CPS RSD value = 5.29 is over the allowed maximum = 5.00,FALSE,160SMPL_20250514_Ac Series 575  to 858_rerun .D,14-05-2025 22:24,Sample,,MCS 688,32120.962,636845.48,2.5,34048.756,2793.09,2.2,2109.084,13019.19,2.4,2496.633,250.25,22.3,9572.526,341705,0.2,10407.819,11760.25,4.5,79647.64,4063841.97,2.1,76332.02,289541.84,1.3,65268.143,3228458.67,2.4,61692.241,345509.33,1.7,9645.199,523697.03,0.5,9667.238,100715.24,2.3,24237.959,323639.16,1.6,27063.83,84769.55,1.4,21789.516,639524.45,1.1,22243.865,178221.77,3.2,59285.445,603272.57,2.2,58349.849,83255.49,2,19390.842,539635.74,1.2,21638.33,26138.57,1.9,147972.997,8075340.36,1.2,132167.516,257914.93,1.6,55671.176,4645521.68,1.1,46800.656,147576.65,1.5,21360.676,1816013.31,1.8,22207.332,137584.83,1.5,12145.254,565898.13,1.1,12461.107,78316.82,3.1,678.762,12074.37,2.4,744.595,3317.09,6,87.49,6418.03,2.6,65.039,2189.05,2.3,<0.000,457.13,12.1,<0.000,100.1,36.1,4965.128,96547.1,4.4,5351.676,14445.93,0.4,248.897,18191.1,3.1,209.876,2482.73,2.9,9619.636,696201.49,2.1,9928.059,54902.51,1.2,568681.828,4583881.08,2.7,504505.724,506224.94,1.2,545113.716,3690786.94,1.5,49284.817,3836511,2.9,46870.826,715190.14,1.8,104387.342,7216429.15,2.7,91412.803,1740790.22,2.6,10268.873,805581.44,1.4,10952.371,180821.51,1.5,40270.126,531887.57,1.7,41628.905,126467.05,1.2,7715.249,87516.08,3.7,8047.17,20981.83,2.6,1449.272,59621.05,3.1,1378.046,14532.95,2,7275.243,89701.91,3.5,7298.432,33170.32,4.7,954.372,73579.02,1.4,942.685,24347.99,7.1,5309.115,92831.62,1.8,5598.675,31210.17,6.2,939.839,68531.86,1.9,987.691,24612.23,7,2680.791,62907.51,3.5,2895.675,23315.06,1.9,369.563,27952.54,2.3,366.819,10765.44,2.1,2436.136,36506.96,1.2,2564.347,15024.08,1.6,346.582,24983.4,4.6,366.504,5580.18,7.1,500.575,9160.08,6.1,494.728,3233.77,6.6,1506.098,91267.54,0.7,1716.3,57372.18,4.2,767.158,29317.83,3.3,791.956,14666.88,4.4,32747.368,170073.22,2.2,31308.337,145294.27,2.3,28955.692,716166.84,2.4,31584.698,679950.43,2.1,472.445,20420.5,2.9,465.782,9013.37,6,20813.695,927498.77,2.4,22016.463,464262.5,2.4,3747.174,154966.29,3.4,4144.738,86185.66,2.1,1928307.68,5.3,114.2,691534.03,2,107.2
90  Zr  [ No Gas ] :  CPS RSD value = 9.66 is over the allowed maximum = 5.00118  Sn  [ No Gas ] :  CPS RSD value = 8.17 is over the allowed maximum = 5.00133  Cs  [ No Gas ] :  CPS RSD value = 5.69 is over the allowed maximum = 5.00137  Ba  [ No Gas ] :  Concentration value = 320.08 is over the calibration range137  Ba  [ He ] :  Concentration value = 276.69 is over the calibration range138  Ba  [ He ] :  Concentration value = 291.74 is over the calibration range139  La  [ No Gas ] :  CPS RSD value = 6.17 is over the allowed maximum = 5.00141  Pr  [ He ] :  CPS RSD value = 5.26 is over the allowed maximum = 5.00147  Sm  [ No Gas ] :  CPS RSD value = 6.12 is over the allowed maximum = 5.00157  Gd  [ No Gas ] :  CPS RSD value = 6.08 is over the allowed maximum = 5.00159  Tb  [ He ] :  CPS RSD value = 5.98 is over the allowed maximum = 5.00163  Dy  [ No Gas ] :  CPS RSD value = 5.03 is over the allowed maximum = 5.00166  Er  [ He ] :  CPS RSD value = 5.10 is over the allowed maximum = 5.00172  Yb  [ No Gas ] :  CPS RSD value = 6.42 is over the allowed maximum = 5.00103  Rh ( ISTD )  [ No Gas ] :  CPS RSD value = 38.76 is over the allowed maximum = 5.00,FALSE,161_QC2_20250514_Ac Series 575  to 858_rerun .D,14-05-2025 22:28,QC2,,SJS-Std,46280.116,966753.01,4.9,49482.857,4481.89,4.3,1345.488,9015.31,2.6,1566.485,173.51,44.8,8360.345,316099.63,4.2,8983.445,11265.99,0.8,106828.014,5774965.6,3.3,95151.468,399923.51,1.4,115014.025,5740829.8,5,99724.631,598195.97,2.5,10513.28,600898.61,2.2,10339.331,118410.78,2,67298.422,868711.19,4,68558.698,218779.9,2.6,28690.298,879428.02,3.5,28449.652,249252.3,1.2,85843.973,803178.13,4.5,75014.144,106339.17,1.4,13930.56,411289.56,3.2,14708.056,19731.16,2.6,99535.332,5763128.35,3.6,82195.683,178108.47,1.6,252432.22,19328793.42,2.7,213645.983,622728.75,2.7,14362.651,1297402.48,3.2,13977.084,96207.77,1,61296.381,2846650.74,9.7,55170.658,367494.81,2.8,2969.495,42196.9,1.9,3146.672,11930.76,3.9,262.596,11216.08,3.3,153.372,3176.91,2.4,375.685,2886.56,5.9,331.828,630.65,20.8,1310.51,30373.18,8.2,1292.892,4471.93,5,1300.151,48178.87,3.4,1310.537,6848.7,4.6,4791.546,368082.97,5.7,4795.484,29674.11,1.6,1168538.49,9948714.15,3.2,1010135.993,1120846.37,0.7,1065075.345,7981833.73,0.9,18658.745,1532613.87,6.2,19572.846,331772.39,3.4,38510.948,2823693.18,3,36972.43,782271.93,3.7,4338.789,361606.68,4.9,4432.414,81660.13,5.3,17053.432,238222.14,4.6,16979.028,57333.93,3.2,3330.502,40073.58,6.1,3385.688,9863.75,1.4,990.066,43495.13,4.4,768.168,9219.29,1,3366.402,43971.05,6.1,3245.649,16490.69,3.7,477.468,40459.1,4.8,416.398,12652.41,6,2913.234,54097.39,5,2900.038,18084.49,3.2,565.469,44657.76,3.2,544.558,15535.22,2.2,1686.875,42297.23,3.3,1665.369,15027.43,5.1,242.779,20276.74,2.7,226.584,7833.65,2.9,1700.966,26976.35,6.4,1659.937,10889,1.6,234.682,18756.26,0.4,234.897,4168.21,3.4,2163.582,38857.36,2.4,2189.792,14451.81,3.2,917.513,59556.25,4.4,1011.453,37934.7,0.7,555.994,23231.99,0.5,553.327,11734.07,1.5,20504.293,118640.87,3.7,18839.699,97501.94,3.2,18860.198,495503.1,3.8,19307.536,463032.04,2.3,272.037,13177.19,3.9,251.335,5884.78,4.5,10160.855,482596.78,1.8,10134.592,237580.12,0.4,3311.828,145734.33,2.3,3504.198,80872.54,1.3,2020015.23,38.8,119.6,690577.72,3.3,107
118  Sn  [ He ] :  CPS RSD value = 6.25 is over the allowed maximum = 5.00137  Ba  [ No Gas ] :  Concentration value = 172.29 is over the calibration range137  Ba  [ He ] :  Concentration value = 152.49 is over the calibration range138  Ba  [ He ] :  Concentration value = 165.52 is over the calibration range165  Ho  [ He ] :  CPS RSD value = 6.16 is over the allowed maximum = 5.00172  Yb  [ He ] :  CPS RSD value = 5.05 is over the allowed maximum = 5.00,FALSE,162SMPL_20250514_Ac Series 575  to 858_rerun .D,14-05-2025 22:32,Sample,,MCS 689,31236.784,672546.9,1,34689.479,3070.09,4.3,2249.383,14999.85,1.6,1971.929,213.55,10.8,9742.461,374877.93,0.5,11016.639,13373.36,1.7,75809.864,4201138.44,0.8,72970.018,298718.43,0.7,73569.244,3885644.09,2.7,67001.264,400285.99,0.3,10033.697,588086.3,0.8,10544.136,117545.26,2.4,22937.25,331587.7,4,24923.073,84299.56,2.9,18050.811,577921.87,3,18964.047,164581.97,2.5,60381.012,645705.42,2.5,59612.819,88716.19,0.7,20715.038,625483.7,1.2,23603.37,30743.08,1.1,159492.252,9443393.62,2,145519.374,306371.23,3.4,50201.909,4564448.42,2.6,44014.763,149191.25,1.6,22057.965,2034954.33,0.3,23536.427,157337.31,1.7,9466.485,483509.33,1.7,9812.321,67198.57,0.8,582.897,11523.28,2,607.533,3030.07,5.6,<0.000,3113.5,4.6,<0.000,1044.43,9.2,<0.000,530.54,6.8,<0.000,96.76,26,4713.726,99286.21,1.1,4827.172,14081.82,6.3,228.61,18177.69,2.9,203.514,2512.76,3.9,7989.428,628158.37,1.4,8537.146,50979.46,3.1,644827.02,5634104.74,1.9,570706.053,617538.18,3.6,619494.643,4525659.84,2.6,49211.974,4156063.57,2.7,46483.074,765581.96,2,110009.201,8248531.46,3.1,97972.812,2013474.78,1.2,10399.489,885304.66,2.1,10701.239,190606.62,3.2,39388.57,564739.56,2.5,41646.298,136542.44,3.2,7872.282,96882.72,3.2,7855.519,22104.8,2.4,1452.794,64787.73,3.5,1448.064,16383.75,4.4,7625.382,101859.88,0.7,7405.397,36328.75,1.8,970.497,80900.79,1.9,973.198,26939.18,1.2,5378.251,102062.86,2.8,5580.279,33585.3,2.5,914.223,72243.04,2.1,933.358,25036.99,6.2,2635.756,67042.76,2.3,2803.68,24348.11,0.5,340.013,27939.21,1.4,343.673,10858.95,3.5,2373.308,38568.23,1.1,2466.979,15588.74,5,310.281,24405.07,3.8,308.199,5129.54,4.2,314.775,6551.77,3.2,345.189,2520.27,6.9,1154.678,76381.28,2.3,1193.978,43406.03,1.5,724.13,29996.85,4.9,734.126,14673.52,1.8,34057.319,190650.17,1.8,31300.493,156653.95,4.2,31361.789,840427.28,1.7,32164.271,746365.77,1.4,351.233,16861.65,2.5,343.248,7415.61,3.7,20391.594,986885.22,3.8,20913.787,475791.16,1.1,3355.683,150940.45,3.8,3749.478,84136.15,4.3,1928780.24,0.8,114.2,688952.26,1.7,106.8
9  Be  [ No Gas ] :  CPS RSD value = 6.06 is over the allowed maximum = 5.00137  Ba  [ No Gas ] :  Concentration value = 136.90 is over the calibration range137  Ba  [ He ] :  Concentration value = 119.87 is over the calibration range138  Ba  [ He ] :  Concentration value = 134.35 is over the calibration range146  Nd  [ No Gas ] :  CPS RSD value = 5.42 is over the allowed maximum = 5.00153  Eu  [ He ] :  CPS RSD value = 5.18 is over the allowed maximum = 5.00,FALSE,163SMPL_20250514_Ac Series 575  to 858_rerun .D,14-05-2025 22:36,Sample,,MCS 690,26663.131,542167.38,2.8,27973.65,2352.56,4.9,1625.689,10334.25,6.1,1814.203,186.85,21.7,7847.246,290513.51,0.9,9157.421,10618.16,4.6,65280.216,3414455.92,1.3,63584.153,246773.98,1.5,53661.548,2755938.76,0.6,48556.307,282969.07,1.7,8212.941,459473.71,1.1,8633.105,92353.61,0.7,19758.918,276467.98,0.8,20150.451,66944.12,3.1,15242.506,465413.34,0.6,16243.906,135050.59,1.7,45874.507,518830.68,1.8,44366.517,70825.13,0.9,16338.06,465813.91,0.8,20788.634,25673.81,1.2,132325.2,7387792.81,1.3,116169.121,231972.27,1.5,48578.249,4223641.25,0.9,42086.472,137816.43,0.8,17464.949,1520515.83,0.2,18172.919,115296.49,3.4,8527.342,415007.9,2.1,9040.534,59179.96,1.5,452.883,9432.88,6,455.788,2429.33,12.5,<0.000,2606.21,3.7,<0.000,790.82,13.4,<0.000,423.77,15.7,<0.000,90.09,40.1,4000.906,80504.77,2.4,4403.798,12278.21,2,163.323,15839,3.1,124.425,2175.71,4.3,7569.279,561836.69,0.9,7880.853,44662.68,2.2,536940.591,4426608.81,1.9,470160.704,482637.04,1.3,526935.639,3647793.53,2.6,56904.75,4531603.49,2.6,52568.444,820279.06,1.4,119082.649,8417233.5,1.4,108209.929,2106765.52,1.7,11878.28,953104.72,2.2,12383.331,208851.25,1.6,46274.907,625592.94,5.4,48313.717,149989.89,4.2,8860.348,102805.36,3.6,9405.563,25043.27,4.4,1417.437,59721.31,3.7,1347.493,14526.29,5.2,8219.432,103443.99,3.2,8236.273,38266.33,1.7,964.578,75992.43,2.6,929.958,24525.13,2.7,4686.122,83981.98,2.5,5033.254,28728.32,2.6,714.525,53956.7,1.1,790.601,20360.43,3.2,2070.911,49899.56,2.6,2186.69,18104.53,0.6,258.937,20898.44,0.8,244.587,7793.61,3.5,1866.444,28755.31,3.3,1974.93,11910.97,0.7,248.803,19127.21,1.8,229.079,3814.41,3.6,282.796,5674.65,3.9,323.001,2273.56,7.8,1069.902,66987.56,2.5,1081.683,37436.79,2.9,564.609,22834.13,0.8,632.7,12271.84,2.7,30192.047,160433.99,2.7,28357.312,134730.46,2.9,27437.308,694386.55,1.2,28954.482,637715.59,1.9,315.414,14552.04,2.4,311.551,6541.79,2.4,21912.482,999647.23,1.5,23444.089,505019.83,4,3674.175,155667.4,0.6,3990.127,84857.52,2.8,1906175.66,2.3,112.9,684099.13,2,106
137  Ba  [ No Gas ] :  Concentration value = 131.71 is over the calibration range137  Ba  [ He ] :  Concentration value = 119.07 is over the calibration range138  Ba  [ He ] :  Concentration value = 120.07 is over the calibration range138  Ba  [ He ] :  CPS RSD value = 6.98 is over the allowed maximum = 5.00172  Yb  [ He ] :  CPS RSD value = 5.24 is over the allowed maximum = 5.00175  Lu  [ No Gas ] :  CPS RSD value = 5.88 is over the allowed maximum = 5.00205  Tl  [ He ] :  CPS RSD value = 5.10 is over the allowed maximum = 5.00,FALSE,164SMPL_20250514_Ac Series 575  to 858_rerun .D,14-05-2025 22:41,Sample,,MCS 691,23800.3,473783.76,1.1,26965.67,2212.4,11.8,1490.238,9312.5,4.6,2026.085,203.54,19.9,8340.883,300817.06,0.8,9280.374,10497.95,1.5,69182.345,3536056.17,0.9,67448.506,255272.09,1.3,62545.219,3101064.82,1.5,58351.837,327229.82,2.7,8263.167,452418.89,1.5,8690.033,90808.04,2.7,20034.667,274408.59,2.1,21676.766,69778.09,2.5,20308.167,597846.77,1.7,21422.772,171482.3,1.1,79464.063,736786.45,2.7,76813.534,100010.59,1,16578.673,462222.02,3.9,20711.033,24955.17,1.2,133861.534,7303380.48,4.6,119502.907,232738.57,1,38305.072,3438752.72,4,32385.381,111055.31,2.3,18073.243,1537078.33,3.5,18601.37,115066.93,0.7,7682.563,369323.41,3.7,8106.001,52304.18,2,533.954,10284.37,4.4,545.566,2676.3,2.5,<0.000,2436.01,7.9,<0.000,874.24,12.6,<0.000,573.92,18.7,<0.000,96.76,11.9,4278.726,83872.26,1.2,4430.28,12067.75,4.6,153.168,15504.89,1.7,146.573,2245.78,8.8,7102.037,515530.83,1.2,7471.918,41348.44,0.8,530557.193,4275669.22,2.4,479640.64,480201.81,1.8,483641.934,3270217.31,7,63053.885,4903183.82,2.5,61758.71,939399.4,3.6,134792.244,9311539.68,2.2,115965.547,2202792.75,1.2,13113.721,1027605.05,1.4,14030.833,230701.17,2.2,50931.192,672498.94,2.4,53254.035,161337.28,1.2,9656.945,109368.96,2,10241.786,26597.86,3.1,1448.276,59610.19,1.4,1532.804,16049.66,3.2,8437.142,103822.57,0.9,8441.091,38249.83,0.9,1006.601,77408.13,0.8,1003.325,25722.05,3.2,4924.3,86215.3,0.4,5232.47,29146.44,4.2,788.121,57955.28,1.2,830.536,20821.44,3.4,2096.571,49416.73,3.2,2138.506,17289.26,2.9,259.781,20544.18,3.9,256.634,7940.49,4.3,1907.447,28732.01,2.6,1906.523,11239.68,5.2,229.934,17566.68,5.9,248.923,4004.67,5,264.526,5267.81,1.5,266.028,1893.49,9.8,1127.76,68950.95,1.5,1163.083,39198.57,2.8,556.369,22118.93,3.7,572.245,11016.04,5.1,26736.039,138875.14,3.1,24014.607,111549.58,3.3,23542.12,583495.14,2.1,24863.415,535366.59,1.4,306,13907.98,1.7,290.641,6061.54,3.4,26620.076,1185985.75,1.8,28072.013,589857.58,1.7,3868.25,160144.62,2.3,4379.669,90728.29,1.2,1913446.06,3.2,113.3,685211.59,1.4,106.2
137  Ba  [ No Gas ] :  Concentration value = 164.94 is over the calibration range137  Ba  [ He ] :  Concentration value = 145.65 is over the calibration range138  Ba  [ He ] :  Concentration value = 154.02 is over the calibration range175  Lu  [ No Gas ] :  CPS RSD value = 5.01 is over the allowed maximum = 5.00,FALSE,165SMPL_20250514_Ac Series 575  to 858_rerun .D,14-05-2025 22:45,Sample,,MCS 692,28042.715,615352.89,3.5,30043.796,2749.7,6.3,2794.085,18851.73,3.4,2907.211,323.66,3.6,9523.433,373151.58,0.7,10635.326,13343.31,4.9,73354.616,4138870.55,1.7,68967.528,291696.05,0.9,62352.439,3390804.46,0.7,58668.762,365025.64,1.8,11203.428,664932.63,1.7,11536.29,132268.71,0.5,19873.66,297325.28,1.2,20842.568,74410.84,1.6,12724.748,422607.36,0.6,13084.26,119750.94,1.1,57453.924,632122.16,1.6,53394.788,84686.71,2,18409.951,566066.72,1.1,22472.446,30238.06,2.1,116628.445,7034151.88,2,101299.026,220578.73,3.1,72531.18,6342295.64,0.2,63342.282,207433.25,0.6,25336.728,2378515.29,2.5,26129.5,180359.27,3.1,7350.405,388680.8,0.9,7705.061,55400.48,0.4,636.442,12378.27,2,647.749,3257.01,5.6,<0.000,3043.41,4.9,<0.000,1037.75,8.3,242.453,2162.35,8.3,215.932,470.48,20.3,4797.786,102696.7,2.4,4982.513,14973.74,4.4,131.069,15387.95,2.8,89.108,2115.63,2.3,7688.472,615526.07,1.9,7991.282,49344.8,4.5,606949.453,5398035.34,1.9,535962.63,599180.89,2,566754.325,4277708.86,3.1,70883.105,6091843.52,0.3,67055.156,1140027.32,1.1,144219.83,11004270.13,3.8,126085.994,2676373.25,0.9,14384.476,1245175.05,0.8,15086.146,277092.52,1.9,54425.849,793815.66,2.3,56288.832,190553.99,1.2,10620.864,132849.06,0.9,11076.051,32129.6,3.2,1708.412,77153.19,1.4,1631.202,18976.63,2.7,9801.389,133098.68,1.6,9431.735,47707.97,1.6,1174.733,98889.75,0.9,1147.568,32531.31,2.8,6272.056,120957.64,1.9,6499.414,40328.62,2.3,1037.77,83020.54,1.5,1144.316,31404.36,2.3,2881.028,74448.32,3.5,2898.29,25972.97,2.2,367.102,30397.35,1.9,374.741,12071.28,0.7,2625.922,43345.12,2.5,2769.291,18007.7,2.6,330.936,26257.3,5,338.413,5737.09,1.2,254.03,5544.6,5.1,281.461,2183.54,3.9,1192.738,80199.05,1.6,1234.507,46292.91,0.5,856.428,35463.66,2.7,908.972,18338.78,2.5,34325.043,198426.62,2.1,30289.666,156621.71,2.4,29873.368,815201.4,0.5,32267.653,773306.91,0.2,307.191,15232.94,1.5,304.022,6908.64,3.3,25891.187,1275081.07,1.4,27676.88,650006.31,2.2,4647.831,211677.76,1.6,4830.288,111475.53,3.8,1930468.55,1.4,114.3,699571.13,1,108.4
137  Ba  [ No Gas ] :  Concentration value = 169.70 is over the calibration range137  Ba  [ He ] :  Concentration value = 150.77 is over the calibration range138  Ba  [ He ] :  Concentration value = 161.67 is over the calibration range153  Eu  [ He ] :  CPS RSD value = 5.83 is over the allowed maximum = 5.00169  Tm  [ No Gas ] :  CPS RSD value = 5.08 is over the allowed maximum = 5.00238  U  [ He ] :  CPS RSD value = 5.84 is over the allowed maximum = 5.00,FALSE,166SMPL_20250514_Ac Series 575  to 858_rerun .D,14-05-2025 22:49,Sample,,MCS 693,30213.749,660323.07,3.5,31869.715,2873.18,8,2159.804,14622.43,3,2552.28,280.28,16.4,7946.799,314690.56,0.4,8927.949,11119.06,3.8,68218.669,3838589.22,0.9,64270.89,268277.59,2.8,55266.723,3029012.35,3.4,51508.135,319478.26,1,8917.156,532970.5,0.3,9068.409,103721.61,4.5,16843.386,257555.51,1.9,18399.649,66095.82,1,16670.281,543388.81,0.8,17447.922,154891.96,2.4,51264.724,584769.74,1.2,48830.574,78918.84,0.7,16699.655,512129.68,2.4,20854.569,27706.63,4.6,161021.914,9674117.68,0.7,144585.693,310461.25,0.9,73037.886,6361573.25,1.9,62626.869,202792.13,2.7,19200.447,1798568.47,2.1,20415.111,139210.09,1.8,4609.493,254632.68,0.5,4915.264,36477.35,2.5,196.418,6478.1,6.9,168.155,1554.99,9,<0.000,1962.12,4.5,<0.000,577.26,10.2,<0.000,483.83,8.4,<0.000,126.79,16.4,4289.11,92076.5,3.8,4459.36,13320.24,3.9,74.263,13650.93,0.4,58.236,1972.13,6.5,8179.045,652377.63,1.7,8440.149,51408.18,2.7,624918.613,5540620,0.7,555231.265,612958.12,3.4,595338.281,4433749.59,2,74198.042,6357651.42,1.4,70967.889,1191367.54,2.6,154177.577,11726217.49,1.2,130645.75,2736302.87,1.7,14939.308,1289255.4,2.7,15745.79,285571.09,2.8,58057.381,844158.35,1.4,59315.439,198232.12,2.8,11016.043,137354.5,1.5,11512.017,32969.39,1.8,1753.869,78924.8,0.4,1689.406,19377.68,5.8,9742.607,131878.15,1,9484.325,47369.85,3.3,1144.88,96189.59,1.4,1096.848,30741.57,2.6,5117.38,98588,3,5417.269,33230.62,1.1,831.716,66925.14,1.5,870.022,23890,3.5,2256.23,58367.61,3.2,2446.945,21707.25,3,280.165,23863.33,5.1,282.273,9339.52,2.1,1955.811,32361.1,0.9,2041.883,13206.93,2.8,245.135,20146.48,0.7,251.592,4391.85,6.7,157.159,3767.26,0.2,145.413,1283.41,17.2,1113.912,74835.41,3.3,1177.689,43666.84,3.1,649.3,27561.98,3.6,705.194,14399.62,4.4,25710.548,147257.32,3.3,23241.402,118955.81,4.2,22407.884,611734.6,2.8,23967.999,569071.27,1.9,320.881,15776.93,3.4,303.712,6815.27,1.5,31458.416,1544012.51,3.6,33579.062,778366.08,4.1,4397.48,199823.05,1.5,4752.694,108254.63,5.8,1925992.92,1.2,114.1,691259.46,2.4,107.1
95  Mo  [ No Gas ] :  CPS RSD value = 5.42 is over the allowed maximum = 5.00118  Sn  [ He ] :  CPS RSD value = 5.04 is over the allowed maximum = 5.00137  Ba  [ No Gas ] :  Concentration value = 227.17 is over the calibration range137  Ba  [ He ] :  Concentration value = 196.90 is over the calibration range138  Ba  [ He ] :  Concentration value = 206.91 is over the calibration range172  Yb  [ No Gas ] :  CPS RSD value = 5.11 is over the allowed maximum = 5.00,FALSE,167SMPL_20250514_Ac Series 575  to 858_rerun .D,14-05-2025 22:53,Sample,,MCS 694,38039.015,860113.53,1.7,41650.445,4014.62,5.6,1973.962,13874.21,0.4,2329.605,273.61,22.1,10907.269,436663.9,0.6,11966.439,15775.05,1.2,96329.872,5609349.78,1.8,89592.414,399719.24,0.7,75914.487,4189352.17,2.4,67487.056,437669.13,1,12540.125,764710.88,2.7,12458.454,150056.41,0.9,26902.672,398850.09,2.6,28011.125,101121.68,2.2,25177.714,834799.04,1.1,25031.754,233617,2.4,84965.86,852643.06,2.2,80440.969,117553.44,1.4,22017.477,699289.4,1.1,26947.5,38236.66,1.6,202241.922,12593974,1.4,175498.445,402879.16,1.2,38220.283,3801246.98,1.9,31750.47,124457.54,0.2,22824.3,2215037.39,2.1,23161.006,168809.93,0.9,9037.752,485125.4,2.7,9375.091,69912.97,1.7,690.519,13343.55,5.4,674.6,3483.96,4.4,<0.000,2262.47,8.4,<0.000,623.98,6.7,<0.000,377.05,24.1,<0.000,86.75,13.3,6332.627,138008.66,0.8,6466.317,20219.45,5,219.846,18067.45,1.9,183.37,2529.46,6.4,11078.731,913314.02,0.9,11024.399,71618.74,4.6,794449.413,7299049.06,1.1,688606.296,812102.57,0.6,723586.723,5762427.44,2.2,86677.243,7698800.9,0.7,80390.585,1442438.01,2.1,191089.429,15069207.57,0.2,179544.106,4023693.28,2.5,17867.034,1597672.68,0.9,18288.055,354333.33,1.7,69161.065,1042416.25,2.3,69808.219,249424.75,0.6,12936.874,167165.32,3.3,13023.166,39852.67,0.6,1768.998,82404.38,3.2,1694.131,20751.2,1,11590.178,162579.9,3.3,10689.131,57042.63,2.9,1384.855,119696.33,3.1,1292.04,38410.39,3.1,6409.532,127724.33,0.5,6432.79,42139.43,2.1,992.998,82083.55,3.7,1021.026,29668.11,3.3,2740.376,73243.61,2.5,2748.621,25999.75,4.6,333.766,28705.01,0.6,325.943,11212.93,2.5,2398.758,40961.46,5.1,2402.255,16534.22,4.3,309.301,25404.63,4.9,328.461,5860.6,7.1,328.959,7095.38,4.8,308.443,2470.25,11.9,1528.836,105449.47,2.8,1520.741,59834.37,2.2,865.235,36855.74,1.2,852.986,18188.39,1.8,31413.492,191881.53,2.8,27250.034,148846.67,1.4,28737.271,810465.96,2.8,29137.3,737779.02,1.6,383.984,19068.26,0.8,331.775,7772.51,6.4,36611.855,1862624.24,1.5,37590.273,931253.88,2.5,5331.718,250533.26,0.2,5683.185,138081.96,2,1896649.31,1.4,112.3,702093.76,2,108.8
9  Be  [ No Gas ] :  CPS RSD value = 5.31 is over the allowed maximum = 5.00137  Ba  [ No Gas ] :  Concentration value = 138.23 is over the calibration range137  Ba  [ He ] :  Concentration value = 125.69 is over the calibration range138  Ba  [ He ] :  Concentration value = 132.72 is over the calibration range,FALSE,168SMPL_20250514_Ac Series 575  to 858_rerun .D,14-05-2025 22:57,Sample,,MCS 695,25776.543,555145.5,2.8,28575.893,2482.72,5.6,2289.715,15253.74,5.3,2559.837,270.27,3.7,8486.36,329635.53,0.9,9352.314,11189.2,5,71599.277,3963575.46,2.8,69258.663,277675.07,2.1,59851.845,3211185.88,2.1,57527.652,340391.92,1.8,7986.953,473286.51,1.8,8314.521,91916.45,0.7,18985.946,281719.54,0.8,21173.543,71830.74,1.4,15843.299,510196.98,0.8,16427.723,140792.17,1.9,91347.558,872439.71,1.7,89073.518,116361.58,2.3,17369.406,524003.3,1,20201.509,25784.22,2.4,107846.282,6381032.3,1.9,98055.878,202353.89,1.5,49383.282,4510658.9,4.3,43154.026,144255.69,1.3,22694.83,2089299.62,1,24157.312,157957.54,1.4,9550.099,487518.9,2.8,10292.98,68884.08,1.6,488.118,10324.43,1.7,494.187,2606.22,4.7,<0.000,2909.92,12.7,<0.000,910.94,19.8,<0.000,463.81,8.7,<0.000,106.77,27.1,4435.085,93757.96,3.6,4705.473,13467.21,3.1,106.276,14749.92,0.3,112.776,2149,7,8459.992,664022.29,1.8,8606.874,50322.5,0.7,526312.47,4593489.02,0.5,478554.821,507297.51,1.2,505320.869,3613774.3,1.6,45625.188,3847261.85,0.8,43678.024,704282.98,1.4,96368.915,7212994.05,0.2,83926.336,1688816.27,0.9,9427.927,801509.09,0.6,9813.708,171199.16,1.1,36142.118,517417.18,1,37285.407,119661.96,0.3,6946.099,85379.52,1.3,7253.48,19995.84,4,1317.22,58839.4,0.8,1263.8,14095.33,1.8,6601.104,88128.94,1.2,6485.12,31159.79,1.1,893.415,74705.59,1.9,882.234,24057.12,2.4,5239.229,99301.51,3,5502.043,32394.45,2.2,961.53,75754.01,0.9,1001.4,26247.17,2.6,2722.889,69113.06,0.1,2928.512,24882.98,3.3,365.914,29811.98,2.3,364.736,11222.95,1.7,2475.544,40138.16,2.6,2691.963,16601.06,3.9,317.903,24930,2.2,358.963,5753.76,3.5,326.098,6755.19,1.4,326.37,2356.9,4.7,1183.096,78125.28,2.9,1250.671,44482.93,2.3,569.035,24234.97,1.4,641.132,12772.8,0.7,32676.011,179175.43,0.9,31020.487,152080.63,3.3,28275.802,757012.25,2,31342.394,711909.07,1,369.037,17609.39,3.4,384.961,8022.68,4.1,19979.767,964796.41,3.8,22035.702,490054.28,4.3,3099.89,139456.18,2,3334.018,73418.23,1.6,1960634.75,4,116.1,686502.18,4,106.4
137  Ba  [ No Gas ] :  Concentration value = 144.97 is over the calibration range137  Ba  [ He ] :  Concentration value = 131.70 is over the calibration range138  Ba  [ He ] :  Concentration value = 146.00 is over the calibration range,FALSE,169SMPL_20250514_Ac Series 575  to 858_rerun .D,14-05-2025 23:01,Sample,,MCS 696,27705.364,550009.2,0.5,29562.763,2436,14,2513.104,15400.72,4.8,2186.444,220.22,16.4,9343.512,333696.93,0.9,10567.552,11963.97,3.7,75448.209,3849341.43,0.5,71395.639,271635.86,0.4,64492.946,3187061.34,1.6,58603.176,330345.46,2.2,9133.253,496796.68,1.6,9332.102,97656.04,1,19366.21,266528.2,3,20085.553,65824.15,1.4,13038.38,393422.21,1.1,13735.352,113446.75,0.9,183996.304,1434195.55,0.7,177537.22,194901.65,2,19343.938,537883.84,1.8,24102.013,29171.25,1.7,119643.284,6521695.25,1.4,106418.829,208402.63,1.5,84501.477,6633675.36,2.4,72680.13,212790.38,1.7,26040.033,2209043.89,2.6,27321.608,169608.4,1.8,9288.78,439555.58,2,9917.516,63403.05,2.4,812.808,13667.53,4.5,858.985,3684.22,5.9,<0.000,3320.43,6.3,<0.000,1087.81,5.3,89.785,1107.83,6.2,66.809,243.58,42,4992.729,96889.2,0.7,5364.993,14519.39,4.8,190.205,16557.27,2.4,182.326,2392.63,12.7,7776.929,563360.73,1.6,8316.561,46203.25,3.9,587223.645,4723054.94,0.5,533473.592,536723.52,1,591408.337,4015104.28,0.9,84607.212,6573073.29,1.7,77726.331,1188529.23,1.6,166838.013,11505161.02,0.8,173903.84,3319604.2,0.8,17361.781,1358225.05,2.6,17229.152,284651.18,2.1,64203.091,846625.37,1.4,68122.841,207387.44,0.2,12208.695,138055.41,1.5,12868.571,33571.39,1.1,1924.165,78545.52,3.8,1898.718,19832.1,0.7,10926.124,134109.86,2.3,10944.04,49774.76,1.7,1326.588,100870.53,3.5,1291.293,32889.3,1.5,6740.946,117531.85,1.6,7067.602,39451.34,0.6,1136.366,82224.79,2.9,1161.616,28771.88,1,3091.972,72276.81,0.7,3313.769,26695.28,3.2,396.953,29768.64,2.2,410.141,11890.93,2.3,2718.865,40596.87,3.3,3008.435,17603.4,3.5,358.04,25735.67,4.1,367.85,5616.92,6.2,334.383,6418.37,7.5,337.991,2326.89,3.2,1337.763,81285.94,3.3,1401.833,47233.22,3.5,633.604,24729.74,2.7,656.11,12472.2,4.7,42473.11,220628.62,1.3,38650.184,179521.7,3.4,38144.06,939631.4,1.1,40070.815,862790.25,0.7,351.4,15670.11,4.6,339.706,6925.34,6.1,34109.104,1517890.5,1.2,35699.875,753760.82,0.7,5176.521,213135.47,3.1,5276.981,109567.79,1.8,1921297.13,2.2,113.8,692653.33,0.7,107.3
45  Sc  [ He ] :  CPS RSD value = 7.21 is over the allowed maximum = 5.00121  Sb  [ No Gas ] :  CPS RSD value = 5.17 is over the allowed maximum = 5.00137  Ba  [ No Gas ] :  Concentration value = 159.08 is over the calibration range137  Ba  [ He ] :  Concentration value = 146.01 is over the calibration range138  Ba  [ He ] :  Concentration value = 153.97 is over the calibration range205  Tl  [ He ] :  CPS RSD value = 5.04 is over the allowed maximum = 5.00,FALSE,170SMPL_20250514_Ac Series 575  to 858_rerun .D,14-05-2025 23:05,Sample,,MCS 697,28315.083,645750.44,0.8,32349.971,3026.7,4.3,1626.527,11576.48,2.2,1477.41,170.17,21.2,7986.952,328902.21,0.6,9252.566,11917.21,7.2,67292.965,3949807.84,0.9,65052.242,281684.9,1.5,54977.092,3134921.17,1.6,50659.69,325530.84,2.2,8045.999,503331.64,1.3,8392.998,99824.74,0.7,18462.726,288937.78,0.4,19689.373,72220.25,1.2,17727.011,600017.4,1.2,18444.944,169136.79,1.8,45466.323,558443.73,0.9,44512.629,76297.33,1.3,17100.888,547080.17,1.6,21898.105,30164.45,1.9,147368.147,9236100.28,0.5,129832.206,289161.05,1.4,36742.058,3720431.48,1.9,30744.149,118391.95,1.5,20851.838,2035939.28,2,21943.645,155098.35,1.8,6881.577,379424.64,1.7,7306.004,53883.99,3.2,447.371,10110.73,4.3,485.532,2719.68,4.9,<0.000,2379.28,3.5,<0.000,750.77,13.1,<0.000,250.25,18.3,<0.000,30.03,57.7,4660.696,103719.15,0.8,4929.083,15150.78,3.7,147.797,16146.28,5.2,83.605,2085.6,6.7,8971.854,745393.08,1.7,9386.928,59219.78,4.4,567005.05,5243898.91,3.1,520417.668,595619.08,2.2,548787.181,4239423.29,2.6,83999.283,7507811.99,1.7,79139.485,1377217.06,1.3,169915.266,13478044.32,2.1,172132.965,3740139.94,3.6,17169.51,1545148.28,3.3,17976.863,337769.74,0.7,65253.529,989568.71,0.8,68295.254,236620.53,1.5,12172.304,158264.6,2.4,12606.922,37406,2.3,1636.678,76900.48,1,1659.341,19731.86,2,10785.754,152274.87,3,10559.935,54626.32,1.5,1248.521,108940.98,2,1212.766,35053.98,0.9,5942.449,119243.1,1.9,6217.631,39511.83,4.4,891.096,74468.72,1.3,923.746,26163.64,1.3,2367.024,63799.21,1.7,2521.415,23171.41,3.5,277.525,24585.47,2.2,271.6,9326.19,1.2,2006.992,34602.52,1.2,2153.45,14416.1,0.6,255.314,21660.53,0.9,250.055,4505.35,3.1,232.25,5321.16,2.9,221.609,1826.81,3.9,1309.715,91245.2,2.5,1330.503,50904.47,3.4,656.824,28936.52,2.3,701.489,14823.84,5,28315.157,167815.84,2,26499.785,140452.4,0.9,25935.197,736680.9,1.4,27010.415,663576.44,1.1,328.787,16744.87,2.9,340.713,7732.49,2.5,34401.7,1760994.96,1.3,34638.411,832307.31,2.6,4929.751,233239.26,4,5459.002,128722.36,1.5,1945020.7,2.4,115.2,693720.34,1.7,107.5
206  [Pb]  [ He ] :  CPS RSD value = 5.34 is over the allowed maximum = 5.00209  Bi  [ He ] :  CPS RSD value = 8.38 is over the allowed maximum = 5.00,FALSE,171_QC1_20250514_Ac Series 575  to 858_rerun .D,14-05-2025 23:09,QC1,,QC MES 50 ppb,48.511,3890239.94,1.1,45.527,15210.3,1.2,44.514,1084685.21,2.2,44.972,18216.99,3.9,39.209,5300148.28,0.5,37.382,167704.35,1.1,44.932,9314185.45,1.2,41.674,647711.54,1.5,44.349,8435017.74,0.9,39.604,866854.12,2.6,44.694,9415732.84,1,40.136,1630055.01,1.8,37.569,1825065.75,1.2,40.278,463209.63,1.8,43.688,5026207.78,4,40.621,1283254.82,1.2,36.794,1209399.59,0.8,35.892,166500.75,1.6,46.097,5205163.3,2,42.136,207802.58,1.3,47.712,10595475.29,1.5,41.282,330392.92,2.5,44.222,13287175.12,4,39.068,431547.65,1,48.348,16684368.15,2.3,43.107,1091592.53,1.4,46.427,8364473.41,3.1,42.789,1046441.03,1.4,41.786,2063778.89,3.3,44.076,569055.24,2.4,49.127,5197869.55,2.3,44.565,1725677.92,2.2,44.494,1072434.39,1.4,45.977,244018.84,1.2,50.195,3754956.11,1.1,45.132,472332.18,1.9,50.688,5608713.72,2.4,46.207,668108.97,1,50.007,14599544.99,1.3,45.135,1013888.19,3.1,49.275,1627084.12,1,49.975,207098.72,0.7,47.935,1340100.99,1,49.094,15547495.86,0.3,52.078,3256375.55,3.1,50.798,14296001.45,2.4,49.176,3840194.16,1.4,50.899,16188625.32,2.7,51.78,3489723.79,3.3,45.791,2461741.85,1.7,46.819,582633.3,1.9,45.401,2086057.31,0.1,47.743,507781.19,3,52.78,8575949.09,1.7,47.739,1975083.06,1.5,46.994,2341990.01,1.6,48.933,906070.89,0.5,51.431,15415622.74,1.4,53.688,5353145.03,1.7,53.94,3805529.18,1.7,48.485,1098348.85,3,51.576,14682047.49,0.7,53.926,5219832.86,3,52.919,4976953.01,2.9,50.103,1624107.24,2.9,53.128,14557867.06,0.6,54.231,5638910.8,1.5,47.447,2845898.82,1.4,50.876,1190518.83,2.9,52.806,13724174.62,2.5,47.7,2609625.88,1,55.805,3754685.15,2.1,50.48,1203693.86,0.5,52.057,12528677.31,2,54.554,7315991.35,1.9,55.901,7789178.15,0.9,50.276,3396760.62,1.6,54.005,1139520.67,5.3,51.612,973225.88,2.8,55.54,5541870,1.3,52.34,4577841.91,2.2,56.873,9039358.83,2.2,54.358,3739569.63,8.4,54.921,9959308.29,3.7,60.696,5233764.61,2.4,56.266,9337375.94,1.9,59.772,5004005.27,2,1935909.51,3.7,114.7,699704.26,1.3,108.4
137  Ba  [ No Gas ] :  Concentration value = 218.40 is over the calibration range137  Ba  [ He ] :  Concentration value = 162.89 is over the calibration range138  Ba  [ He ] :  Concentration value = 174.60 is over the calibration range166  Er  [ No Gas ] :  CPS RSD value = 5.07 is over the allowed maximum = 5.00205  Tl  [ He ] :  CPS RSD value = 6.01 is over the allowed maximum = 5.00103  Rh ( ISTD )  [ No Gas ] :  CPS RSD value = 13.76 is over the allowed maximum = 5.00,FALSE,172SMPL_20250514_Ac Series 575  to 858_rerun .D,14-05-2025 23:14,Sample,,MCS 698,34626.942,681059.29,1.1,30182.689,2896.54,12.5,2218.315,13520.17,1.9,2085.289,243.58,30.8,10440.236,364581.27,1,9626.928,12681.97,3.3,92392.635,4668812.26,2.3,73468.416,325462.96,1.1,78742.066,3770850.65,0.7,59301.523,385235.24,0.9,12790.602,676754.1,2.3,11284.026,135484.43,1.5,26552.2,342718.98,1.5,22639.41,83298.43,2.7,22964.019,664280.85,2.6,20051.719,187456.2,1.8,84156.148,738092.02,1.2,61784.545,96760.09,1.2,21403.21,589061.62,3.9,20772.134,29291.71,1.6,210841.471,11417490.43,1.1,157128.621,358030.67,0.8,54561.718,4437527.85,2.2,38098.394,142480.35,0.8,25564.559,2156549.57,0.3,21639.469,156598.54,2.6,11776.553,541911.54,0.6,10491.767,77203.87,1,906.957,14305.51,3.8,711.561,3607.45,0.9,62.805,5242.99,7.2,17.975,1805.27,11.5,<0.000,397.07,6.3,<0.000,113.45,10.2,5842.463,111139.39,2.5,5024.576,15775.51,3.7,287.234,17676.53,1.2,171.845,2489.41,3.7,10636.538,763607.65,1.4,9175.274,59236.41,2,774481.076,6175204.59,2.3,577651.475,676491.65,0.9,619173.599,4894264.79,0.6,56546.873,4368938.64,4.2,44386.112,791157.77,2.2,118851.778,8150753.9,2.3,88086.278,1959341.79,1.2,11772.642,915259.04,2.2,10031.592,193403.82,1.1,45233.058,591376.29,3.2,39882.736,141498.28,1.6,8581.979,96270.52,3.5,7391.328,22505.92,2.1,1623.057,65920.68,0.6,1374.668,16838.15,0.7,7984.921,97465.88,1.1,6649.843,35318.1,1,1087.632,82354.3,1.7,889.318,26701.76,2,5914.906,102435.62,1.4,5108.247,33274.22,2.2,1040.263,74664.31,2.2,909.604,26391.05,3,3067.552,70858.03,5.1,2636.599,24776.1,3.7,399.893,29484.34,3.2,322.698,11052.64,4,2799.745,41319.55,4.9,2440.254,16667.91,2.6,370.921,25963.14,3.8,279.142,5062.8,2.2,488.276,8743.12,6.1,367.875,2860.34,2.4,1587.662,94928.49,2.7,1425.488,55744.8,0.2,938.583,34543.41,1.5,774.243,16564.5,6,33281.367,201555.64,2,30051.043,162754.81,1.2,36108.932,881841.09,2.9,31107.688,780996.68,1.4,432.539,18450.67,3.2,336.049,7819.21,1.7,23419.683,1033458.96,4.3,20218.423,497917.76,1.9,3953.032,161850.62,2.1,3558.385,86459.93,2,1695388.05,13.8,100.4,706452.21,1.6,109.5
45  Sc  [ He ] :  CPS RSD value = 5.87 is over the allowed maximum = 5.00137  Ba  [ No Gas ] :  Concentration value = 148.99 is over the calibration range137  Ba  [ He ] :  Concentration value = 134.17 is over the calibration range138  Ba  [ He ] :  Concentration value = 140.42 is over the calibration range172  Yb  [ He ] :  CPS RSD value = 6.12 is over the allowed maximum = 5.00,FALSE,173SMPL_20250514_Ac Series 575  to 858_rerun .D,14-05-2025 23:18,Sample,,MCS 699,28515.551,575321.13,1.1,32170.507,2636.23,3.5,2557.644,15935.2,2.3,3460.389,343.68,21.1,8800.786,320791.58,0.3,9684.935,10942.09,5.9,77253.124,4006591.6,1,73837.758,279514.87,1.2,62164.641,3130260.06,1.4,55671.507,313271.8,1.1,10198.826,560662.97,0.9,10589.592,109458.34,2.2,21565.345,296518.06,1.1,22750.101,72636.3,1,17539.597,528043.77,1.3,18161.687,146600.46,2,48272.084,535128.7,0.5,45824.63,70972.65,2,17349.561,490977.3,3,20805.426,25075.5,2.5,162129.786,8979340.19,3.1,143308.086,279020.39,2.5,49620.98,4281170.55,2.2,42890.693,137036.43,2.9,23999.055,2070720.57,2.9,24444.393,151068.58,1.2,11576.482,548951.93,3,12164.16,76338.16,1,178.168,6050.81,3.8,171.609,1498.26,3.7,<0.000,3480.63,6.7,<0.000,1011.05,3,<0.000,367.04,12.9,<0.000,66.73,37.7,4945.894,97571.76,1.7,5234.593,14098.48,4.4,376.078,21790.26,1.1,365.226,2996.69,8.6,8410.758,618854.68,0.4,8921.114,49281.08,1.8,595181.196,4868871.27,2.6,535990.223,536760.2,3.1,560951.965,3790021.28,1.2,55104.435,4353377.03,2.2,53366.923,812531.28,0.4,111989.106,7858098.53,1.9,98581.97,1873678.58,0.4,11336.043,902700.23,2.4,11920.918,196247.23,1.5,42425.391,569272.15,2.4,43531.429,132020.1,3.3,8215.79,94613.34,1.1,8383.758,21803.95,3.7,1386.74,58054.69,0.9,1357.45,14279.07,2.8,7636.79,95486.13,0.4,7685.27,34863.22,1.2,978.798,76545.33,2,953.638,24518.45,2.8,5519.245,98029.83,0.4,5704.605,31768.79,4.7,954.502,70659.55,2.2,1008.829,25020.01,3.1,2819.311,67123.27,3.7,2737.423,22014.82,1.6,340.785,26391.03,0.3,355.608,10434.84,3.8,2384.542,36305.79,2.6,2344.525,13741.35,6.1,292.237,21844.34,4.1,308.669,4799.07,7.5,430.112,8119.34,1.9,429.441,2843.68,12.1,1254.39,77608.77,2.3,1358.243,45570.42,1.1,748.209,29103.77,2.7,821.555,15104.48,0.3,27850.2,144545.79,2.8,26007.56,120760.88,1.2,24546.42,617770.4,3.4,26297.648,565879.07,1.3,471.044,20657.49,4.2,460.038,8883.27,3.5,21866.648,990639.91,2.6,22388.149,470760.54,3.6,3426.391,144348.39,2.8,3966.854,82377.34,2.5,1926757.44,2.1,114.1,679948.13,2,105.4
7  Li  [ No Gas ] :  CPS RSD value = 5.45 is over the allowed maximum = 5.0090  Zr  [ He ] :  CPS RSD value = 5.81 is over the allowed maximum = 5.00137  Ba  [ No Gas ] :  Concentration value = 311.54 is over the calibration range137  Ba  [ He ] :  Concentration value = 266.40 is over the calibration range138  Ba  [ He ] :  Concentration value = 293.48 is over the calibration range140  Ce  [ No Gas ] :  CPS RSD value = 7.30 is over the allowed maximum = 5.00165  Ho  [ He ] :  CPS RSD value = 5.65 is over the allowed maximum = 5.00166  Er  [ He ] :  CPS RSD value = 6.79 is over the allowed maximum = 5.00181  Ta  [ He ] :  CPS RSD value = 5.59 is over the allowed maximum = 5.00,FALSE,174_QC2_20250514_Ac Series 575  to 858_rerun .D,14-05-2025 23:22,QC2,,SJS-Std,42917.484,945982.7,5.5,49302.655,4475.22,7.2,1288.174,8978.58,2.3,1581.38,176.84,19.9,7809.558,313032.17,1.5,8795.669,11048.96,4.9,101871.667,5781902.33,2.4,94587.649,398073.84,1.5,107856.497,5707146.74,2.6,100410.253,602799.35,0.8,10186.767,611448.99,2.1,10424.422,119446.38,3.2,64088.311,873555.12,1,68475.02,218791.38,1.1,27152.37,877134.06,0.5,29062.559,254886.45,0.3,78807.834,794516.19,1.3,77143.825,108669.76,2,13674.204,424608.84,2.1,14093.167,18932.43,1.8,93263.884,5673049.73,2,82318.397,178560.74,0.6,250042.263,20094511.64,0.9,216434.819,630991.56,0.5,13640.003,1293407.26,1.6,14103.179,97182.45,1.2,61245.096,3035103.08,0.6,57453.404,383142.52,5.8,2797.357,41577.67,2.5,2905.049,11109.21,3.3,221.586,10558.23,1.4,99.053,2609.55,9,388.177,3136.86,1.3,316.338,610.63,8.7,1233.777,30697.21,2.3,1190.788,4184.88,7,1252.459,49293.49,2.5,1291.614,6788.61,4.7,4640.196,377262.04,1.5,4791.017,29680.83,2.2,1137372.554,10187331.52,1.2,972570.349,1080830.76,1.3,1071427.239,8040440.04,0.5,18392.724,1597283.28,1.1,19176.318,325576.08,1.4,40353.954,3112917.82,7.3,36552.843,773972.44,1.5,4259.848,374271.63,1.3,4336.341,80020.85,0.7,16181.33,238711.86,3.7,16501.594,55804.96,0.3,3252.504,41385.68,1.9,3245.057,9469.7,2.4,911.618,42413.85,3.2,800.902,9599.93,3,3202.816,44255.18,1.6,3108.733,15839.22,4.2,434.566,38999.53,3.3,433.049,13103.3,4.1,2785.322,54693.76,1.2,2740.808,17128.85,2,527.311,43947.87,1.8,542.125,15485.07,5.7,1588.793,41861.97,1.8,1654.15,14947.27,6.8,213.465,19103.76,4.1,211.639,7422.98,1.7,1618.958,27193.55,1.2,1624.717,10681.95,3.4,216.749,18328.53,3.5,201.257,3674.24,8.2,2123.428,39947.51,2.8,2118.221,14021.29,1.7,751.359,51764.57,2.6,884.726,33378.59,5.6,518.902,22870.89,2.7,513.13,11009.36,3.2,20702.484,119914.65,1.1,18732.639,97110.32,1.2,18324.784,507117.03,1.1,19361.526,464915.41,1.9,241.467,12483.09,0.5,238.581,5651.33,1.8,9491.331,473024.44,1,10258.273,240736.34,2.9,3181.559,146882.98,1.3,3411.738,78887.84,0.4,1932172.65,3.2,114.4,691273.72,2,107.1
137  Ba  [ No Gas ] :  Concentration value = 140.80 is over the calibration range137  Ba  [ He ] :  Concentration value = 126.44 is over the calibration range138  Ba  [ He ] :  Concentration value = 135.19 is over the calibration range181  Ta  [ No Gas ] :  CPS RSD value = 5.68 is over the allowed maximum = 5.00,FALSE,175SMPL_20250514_Ac Series 575  to 858_rerun .D,14-05-2025 23:26,Sample,,MCS 700,24435.774,518188.46,3.8,25308.118,2222.41,10.9,1800.165,11877.02,2.7,2016.616,216.88,21.3,7127.07,276643.6,2.2,8030.968,9776.68,1.8,58571.945,3194598.46,0.6,56064.064,227742.42,1,48553.517,2618271.92,1.9,43577.338,267685.65,1.4,7519.497,440021.96,1,7918.532,88957.36,0.4,16273.029,243622.95,1.9,16788.822,59923.97,2.1,16920.991,534635.7,2.7,17988.829,155413.64,1.2,41088.721,500929.38,2.2,38400.577,67380.66,0.8,14749.044,438342.39,1.3,16528.67,21391.98,1.5,135107.209,7860256.73,0.7,118333.403,247178.66,0.4,48759.012,4394008.7,2.2,41553.759,141964.25,0.8,18099.66,1641701.76,1.3,18952.582,125711.01,1.7,7691.22,392345.04,2.2,8190.12,56441.5,2.6,348.575,8374.44,2.7,383.229,2272.48,9.2,<0.000,2452.69,5.9,<0.000,904.27,6.8,<0.000,350.36,24.9,<0.000,46.71,44.6,3730.115,78422.56,1.7,3921.701,11503.36,2.7,140.515,15541.69,2.8,110.104,2175.7,8.8,7105.615,549900.57,3.2,7143.78,42389.48,1.6,537792.567,4618612.58,1,482916.93,518520.44,0.4,516370.214,3741488.37,1.2,28475.779,2364934.78,2.1,29918.14,489097.93,1.2,65510.246,4827761.84,1.9,57875.655,1180220.82,0.7,6604.862,553762.61,2.4,6869.351,121656.7,0.5,25054.415,353162.64,1.4,25953.151,84504.95,2.5,4792.698,58168.38,3.3,5047.775,14132.04,2.5,1062.11,47058.15,2.2,1067.254,12154.72,0.1,4603.121,60653.03,1.2,4467.807,21827.43,3.8,637.788,53436.72,3.7,629.59,17807.15,4.1,3899.025,72945,3.4,4131.425,24725.76,3.4,744.472,58384.16,2.4,778.811,20951.87,3.8,2162.456,54215.21,1.7,2435.069,21038.77,4.9,300.678,24679.15,3.5,303.486,9710.15,1,2105.116,33689.19,1.3,2199.389,13814.83,3.5,273.393,21526.89,3.5,279.935,4698.94,1.7,274.029,5738.02,3.7,299.993,2226.88,4.9,933.142,61121.28,5.7,968.664,35189.93,1.4,577.422,24171.45,0.7,591.04,12058.02,1.1,28767.36,159948.09,2.1,27086.441,134713.72,1.8,25979.143,685463.72,3.1,27413.266,631621.69,2,251.398,12446.38,4.8,235.798,5447.9,4.3,13260.314,631467.62,3.9,14074.786,317877.32,1.9,2198.373,98034.94,3,2376.088,53482.8,1.6,1933779.51,1.7,114.5,697354.15,3.3,108.1
137  Ba  [ No Gas ] :  Concentration value = 196.87 is over the calibration range137  Ba  [ He ] :  Concentration value = 174.06 is over the calibration range138  Ba  [ He ] :  Concentration value = 186.34 is over the calibration range140  Ce  [ He ] :  CPS RSD value = 5.68 is over the allowed maximum = 5.00169  Tm  [ He ] :  CPS RSD value = 6.51 is over the allowed maximum = 5.00207  [Pb]  [ He ] :  CPS RSD value = 5.18 is over the allowed maximum = 5.00,FALSE,176SMPL_20250514_Ac Series 575  to 858_rerun .D,14-05-2025 23:30,Sample,,MCS 701,49888.427,1007887.92,2.1,58652.354,4992.58,2.8,3218.486,20044.7,0.2,2818.588,293.63,7.1,13245.363,471973.77,0.5,14084.658,16413.08,1,114685.478,5966538.85,1.8,107930.602,426250.37,1.7,98465.776,4814686.78,1.1,86877.385,494700.51,0.6,15159.207,824252.25,0.8,15859.754,168386.67,1.4,38474.408,498478.91,1.6,39098.721,122254.84,1.2,36473.702,1073369.73,0.5,38138.26,312091.34,0.2,110778.991,959914.42,1.7,102430.735,128548.4,1.2,26669.93,757370.99,1.7,30580.373,38414.1,0.3,204616.621,11391156.18,0.7,174077.566,353779.22,1.4,49526.011,4284431.11,2.3,41061.679,137724.46,0.3,43997.605,3812381.97,0.7,39376.466,253672.33,1.4,16303.95,764078.24,1.9,17262.978,111139.62,1.2,783.123,13480.48,2.6,775.456,3520.68,1.6,<0.000,3771,2.1,<0.000,1151.2,6.1,<0.000,567.25,16.3,<0.000,93.43,43.3,7823.372,151865.09,2.6,7657.409,21138.53,0.8,319.376,20122.56,1.4,270.184,2746.38,10.6,15892.512,1169709.95,2.7,15898.79,91189,3.1,771680.874,6339724.94,1.5,682282.729,712477.37,0.6,730410.255,5147969.33,0.9,79958.661,6353323.96,4.2,72229.07,1147656.64,0.6,159334.955,11236915.69,2.9,144574.232,2868772.84,5.7,16309.703,1304925.76,3.5,16353.164,280742.91,2.1,60766.837,819376.04,0.9,61705.289,195145.67,2.5,12035.148,139075.58,3.5,11980.575,32487.63,3.8,2035.803,84782.57,0.9,2009.175,21743.89,2.7,11448.517,143671.23,2.7,10721.872,50659.57,0.8,1513.656,117136.08,1.8,1473.479,38741.76,3.1,8846.343,157474.39,1.8,8812.296,51001.61,3.1,1495.021,109590.47,1.9,1566.175,39799.77,3.5,4466.643,106322.52,3.3,4419.66,36817.87,2.8,537.12,39967.18,0.8,548.905,15966.24,6.5,3747.005,57017.44,3.9,3865.133,23365.31,2.2,503.828,35716.94,3,515.791,7867.06,1.7,572.447,10547.89,4.6,590.603,3933.97,3.5,2066.129,126989.53,1.8,2079.213,72089.44,3.2,1116.337,42051.23,0.3,1128.297,21002.46,4.1,42945.669,231616.08,4.9,40564.157,195654.9,5.2,40174.752,1011300.42,0.8,41541.384,928704.72,1,868.943,36548.13,4.5,817.177,15486.52,0.7,30982.811,1410232.74,2.5,32805.647,719638.83,1.7,5440.922,228579.65,4,5803.982,125017.52,2.5,1902322.59,3.9,112.7,696411.28,1.2,107.9
118  Sn  [ He ] :  CPS RSD value = 6.71 is over the allowed maximum = 5.00137  Ba  [ No Gas ] :  Concentration value = 120.19 is over the calibration range137  Ba  [ He ] :  Concentration value = 111.63 is over the calibration range138  Ba  [ He ] :  Concentration value = 107.94 is over the calibration range172  Yb  [ No Gas ] :  CPS RSD value = 5.24 is over the allowed maximum = 5.00205  Tl  [ No Gas ] :  CPS RSD value = 5.64 is over the allowed maximum = 5.00103  Rh ( ISTD )  [ He ] :  CPS RSD value = 5.05 is over the allowed maximum = 5.00,FALSE,177SMPL_20250514_Ac Series 575  to 858_rerun .D,14-05-2025 23:34,Sample,,MCS 702,13629.887,313901.09,1.5,15842.14,1478.24,15.9,888.355,6501.38,5.7,1107.843,126.79,37.3,4211.379,185430.1,0.8,5098.334,6641.63,5.2,56632.377,3325076.33,1,55914.233,238302.6,2.9,26082.379,1633879.71,1.8,27798.182,187296.8,1.5,4822.126,312020.86,1,5239.5,63259.13,2.2,12243.654,205303.22,1.2,13315.657,51353.13,1.8,12293.12,424269.13,2.5,13505.091,123889.9,2.9,15435.731,326895.97,1.9,15193.767,44177.38,0.3,8755.836,281218.16,2.6,13314.45,18087.16,2.1,110182.902,6906735.08,2.1,99158.493,217207.04,1.1,31737.171,3315976.3,1.4,28011.775,108586.13,2.8,16275.544,1590024.56,2.2,17730.13,123224.02,2,6367.123,353126.87,1.4,6929.128,50427.11,1.3,249.493,7342.77,7.3,282.186,1948.77,9,<0.000,2149.01,4.2,<0.000,627.31,9.8,<0.000,266.93,18.5,<0.000,70.07,24.7,3646.599,82253.88,2.2,3828.326,11723.77,6.7,75.06,13811.27,2,18.521,1788.58,4.3,7167.064,596422.92,2.7,7562.729,46959.98,2.4,426137.789,3942612.83,1.6,395812.451,445947.8,1.4,382719.935,2909778.85,1.2,64827.58,5788997.34,2.8,62456.183,1068591.8,1.6,120491.722,9554398.58,0.5,108203.69,2313151.54,2.3,13417.937,1207029.82,1.5,14202.342,262473.34,1,50158.508,760511.19,3.7,53119.403,181038.02,1.9,9586.993,124657.83,2.8,10252.771,29925.36,1.9,1295.87,61236.31,1.7,1293.407,15264.56,2.2,8414.624,118785.01,4.4,8279.806,42119.32,3.5,965.291,84934.81,3,933.653,26858.86,1.9,4557.378,91574.21,0.4,4750.342,29701.52,4.6,669.287,56604.4,2.2,749.558,21119.01,3.7,1874.273,50672.93,2.4,1894.231,17219.16,3.3,211.729,19474.66,0.6,207.312,7332.84,4.4,1554.207,26906.1,5.2,1549.724,10307.94,3.1,186.914,16627.76,2.7,192.929,3570.77,4.8,220.34,5087.74,5.8,231.387,1853.48,8.3,975.508,68538.86,3.7,1010.326,38305.81,1.4,454.747,20965.64,5.6,468.114,10254.57,2.6,22425.203,131174.22,3.4,19865.925,103947.34,3.1,19159.817,546038.89,0.7,20963.674,508499.87,3.1,351.718,17746.35,2.4,346.725,7719.14,4.9,24567.49,1257685.87,4.2,26781.298,632744.91,1.8,3076.004,146375.23,3.5,3378.069,78902.28,2,1933125,1.4,114.5,679435.23,5.1,105.3
9  Be  [ No Gas ] :  CPS RSD value = 7.30 is over the allowed maximum = 5.00137  Ba  [ No Gas ] :  Concentration value = 182.77 is over the calibration range137  Ba  [ He ] :  Concentration value = 142.94 is over the calibration range138  Ba  [ He ] :  Concentration value = 154.64 is over the calibration range140  Ce  [ He ] :  CPS RSD value = 5.37 is over the allowed maximum = 5.00159  Tb  [ No Gas ] :  CPS RSD value = 5.03 is over the allowed maximum = 5.00172  Yb  [ He ] :  CPS RSD value = 6.52 is over the allowed maximum = 5.00103  Rh ( ISTD )  [ No Gas ] :  CPS RSD value = 11.22 is over the allowed maximum = 5.00,FALSE,178SMPL_20250514_Ac Series 575  to 858_rerun .D,14-05-2025 23:38,Sample,,MCS 703,31662.276,575392.19,3.9,30309.724,2586.17,9.3,2170.487,12147.56,7.3,1813.942,190.19,24.1,11102.738,357593.96,1.2,10883.324,12745.46,2.3,87084.231,4056868.86,2.2,71706.752,282826.38,2.4,73110.137,3265279.77,0.5,57303.29,334491.63,2.6,10337.212,510940.51,0.7,9367.457,101400.49,2.7,23540.576,286819.59,1.8,21155.059,70871.7,1.9,19906.073,535589,0.3,18073.344,151816.13,1.3,60608.748,552029.01,1.7,47135.6,74519.06,2.3,21486.159,547012.62,1.1,21780.11,27342.17,0.8,173451.467,8639608.17,1.6,135113.47,274128.24,1.9,52246.349,4006187.97,1.4,39333.858,132790.68,1.7,26785.779,2079154.99,1.2,23444.895,150968.52,2.6,7754.374,340048.26,2,7218.292,48907.84,1.1,585.81,9880.31,1.8,447.948,2439.34,6.2,<0.000,1992.16,11.1,<0.000,667.35,3.1,<0.000,256.93,30.3,<0.000,30.03,88.2,5332.064,94207.04,2,4897.677,13784.53,1,226.742,15651.87,1.7,101.943,2118.97,1.2,9753.087,645457.88,1.1,9046.802,52048.24,2.8,713021.618,5249668.64,1.4,557621.224,581352.68,2,603288.756,4245948.98,3.1,57631.307,4103440.63,1.5,47707.001,756681.58,4.3,120000.291,7579201.09,1.6,93265.525,1846480.55,5.4,11975.216,860813.55,3.4,10966.362,188171.75,2.5,46040.809,555803.41,1.1,41797.037,132022.96,3.5,8739.638,90754.93,3.5,8159.186,22111.42,3.8,1629.12,61004.67,3.1,1446.065,15792.43,0.9,8172.426,91903.16,0.7,7184.719,33959.79,4.6,1109.662,77324.76,5,916.203,24575.28,2.7,6096.418,97454.73,1.2,5717.242,33136.92,1.2,1157.591,76264.62,4.5,1027.821,26501.22,1,3221.074,68921.72,1.4,3027.781,25310.93,0.8,455.65,30691.91,4.6,380.322,11486.82,0.8,3107.132,42377.63,1.9,2833.332,17189.09,6.5,418.883,26976.17,2.8,380.913,5980.78,5.1,282.559,5071.07,1.5,205.241,1596.77,14.9,1577.883,87397.77,3,1453.377,50680.27,1.8,765.391,26662.47,1.2,702.682,13661.31,1,29375.158,158757.99,2.1,26965.143,130321.42,1.2,30136.973,681156.44,2.6,27579.215,617799.25,0.6,404.904,16200.82,2.2,343.109,7192.14,2.4,22437.337,914205.3,3.2,20707.859,453856.07,1.2,3803.335,143691.4,4.6,3489.152,75643.93,3.7,1708873.46,11.2,101.2,691629.29,1.1,107.2
9  Be  [ No Gas ] :  CPS RSD value = 6.17 is over the allowed maximum = 5.0066  Zn  [ No Gas ] :  Concentration value = 327.55 is over the calibration range66  Zn  [ He ] :  Concentration value = 284.97 is over the calibration range95  Mo  [ No Gas ] :  CPS RSD value = 7.70 is over the allowed maximum = 5.00137  Ba  [ No Gas ] :  Concentration value = 183.84 is over the calibration range137  Ba  [ He ] :  Concentration value = 163.66 is over the calibration range138  Ba  [ He ] :  Concentration value = 173.77 is over the calibration range208  Pb  [ No Gas ] :  CPS RSD value = 5.86 is over the allowed maximum = 5.00,FALSE,179SMPL_20250514_Ac Series 575  to 858_rerun .D,14-05-2025 23:42,Sample,,MCS 704,28852.295,643017.56,3.1,31160.029,2923.24,4.5,1539.548,10734.93,6.2,1563.613,180.18,43.4,8676.437,347108.11,0.9,9677.624,12478.26,3,79979.866,4583363.27,1.3,75247.734,326354.64,1.5,63873.546,3514997.92,0.6,58334.915,371628.91,1.2,10487.509,633509.94,1.1,10650.086,125524.28,0.9,20559.072,309914.44,0.9,21940.126,79441.32,1.6,17023.069,564302.39,2.6,17704.625,163019.06,1.7,1169613.737,8974568.96,0.8,1017590.172,1114226.39,1,18153.853,567422.42,2.3,21622.299,29846.72,0.4,172862.831,10585456.52,1.4,149773.191,334145.68,1.2,32297.301,3292287.5,2.6,27005.136,108017.33,3.4,20234.297,1931525.64,1.6,20517.139,145354.88,1.5,9886.013,519557.28,1.9,10106.372,73006.1,3.4,508.912,10731.84,7.7,539.948,2923.26,5.7,<0.000,2209.07,8.1,<0.000,580.6,9.6,<0.000,343.68,30.3,<0.000,60.06,28.9,5424.17,117076.5,4.5,5683.453,17375.81,0.7,311.157,20774.31,4.4,321.2,3050.09,9.8,9059.146,735591.48,3.3,9044.071,57171.43,1.9,656475.463,5932936.7,1.1,584398.306,670032.14,1.1,620501.219,4801638.63,2.6,59628.204,5209453.11,0.8,53276.666,929548.77,2.1,120752.3,9364495.56,2.9,106842.699,2326437.38,2.4,12169.927,1071176.02,1.7,12077.459,227731.97,1.9,46633.716,691460.11,1.3,46903.994,162920.77,1.9,9054.097,115182.89,0.9,8924.755,26581.06,2.8,1319.9,60978.06,1.5,1248.743,15040.73,2.2,8311.315,114779.83,2.1,7410.735,38497.33,3.7,1009.989,86805.82,1,975.376,28544.35,4,5145.503,101009.53,1.2,5224.35,33307.59,4.1,842.179,68951.23,1.3,864.557,24628.98,1,2252.812,59380.18,2.4,2368.077,21841,2.3,290.713,25033.49,1.9,272.161,9366.25,7,1980.277,33371.33,3.8,2040.427,13707.94,2.3,259.78,21496.79,2.2,239.699,4358.47,3.9,339.859,7198.78,5,348.791,2676.96,2.4,1170.218,79933.62,4,1175.932,45259.38,3.6,720.031,30722.7,3,718.847,15181.35,1.1,25630.875,152447.94,0.7,24077.429,128033.26,1.4,23479.489,652689.63,5.9,24331.716,599864.62,0.2,268.763,13737.83,4,265.205,6305.01,2.9,24985.507,1250592.75,2.9,25336.451,610389.51,1.1,3805.979,176605.14,0.9,4106.166,97434.7,2.3,1903897.18,0.6,112.8,696369.94,0.8,107.9
66  Zn  [ No Gas ] :  Concentration value = 351.66 is over the calibration range66  Zn  [ He ] :  Concentration value = 283.33 is over the calibration range137  Ba  [ No Gas ] :  Concentration value = 134.56 is over the calibration range137  Ba  [ He ] :  Concentration value = 111.73 is over the calibration range138  Ba  [ He ] :  Concentration value = 108.64 is over the calibration range138  Ba  [ He ] :  CPS RSD value = 6.92 is over the allowed maximum = 5.00166  Er  [ No Gas ] :  CPS RSD value = 6.49 is over the allowed maximum = 5.00238  U  [ He ] :  CPS RSD value = 6.32 is over the allowed maximum = 5.00103  Rh ( ISTD )  [ No Gas ] :  CPS RSD value = 5.85 is over the allowed maximum = 5.00,FALSE,180SMPL_20250514_Ac Series 575  to 858_rerun .D,14-05-2025 23:46,Sample,,MCS 705,24549.663,480579.03,2.7,24060.515,2082.25,4.6,1715.653,10494.51,4.2,1636.341,173.51,20.3,7183.305,257858.38,1.6,7713.242,9255.78,2.7,59780.886,3010252.86,0.3,52565.508,209852.64,1.2,43192.338,2186215.13,2,41177.118,250799.43,2.2,8248.837,443414.73,2.8,7785.956,86172.83,0.5,16949.607,233914.03,1.4,16646.033,58781,1.4,17859.423,519178.13,4.4,17132.747,146009.08,0.6,1382952.929,9283856.79,0.9,1114232.193,1121616.25,0.6,14837.617,407075.28,0.6,15902.696,20229.07,3.8,134395.461,7211922.35,2.3,109662.987,225098.65,1.5,48571.82,4063789.01,0.5,37353.419,129339.88,1.4,20888.149,1746311.11,2.7,20077.928,130812.83,2.2,8596.011,402008.94,1.2,8504.453,57516.41,4.2,323.42,7526.4,3.7,323.384,2062.23,7.6,<0.000,2325.87,8.4,<0.000,710.74,8.5,<0.000,303.64,16.6,<0.000,73.41,43.8,3925.551,76055.94,1.2,3755.992,10888.86,3.2,231.848,17078.4,2.4,163.914,2385.95,4.6,7231.401,516262.01,1.3,6829.957,39878.91,2.3,529179.066,4193688.7,1.9,439381.202,463704.18,1.8,427265.106,3044140.81,6.9,32952.191,2523139.76,2.4,32291.99,518476.12,2.7,77230.749,5247345.79,2.9,63966.298,1281469.52,1.5,7852.5,607394.06,1.8,7175.606,124830.13,2.2,29281.185,380735.75,2.2,27850.243,89037.88,2.1,5663.368,63445.84,3.5,5375.718,14783.47,0.7,1178.489,48062.9,0.9,1051.867,11797.36,2.7,5269.784,64046.54,1.8,4784.041,22960.62,2,745.537,57183.99,1.8,668.112,18522.22,1.2,4371.598,75485.31,2.5,4192.742,24668.94,2.4,839.57,60493.26,0.9,781.012,20687.79,2.1,2454.783,56741.96,6.5,2348.721,19955.91,3.6,312.83,23662.82,1.8,273.013,8768.56,5.1,2198.68,32478.31,1.4,2108.311,13046.57,3.1,275.695,20089.72,1,261.011,4371.83,6.3,276.771,5364.51,1.1,286.526,2113.52,2.3,981.088,59281.42,3,933.563,33394.87,1,556.569,21721.1,3.8,553.103,11239.82,2.5,27042.41,147933.24,1.5,26467.225,129384.03,1.7,26834.638,653303.64,1.6,26179.456,593441.89,1.1,276.268,12509.8,1.9,252.396,5684.67,4.3,14583.576,640526.82,2.7,13699.611,304161.9,3.9,2414.798,99408.48,4.1,2431.198,53811.48,6.3,1841948.25,5.9,109.1,704974.59,0.8,109.3
66  Zn  [ No Gas ] :  Concentration value = 315.30 is over the calibration range66  Zn  [ He ] :  Concentration value = 279.67 is over the calibration range121  Sb  [ No Gas ] :  CPS RSD value = 6.67 is over the allowed maximum = 5.00137  Ba  [ No Gas ] :  Concentration value = 132.20 is over the calibration range137  Ba  [ No Gas ] :  CPS RSD value = 5.34 is over the allowed maximum = 5.00137  Ba  [ He ] :  Concentration value = 119.19 is over the calibration range138  Ba  [ He ] :  Concentration value = 129.96 is over the calibration range,FALSE,181SMPL_20250514_Ac Series 575  to 858_rerun .D,14-05-2025 23:50,Sample,,MCS 706,21094.671,483536.32,2.6,22898.012,2145.65,3.5,1571.045,11219.14,2.4,1539.291,176.84,17.3,8501.351,349053.42,0.8,9744.459,12508.35,1.9,62073.111,3651709.11,3.1,59987.243,259239.85,1.1,52834.811,3028490.37,0.5,48388.898,311368.93,0.7,6957.429,439698.64,1.4,7197.261,86172.96,2.3,15764.692,253172.55,0.8,16557.313,62270.12,0.8,12684.776,438081.3,0.8,13061.408,121855.33,0.6,1120923.919,8824826.3,1.2,994283.178,1084681.48,0.4,15818.309,507151.07,1.6,19242.596,26466.23,1.5,106371.618,6684747.68,0.7,93333.152,207602.87,1.7,48686.329,4678501.53,1,41140.277,147642.88,0.8,20197.738,1976487.27,0.7,21197.933,149545.56,1.8,6604.75,366134.04,1.3,6939.265,51260.31,2.7,524.799,11206.02,2.5,580.25,3050.08,2.3,<0.000,3013.37,2.8,<0.000,870.91,9,<0.000,403.75,16.1,<0.000,53.39,39,3863.823,87083.55,3.1,4218.176,13049.71,2.9,192.781,17552.9,6.7,162.146,2392.62,1.3,6765.145,564973.16,2.5,7233.388,45647.39,2.1,469982.076,4358774.09,5.3,423736.874,484353.51,1.5,462014.017,3563701.52,1.6,56447.419,5055533.98,3.3,53591.482,930993.94,1.4,114933.908,9138409.05,3,103118.522,2236176.18,0.7,11547.13,1042045.54,1,12249.898,230023.01,0.9,43888.138,667174.75,4.8,45672.104,157977.31,2,8201.144,107007.04,2,8608.202,25534.68,4.5,1333.062,63107.28,4.8,1346.533,16096.43,1.6,7563.254,107127.08,0.5,7695.52,39802.8,2.7,1009.754,88955.76,3.1,980.924,28567.73,2.1,5397.43,108565.75,2.2,5746.374,36449.52,4.4,929.576,77711.6,3.3,977.34,27547.83,0.2,2589.671,69820.49,1.4,2872.2,26287.3,2,341.888,29614.73,3.2,356.57,11754.02,4.3,2480.928,42695.62,0.7,2594.982,17252.58,0.9,321.117,26528.17,1.6,321.172,5573.5,6.9,222.783,5151.1,8.3,224.751,1843.47,4.1,980.843,69062.61,0.8,1006.907,38773.9,1.6,466.106,21483.72,2,502.918,11062.78,1.9,27708.522,163953.14,0.8,26180.354,138472.81,2.7,25035.913,712880.88,1.8,26493.584,649684.97,2.3,284.756,14792.39,2,286.563,6681.86,2.5,23297.987,1195523.91,1.1,24719.79,593084.14,2.6,3400.892,162036.71,1.9,3789.406,89656.09,2.2,1943165.72,0.5,115.1,690405.67,0.5,107
45  Sc  [ He ] :  CPS RSD value = 6.38 is over the allowed maximum = 5.0089  Y  [ He ] :  CPS RSD value = 5.25 is over the allowed maximum = 5.00118  Sn  [ No Gas ] :  CPS RSD value = 5.50 is over the allowed maximum = 5.00121  Sb  [ No Gas ] :  CPS RSD value = 6.46 is over the allowed maximum = 5.00133  Cs  [ He ] :  CPS RSD value = 5.16 is over the allowed maximum = 5.00137  Ba  [ No Gas ] :  Concentration value = 100.77 is over the calibration range137  Ba  [ No Gas ] :  CPS RSD value = 11.19 is over the allowed maximum = 5.00137  Ba  [ He ] :  Concentration value = 111.77 is over the calibration range138  Ba  [ He ] :  Concentration value = 107.12 is over the calibration range163  Dy  [ He ] :  CPS RSD value = 7.34 is over the allowed maximum = 5.00166  Er  [ He ] :  CPS RSD value = 6.66 is over the allowed maximum = 5.00103  Rh ( ISTD )  [ He ] :  CPS RSD value = 19.58 is over the allowed maximum = 5.00,FALSE,182SMPL_20250514_Ac Series 575  to 858_rerun .D,14-05-2025 23:55,Sample,,MCS 707,16967.793,375681.2,2.9,19616.591,1564.99,5.3,1667.881,11449.55,3.9,1781.823,170.17,15.6,7150.162,287508.9,0.6,9887.392,10701.66,6.4,54014.07,3063105.61,1.5,58320.834,213395.21,2,39889.147,2278079.55,0.2,50190.858,273470.81,2,6819.129,416351.64,1.5,7963.601,80502.67,1.2,12438.786,202235.91,2.7,15552.632,50315.4,4.1,8902.752,305173.38,3.4,10515.693,84495.78,4,61627.23,665332.1,3.3,70210.374,88297.03,4.4,13464.187,416066.69,1.2,18907.224,22033.75,1.7,83325.59,5044822.02,3.1,82999.001,156443.79,3.7,56672.339,5145618.65,1.7,57203.975,164770,2.1,23545.597,2217110.14,2.6,28300.344,168320.72,5.3,5587.785,303972.55,0.6,6887.412,43315.23,2.6,567.045,11499.91,3.1,691.783,2956.63,4.2,<0.000,2592.87,4.1,<0.000,874.24,4.8,<0.000,483.83,24.7,<0.000,100.1,17.3,3141.352,69389.16,5.5,3732.04,9890.36,2.7,98.912,14506.07,6.5,117.929,1925.41,8.1,4923.887,398008.28,2,5817.389,31149.13,5.2,371894.295,3324963.2,11.2,412471.339,399182.02,2.2,395318.582,2592582.54,3.5,56094.186,4837089.81,2.7,59954.445,882098.54,2,114925.244,8796008.11,1.9,117157.344,2155175.44,0.5,11673.466,1014064.51,2.5,13883.502,221298.51,0.9,43608.763,637935.5,2.3,52150.345,152938.42,0.9,8353.046,104928.47,1.4,9988.512,25033.17,3.6,1330.547,60716.74,2.6,1549.013,15665.47,1.2,7949.645,108345.61,2.2,8973.351,39247.1,4.4,1052.947,89261.15,1.3,1160.496,28490.82,1.4,5693.128,110231.98,1.3,6871.838,36677.24,7.3,1043.543,83739.94,2.2,1233.979,29276.74,0.5,2956.492,76634.13,1.2,3592.455,27614.88,6.7,412.39,33876.41,2.7,492.131,13270.35,4.2,2970.138,49095.63,4.2,3455.117,19341.08,2.4,398.578,31116.72,1.2,476.967,6758.62,1.3,193.927,4464.15,2.5,226.507,1583.45,6.2,906.916,61726.82,0.2,1113.551,36363.31,1,390.404,17924.41,1.6,464.573,8738.58,8.1,30029.609,150556.74,2.5,28034.214,125227.87,4.5,23605.031,647650.23,2,28716.901,595684.47,3.1,213.24,11218.53,1,257.078,5217.8,3,22166.785,1095172.08,0.7,26946.925,547255.67,2.2,3581.334,164184.68,1.3,4388.51,87654.06,3.5,1942060.03,2,115,625086.44,19.6,96.9
7  Li  [ He ] :  CPS RSD value = 5.46 is over the allowed maximum = 5.00139  La  [ He ] :  CPS RSD value = 8.47 is over the allowed maximum = 5.00178  Hf  [ No Gas ] :  CPS RSD value = 8.49 is over the allowed maximum = 5.00205  Tl  [ He ] :  CPS RSD value = 9.32 is over the allowed maximum = 5.00209  Bi  [ He ] :  CPS RSD value = 8.87 is over the allowed maximum = 5.00,FALSE,183_QC1_20250514_Ac Series 575  to 858_rerun .D,14-05-2025 23:59,QC1,,QC MES 50 ppb,47.825,3796572.41,3.9,46.331,15110.11,5.5,43.473,1049076.29,2.1,46.336,18303.8,0.6,39.856,5336187.24,0.6,38.455,168308.98,0.7,44.398,9119003.6,1.4,42.499,644429.83,0.8,44.8,8436813.5,1,40.827,871225,0.4,45.051,9402939.83,1,41.558,1646499.31,1.3,38.502,1851460.06,2,40.616,455698.49,0.9,44.962,5122229.64,1.2,41.757,1286643.65,0.9,37.228,1209906,1.6,36.886,166147.79,0.6,46.431,5192372.59,1.3,42.759,205760.99,1.8,48.876,10757736.92,1.9,42.591,332526.57,1.6,44.189,13141225,1.5,39.731,427764.95,3.5,49.224,16840087.21,1.8,43.342,1070808.6,1.3,46.269,8252809.67,1.7,44.221,1054939.7,1.7,42.585,2084507.43,1.8,44.449,559783.83,0.5,49.543,5187154.67,4,44.709,1689359.99,1.8,44.894,1071788.85,2.8,46.138,238961.11,2.7,51.037,3780872.76,1.2,45.967,469390.41,1.7,50.271,5509700.75,1.7,46.476,655705.46,3,49.729,14376491.52,1.1,45.428,995309.58,2.4,49.164,1608057.33,1.5,50.266,203256.99,1.9,47.703,1300731.28,2.6,49.939,15666168.7,0.3,50.999,3113882.12,8.5,51.096,14237500.03,1.6,49.899,3800284.25,3.4,50.387,15882045.83,2.3,50.784,3338802.04,1.7,46.068,2452446.78,1.4,47.828,580719.93,1.8,45.266,2060937.4,2.5,47.384,491510.51,2.4,52.069,8375436.91,2.1,48.009,1937719.86,0.9,46.382,2290679.8,2.9,49.955,902295.37,0.8,52.594,15614949.15,3,53.744,5228098.73,1.8,51.85,3625737.31,1.3,49.187,1087136.75,1.6,52.867,14904333.11,1.9,54.896,5182776.54,2.9,52.473,4888121.15,3.9,49.911,1578376.3,2.1,53.928,14635776.22,1.2,54.814,5560746.17,1.5,47.328,2811947.06,3.9,52.232,1192217.25,3.2,54.132,13929798.16,3,47.309,2525122.89,4.1,53.727,3583769.01,8.5,52,1209537.17,0.6,51.632,12302885.65,4.3,53.576,7010791.14,1.5,55.654,7683957.31,2.2,53.276,3507600.73,9.3,52.633,1083792.36,1.7,52.253,960889.22,1.1,55.156,5448903.29,3.9,51.15,4364440,2.3,56.588,8914361.12,1.2,55.782,3744891.4,8.9,55.813,10016108.21,2.6,58.725,4940995.38,3.2,55.744,9161800.15,0.5,62.337,5090281.44,2.9,1916398.38,2.1,113.5,682694.8,1.8,105.8
118  Sn  [ He ] :  CPS RSD value = 6.13 is over the allowed maximum = 5.00137  Ba  [ No Gas ] :  Concentration value = 175.31 is over the calibration range137  Ba  [ He ] :  Concentration value = 147.40 is over the calibration range138  Ba  [ He ] :  Concentration value = 162.04 is over the calibration range140  Ce  [ He ] :  CPS RSD value = 9.64 is over the allowed maximum = 5.00,FALSE,184SMPL_20250514_Ac Series 575  to 858_rerun .D,15-05-2025 00:03,Sample,,MCS 708,24074.793,507892.74,4,25269.403,2262.45,1.2,2038.725,13323.13,2.8,2108.184,230.23,8.7,8965.882,339370.16,0.9,9707.705,11933.92,3.7,79246.434,4293294.45,2,73623.429,304020.65,2.5,69311.221,3595502.39,2.3,61082.578,370541.6,0.7,10913.64,623514.15,2,10890.342,122335.51,2.5,21410.444,305294.94,2.5,22053.249,76488.14,2.7,19314.857,603131.58,2.4,19857.274,173513.83,2,71663.201,711881.05,2.8,64629.658,94700.22,2.4,17526.257,518164.74,2.9,21931.969,28823.49,2.1,173951.112,10069090.78,1.5,149461.812,317436.06,0.8,68583.246,5818965.65,0.8,57123.681,186284.19,2.4,23198.005,2091756.19,1.9,23664.491,159543.53,3.1,5403.632,283214.31,2.8,5522.671,40091.57,3.9,490.711,10094.06,2.4,411.699,2392.62,4.3,28.211,4852.44,1.8,15.141,1745.2,2.7,<0.000,500.51,22.7,<0.000,80.08,12.5,4902.316,100712.51,3.4,4892.663,14389.13,6.1,231.65,17907.09,1.1,168.216,2405.98,8.2,7389.774,568616.18,0.9,7232.793,43664.9,0.3,658895.539,5628345.02,1.5,554017.731,604831.16,1.4,609023.745,4487251.22,1,79203.206,6534162.51,3.6,70639.052,1172734.25,2.4,163743.415,12002212.66,1.8,142276.212,2948939.67,9.6,15932.173,1323986.75,2.1,15989.824,286767.78,0.8,61498.202,861637.79,2.2,60529.793,200058.37,0.4,11402.107,137002.03,1,11213.371,31768.51,2.8,1763.864,76491.29,3.2,1694.495,19240.61,3.3,10099.408,131736.13,0.9,9512.717,46988.09,1.4,1306.26,105335.1,4.6,1186.594,32822.58,3.8,6013.409,111502.42,2,6285.195,38102.57,2.4,1004.492,77311.97,3.3,992.083,26782.2,0.4,2613.693,65010.15,0.7,2655.668,23288.4,2,311.47,25280.89,3.2,284.149,9319.49,3.1,2103.68,33495.3,2.1,2114.806,13530.94,4.4,265.834,20865.1,3.8,256.225,4425.23,9.1,272.658,5667.98,6.8,235.083,1846.81,4.1,1357.339,87329.87,4,1458.339,53193.91,3.5,857.391,34198.79,4.6,837.066,16651.39,3.9,22048.899,125177.97,1.4,20759.228,105400.97,0.8,20368.854,536296.78,4,21027.861,494814.51,1,340.779,16057.26,1.7,326.542,7182.14,5.7,31805.91,1503326.56,2.3,32262.023,739528.8,2.6,4471.137,195885.78,3,4790.969,108039.21,2.8,1894895.06,3,112.2,697685.73,0.3,108.1
137  Ba  [ No Gas ] :  Concentration value = 130.66 is over the calibration range137  Ba  [ He ] :  Concentration value = 117.80 is over the calibration range138  Ba  [ He ] :  Concentration value = 121.89 is over the calibration range138  Ba  [ He ] :  CPS RSD value = 7.47 is over the allowed maximum = 5.00153  Eu  [ He ] :  CPS RSD value = 8.78 is over the allowed maximum = 5.00,FALSE,185SMPL_20250514_Ac Series 575  to 858_rerun .D,15-05-2025 00:07,Sample,,MCS 709,23006.984,472183.97,2.7,25417.908,2132.3,12,1759.163,11225.8,3.8,1358.079,140.14,25.8,6436.082,244276.36,0.2,7729.825,8978.66,4.3,51988.489,2744779.68,0.8,50253.821,194469.52,0.6,35889.368,1945834.17,1,38041.052,226027.74,0.6,7860.531,443709.45,2.8,8289.539,88473.28,0.8,13985.666,208582.89,0.9,15051.973,52311.09,1.8,13518.383,418538.41,1.8,14326.061,119478.05,0.9,50227.726,549416.87,1.4,50226.886,75606.36,2,14160.056,407054.22,0.9,16868.352,20780.42,2.7,123726.406,6961689.62,1.1,112085.531,222997.37,1.2,58230.019,4934415.26,1.6,50442.399,158044,2.4,16385.227,1437485.51,1.1,17687.163,111782.24,2.8,4856.924,251154.47,2.1,5034.488,34669.28,1.1,278.44,7249.29,3.4,261.933,1781.91,9,<0.000,2966.65,5.8,<0.000,1044.42,12.8,<0.000,393.74,19.7,<0.000,96.76,21.5,3396.238,69593.65,0.7,3561.581,10030.64,3.6,123.621,14656.36,2.1,117.947,2112.29,4.5,5715.962,429026.03,2.1,5933.033,33634.52,0.9,503095.309,4179986.77,1,453582.935,463932.23,1,469329.463,3237890.6,7.5,44281.143,3553396.11,0.8,41243.364,641367.68,1.6,91764.78,6537275.42,0.9,81709.96,1585787.82,0.8,9034.067,730970.77,1.9,9420.937,158571.28,2.9,33686.41,458905.04,1.1,35776.671,110783.19,2,6523.584,76395.97,2.3,6949.325,18481.96,3.2,1219.24,51948.67,3.1,1189.916,12839.43,8.8,5928.692,75423.8,1.7,5845.555,27133.06,2.7,753.909,60469.27,2.9,700.057,18712.69,4.9,3948.51,71444.41,0.2,4184.529,23856.66,3,696.224,52988.21,1.6,732.341,18859.81,2.1,2054.369,49852.31,2.6,2143.036,17680.16,0.8,277.088,22282.18,2.3,269.716,8384.56,2.7,2024.227,31350.8,4.6,2205.694,13203.6,3.1,270.339,20644.44,2.8,262.634,4244.98,3.5,178.281,3927.3,2.3,170.686,1356.75,13.3,881.785,55946.08,3.6,924.383,32031.63,2.7,575.853,23359.02,1.3,611.391,11840.9,3.7,28146.114,149111.23,1.1,26317.412,124661.72,0.9,24759.268,631483.18,4.8,27375.23,600975.27,0.5,197.101,9887.39,4.5,205.917,4690.92,4.1,16437.902,755682.79,3.8,18225.92,391713.63,1.4,2703.608,116076.86,1.2,2888.032,61605.97,1.4,1888506.01,5,111.9,669052.25,1,103.7
133  Cs  [ He ] :  CPS RSD value = 5.55 is over the allowed maximum = 5.00137  Ba  [ No Gas ] :  Concentration value = 112.35 is over the calibration range153  Eu  [ He ] :  CPS RSD value = 5.42 is over the allowed maximum = 5.00163  Dy  [ He ] :  CPS RSD value = 5.85 is over the allowed maximum = 5.00166  Er  [ He ] :  CPS RSD value = 7.52 is over the allowed maximum = 5.00,FALSE,186SMPL_20250514_Ac Series 575  to 858_rerun .D,15-05-2025 00:11,Sample,,MCS 710,20531.369,422809.78,2.2,21470.717,1841.97,6.8,1544.054,9930.21,2.5,1984.377,206.87,30.7,6189.264,236471.14,0.8,7189.57,8571.32,5.1,52164.966,2758034.39,1,49093.003,194067.18,0.4,37900.11,2044935.3,3.3,40032.628,241902.16,0.6,7802.78,441673.33,0.7,7878.165,86216.93,1.2,15840.524,231592.17,1.3,16981.069,59032.6,3.7,14801.564,456694.65,0.1,15141.963,128662.14,2.5,178252.31,1434943.23,1.2,170810.15,194593.37,1.3,12909.633,371889.47,0.7,14737.491,18568.25,2,124939.431,7040269.66,0.5,107647.682,218800.92,2.2,48927.947,4282344.44,1.1,43144.923,142852.01,1.2,18525.795,1626906.23,1.1,18539.989,119665.97,1.9,8193.133,403291.82,1.7,8701.438,58101.93,1,735.464,13022.88,3.4,699.622,3260.35,6.4,<0.000,3517.33,8.4,<0.000,1111.16,11.3,26.065,734.09,12.9,<0.000,156.82,29.5,3302.486,67950.07,1.1,3398.561,9816.91,5.8,221.041,17536.18,2.6,172.557,2379.28,1.8,5904.664,443669.06,0.5,6188.311,35779.17,5.5,438203.012,3647001.28,1.4,375929.802,392966.89,1.6,372456.934,2627545.21,2.1,31467.809,2530098.54,2.1,32500.946,516513.48,2.5,76909.585,5486880.02,3.6,66534.7,1319013.78,1.1,7607.181,617131.08,3.9,7516.616,129388.1,2.8,29058.18,396496.1,3.4,29898.385,94589.86,1.4,5593.712,65655.81,0.2,5838.209,15885.92,3.4,1149.396,49208.46,2.9,1090.594,12067.88,5.4,5446.454,69396.95,2.4,5190.445,24638.86,2.3,743.795,59865.7,4.5,717.079,19561.48,1.8,4461.884,80719.6,1.9,4631.446,26939.43,5.8,773.57,58689.14,2.9,790.096,20677.71,4,2302.282,55860.35,1.9,2389.184,20086.3,7.5,303.632,24174.22,1.2,302.092,9429.69,3.5,2115.034,32785.96,1.3,2249.007,13751.39,3,291.756,22115.13,3.9,287.849,4688.92,5.8,287.808,5808.07,11.2,315.805,2263.54,7.3,869.215,55337.14,1.5,892.517,31647.03,4.7,513.176,21202.98,2.4,548.699,11039.39,2.2,28642.786,154946.62,2.5,27442.891,132710.87,0.2,26490.673,676793.49,0.3,27659.712,620188.65,0.7,268.542,12786.73,4.2,254.286,5651.33,1.6,16202.827,746660.59,0.1,17188.705,377382.12,2.8,2581.292,111093.3,1,2899.039,63206.25,4.6,1911871.1,0.1,113.2,692426.57,2.7,107.3
137  Ba  [ No Gas ] :  Concentration value = 312.81 is over the calibration range137  Ba  [ He ] :  Concentration value = 273.91 is over the calibration range138  Ba  [ He ] :  Concentration value = 294.60 is over the calibration range175  Lu  [ No Gas ] :  CPS RSD value = 6.72 is over the allowed maximum = 5.00205  Tl  [ He ] :  CPS RSD value = 6.10 is over the allowed maximum = 5.00209  Bi  [ No Gas ] :  CPS RSD value = 5.79 is over the allowed maximum = 5.00,FALSE,187_QC2_20250514_Ac Series 575  to 858_rerun .D,15-05-2025 00:15,QC2,,SJS-Std,43830.682,946039.04,3.3,50147.306,4478.55,2.3,1323.574,9032.01,4.2,1665.756,183.52,15.7,7855.297,308235.97,0.7,8890.208,10985.49,2.8,102658.878,5709552.27,0.6,96949.406,401399.26,1.5,108594.103,5623968.35,2.1,99172.135,586144.21,1.7,9940.411,585272.6,1,10581.037,119244.36,1,64146.377,856441.13,1.7,67860.478,213445.53,2,27331.244,864670.43,1.1,28672.823,247488.97,0.6,81000.685,794169.88,1.2,78927.576,108754.16,2.5,13494.493,410504.32,1.8,14320.033,18922.47,3.1,94966.1,5659011.73,0.4,82826.325,176769.88,0.9,244977.95,19296764.3,1.5,217433.365,623605.5,2.6,13690.724,1272143.47,2.3,14230.62,96489.75,1.5,61462.086,2983341.62,2.2,57040.279,374082.74,2.4,2832.736,41209.35,3.7,3086.197,11546.68,3.8,201.744,9780.16,3.4,126.139,2846.5,7.4,407.848,3200.28,3.9,287.33,560.57,14.2,1292.939,31239.17,3.9,1221.612,4204.92,8.3,1281.435,49126.12,3.3,1287.887,6661.73,3.2,4694.625,373827.04,3.3,4775.305,29105.65,0.6,1142001.573,10018106.67,2.7,999986.247,1093486.04,2.3,1075515.308,7938644.08,1.7,18319.736,1558532.54,2.1,19383.401,323817.93,2.3,37309.074,2816611.51,2.7,37270.069,776183.92,3,4325.054,372243.12,1,4382.554,79547.41,2.2,16806.43,242675.98,2.1,16984.159,56482.37,2.5,3307.889,41234.99,2.7,3367.212,9666.74,6.6,930.5,42363.27,2.8,831.843,9786.94,3.5,3312.543,44824.9,1.8,3308.883,16564.18,1.9,438.592,38530.82,2.4,432.733,12886.21,1.8,2771.248,53296.39,1.7,2906.72,17850.6,1.9,540.93,44088.44,2,546.909,15368.2,3.9,1634.992,42169.77,1.2,1732.933,15388.24,0.5,211.657,18589.1,2.4,205.752,7139.21,5.2,1628.71,26798.89,3.5,1707.918,11029.28,2.3,219.762,18158.21,6.7,214.953,3821.1,11.3,2075.369,38282.52,2.4,2217.152,14415.05,3.2,785.176,52899.38,3.4,882.155,32760.1,2.5,514.022,22229.25,1.5,537.167,11259.86,6.1,21101.2,120215.42,3.2,19627.582,100028.13,2.6,18454.501,500191.13,2.6,19894.626,469844.49,0.8,243.493,12312.9,5.8,235.208,5501.26,4.1,9669.474,471756.95,4.2,10290.25,237573.09,2.4,3171.645,143453.33,1.6,3465.783,78841.44,3.5,1891388.32,1.1,112,679977.06,1.5,105.4
137  Ba  [ No Gas ] :  Concentration value = 175.40 is over the calibration range137  Ba  [ He ] :  Concentration value = 157.11 is over the calibration range138  Ba  [ He ] :  Concentration value = 161.74 is over the calibration range,FALSE,188SMPL_20250514_Ac Series 575  to 858_rerun .D,15-05-2025 00:19,Sample,,MCS 711,34160.55,701405.31,2.7,37847.936,3216.94,6.1,1796.121,11516.34,1.2,1654.429,173.51,17.6,9983.086,366695.85,0.9,11370.563,13269.83,4.1,86480.552,4568147.43,1.7,80631.093,317385.26,2.6,71254.873,3607529.31,1.3,65168.207,375941.27,1.4,13410.349,742034.2,1.7,13602.071,144554.01,2,25304.803,346151.48,1.5,27388.56,88409.36,0.9,28105.032,844540.82,1.1,28975.326,238059.7,0.7,85577.046,796976.67,1.1,83157.913,109039.73,2.7,20039.531,577359.59,2,22303.04,27954.07,2.1,175279.344,9897981.12,2.3,155866.165,315545.51,3.2,38350.142,3529720.15,3.5,30800.243,110261.23,2.4,21094.166,1856864.26,3.6,21684.091,139373.97,4.4,6935.527,346833.82,2.2,7461.557,50299.71,2.5,616.053,11536.68,1,598.851,2919.92,1.8,<0.000,2639.59,1,<0.000,860.89,12.9,<0.000,400.41,19.8,<0.000,70.07,37.8,5793.799,115385.53,0.6,5873.217,16330.06,2.4,193.039,16720.98,2.2,106.469,2118.97,4.4,10478.757,784207.73,3.5,10303.965,59085.69,0.7,679417.241,5662342.56,4.8,608557.415,633326.11,0.7,626486.502,4400726.67,0.6,54919.443,4424942.76,2.2,50332.714,797102.45,1.5,116584.788,8335799.77,2.4,99268.375,1962564.44,1.6,11599.681,941756.76,0.5,11308.561,193699.07,1.7,43004.564,587953.38,2.1,44278.603,139586.34,2.4,8190.807,96170.25,1.6,8451.773,22870.17,1.8,1367.085,58323.09,1.6,1321.87,14462.8,1.8,7719.176,98367.59,0.8,7350.253,34679.14,1.5,962.472,76682.76,2.1,932.528,24936.42,2,5268.791,95394.62,1.7,5442.479,31521.15,3.6,906.754,68464.76,1.3,904.464,23425.35,2.9,2576.759,62551.32,3.7,2591.376,21690.55,0.9,329.239,26003.15,1,334.735,10257.81,1.5,2370.326,36757.72,2.7,2470.89,15020.78,3.3,320.666,24064.13,1.6,320.086,5122.85,1.4,257.339,5297.81,2.4,227.068,1723.46,1.7,1419.423,89112.77,1.8,1480.682,51486.84,4.5,799.199,31368.21,1.3,833.43,15866.24,3.7,32437.912,174762.81,1.5,29604.02,142665.72,0.9,27870.2,713537.84,1.9,30216.892,675045.5,0.4,497.191,22049.98,2.4,490.211,9730.59,3,23219.477,1071861.63,0.7,24313.184,531807.47,1.8,4007.014,171449.6,3,4468.312,96217.09,3.1,1904260.15,1.5,112.8,685706.46,1.8,106.3
137  Ba  [ No Gas ] :  Concentration value = 120.36 is over the calibration range137  Ba  [ He ] :  Concentration value = 108.16 is over the calibration range138  Ba  [ He ] :  Concentration value = 104.50 is over the calibration range140  Ce  [ No Gas ] :  CPS RSD value = 5.44 is over the allowed maximum = 5.00153  Eu  [ He ] :  CPS RSD value = 7.70 is over the allowed maximum = 5.00163  Dy  [ He ] :  CPS RSD value = 6.38 is over the allowed maximum = 5.00209  Bi  [ No Gas ] :  CPS RSD value = 5.71 is over the allowed maximum = 5.00,FALSE,189SMPL_20250514_Ac Series 575  to 858_rerun .D,15-05-2025 00:23,Sample,,MCS 712,28379.979,585538.42,3.3,30901.377,2579.5,8.1,1757.579,11326.04,4.4,1923.599,196.86,19.3,7762.699,292066.28,1.4,9456.728,10875.28,1.9,68384.278,3631245.42,1.6,65271.61,251616.91,1.8,56491.566,2930480.38,2.2,53425.426,306685.29,0.8,8258.751,469186.92,2.6,8662.414,92061,1.9,22079.791,308799.04,1.7,24199.773,77783.91,3.5,20762.433,633767.5,3.2,22040.09,179230.68,3.1,67999.676,680559.73,1.4,68609.818,93359.28,1.5,16174.976,468311.66,2.3,19056.575,23387.4,4.7,126056.441,7148643.87,1.1,112483.865,223179.28,2.4,45019.219,4032163.42,1.3,39046.26,129221.47,1.1,21355.131,1886652.54,2.4,22415.722,141097.85,0.9,12818.876,617610.96,0.8,13759.577,87263.28,2,635.447,11877.3,4.6,603.401,2886.55,4.7,<0.000,3176.92,7.6,<0.000,964.34,8.6,<0.000,373.72,12.4,<0.000,76.74,27.2,4133.582,84218.04,2.4,4319.367,11984.26,4.8,197.582,17058.4,4.6,140.112,2219.09,8.4,8411.87,632925.82,1.6,8677.235,48798.52,2.6,472415.978,3955887.88,1.7,424527.685,433043.61,2,410160.158,2823907.14,3,44527.484,3599617.54,2.1,41225.987,639293.52,0.6,91044.515,6538879.93,5.4,81246.211,1571904.46,3,9257.212,754662.37,3.1,9901.375,166107.31,1.5,35094.436,481845.99,2.8,36912.104,113927.71,3.4,6790.439,80068.98,2.3,7352.094,19487.88,0.7,1347.803,57749.53,1.3,1284.321,13771.33,7.7,6332.242,81084.57,2.7,6511.339,30102.76,2.3,892.105,71611.94,2.1,872.257,22930.64,4.6,5074.119,92246.89,1.6,5442.786,30855.6,6.4,938.898,71072.05,0.9,999.37,25214.06,4.1,2717.171,66164.19,0.9,2918.521,23859.95,2,366.206,28718.39,0.5,367.357,10899.01,1.8,2623.082,40753.9,2.5,2742.368,16280.31,1.9,329.395,24766.2,2.8,333.489,5206.31,3.8,463.224,8859.86,5.2,487.014,3223.76,7.1,1071.911,68133.03,1.7,1171.513,40175.01,1.5,614.586,24967.21,3.3,648.464,12455.5,2.6,31415.171,165750.31,2,28993.559,136804.69,0.4,27803.078,714364.94,1.3,30022.783,656517.29,1.8,409.367,18597.54,5.7,428.193,8482.97,0.5,18506.199,857407.91,4.1,19467.437,417095.93,0.5,3407.251,146776.78,1.9,3866.606,81749.43,2.9,1936409.8,1.8,114.7,680034.41,1.4,105.4
71  Ga  [ He ] :  CPS RSD value = 5.62 is over the allowed maximum = 5.00118  Sn  [ He ] :  CPS RSD value = 5.17 is over the allowed maximum = 5.00137  Ba  [ No Gas ] :  Concentration value = 128.49 is over the calibration range137  Ba  [ He ] :  Concentration value = 113.87 is over the calibration range138  Ba  [ He ] :  Concentration value = 119.54 is over the calibration range138  Ba  [ He ] :  CPS RSD value = 7.66 is over the allowed maximum = 5.00163  Dy  [ He ] :  CPS RSD value = 5.17 is over the allowed maximum = 5.00181  Ta  [ He ] :  CPS RSD value = 5.65 is over the allowed maximum = 5.00232  Th  [ No Gas ] :  CPS RSD value = 6.37 is over the allowed maximum = 5.00,FALSE,190SMPL_20250514_Ac Series 575  to 858_rerun .D,15-05-2025 00:27,Sample,,MCS 713,22218.034,491720.67,2.1,24333.842,2175.69,3.2,1817.48,12481.49,4.3,1955.129,213.55,11.8,7166.684,288998.97,0.9,8142.459,10053.82,0.7,51455.997,2927957.45,1.1,50034.951,206578.67,0.6,39231.432,2252287.61,2.7,41435.725,259119.62,0.6,8439.314,510423.51,2.9,8899.565,100734.98,1.2,16300.006,252917.8,2.6,17259.239,61911.66,1,17408.57,571446.89,0.2,18499.407,161809.31,1.9,58112.888,641212.01,1.5,57048.444,86358.59,1.6,13296.612,412153.99,1.8,16094.192,21144.74,5.6,140723.77,8533524.38,1.3,125856.54,267101.76,1.3,48681.775,4545989.54,1.6,41719.951,143594.07,1.4,32309.221,3049297.53,0.6,29602.227,199202.16,2.2,8585.274,451592.75,1.1,9141.152,63302.46,1.4,408.76,9396.15,5.9,412.908,2375.94,3.6,<0.000,3827.74,10.9,<0.000,1254.66,6.5,<0.000,497.18,12.8,<0.000,116.78,9.9,3670.131,80319.82,2.7,4013.516,11927.5,5.2,168.269,16627.45,4,169.184,2369.26,11,6631.552,535076.61,2.1,7014.161,42305.64,1.3,473788.123,4243185.07,0.7,419872.22,458365.62,1.1,440788.042,3243526.66,7.7,48426.474,4188519.05,1.5,46785.294,776260.74,2.1,101112.181,7763308.53,1.2,89497.526,1852588.79,2.6,10020.264,873699.8,1.5,10609.433,190347.3,4,38837.069,570244.28,1.3,40150.091,132565.58,2.7,7425.418,93605.18,3,7891.257,22355.45,4.6,1458.182,66554.67,1.1,1455.351,16574.16,3.2,7146.678,97785.9,2.8,7407.217,36616.58,4.2,993.636,84705.66,2.4,961.636,26812.08,2.7,6191.904,120152.75,2.1,6597.328,39936.87,5.2,1188.599,95268.99,3.1,1242.343,33130.44,2.9,3625.214,94015.28,0.3,4076.908,35449.09,1.6,493.05,40010.79,2.7,501.903,15274.67,4.3,3498.84,57895.48,2.8,3837.037,24177.69,4.4,476.583,36744.42,1.4,491.888,7820.3,4.5,297.263,6374.99,3.6,312.623,2326.89,5,873.83,59750.62,1.6,907.139,33538.84,5.6,588.233,25495.49,3.5,586.222,12111.48,1.3,39383.049,221894.93,3.5,36637.112,184348.25,2.5,34648.888,950159.43,2.6,37850.749,883606.48,1.8,279.043,14104.91,3,250.886,5768.05,4.8,24460.635,1212441.95,6.4,27292.853,625153.19,1.2,3183.914,146735.34,1.2,3531.888,79928.5,1.5,1946178.06,0.9,115.3,683837.77,2.2,106
137  Ba  [ No Gas ] :  Concentration value = 186.66 is over the calibration range137  Ba  [ He ] :  Concentration value = 167.58 is over the calibration range138  Ba  [ He ] :  Concentration value = 174.58 is over the calibration range,FALSE,191SMPL_20250514_Ac Series 575  to 858_rerun .D,15-05-2025 00:32,Sample,,MCS 714,33457.414,749407.3,1.8,36090.414,3330.41,6.8,1914.806,13336.48,0.7,1644.028,186.85,27.5,9120.54,365890.81,0.5,10530.069,13326.63,2.8,84062.788,4845785.17,1,79299.616,338451.2,1.1,67368.084,3716342.28,1.4,62202.561,388407.96,2.6,10886.307,660797,0.9,11434.764,132242.6,1.8,23468.554,350318.69,1.7,25499.168,89188.82,2.7,22790.13,750680.03,2.4,23801.309,212998.01,1.4,76984.727,787981.79,1.8,77195.047,109645.16,0.8,19533.183,614242.51,1.5,24101.045,32736.45,2.8,176399.904,10869681.79,0.8,153963.209,338055.6,0.6,35884.046,3595205.63,1.2,30129.579,115137.34,0.7,22774.705,2187083.24,0.7,23713.714,165255.05,1,10979.318,577256.93,0.7,11645.624,82126.55,1.7,469.763,10271.02,1.3,488.597,2692.98,12.8,<0.000,3821.07,3.8,<0.000,1217.95,3.4,92.205,1194.59,8.4,83.356,276.95,5.5,5518.568,119753.56,2,5746.247,17282.23,0.2,189.871,17192.08,4.4,133.213,2259.13,9.2,9930.369,810492.11,3.1,10154.845,63105.18,2,667460.322,6070737.62,1.4,599253.01,676213.79,1.2,624266.239,4754115.48,2,84341.349,7409298.9,2.3,77801.569,1335502.69,1.4,171536.182,13381799.33,2.2,163957.239,3513062.13,0.4,17301.329,1530552.8,1.1,17603.35,326251.88,1.1,64761.033,966042.56,1.5,66891.341,228605.73,2.3,12228.496,156307.73,1.9,12365.163,36201.35,0.8,1648.287,76142.01,1.1,1626.01,19086.85,2.8,11132,154485.18,0.1,10467.243,53429.92,2.2,1322.829,113324.05,2.7,1307.421,37168.92,1.1,6146.623,121315.65,3.6,6270.079,39290.59,1.1,982.48,80448.48,2,1012.24,28170.03,2.9,2606.562,68998.57,2.6,2739.587,24812.76,3.8,338.041,28785.21,2.8,331.385,10905.69,3.6,2303.246,38952.95,1.9,2466.733,16236.86,3.7,304.063,24832.95,2.1,280.009,4895.87,1.5,385.787,8099.33,2.7,381.906,2853.67,6.6,1359.848,93111.48,3.5,1357.286,51232.2,2.5,875.002,36882.55,3.9,917.465,18626.19,4.1,26735.417,156447.37,0.7,26725.939,139694.14,0.9,25196.411,703972.75,2.4,25986.236,630167.7,1.7,371.752,18360.55,2.6,369.602,8179.44,3.8,33054.937,1663972.15,1.3,34771.88,824071.49,1.3,5267.733,244871.38,2.9,5706.183,132650.94,0.5,1919263.8,2.6,113.7,686444.18,1.5,106.4
52  Cr  [ No Gas ] :  CPS RSD value = 6.99 is over the allowed maximum = 5.00137  Ba  [ No Gas ] :  Concentration value = 129.84 is over the calibration range137  Ba  [ He ] :  Concentration value = 111.86 is over the calibration range138  Ba  [ He ] :  Concentration value = 113.81 is over the calibration range138  Ba  [ He ] :  CPS RSD value = 7.35 is over the allowed maximum = 5.00166  Er  [ No Gas ] :  CPS RSD value = 5.20 is over the allowed maximum = 5.00166  Er  [ He ] :  CPS RSD value = 5.07 is over the allowed maximum = 5.00,FALSE,192SMPL_20250514_Ac Series 575  to 858_rerun .D,15-05-2025 00:36,Sample,,MCS 715,23438.367,487521.99,3.6,23804.922,2092.26,7.7,2090.066,13446.68,1.9,1902.194,203.54,31.6,7094.296,269851.66,0.8,7861.31,9569.65,1.1,65510.117,3498740.52,3.1,60601.062,245806.53,0.6,46715.778,2480442.27,7,42988.396,264125.14,0.5,8480.229,482823.55,1.5,8158.951,91372.29,0.8,16579.734,242355.3,0.5,16545.694,59112.72,2.7,15879.683,493105.87,1.9,16062.98,139481.33,2.8,60572.086,626452.3,3,55194.882,83991.93,2,15646.01,455531.34,3.4,17758.457,22946.24,3,141705.272,8074880.11,0.8,120614.897,251600.49,0.7,39438.173,3629049.68,2.8,31731.202,115562.08,4.4,21607.519,1918460.55,0.9,21812.743,144400.44,1.4,12259.772,594365.64,1,12906.59,86280.04,2.7,225.47,6635,5.1,217.307,1711.83,7.3,<0.000,2529.45,10,<0.000,730.75,7.2,<0.000,303.64,40.7,<0.000,56.72,44.4,4373.307,89136.39,1.1,4413.46,12829.25,3.3,319.804,20272.95,1.2,333.403,3006.7,7.7,6920.629,524803.69,1.6,7014.29,41609.3,2.4,494954.573,4164964.56,2.2,426436.092,457482.64,1.4,433848.545,3141780.64,7.3,51896.948,4218997.86,1.8,49063.508,799885.93,1.7,105063.97,7578899.33,1.5,89906.793,1829907.78,0.8,10508.23,860999.88,0.5,10742.534,189415.68,3,39186.253,540625.94,2.2,39873.243,129479.88,0.7,7433.436,88093.78,4.9,7713.461,21496.46,0.3,1278.539,55078.98,5,1303.072,14676.6,2.3,6871.871,88381.29,1.8,6567.661,31925.76,3.3,919.604,73988.06,1.8,840.315,23254.87,1.9,4829.621,88283.91,1.5,4939.695,29470.79,0.6,890.449,67841.53,2.3,857.944,22920.63,3.4,2444.146,59886.39,5.2,2528.95,21810.9,5.1,308.545,24719.28,3.7,301.342,9630.03,4.6,2118.336,33197.41,2.3,2190.249,13748.02,1.8,248.466,19418,2.5,242.173,4154.86,4.4,429.331,8296.16,3.4,449.141,3147.08,7.6,1357.827,86077.21,1.7,1373.372,49284.54,2,600.4,24499.21,3.1,600.403,12208.4,3.1,24116.798,134269.24,0.5,21603.525,107628.94,1.7,21978.39,569120.28,2.2,22649.315,522906.04,2.1,379.834,17439.13,4.6,355.762,7585.7,5.3,22240.397,1035784.56,1.5,22093.826,497808.41,2.2,3239.995,140343.85,0.7,3423.222,76254.01,2.9,1891056.74,2.3,112,694882.98,2,107.7
9  Be  [ No Gas ] :  CPS RSD value = 6.50 is over the allowed maximum = 5.00118  Sn  [ He ] :  CPS RSD value = 5.72 is over the allowed maximum = 5.00137  Ba  [ No Gas ] :  Concentration value = 111.86 is over the calibration range153  Eu  [ He ] :  CPS RSD value = 6.12 is over the allowed maximum = 5.00163  Dy  [ He ] :  CPS RSD value = 5.30 is over the allowed maximum = 5.00166  Er  [ No Gas ] :  CPS RSD value = 5.03 is over the allowed maximum = 5.00169  Tm  [ He ] :  CPS RSD value = 5.97 is over the allowed maximum = 5.00205  Tl  [ He ] :  CPS RSD value = 10.18 is over the allowed maximum = 5.00207  [Pb]  [ He ] :  CPS RSD value = 5.43 is over the allowed maximum = 5.00,FALSE,193SMPL_20250514_Ac Series 575  to 858_rerun .D,15-05-2025 00:40,Sample,,MCS 716,18922.034,406296.66,0.8,20971.39,1848.65,13.7,1777.828,11833.61,6.5,2143.05,230.23,8.7,6869.978,270061.21,1.1,7909.832,9636.43,1.3,52415.563,2886138.95,1,50006.839,203134.38,1.2,37403.435,2101292.08,2,38899.65,241943.71,2.1,6602.955,393082.56,0.9,6827.989,77417.58,1.4,13807.801,215068.3,1,14217.09,52418.46,0.8,13512.346,436339.49,0.7,14003.962,122744.12,0.2,48719.613,561201.8,1.3,46445.748,75502.01,0.2,13918.802,417402.8,0.9,16706.897,21609.29,4.2,110179.542,6469584.39,0.7,94770.592,197994.22,0.6,57273.236,5069873.32,0.3,48823.004,161444.87,0.9,21322.866,1949163.96,1.7,21507.559,142542.78,2.8,6346.568,332160.14,0.4,6742.182,47228.48,2.2,445.678,9726.71,1.5,460.1,2536.13,7.7,<0.000,2672.97,10.4,<0.000,870.91,14.7,<0.000,387.06,9.1,<0.000,70.07,28.6,3291.322,70452.46,3.7,3398.621,10077.38,5.7,89.913,14258.88,3.5,44.91,1935.42,5.7,6411.897,501024.89,2.8,6735.233,40002.45,1.4,429300.78,3722184.9,1,379508.311,407643.44,2.5,365176.349,2647921.42,1.8,50234.011,4203113.85,2.3,46505.843,758970.59,0.3,99435.551,7386892.74,1.5,87392.437,1779997.4,0.7,10320.766,870705.19,0.8,10616.052,187426.9,2.4,38853.544,552082.73,2.8,40225.853,130701.1,1.5,7517.493,91681.9,3.6,7834.286,21854.06,2.1,1288.667,57213.67,2.9,1302.11,14689.94,6.1,6828.137,90453.69,0.6,6758.718,32885.86,1.6,886.161,73554.65,2.5,835.977,23167.84,4.2,5071.294,95457.36,3.7,5176.916,30885.69,5.3,885.936,69535.53,2.8,913.328,24358.06,1.8,2668.1,67284.24,5,2789.551,24020.45,1.3,351.195,28564.51,2.8,349.258,10959.18,6,2628.208,42254.05,3.5,2751.84,17185.82,1.5,341.482,26391.08,4.6,340.185,5560.15,3.6,210.753,4667.56,1.5,219.067,1723.46,4.9,809.679,53806.65,3.2,854.275,31185.93,3.9,463.162,20193.6,3.5,480.001,10094.3,10.2,29829.7,165789.3,1.8,27734.763,137794.84,5.4,26319.422,700363.65,2.4,28692.076,660804.54,0.7,264.923,13140.43,4.2,248.066,5678.01,6.8,19712.627,945507.41,1.3,21414.159,482826.44,2.6,3018.584,134843.72,1,3166.398,70731.98,0.9,1959861.27,1.5,116.1,700027.9,1.9,108.5
"52  Cr  [ No Gas ] :  CPS RSD value = 7.62 is over the allowed maximum = 5.00118  Sn  [ He ] :  CPS RSD value = 6.36 is over the allowed maximum = 5.00137  Ba  [ No Gas ] :  CPS RSD value = 10.81 is over the allowed maximum = 5.00159  Tb  [ He ] :  CPS RSD value = 5.76 is over the allowed maximum = 5.00166  Er  [ No Gas ] :  CPS RSD value = 5.46 is over the allowed maximum = 5.00172  Yb  [ No Gas ] :  CPS RSD value = 6.42 is over the allowed maximum = 5.00172  Yb  [ He ] :  CPS RSD value = 7.82 is over the allowed maximum = 5.00103  Rh ( ISTD )  [ No Gas ] :  CPS RSD value = 26.07 is over the allowed maximum = 5.00103  Rh ( ISTD )  [ No Gas ] :  ISTD Recovery Percent value = 132.52 is outside the allowed range [80.00, 120.00]",FALSE,194SMPL_20250514_Ac Series 575  to 858_rerun .D,15-05-2025 00:44,Sample,,MCS 717,17138.553,408138.97,2.7,22526.126,1938.75,6.6,1419.403,10511.21,2.4,1413.399,150.15,40.6,5714.167,252549.94,0.3,7722.931,9202.37,1.9,50456.387,3070764.94,1.7,53236.602,211266.27,1.2,38008.163,2376227.01,7.6,44371.128,265842.41,0.3,5512.444,367707.06,2.1,6397.505,71213.75,1.4,12398.361,217045.05,2.4,15856.732,55862.3,1.8,9743.267,356643.48,2.3,11380.282,98927.59,1.4,36252.429,518285.16,1.8,42202.73,69483.5,2.7,12028.454,400009.04,3.6,16284.387,20583.24,1.1,79153.933,5127442.14,1.5,78037.034,159451.95,1.2,39123.033,4100963.58,2.7,38407.383,130406.97,0.9,14658.881,1480973.53,2.9,17753.029,115066.62,1,5112.781,301159.99,2.2,6189.114,42692.75,1,287.054,8424.49,7.2,321.5,2015.51,1.3,<0.000,2145.67,7.5,<0.000,767.46,7.4,<0.000,280.28,17.9,<0.000,56.72,53.9,3014.252,71623.99,4.4,3571.669,10317.81,6.4,20.341,13410.47,0.9,36.275,1848.66,9.5,5296.729,459355.5,2.9,6181.631,35923.19,3,343225.116,3240464.01,10.8,356465.085,374405.28,2.1,342223.672,2426545.35,1.5,39483.884,3647042.47,1.6,43454.056,693121.41,1.6,84257.459,6905302.61,3.6,84486.749,1682445,3,8098.352,752829.84,2.2,9502.35,163994.27,2.3,30646.391,480072.44,3.8,37357.672,118695.86,3.8,5839.723,78538.6,3.6,6906.723,18839.53,0.8,996.572,49315.9,2.8,1156.767,12822.7,4.8,5411.342,78645.26,5,6053.173,28798.42,2.8,703.13,65020.1,1.4,746.941,20380.38,5.8,3732.965,77392.58,4,4508.054,26333.99,0.5,638.305,56414.8,4,778.528,20470.54,0.5,1805.64,50724.11,5.5,2264.125,19133.79,3.1,214.879,20721.35,4.4,262.97,8407.92,1.7,1617.971,29016.53,6.4,1998.995,12298.42,7.8,184.995,17306.11,2.3,228.355,3871.15,2.6,164.55,4240.75,3.6,210.221,1626.78,4.4,785.405,57607.49,2.5,962.837,34163.64,1.1,363.948,18305.41,4.3,444.997,9262.8,5.4,25293.016,137640.24,1.5,23647.462,115090.17,1.2,20172.568,593135.61,1.9,24363.916,549470.82,0.4,241.714,13387.37,1.5,272.049,5958.15,7.9,16509.106,872394.82,2.8,20339.651,448148.19,2.5,3314.157,162447.62,2.7,4000.355,86857.08,4.5,2237512.99,26.1,132.5,680020,1.6,105.4
139  La  [ He ] :  CPS RSD value = 6.99 is over the allowed maximum = 5.00141  Pr  [ He ] :  CPS RSD value = 7.61 is over the allowed maximum = 5.00163  Dy  [ No Gas ] :  CPS RSD value = 8.65 is over the allowed maximum = 5.00172  Yb  [ No Gas ] :  CPS RSD value = 12.01 is over the allowed maximum = 5.00205  Tl  [ He ] :  CPS RSD value = 8.14 is over the allowed maximum = 5.00238  U  [ He ] :  CPS RSD value = 5.44 is over the allowed maximum = 5.00,FALSE,195_QC1_20250514_Ac Series 575  to 858_rerun .D,15-05-2025 00:48,QC1,,QC MES 50 ppb,47.014,3863060.25,2.4,45.354,15143.49,4.4,42.544,1062046.45,2.2,44.326,17936.29,1.4,37.234,5159567.6,0.2,36.567,163958.31,1.6,43.255,9190817.09,1,41.157,639182.96,1.3,42.063,8213349.82,1.7,38.474,842468.28,0.9,43.189,9325975.16,1.5,40.252,1633467.27,0.9,36.434,1815113.29,2.5,38.631,444457.92,1.4,42.627,5024906.48,0.9,40.081,1265314.35,1.4,34.836,1184709.92,1.3,34.575,161338.42,0.6,45.206,5229441.01,2,41.616,205103.33,1.5,44.957,10235838.15,0.4,40.7,325538.03,2.5,43.851,13496178.29,1.2,38.496,425373.13,0.6,45.904,16241315.51,2.3,42.158,1066898.98,1.4,45.747,8440211.33,2.1,41.851,1022736.55,1.1,40.71,2061666.52,1.9,43.567,561990.55,1.4,45.661,4948658.15,0.6,42.692,1652229.11,1,43.574,1075926.03,1.5,45.707,242406.89,1.6,49.027,3757508.77,2.6,44.055,460741.21,2.1,48.27,5472898.95,1.7,45.306,654598.97,1.4,48.529,14514758.96,2.9,44.063,989066.91,2.3,47.291,1601062.11,3.3,49.117,203444.59,1.3,47.441,1325537.05,2.8,48.218,15648051.84,3.1,49.703,3105821.66,7,49.739,14338209.91,2.2,49.704,3879002.66,2.1,49.237,16059076.19,2.7,48.873,3291246.25,7.6,43.757,2410184.98,4.2,46.324,576187.74,3.9,43.617,2053599.6,3.7,47.595,505698.76,1.7,50.559,8415615.84,1.9,47.138,1948968.92,1.2,44.915,2294185.65,0.5,47.669,882046.68,2.6,50.675,15574189.64,3.4,53.066,5286721.21,0.9,50.165,3628882.74,8.7,48.495,1098033.79,4.2,50.465,14722643.93,1.6,54.451,5265459.01,1.2,52.218,5031372.01,2,49.088,1590556.97,3.2,51.078,14346044.82,2.7,55.137,5728510.81,1.3,48.673,2991486.6,12,49.637,1160940.19,1.3,52.171,13895624.82,1,48.352,2643156.91,1.3,53.595,3695224.01,3.7,49.313,1174965.69,1.7,50.957,12567131.9,1.4,55.117,7387294.06,0.8,53.279,7611221.86,4.6,54.478,3677344.64,8.1,53.855,1136088.15,1.5,51.992,979486.42,2.4,53.791,5499765.82,2.6,51.524,4504309.61,2.1,55.085,8978164.66,2.7,57.23,3931605.77,1.7,54.733,10164077.02,4.5,59.915,5163837.7,1.4,54.56,9278242.64,1,61.061,5108847.92,5.4,1982152.94,0.8,117.4,699127.33,0.3,108.3
137  Ba  [ No Gas ] :  Concentration value = 129.58 is over the calibration range137  Ba  [ He ] :  Concentration value = 116.12 is over the calibration range138  Ba  [ He ] :  Concentration value = 118.20 is over the calibration range138  Ba  [ He ] :  CPS RSD value = 6.65 is over the allowed maximum = 5.00165  Ho  [ He ] :  CPS RSD value = 5.75 is over the allowed maximum = 5.00172  Yb  [ He ] :  CPS RSD value = 7.35 is over the allowed maximum = 5.00,FALSE,196SMPL_20250514_Ac Series 575  to 858_rerun .D,15-05-2025 00:52,Sample,,MCS 718,25744.001,523951.86,3.3,25357.432,2092.27,12.7,1514.291,9669.76,5,1609.89,163.5,17.7,7538.574,280496.89,1.5,8719.054,9946.96,3,65530.386,3426928.71,1.2,63709.09,242826.67,2.6,56327.912,2883080.79,2,50856.876,290080.93,2,8438.765,471788.59,0.5,8715.178,91577,1.5,18484.119,261929.83,2.2,19736.434,64784.7,0.4,15296.335,467403.68,1.3,15808.44,129372.62,0.8,55057.018,585130.2,0.6,51448.94,76640.21,1.5,15895.905,453178.23,1.3,18696.403,22692.16,3.9,141701.064,7908914.35,0.7,121005.704,237183.58,1,42550.799,3809442.05,1.8,34874.718,117749.32,1.4,16740.781,1457408.4,2.5,17697.835,110201.06,0.7,8269.056,403806.78,3,8621.153,55688.07,0.8,523.315,10364.49,1.2,542.116,2676.3,7.6,44.941,5359.83,9.6,45.041,1982.14,3.5,<0.000,363.71,18.7,<0.000,50.05,20,4151.994,83379.13,4.1,4179.689,11493.34,3.7,199.546,17045.07,4.5,199.755,2429.34,15.5,7706.568,571699.51,4.8,7912.108,44023.03,2.9,517068.822,4261631.64,1.7,463337.657,467036.35,1.6,471651.965,3208581.19,6.6,50483.169,4018880.97,1.9,47077.354,721379.45,1.5,105345.811,7443917.48,1.6,92267.639,1764456.75,1.4,10539.922,845758.11,1.8,10766.769,178469.33,1.9,39770.31,537316.86,2.3,41125.068,125449.38,0.9,7614.999,88382.65,0.2,7839.792,20523.9,2.1,1224.152,51844.82,0.9,1188.31,12652.37,3.9,6764.878,85269.98,0.2,6578.784,30072.68,3.7,829.054,65797.29,1.9,824.43,21519.97,3.9,4341.035,77865.7,0.8,4658.185,26140.14,4.7,741.29,55900.25,1.5,777.4,19688.53,5.7,2130.317,51312.87,0.7,2212.426,17987.62,4.4,259.605,20988.74,2.3,266.755,8237.64,2.6,1977.216,30421.05,1.8,2044.293,12108.02,7.3,240.315,18625.95,2.6,256.076,4118.15,6.9,337.496,6611.79,3.9,325.192,2250.21,7.3,1175.688,73427.93,3.5,1421.939,47952.49,2.9,636.83,25395.17,3.4,679.5,12849.66,2.1,28402.507,148313.73,2.2,26979.39,125923.8,1.4,24694.896,625769.25,2,26788.465,579911.71,1.3,295.367,13791.18,4.8,285.349,6001.5,5.1,21404.006,976359.62,4.4,22346.732,472804.8,2,3285.27,139462.12,1.9,3525.065,73821.11,3.1,1938343.71,1.7,114.8,683257.84,1.9,105.9
121  Sb  [ No Gas ] :  CPS RSD value = 5.85 is over the allowed maximum = 5.00137  Ba  [ No Gas ] :  Concentration value = 101.14 is over the calibration range137  Ba  [ No Gas ] :  CPS RSD value = 10.16 is over the allowed maximum = 5.00163  Dy  [ He ] :  CPS RSD value = 5.27 is over the allowed maximum = 5.00205  Tl  [ No Gas ] :  CPS RSD value = 6.15 is over the allowed maximum = 5.00,FALSE,197SMPL_20250514_Ac Series 575  to 858_rerun .D,15-05-2025 00:56,Sample,,MCS 719,19544.857,418588.63,2.6,21809.487,1938.75,8.3,1672.62,11135.65,4.4,1751.79,190.19,29.3,5809.519,231566.46,2.1,6347.235,7886.88,4.2,53026.928,2913529.47,1.6,50465.507,206874.01,1.6,35540.408,2002865.47,0.5,35942.188,227260.35,0.2,6737.657,399370.72,2.3,6949.622,79380.57,0.4,14012.836,216629,1.7,14297.461,52997.78,1.3,14959.819,478700.13,0.5,15530.765,136375.44,0.5,51065.597,573885.29,1.5,48221.254,77579.59,1,12008.668,359730.37,3.1,14703.478,19199.79,2.9,120445.966,7056351.16,0.8,104515.393,220326.96,0.6,41115.7,3846147.82,1.9,34103.617,122904.32,2.8,16454.668,1502946.91,2.1,16629.408,111348.35,0.7,8072.094,412562.47,2.5,8746.807,60472.52,2.2,365.356,8608.17,5.7,288.873,1962.12,1.5,<0.000,3824.41,2.6,<0.000,1081.13,3.3,<0.000,460.47,6.5,<0.000,110.11,45.5,3377.98,71948.89,4.3,3376.246,10110.77,2.1,310.155,20466.79,5.8,303.992,2906.58,6,5646.525,441193.53,1.1,5691.029,34190,1,382442.267,3312016.81,10.2,350683.267,380865.68,3.7,336803.855,2466322.48,0.7,45794.937,3825211.16,2.4,42470.869,700234.95,2.7,97965.387,7264716.4,2.3,84176.444,1730567.6,1.2,9807.755,825995.42,1.7,10111.543,180206.02,1.1,37408.94,530445.94,2.8,37707.181,123656.56,1.3,7092.957,86389.92,2.9,7431.52,20938.25,2.2,1117.403,49730.92,0.6,1075.636,12348.47,4,6590.048,87144.75,1.8,6399.555,31440.69,1.5,802.361,66760.19,0.4,748.332,21065.45,1.2,4070.191,76612.7,0.7,4375.282,26427.57,5.3,702.577,55605.36,1.5,686.756,18789.65,4,1897.695,48030.3,4.5,2047.703,17907.4,1.5,244.396,20761.39,3,232.569,7833.65,6.2,1619.993,26243.91,1.9,1731.237,11049.33,3.7,198.073,16487.46,0.7,196.099,3534.05,7.3,305.215,6318.3,5.2,304.661,2276.88,10.7,874.416,57794.37,4.5,932.666,34207.13,2.8,539.682,22914.41,6.1,537.319,11189.67,2.3,24579.093,138212.27,0.9,23483.451,117995.65,1.3,22547.195,599936.37,2.7,23512.163,547791.21,0.9,345.529,16454.51,4,328.576,7155.47,5.6,22818.433,1092045.12,1.9,24171.059,549965.94,3.6,2899.578,129332.05,0.9,3302.693,74323.75,3.7,1927153.25,0.6,114.1,696917.23,4.2,108
147  Sm  [ No Gas ] :  CPS RSD value = 5.18 is over the allowed maximum = 5.00147  Sm  [ He ] :  CPS RSD value = 6.95 is over the allowed maximum = 5.00159  Tb  [ No Gas ] :  CPS RSD value = 5.16 is over the allowed maximum = 5.00175  Lu  [ No Gas ] :  CPS RSD value = 6.20 is over the allowed maximum = 5.00,FALSE,198SMPL_20250514_Ac Series 575  to 858_rerun .D,15-05-2025 01:00,Sample,,MCS 720,13763.867,279159.87,2.8,14343.416,1207.93,10.4,1247.794,7923.55,3.9,862.494,90.09,0,4936.268,190055.39,0.6,5962.463,6998.84,2.4,38061.135,1972652.66,1.1,40299.552,155377.62,2.3,29469.451,1622440.73,0.3,31113.63,189746.22,2.2,5479.051,311372.11,2.5,5632.852,61703.76,1.5,9829.818,156829.89,0.7,10518.308,39919.5,2.6,10505.51,325307.61,2.9,10885.368,92558.94,2,21873.909,355093.94,0.9,20839.2,48711.23,1.1,9967.221,281172.35,2.9,12083.827,14859.89,2.2,87947.937,4845917.8,1.6,75897.442,150480.36,1.3,35242.093,3251364.39,2,30066.057,106980.99,3.5,16721.897,1434887.24,2.1,17051.427,107277,2.8,4095.709,213047.91,3.2,4343.716,30535.69,1.4,263.022,7069.01,2,312.957,1978.8,6.2,<0.000,2536.13,9.5,<0.000,890.93,6.8,<0.000,327,17.4,<0.000,50.05,52.9,2640.651,54281.74,3.8,2734.019,7883.66,3.4,<0.000,10023.96,1.7,<0.000,1434.85,3.8,5038.914,371036.94,1.8,5042.715,28557.22,2.1,298284.483,2430155.37,0.8,298956.386,305092.66,1.3,287495.582,1979877.22,1.5,27736.185,2178988.05,1.8,28878.542,447374.02,2.4,62746.125,4373668.89,0.7,54590.221,1055110.17,1.9,6214.826,493258.47,3.8,6563.038,110246.27,1.5,24521.324,326940.17,1.9,24825.792,76594.15,3.1,4413.788,50742.55,5.2,4777.047,12692.41,7,926.695,39180.04,4.2,845.803,9286.05,3.7,4347.418,54230.83,4.7,4380.63,20306.66,1.2,596.692,47648.09,5.2,555.027,15110.9,0.8,3664.328,64949.76,1.5,3724.963,21182.48,3,701.989,52378.62,0.9,717.281,18462.1,1.4,2083.914,49500.8,3.9,2187.853,17970.96,2.4,274.528,21744.01,4,268.555,8377.9,1.6,2011.348,30501.25,1.6,2127.124,12702.56,3.4,255.034,19341.11,6.2,254.841,4148.19,3.6,153.804,3473.83,12.3,142.174,1196.73,5.4,666.605,42048.25,2,679.206,23809.55,0.9,358.598,15481.97,3.3,364.764,7736.88,6.7,21047.091,111504.79,1.4,19190.268,90992.6,1.3,18788.986,471477.4,1.8,19593.874,430421.88,1.5,182.956,9186.81,3.7,168.331,4084.03,7.1,13304.291,599444.64,1,13580.624,290842.5,3,1917.861,81369.78,2.2,2178.67,46701.26,4.4,1926988.08,1.8,114.1,695681.33,0.7,107.8
137  Ba  [ No Gas ] :  Concentration value = 160.58 is over the calibration range137  Ba  [ He ] :  Concentration value = 117.64 is over the calibration range138  Ba  [ He ] :  Concentration value = 126.62 is over the calibration range153  Eu  [ No Gas ] :  CPS RSD value = 5.42 is over the allowed maximum = 5.00238  U  [ He ] :  CPS RSD value = 5.13 is over the allowed maximum = 5.00103  Rh ( ISTD )  [ No Gas ] :  CPS RSD value = 16.48 is over the allowed maximum = 5.00,FALSE,199SMPL_20250514_Ac Series 575  to 858_rerun .D,15-05-2025 01:04,Sample,,MCS 721,26646.291,452102.55,0.8,21528.871,1801.93,4.3,2079.501,10948.68,1.8,1562.447,160.16,12.5,7432.505,230643.07,1.2,7055.106,8204.05,0.9,66659.025,2914048.74,1.2,52243.967,201269.04,1.3,48078.004,2079750.12,3,41090.104,241822.54,2.7,7922.11,372103.17,3.1,6694.245,72253.57,1.2,16803.693,201419.85,1,14219.351,50050.31,1.3,15992.511,406864.2,0.9,13351.772,111640.83,1.9,70439.283,573543.63,1.8,50050.509,75884.6,1.8,15893.736,378336.87,2.1,15435.899,18955.88,2,157984.126,7339962.06,2.6,114527.782,226807.29,2,77707.047,5249616.09,1.6,53309.226,165481.41,2.4,15753.909,1143294.05,1.5,13321.265,83935.09,4.1,5883.488,247499.11,2.1,4898.737,33820.3,0.9,265.289,5933.97,5.7,174.491,1524.95,15.1,<0.000,2649.6,7.2,<0.000,917.62,15.8,46.989,730.76,14.5,37.101,203.54,15.8,4494.614,74520.35,4.9,3797.198,10618.34,0.4,217.973,14572.85,3,14.528,1781.91,9.6,7653.689,472581.01,2.7,6467.372,36448.63,4.1,635131.386,4365084.88,1.3,465289.374,473892.64,1.1,500801.811,3440667.76,1.3,39406.614,2610360.83,3.3,34073.281,527711.1,1.5,91396.942,5379108.91,2.4,66082.198,1277519.11,1.9,9093.126,608949.63,2,7719.992,129488.28,2.5,34279.26,384867.88,4.5,28577.65,88191.1,1.9,6487.537,62865.83,2.5,5580.919,14800.15,2.5,1245.199,43789.61,5.4,988.711,10738.67,4.8,6053.889,63533.66,3.1,4792.194,22175.06,4.9,769.952,51091.42,1.9,575.756,15605.33,3.7,4015.485,59909.75,3.8,3513.896,19985.93,4.6,667.263,42142.98,2.1,552.259,14499.6,3.4,1959.268,39264.13,4.5,1663.813,13778.05,2,234.919,16079.77,1,179.566,6067.57,2.6,1686.872,21720.77,3.6,1540.476,9312.86,4.2,213.721,14082.09,3.2,168.116,2966.66,1.9,200.788,3567.19,9.1,153.098,1253.4,11.2,1396.274,72293.63,4.1,1196.823,40964.55,1.4,660.951,21884.8,3.2,537.789,10601.89,1.8,24252.152,128234.65,3.1,22131.243,104690.85,1.1,25941.057,548286.93,3.4,22841.582,500694.87,1.7,356.616,13584.27,4.1,272.998,5844.75,5.1,17537.181,666579.81,2.9,15702.79,336142.7,2.8,2966.343,105391.34,1.7,2688.465,57287.3,5.1,1635198.64,16.5,96.8,684549.5,2.8,106.1
137  Ba  [ No Gas ] :  Concentration value = 316.35 is over the calibration range137  Ba  [ He ] :  Concentration value = 280.42 is over the calibration range138  Ba  [ He ] :  Concentration value = 300.62 is over the calibration range140  Ce  [ No Gas ] :  CPS RSD value = 10.56 is over the allowed maximum = 5.00166  Er  [ He ] :  CPS RSD value = 5.67 is over the allowed maximum = 5.00169  Tm  [ No Gas ] :  CPS RSD value = 5.21 is over the allowed maximum = 5.00,FALSE,200_QC2_20250514_Ac Series 575  to 858_rerun .D,15-05-2025 01:09,QC2,,SJS-Std,44470.191,956843.59,4.5,48489.694,4264.94,5.5,1336.901,9092.1,2,1533.593,166.83,25,7745.334,303487.98,0.6,9208.147,11192.54,4,104987.46,5824432.99,2.5,97611.963,397748.52,2,109660.73,5661476.49,0.7,100891.201,586527.17,0.8,10202.102,598560.29,2.4,10542.781,116956.58,1.3,63807.62,849888.51,1.1,69677.952,215398.66,0.7,27735.394,875005.16,2.6,28774.442,244443.28,1.2,81088.349,792870.48,1.3,78641.437,106755.49,1.2,14004.1,424873.39,2.6,14731.703,19156.39,2.4,95466.035,5677345.06,3.4,84917.558,178377.01,1.1,250092.122,19630586.88,1.7,215727.448,609190.23,0.6,13896.452,1288550.69,4.1,14642.637,97679.77,2.3,61377.185,2971000.89,1.3,55385.504,357619.9,0.8,2906.156,42100.1,3.4,2956.553,10925.51,4.4,197.436,9636.6,2.9,124.861,2786.43,11.1,386.314,3053.43,1.2,350.071,637.32,12.8,1276.998,30864.66,3.6,1257.777,4238.29,3.5,1232.256,47555.59,2.4,1303.358,6618.33,4.2,4721.752,375203.41,2.9,4872.977,29215.91,2.1,1154926.774,10101416.23,2.4,1023773.262,1101577.13,1.3,1097515.068,7975800.4,0.8,18654.373,1584186.69,4.6,19545.74,321288.17,2,38915.781,2925361.2,10.6,37604.652,771450.83,3.3,4359.638,374296.56,1,4396.338,78527.23,1.5,16391.688,236076.89,1.4,17540.581,57454.1,4.6,3314.679,41214.76,2.2,3210.956,9075.66,2,957.774,43438.15,1.1,890.779,10274.49,3,3328.396,44928.2,1.5,3205.171,15805.77,2,453.447,39612.03,3.2,439.303,12862.82,3.9,2782.694,53376.68,2.9,2982.056,18007.61,3,532.704,43368.5,1.4,554.531,15321.4,4.6,1605.679,41326.25,1.1,1803.531,15742.36,5.7,211.206,18495.62,5.2,222.114,7473.07,1.8,1687.169,27681.89,4.1,1773.556,11259.68,3.9,213.119,17666.91,2.8,212.717,3730.97,9.2,2091.044,38466.18,2.2,2337.256,14942.36,2.2,779.039,52370.32,1.9,849.502,31105.79,4.6,526.701,22646.93,2.8,586.789,11971.19,2,22152.719,124139.13,1.3,19678.51,98739.23,2.1,19140.439,517023.49,3.3,20321.541,472285.61,0.7,254.008,12736.68,3.3,250.087,5681.34,5,9955.929,484413.7,2.1,10494.09,238567.19,1.7,3417.779,154010.63,2,3706.755,82854.48,0.8,1887236.46,2.4,111.8,669440.57,2.2,103.7
9  Be  [ No Gas ] :  CPS RSD value = 6.80 is over the allowed maximum = 5.00137  Ba  [ No Gas ] :  Concentration value = 159.93 is over the calibration range137  Ba  [ He ] :  Concentration value = 142.63 is over the calibration range138  Ba  [ He ] :  Concentration value = 153.90 is over the calibration range153  Eu  [ He ] :  CPS RSD value = 6.43 is over the allowed maximum = 5.00169  Tm  [ He ] :  CPS RSD value = 7.06 is over the allowed maximum = 5.00,FALSE,201SMPL_20250514_Ac Series 575  to 858_rerun .D,15-05-2025 01:13,Sample,,MCS 722,32892.389,682009.38,2,35119.615,2966.63,6.6,2129.467,13713.92,6.8,2129.684,220.22,23.6,9002.203,336887.11,1.7,10530.625,12237.82,3.2,81833.044,4366280.98,2.5,78130.332,305299.47,1,68534.51,3519673.33,3.6,62593.384,360058.09,0.9,9850.172,557871.99,2.6,10234.425,109364.86,1.9,23138.798,323994.67,0.8,25113.31,81559.59,0.9,22235.869,680905.05,2.9,23044.65,189714.51,2.1,59610.419,627930.69,0.9,58330.119,85028.66,1,19624.051,570884.42,2.6,23281.394,28947.28,3.9,163315.304,9311398.5,2.1,142046.691,285566.3,1,37759.601,3538437.51,1.9,29403.77,106469.33,4.1,22480.717,1997410.43,1.3,23946.549,152799.61,0.6,8793.469,436380.51,0.9,9019.031,59538.21,2.8,391.153,8885.26,2.4,440.124,2405.97,3.8,<0.000,3267.02,9.8,<0.000,967.67,7.8,<0.000,323.66,20.1,<0.000,50.05,20,5266.266,106504.47,3.3,5748.119,15902.45,0.9,169.205,16456.99,2.4,101.039,2122.3,6.3,10737.59,811064.51,2.5,11592.462,65922.35,1,633195.793,5328390.48,1.5,564701.091,583514.34,1.7,609313.217,4248989.31,0.5,66313.248,5392233.49,0.9,60759.305,954840.16,1.7,137144.974,9900232.33,1.8,121589.557,2384925.35,0.9,13645.339,1117877.86,2,14096.137,239372.08,2.5,52399.406,723214.68,2.6,53752.468,168183.18,2.7,9936.051,117662.19,1.3,10450.399,28032.43,1.2,1572.15,67460.56,0.6,1512.536,16353.7,6.4,9247.79,118870.72,1,8901.962,41633.74,3.5,1168.655,93339.08,0.8,1130.677,29735.02,1.2,5792.574,105830.34,2.5,6233.405,35780.35,0.8,1004.425,76317.96,2.3,1023.609,26176.89,1.3,2623.935,64332.47,3.8,2782.866,23094.41,3.6,341.542,27186.85,1.3,343.636,10448.18,7.1,2271.417,35613.08,4.7,2431.27,14683.38,2.9,295.258,22666.66,1.3,278.228,4525.36,6,302.525,6148.21,7.8,328.303,2323.55,6.9,1423.77,90291.73,1.5,1466.882,50693.74,0.7,808.073,32054.12,3.2,809.975,15381.82,2.8,28586.892,153156.34,1,27781.126,133012.33,2,26198.948,677789.59,3.8,27625.128,613321.07,0.7,436.621,19832.87,2,439.715,8813.21,7,27312.266,1272343.13,2.9,28518.974,618955.84,2.4,4093.104,176843.42,3.3,4628.336,98894.93,2.5,1964723.37,0.4,116.4,695493.26,0.7,107.8
52  Cr  [ No Gas ] :  CPS RSD value = 7.84 is over the allowed maximum = 5.00137  Ba  [ No Gas ] :  Concentration value = 122.24 is over the calibration range137  Ba  [ He ] :  Concentration value = 108.64 is over the calibration range138  Ba  [ He ] :  Concentration value = 109.14 is over the calibration range138  Ba  [ He ] :  CPS RSD value = 6.96 is over the allowed maximum = 5.00147  Sm  [ He ] :  CPS RSD value = 6.59 is over the allowed maximum = 5.00153  Eu  [ He ] :  CPS RSD value = 5.06 is over the allowed maximum = 5.00159  Tb  [ He ] :  CPS RSD value = 6.05 is over the allowed maximum = 5.00165  Ho  [ He ] :  CPS RSD value = 7.27 is over the allowed maximum = 5.00207  [Pb]  [ He ] :  CPS RSD value = 6.57 is over the allowed maximum = 5.00209  Bi  [ No Gas ] :  CPS RSD value = 5.13 is over the allowed maximum = 5.00103  Rh ( ISTD )  [ He ] :  CPS RSD value = 5.87 is over the allowed maximum = 5.00,FALSE,202SMPL_20250514_Ac Series 575  to 858_rerun .D,15-05-2025 01:17,Sample,,MCS 723,22521.326,481709.78,3,25579.934,2205.72,2.5,1554.362,10387.65,1.6,1745.457,183.52,33.3,6485.283,255885.41,0.9,7523.04,8982,2.7,75013.336,4113912.88,0.5,71961.374,285687.13,2.6,43722.152,2401535.66,7.8,43479.491,261526.85,1.2,5992.838,358563.36,1.6,6217.49,69449.14,1.5,15414.573,234558.45,1.3,17046.736,59364.36,0.9,15064.556,482402.7,1.7,15936.646,135546.15,1.7,26716.268,401054.8,0.5,24699.125,52522.44,2.1,14593.815,436921.85,0.5,18043.511,22849.2,1.6,117537.226,6891351.58,3.1,104836.001,214435.11,0.6,43930.655,4064167.61,1.5,36781.409,126367.76,0.2,15546.489,1421233.01,1,16660.631,108293.45,2,6705.3,348423.11,0.9,6958.313,47546.21,1.1,305.764,7863.58,3,343.855,2095.61,10.5,<0.000,2289.17,3.9,<0.000,714.07,5.8,<0.000,213.55,50.1,<0.000,43.38,26.6,3773.803,79842.95,1.9,3837.68,11049.13,1.9,106.465,14622.96,4.5,77.612,2012.18,13.5,7280.709,567200.17,0.5,7718.185,44763.04,3.1,465459.443,4028132.1,1.1,413662.609,435433.87,2,415604.097,2950152.55,7,47676.233,3985146.92,2.5,45597.274,729264.55,2.4,99014.491,7346024.16,1,87223.031,1740726.15,1.2,9806.518,826422.13,3.1,10237.162,177003.63,0.1,36720.407,520979.66,0.4,38344.568,122164.1,2.8,7026.07,85615.01,4.2,7493.956,20420.37,6.6,1133.528,50464.51,1.2,1130.011,12582.22,5.1,6274.123,83042.63,1.8,6255.063,29788.33,2.8,771.46,64372.16,3.3,731.81,20052.79,6,4075.098,76761.62,2.4,4351.444,25458.06,2.8,682.915,54168.09,2.5,718.154,19033.59,7.3,1992.992,50421.91,1.3,2138.888,18154.7,2.6,237.442,20290.14,1,238.553,7753.54,7.9,1863.523,30116.54,0.9,1968.012,12151.46,1.9,216.147,17757.08,3.2,219.998,3754.33,4.7,219.937,4817.63,2.5,238.852,1806.81,6.1,897.577,59298.71,3.4,964.103,34314.19,2.7,562.68,23800.34,1.9,594.024,11840.92,2.4,28487.158,155201.39,1.7,27484.25,133408.85,6.6,25823.064,686124.85,3.2,27483.397,620299.34,1.4,370.149,17515.98,5.1,382.277,7909.26,4.4,20116.569,963536.48,0.9,21437.348,473393.07,1.5,3189.01,142079.68,0.3,3537.997,77153.72,1.7,1941929.17,1.4,115,681670.44,5.9,105.6
9  Be  [ No Gas ] :  CPS RSD value = 5.14 is over the allowed maximum = 5.00137  Ba  [ No Gas ] :  Concentration value = 105.59 is over the calibration range,FALSE,203SMPL_20250514_Ac Series 575  to 858_rerun .D,15-05-2025 01:21,Sample,,MCS 724,18150.198,395110.92,2.5,18948.412,1685.13,8.2,1617.087,10941.98,5.1,1847.164,200.2,10,5555.164,225734.47,1.4,6320.048,7830.13,5.7,48870.251,2727462.99,2.7,46770.26,191435.68,2.3,34791.983,1994302.07,0.3,36380.645,229079.62,1.8,6101.435,369484.66,1.3,6206.322,71284.17,1.9,12516.653,200571.21,1.2,13623.607,50817.11,1.7,12272.953,403525.55,1.4,12501.567,111094.71,2.2,29354.354,422926.39,2.5,27047.535,55909.67,2.1,11470.124,348970.26,1.8,14399.189,18778.78,1.3,113047.479,6725092.4,0.6,99786.904,210018.69,3.5,41416.977,3921339.16,0.7,35170.899,125205.42,1,16562.429,1535505.46,2.2,17283.964,115507.05,1.9,6844.145,359784.59,3,7123.043,49905.01,0.6,129.699,5596.84,1.9,161.27,1518.28,9.6,<0.000,2379.27,3.8,<0.000,774.14,2.7,<0.000,243.58,15.6,<0.000,26.69,21.7,2908.585,63627.25,2.4,3148.887,9456.29,1,254.001,19019.75,1.3,209.841,2536.13,11.9,4989.726,396587.6,1.5,5341.745,32068.94,3.1,395934.714,3479318.39,0.7,350423.827,379524.7,3.4,343953.386,2513780.14,0.9,47004.212,3986130.2,1.5,46452.924,763818.72,1.6,100242.428,7547187.2,2.2,87749.54,1800791.78,1.9,9869.453,843790.3,1.8,10102.159,179686.88,0.9,36472.068,525042.53,0.5,39158.095,128180.72,3.9,6957.518,86030.27,2.2,7384.941,20757.81,3.1,1092.401,49386.14,4,1097.184,12552.17,3,6324.764,84941.54,1.4,6098.322,29908.8,1.4,780.517,65979.32,4.2,735.934,20691.12,4.5,4078.132,77929.24,1.4,4174.081,25157.07,1.5,673.392,54201.37,1.5,696.448,18996.84,2.8,1891.001,48579.6,2.7,1962.908,17152.3,2.2,229.227,19932.56,4,224.02,7579.92,1.2,1570.724,25846.08,1.7,1654.825,10565.13,3.1,186.667,15919.49,4.1,175.843,3223.65,3.6,231.879,5087.72,5.1,251.946,1933.49,8.4,811.143,54563.71,3.5,831.566,30574.49,0.5,470.834,20674.83,1.6,492.575,10368.14,3.6,20946.586,117793.52,0.9,19240.659,96821.73,2,18750.745,507692.39,2,20012.394,466451.74,1.1,289.99,14328.46,1.3,285.753,6371.68,6.2,18558.45,902154.13,1.4,19011.853,431980.26,0.5,2795.009,126605.96,3.9,3212.762,72239.59,4.4,1940329.71,1.1,114.9,689001.69,0.7,106.8
52  Cr  [ No Gas ] :  CPS RSD value = 8.46 is over the allowed maximum = 5.0071  Ga  [ He ] :  CPS RSD value = 5.38 is over the allowed maximum = 5.0089  Y  [ No Gas ] :  CPS RSD value = 10.19 is over the allowed maximum = 5.00137  Ba  [ No Gas ] :  Concentration value = 126.81 is over the calibration range137  Ba  [ He ] :  Concentration value = 109.55 is over the calibration range138  Ba  [ He ] :  Concentration value = 111.12 is over the calibration range138  Ba  [ He ] :  CPS RSD value = 6.15 is over the allowed maximum = 5.00157  Gd  [ He ] :  CPS RSD value = 5.60 is over the allowed maximum = 5.00163  Dy  [ He ] :  CPS RSD value = 7.38 is over the allowed maximum = 5.00,FALSE,204SMPL_20250514_Ac Series 575  to 858_rerun .D,15-05-2025 01:25,Sample,,MCS 725,20850.395,462759.48,2.4,22095.794,2022.18,7.1,2125.093,14558.95,3.1,2158.105,240.24,21.7,6910.726,279996.4,0.8,7690.505,9723.25,3.1,54270.088,3093973.87,0.5,50961.362,215026.69,0.3,44777.271,2531949.98,8.5,42081.825,268258.21,0.9,7028.681,430383.86,0.7,7350.124,85903.99,1.6,14268.861,226748.75,2.3,15409.158,57561.33,1.7,9451.163,323589.31,0,9598.322,89676.51,1.3,43382.263,531172.1,2.2,42027.026,72398.86,0.6,14142.766,439190.76,1.2,17271.303,23206.97,5.4,85980.822,5233340.23,3.1,77160.414,167604.66,0.9,63104.776,5662083.97,1.2,52336.389,175979.81,1,31363.986,2969129.35,10.2,30307.402,208390.65,2.6,7626.266,405279.21,0.7,7872.528,56297.32,2.4,442.376,9833.57,6.2,502.079,2729.69,2.8,<0.000,3046.75,7.7,<0.000,904.27,5.5,<0.000,550.56,22.1,<0.000,130.13,15.4,3544.527,77882.51,3.7,3798.387,11566.8,4.2,87.799,14118.59,2.9,61.621,1988.82,4.3,5854.477,474287.44,1.4,5903.81,36475.18,1.4,463062.109,4156294.32,2.7,400027.726,446384.83,1.1,405773.565,3056285.36,6.1,63269.01,5483931.03,1,57446.629,973758.66,2.4,124957.253,9614234.25,2.8,110086.572,2328943.22,1.6,12784.658,1116362.9,0.9,12832.35,235081.77,2.3,45884.816,674985.35,2,48706.8,164371.31,0.3,8939.702,112837.71,2.4,9203.277,26631.37,2.9,1465.558,67004.48,2.1,1445.275,16828.09,2.6,8196.015,112304.95,2.5,8039.482,40579.47,5.6,1062.482,90522.33,2.1,1021.542,29002.5,4.3,6069.516,118051.88,3,6340.023,39227.62,7.4,1128.554,90765.6,2.1,1150.727,31450.93,2.1,3399.907,88422.8,3.1,3593.983,31999.8,4,478.831,39003.06,2,475.016,14840.36,4,3310.093,54932.39,1.9,3582.963,23101.28,2.1,436.112,33920.16,2.8,456.621,7466.38,2.5,260.313,5701.34,1.9,255.948,2010.17,4.8,936.214,63944.72,4.7,966.455,36383.42,4.5,446.602,20136.72,3.5,472.689,10284.63,4.8,28918.688,166911.03,3.5,27053.106,139625.77,1.2,25638.775,706450.51,3.5,27398.001,655619.55,2.4,232.721,12106.12,4.8,222.56,5361.19,2.5,24744.4,1228835.79,1.4,26758.76,626398.18,0.8,3820.532,175992.78,3.3,4152.503,95746.73,1.5,1931898.93,1.3,114.4,692062.87,1.7,107.3
9  Be  [ No Gas ] :  CPS RSD value = 5.18 is over the allowed maximum = 5.00137  Ba  [ No Gas ] :  Concentration value = 114.78 is over the calibration range137  Ba  [ He ] :  Concentration value = 102.93 is over the calibration range138  Ba  [ He ] :  Concentration value = 102.82 is over the calibration range172  Yb  [ He ] :  CPS RSD value = 6.91 is over the allowed maximum = 5.00,FALSE,205SMPL_20250514_Ac Series 575  to 858_rerun .D,15-05-2025 01:29,Sample,,MCS 726,17859.355,401543.4,3.7,19620.209,1741.86,7,1689.392,11776.84,5.2,1824.904,196.86,46.1,6418.454,265225.33,0.7,7990.266,9776.67,3.3,52025.902,2997455.07,0.9,51921.701,212033.43,1.9,48174.922,2738547.3,2.4,44658.912,274724.52,1.2,5779.575,362935.49,1.4,6385.926,73058.93,0.6,12181.758,202697.88,3.8,13308.455,49805.73,2.2,6790.617,243579.34,1.7,7203.532,67289.82,2.9,34158.404,472911.19,2.3,33469.226,62277.61,1.7,14000.323,439197.86,0.8,19186.752,24928.35,1.5,80197.573,4930663.59,2.5,72598.955,152669.72,0.6,54180.361,5046376.91,1.6,48423.034,160641.92,1.9,19351.551,1851205.9,2.8,21112.467,140674.13,1.8,5816.284,320495.88,1.6,6319.427,44682.72,1.9,429.633,9866.98,3.5,521.153,2733.02,4.5,<0.000,2482.73,5.4,<0.000,864.23,6.4,<0.000,427.1,21,<0.000,100.1,10,3433.465,76534.29,1.2,3690.088,10918.94,3.6,76.586,14245.49,1.1,26.445,1838.64,5.6,4869.085,399810.89,0.6,5334.565,31965.33,1.8,430944.22,3909603.57,3.2,386450.36,417452.78,1.5,386045.399,2814408.79,1.9,71042.794,6218142.95,0.8,66898.868,1097327.91,1.2,143586.121,11159580.43,1.9,130615.741,2674508.37,1,14413.386,1270442.13,2.3,15184.286,269052.61,2.5,53378.684,793267.1,2,58247.225,190201.15,1.3,10170.594,129616,1.5,11137.564,31172.99,0.2,1406.839,65095.83,1.4,1502.922,16928.36,4.7,8914.064,123338.57,2.9,9112.187,44479.58,1.9,1091.787,93943.59,0.8,1076.482,29547.57,2,5266.017,103616.07,0.4,5786.513,34689.28,3.2,819.611,67475.18,0.7,912.846,24445.11,2.6,2357.355,62277.54,0.7,2569.444,22278.87,4.5,271.005,23763.2,4.6,302.655,9710.17,1.8,2080.368,35137.92,2.8,2148.313,13574.31,6.9,234.481,19882.49,3.8,263.274,4471.96,4.1,201.283,4687.58,2.7,208.353,1656.79,5.5,826.473,57382.88,0.4,941.125,34367.81,4.9,381.713,17934.49,4.2,396.646,8648.41,9.4,29144.563,162865.55,2.8,26432.933,132126.06,0.9,23916.874,666621.7,1.2,27334.881,633222.25,1.8,197.564,10744.77,3.1,201.612,4844.32,4.3,28390.672,1423190.85,2.9,31320.051,709343.38,1.5,4065.978,189042.92,0.9,4559.616,101662.58,1.6,2006597.33,2.1,118.8,688603.58,1,106.7
121  Sb  [ No Gas ] :  CPS RSD value = 5.07 is over the allowed maximum = 5.00137  Ba  [ No Gas ] :  Concentration value = 138.04 is over the calibration range137  Ba  [ He ] :  Concentration value = 119.71 is over the calibration range138  Ba  [ He ] :  Concentration value = 130.08 is over the calibration range147  Sm  [ No Gas ] :  CPS RSD value = 5.49 is over the allowed maximum = 5.00153  Eu  [ He ] :  CPS RSD value = 7.58 is over the allowed maximum = 5.00157  Gd  [ He ] :  CPS RSD value = 7.84 is over the allowed maximum = 5.00159  Tb  [ No Gas ] :  CPS RSD value = 5.30 is over the allowed maximum = 5.00165  Ho  [ No Gas ] :  CPS RSD value = 5.37 is over the allowed maximum = 5.00,FALSE,206SMPL_20250514_Ac Series 575  to 858_rerun .D,15-05-2025 01:33,Sample,,MCS 727,24323.915,537364.2,2.6,27803.988,2562.81,9.8,2453.78,16696.88,2.9,2225.917,250.25,6.9,7344.723,294702.11,1.6,8358.062,10631.53,1.6,65199.228,3700890.79,0.4,60895.103,259346.09,1.1,50043.736,2785039.84,0.6,45050.335,287673.25,0.9,7655.159,464423.58,2.1,7915.876,92924.85,0.8,17884.568,272091.3,1.7,19012.161,68990.25,0.6,14434.293,477579.39,0.5,15034.71,137098.23,3.3,237969.62,1969064.49,1.8,234810.168,274316.26,1.1,15389.034,476205.24,1.4,17490.265,23718.3,4,140741.068,8533322.72,2.6,122449.21,268197.91,1.9,58327.149,5262431.4,1.7,49486.25,169141.19,1.2,20814.957,1965955.7,2.4,21071.837,146496.16,1.2,8926.219,467256.73,2.5,9310.364,66347.29,1.4,1076.162,18261.09,0.4,1214.665,5249.65,1,<0.000,2706.33,6.9,<0.000,780.81,7.7,183.263,1771.9,2.3,125.031,337.01,12.4,4155.459,90016.63,0.9,4230.999,12902.72,3.2,364.639,22204.71,5.1,330.934,3036.74,2.2,7318.963,589391.84,0.2,7470.439,46447.3,1.2,494491.611,4424674.06,1.8,428800.098,483006.66,3.1,465953.851,3541772.51,1.5,45510.608,3933638.34,2.4,40939.116,701219.37,0.7,90103.648,6918073.3,2.8,77423.877,1655118.4,0.9,9131.391,795717.85,3.8,9243.542,171288.39,1.8,33941.088,498356.9,2.9,33927.345,115711.47,0.9,6400.275,80660.3,5.5,6388.932,18715.92,2.5,1177.408,54053.14,3.7,1178.49,13965.05,7.6,5897.025,80723.34,3.6,5585.131,28540.96,7.8,804.099,69055.17,5.3,728.974,21296.02,3.1,4523.431,87945.93,3.3,4707.853,29494.31,3.6,828.912,67198.02,5.4,823.728,23094.42,3.6,2379.118,61965.1,4,2409.835,21807.49,1.9,289.608,24695.98,0.4,286.261,9596.65,5.1,1994.266,33247.62,3.4,2055.712,13554.28,3.8,250.289,20601.03,1.9,237.126,4241.66,1.6,313.01,6635.13,1.7,314.958,2406.91,10.5,1056.602,71603.27,4.4,1054.119,39951.2,3.2,656.585,28006.79,3.3,692.491,14416.27,1.3,32063.279,186704.2,3.5,29634.289,154269.44,3,28479.562,781541.28,1.6,30181.538,728481.04,1.6,444.302,21211.82,3.1,426.657,9226.89,8.5,17635.84,873699.82,3.3,18778.322,444367.19,0.7,2832.329,130660.06,1.9,3091.898,72403.82,1.3,1890117.68,2,111.9,685541.04,0.4,106.2
"7  Li  [ No Gas ] :  CPS RSD value = 7.50 is over the allowed maximum = 5.00137  Ba  [ No Gas ] :  CPS RSD value = 5.00 is over the allowed maximum = 5.00166  Er  [ No Gas ] :  CPS RSD value = 5.14 is over the allowed maximum = 5.00169  Tm  [ No Gas ] :  CPS RSD value = 5.27 is over the allowed maximum = 5.00172  Yb  [ No Gas ] :  CPS RSD value = 6.58 is over the allowed maximum = 5.00178  Hf  [ No Gas ] :  CPS RSD value = 15.16 is over the allowed maximum = 5.00181  Ta  [ No Gas ] :  CPS RSD value = 6.12 is over the allowed maximum = 5.00205  Tl  [ He ] :  CPS RSD value = 8.82 is over the allowed maximum = 5.00208  Pb  [ No Gas ] :  CPS RSD value = 6.71 is over the allowed maximum = 5.00209  Bi  [ He ] :  CPS RSD value = 6.76 is over the allowed maximum = 5.00232  Th  [ No Gas ] :  CPS RSD value = 5.48 is over the allowed maximum = 5.00103  Rh ( ISTD )  [ No Gas ] :  CPS RSD value = 23.72 is over the allowed maximum = 5.00103  Rh ( ISTD )  [ No Gas ] :  ISTD Recovery Percent value = 120.44 is outside the allowed range [80.00, 120.00]",FALSE,207_QC1_20250514_Ac Series 575  to 858_rerun .D,15-05-2025 01:37,QC1,,QC MES 50 ppb,46.471,3747564.45,7.5,46.217,15173.56,1.2,41.8,1034742.45,0.7,45.047,17926.22,1.8,37.449,5128852.82,2.5,36.934,162864.49,0.9,42.561,8962679.37,0.6,41.109,627927.8,2.4,42.324,8156779.09,3.5,39.708,854382.98,2.4,42.515,9112036.22,2.5,40.19,1604062.45,1,35.993,1774051.71,2,40.483,457561.73,0.4,43.026,5028789.01,0.8,40.484,1256876.67,1.8,34.421,1159609.61,2.4,36.114,164458.96,0.7,45.053,5163252.64,2.2,41.162,199540.7,2,46.576,10475548.07,2.9,41.627,327459.81,2.5,42.162,12905049.66,1.8,38.748,420935.27,2.2,47.052,16493581.53,1,42.999,1070149.29,1.7,44.47,8117022.59,2.6,42.494,1021249.41,0.9,40.552,2029812.16,2.5,44.386,563099.34,1,45.113,4823124.39,3.8,43.228,1645359.37,1.6,42.768,1042450.58,3.5,45.923,239511.78,2,49.933,3783966.06,2.7,45.001,462869.48,1.8,48.517,5432510.85,3,45.758,650267.14,2.6,48.537,14353483.51,3.3,44.685,986177.56,3.1,47.151,1574929.83,5,49.646,202219.18,1.6,47.692,1310179.48,2.6,49.265,15809983.35,4,46.634,2865626.57,0.8,48.849,13913897.26,3.7,49.8,3821970.93,2,50.861,16401803.5,2.7,53.131,3518193.1,0.1,43.738,2382288.33,3,46.84,572925.74,1.3,44.629,2075561.77,2.9,48.264,504343.68,0.3,51.293,8430804.57,3.4,47.139,1916824.12,3.4,45.655,2301792.27,3.7,49.231,895899.68,1.3,50.658,15429151.27,1.8,53.682,5259230.6,2.4,52.135,3741816.51,0.4,48.812,1086769.95,1.2,51.303,14792638.5,2.4,54.276,5162324.52,2.2,51.822,4916180.04,5.1,49.997,1593050.45,4,52.026,14385597.29,5.3,55.363,5656685.24,1.2,46.383,2801805.35,6.6,51.199,1177733.36,1.7,51.663,13562349.05,4.5,48.051,2583417.59,1.7,51.803,3468473.7,15.2,51.603,1209081.1,2.9,52.049,12623433.56,6.1,53.638,7070802.19,1.3,53.481,7532107.13,4,55.182,3661992.1,8.8,53.378,1107456.62,2.9,52.543,973647.22,3.4,54.935,5519473.23,6.7,51.835,4456885.77,2,54.339,8744540.08,3.5,53.519,3614354.53,6.8,54.536,9967926.9,5.5,59.277,5025265.17,2.7,55.073,9300108.25,1.1,63.102,5193074.02,2.2,2033589.38,23.7,120.4,687603.02,1,106.6
9  Be  [ No Gas ] :  CPS RSD value = 5.47 is over the allowed maximum = 5.00137  Ba  [ No Gas ] :  Concentration value = 138.73 is over the calibration range137  Ba  [ He ] :  Concentration value = 102.35 is over the calibration range138  Ba  [ He ] :  Concentration value = 100.15 is over the calibration range153  Eu  [ He ] :  CPS RSD value = 6.35 is over the allowed maximum = 5.00103  Rh ( ISTD )  [ No Gas ] :  CPS RSD value = 15.33 is over the allowed maximum = 5.00,FALSE,208SMPL_20250514_Ac Series 575  to 858_rerun .D,15-05-2025 01:42,Sample,,MCS 728,24766.972,438114.72,1.5,22555.639,1918.73,2.1,2094.362,11422.84,5.5,1894.316,196.86,7.8,9012.533,286841.82,0.6,8550.842,10027.1,1.1,71848.685,3262614.29,0.5,57465.563,225183.77,1.5,61674.424,2713171.61,1.2,46292.483,273424.41,2.8,7618.361,370947.15,2.8,6545.052,71958.24,0.9,18246.259,224822.63,1,16229.614,56502.19,0.3,17759.785,466342.69,2.2,15822.249,132961.43,1.9,55858.359,509649.55,1.6,39616.63,66904.3,0.7,18405.13,454317.17,2.8,18943.53,23621.38,2,120150.035,5832763.82,1.2,89820.822,181173.43,3,65260.505,4693690.47,1,45460.126,147761.31,2.8,23836.341,1798077.4,1.8,20926.17,133841.18,0.3,8421.268,356014.08,1.1,7291.297,49025.06,3,692.293,10741.84,2.5,627.233,3006.7,2.9,128.341,6528.19,3.6,73.954,2292.51,10.7,21.662,603.95,12.4,<0.000,116.78,13.1,4673.753,80971.21,1.8,3977.974,11272.93,1.7,261.929,16082.85,3.8,79.15,2032.2,7.5,8432.293,542635.36,1.6,7158.417,41000.01,0.9,544140.423,3887234.74,2.8,401436.245,416122.87,1.4,392820.002,2749137.27,1.4,71529.328,4941558.76,2.2,55883.072,879992.96,1.4,146322.391,8980446.71,0.6,108568.271,2134140.34,1.8,14550.792,1014426.38,1.7,12761.528,217179.52,1.4,55063.04,646481.01,1.3,48507.005,152115.43,3.3,10658.593,107494.7,1.7,9267.258,24919.44,0.3,1830.186,66387.15,2,1493.72,16190,6.4,9871.039,107771.54,1.9,7946.402,37255.65,3.3,1227.085,83029.2,2.5,1035.197,27390.63,2.3,6422.104,99546.34,1.7,5709.902,32862.5,2.2,1079.788,69531.8,2.5,968.341,24866.32,0.6,2982.048,62059.02,0.4,2672.488,22235.33,2.2,407.222,27009.53,1.4,328.12,10050.79,3.3,2744.332,36386.07,2.7,2415.983,14626.57,4.7,365.522,23265.02,1.5,313.859,5016.03,1.3,355.272,5994.79,0.7,319.198,2270.21,1.9,1321.007,71465.2,1.5,1281.557,44539.79,3.7,666.829,22974.5,1.4,564.489,11219.74,4.1,30148.962,161701.05,2.7,28273.781,135540.25,2.1,31419.647,688462.68,2.7,28887.38,642150.03,0.8,410.683,15907.07,3.2,335.044,7005.37,4.8,29252.002,1157283.98,1.6,26769.974,582129.22,0.7,4528.355,165849.78,2.9,4118.702,88335.26,0.7,1683125.47,15.3,99.7,690400.17,1.9,107
118  Sn  [ He ] :  CPS RSD value = 5.28 is over the allowed maximum = 5.00137  Ba  [ No Gas ] :  Concentration value = 122.10 is over the calibration range137  Ba  [ He ] :  Concentration value = 106.71 is over the calibration range138  Ba  [ He ] :  Concentration value = 106.18 is over the calibration range138  Ba  [ He ] :  CPS RSD value = 7.85 is over the allowed maximum = 5.00166  Er  [ No Gas ] :  CPS RSD value = 5.34 is over the allowed maximum = 5.00,FALSE,209SMPL_20250514_Ac Series 575  to 858_rerun .D,15-05-2025 01:46,Sample,,MCS 729,18290.989,373151.55,0.8,19408.175,1671.78,3.2,1619.533,10284.15,0.4,1386.538,146.81,14.2,7508.534,278613.84,0.9,8210.595,9746.62,0.4,57210.274,2988408.52,0.8,52811.498,209146.67,1.7,41946.449,2212218.78,0.7,42910.177,258197.65,1.2,6035.582,344015.22,0.3,6051.06,67691.82,3.9,13943.688,206981.13,0.8,13922.789,50566.18,2.7,12734.635,392658.35,1.1,12358.181,106819.47,3.1,64214.257,644463.7,1.5,59648.532,87329.55,1.9,14894.419,423785.1,1.8,17813.282,22458.19,1.7,110124.058,6137092.73,1.9,93457.058,190322.88,2.3,47427.668,4138659.71,1.1,39189.297,133280.14,2.1,17828.113,1548254.82,4.6,17972.227,116198.8,0.7,5138.858,261890.43,2.2,5236.561,36855.28,3,517.335,10234.27,1,503.378,2639.59,6.7,<0.000,4054.71,2.1,<0.000,1288.02,7.4,<0.000,567.25,13.4,<0.000,93.43,37.6,3843.525,77382.23,1.1,3893.598,11172.72,5.3,121.342,14743.2,1.2,86.178,2092.27,4.4,6600.741,489641.57,1.7,6541.256,37920.94,3,483140.322,3974518.59,1.6,422251.378,442146.03,1.7,420152.639,2972849.11,7.9,58134.821,4616763.34,2.1,51738.26,822990.1,0.2,118649.115,8366370.55,3,99665.974,1978578.53,1.2,11826.261,946590.6,0.7,11507.325,198003.28,1.3,43819.843,590828.27,3,43621.879,138188.29,1.6,8420.024,97451.27,0.9,8365.002,22729.92,2.6,1267.311,53476.92,0.4,1189.296,13143.35,2.9,7259.649,91260.5,0.7,6690.983,31735.17,1.3,876.38,69205.62,2.3,812.6,22044.77,4.5,4522.078,80884.14,1.1,4491.74,26166.95,4.8,838.024,62662.2,0,841.292,22011.47,2.1,2318.489,55638.91,5.3,2319.671,19554.89,3.6,326.917,25541.62,1.2,304.388,9533.18,1.7,2265.62,34689.42,1.3,2242.986,13741.39,1.6,301.622,22546.32,2,287.619,4712.29,5.3,209.046,4427.48,2.9,182.581,1470.1,4.7,1056.515,66025.06,2.9,1095.196,38623.48,2.9,505.9,20755.04,1.2,479.959,9903.93,1,27501.469,149208.05,1.7,26088.468,126512.61,0.3,25962.504,656023.65,0.8,26445.979,594512.32,0.6,281.534,13190.5,3,235.757,5351.21,8.1,23167.356,1054447.55,0.8,23641.036,519648.35,2.5,3400.007,143902.26,2.9,3515.748,76479.92,4.4,1917737.48,1,113.6,703716.27,2.4,109.1
"88  Sr  [ No Gas ] :  CPS RSD value = 5.05 is over the allowed maximum = 5.00137  Ba  [ No Gas ] :  Concentration value = 125.16 is over the calibration range137  Ba  [ He ] :  Concentration value = 123.69 is over the calibration range138  Ba  [ He ] :  Concentration value = 135.72 is over the calibration range103  Rh ( ISTD )  [ No Gas ] :  CPS RSD value = 10.75 is over the allowed maximum = 5.00103  Rh ( ISTD )  [ No Gas ] :  ISTD Recovery Percent value = 127.72 is outside the allowed range [80.00, 120.00]",FALSE,210SMPL_20250514_Ac Series 575  to 858_rerun .D,15-05-2025 01:50,Sample,,MCS 730,26447.998,615433.63,3,32454.077,2799.76,10.4,1697.108,12301.14,0.5,1736.631,183.52,19.2,7750.093,327570.69,0.5,9804.847,11643.36,1.5,66990.564,3997945.35,0.7,69573.586,277424.45,1.9,54920.876,3208366.71,0.6,56152.14,331686.74,0.4,8492.408,540753,0.8,9814.179,107090.81,1.1,20576.569,325502.27,2.4,24788.207,82013.16,1.1,16082.099,558525.84,0.3,19026.903,161084.14,0.6,44993.273,580536.33,3.3,49610.625,77455.36,0.7,16401.396,534718.14,3.5,23895.911,30325.02,2,126899.781,8072091.48,3.4,121830.115,249972.67,2.2,38191.147,3981436.76,5,37094.065,128048.92,1.6,19542.261,1937462.15,2.9,22475.49,146394.76,1.5,8405.06,467250.45,1.7,9984.675,66669.4,0.8,392.432,9810.18,3.9,570.949,2856.52,11.8,<0.000,3487.31,8.3,<0.000,1031.08,7.3,<0.000,373.72,15.7,<0.000,83.42,6.9,4292.288,98089.61,1.4,4975.269,14138.61,2.2,143.993,17255.52,2.3,213.336,2536.13,10,8188.385,692581.86,2.6,9324.771,54192.18,2.7,482787.649,4541548.85,0.9,477145.49,503510.99,1.9,523542.76,3725856.39,2,87339.038,7927699.8,1.4,88643.803,1421145.42,2,173816.571,14012616.81,1,196495.344,3931051.79,1.1,17776.543,1626285.09,2.2,20301.288,351370.54,0.7,65820.964,1013509.76,2.3,77348.017,246844.19,1.6,12690.999,167460.25,3.3,14741.264,40287.75,1,1809.279,86435.02,0.8,2049.909,22368.91,4.2,10649.81,152510.07,4.2,11335.105,54006.35,2.8,1131.02,100947.23,1.2,1195.197,31962.69,2.4,5129.162,104745.45,1.6,6248.361,36589.97,0.7,854.681,73025.5,0.8,988.905,25812.43,2.5,2381.941,65301.65,1.6,2756.268,23341.92,4.5,291.893,26370.87,1.4,325.717,10140.97,2.5,2096.116,36704.04,2.4,2482.784,15284.71,1.8,272.849,23596.02,3.9,303.992,4962.64,3.6,304.01,6868.59,2.2,361.602,2566.94,5.7,1151.633,82036.6,3.5,1366.225,48244.03,2.6,647.114,29261.08,2.5,717.133,14045.47,4.3,29635.573,161898.49,0.2,28467.148,138969.63,2.2,24387.714,706777.98,2.8,28922.77,654763.82,1.7,354.332,18397.19,4.1,383.734,7972.62,1.1,32326.193,1685142.07,2.5,39278.504,868974.08,3,4619.262,222591.77,0.7,5550.49,120658.54,0.3,2156477.52,10.7,127.7,691704.05,2.3,107.2
52  Cr  [ No Gas ] :  CPS RSD value = 9.40 is over the allowed maximum = 5.00137  Ba  [ No Gas ] :  Concentration value = 113.04 is over the calibration range165  Ho  [ He ] :  CPS RSD value = 6.03 is over the allowed maximum = 5.00169  Tm  [ No Gas ] :  CPS RSD value = 6.22 is over the allowed maximum = 5.00,FALSE,211SMPL_20250514_Ac Series 575  to 858_rerun .D,15-05-2025 01:54,Sample,,MCS 731,22608.898,456177.1,0.5,24464.481,2065.56,6.8,1932.989,12104.11,2.5,1511.386,156.82,31.5,7047.115,261171.2,0.1,7623.941,8928.56,1.3,62316.282,3227354.76,1.3,58173.482,226291.08,2,48828.699,2512535.77,9.4,44157.913,260728.08,3.7,7593.96,422727.14,3.3,7716.516,83359.03,1.8,16697.549,238200.43,2.2,17446.577,59689.35,1.2,15459.138,467205.17,1.3,16133.331,134569.19,2.8,37855.969,462764.92,1.8,33783.716,61342.38,3,14328.543,404629.89,1.5,16669.575,20656.79,2.5,122059.356,6747485.21,1.3,102720.502,205644.58,2.5,43881.113,3863555.65,2,35825.892,122539.14,3.1,18158.211,1564294.56,0.5,18622.64,118367.13,2.4,6854.274,336570.07,1.1,7174.36,48028.14,1,159.381,5793.78,5.1,192.316,1601.7,5.3,<0.000,3233.66,4.7,<0.000,1057.77,6.4,<0.000,403.75,15.1,<0.000,123.46,33.8,3775.925,75576.5,2.9,3860.477,10898.87,2.8,249.837,18234.52,2.8,200.139,2479.39,2.9,6610.332,486339.13,3.5,6725.852,38295.64,1.6,450599.464,3678329.79,2.2,397129.79,408839.11,1.4,382845.109,2660685.9,1.3,45907.135,3618575.04,1.3,42204.827,660148.46,0.5,94814.143,6632174.9,2.2,82034.019,1601190.93,1.2,9340.768,742660.42,2.4,9565.422,161875.41,2.8,35445.641,474228.85,1.9,36259.098,112897.04,2.5,6725.936,77352.46,1.8,6693.164,17913.97,3.9,1172.996,49255.31,2.5,1148.885,12508.75,3.4,6316.834,78835.85,3.9,5761.969,26898.97,2.9,792.932,62443.85,1.3,760.375,20370.19,1,4191.183,74441.21,2.8,4331.673,24832.72,1,752.798,56158.38,3.3,777.319,20106.32,6,2020.13,48221.24,1,2095.985,17412.9,2.5,250.54,20159.84,6.2,238.314,7666.72,2,1749.993,26725.35,2.2,1687.618,10264.5,2.9,214.678,16778.12,4.6,201.88,3463.96,2.8,241.236,4937.67,7.2,244.786,1816.8,2.6,1028.118,63821.01,2.7,1022.727,35557.55,2,557.737,22409.67,2.8,581.836,11463.55,0.2,22685.074,121321.99,2.5,21344.474,102069.79,0.6,21032.427,528952.92,3.4,21714.56,481216.12,2.5,383.378,17118.79,2.3,381.309,7775.83,7.2,18885.114,853221.22,2,19266.476,416354.75,0.9,2835.37,119435.67,5,3173.263,67983.41,1.6,1916738.2,1.6,113.5,696613.93,1.5,108
95  Mo  [ No Gas ] :  CPS RSD value = 6.96 is over the allowed maximum = 5.00137  Ba  [ No Gas ] :  Concentration value = 154.47 is over the calibration range137  Ba  [ He ] :  Concentration value = 133.27 is over the calibration range138  Ba  [ He ] :  Concentration value = 143.70 is over the calibration range153  Eu  [ He ] :  CPS RSD value = 7.17 is over the allowed maximum = 5.00,FALSE,212SMPL_20250514_Ac Series 575  to 858_rerun .D,15-05-2025 01:58,Sample,,MCS 732,28448.447,628635.59,4.6,30396.04,2799.76,9.7,1623.955,11205.79,3.5,2161.347,243.58,24.8,8176.476,325960.04,0.7,8858.886,11266,4.3,72424.729,4117682.28,0.6,67945.918,289596.26,1.9,62313.562,3408729.57,1.7,54638.827,343892.83,2,9651.368,580275.24,0.9,9832.32,114243.41,2.7,21912.96,325094.3,2.5,22665.472,80367.9,1.3,20740.828,675888.55,1.2,21295.291,191149.04,1.6,53025.689,599194.94,1.6,48470.752,79489.13,1.2,17166.501,532226.98,1.9,18858.619,25596.97,0.2,156229.503,9488679.53,0.6,133088.809,291941.03,2.4,40554.472,3906689.41,2.6,33874.786,125579.64,3.1,18639.539,1764956.89,1.5,18618.511,129697.2,1.5,10005.448,521225.4,0.8,10436.917,73991.59,3.1,498.188,10524.8,7,516.271,2793.1,2.5,<0.000,3483.96,4.7,<0.000,1044.43,8.7,<0.000,327,30,<0.000,60.06,16.7,4597.052,99246.79,1.5,4687.434,14215.42,4.6,208.264,17566.32,2.1,180.894,2456.04,5.3,8610.676,693657.1,1.5,8706.786,54111.63,0.9,555167.753,4977821.69,0.8,478976.969,539896.33,1.4,516459.256,3927320.04,2.6,46192.774,4002536.82,0.9,42790.476,734373.44,4.2,100117.693,7701032.92,0.8,85675.025,1832296.41,3.6,9634.332,841639.03,0.8,10082.484,187066.94,2.1,38435.878,565240.91,2.2,37408.121,127688.4,2.6,6991.342,88318.69,2.1,7336.856,21499.76,1.6,1324.871,60686.22,4.8,1251.552,14810.26,7.2,6584.404,90279.57,3,6430.864,32862.44,1.1,878.483,75314.16,2.9,795.902,23144.52,4.1,4488.122,87484.99,1.4,4728.057,29658.04,2.7,785.31,63950.22,4.6,802.395,22552.86,2.5,2306.88,60288.78,2,2276.756,20644.33,2.8,282.994,24264.53,2,288.298,9670.1,3.9,2092.208,34927.11,2.6,2133.709,14072.03,0.4,257.809,21189.29,4.5,260.898,4602.14,4.2,351.739,7362.21,8.9,362.805,2723.65,0.8,1176.027,79665.05,1.3,1219.351,46075.74,3,674.465,28749.3,3.1,706.28,14690.25,2.1,30053.207,175377.46,1.9,28269.984,147436.28,2.1,27929.063,768423.71,0.7,29047.453,702268.57,0.9,375.822,18290.44,2.8,368.162,8142.76,0.8,20236.529,1004657.6,2.8,21214.963,502447.55,1.3,3302.653,152307.29,2.7,3605.253,84245.15,1.8,1900192.12,1,112.5,689058.38,3,106.8
90  Zr  [ No Gas ] :  CPS RSD value = 7.67 is over the allowed maximum = 5.00137  Ba  [ No Gas ] :  Concentration value = 313.24 is over the calibration range137  Ba  [ He ] :  Concentration value = 273.81 is over the calibration range138  Ba  [ He ] :  Concentration value = 294.24 is over the calibration range140  Ce  [ No Gas ] :  CPS RSD value = 9.33 is over the allowed maximum = 5.00166  Er  [ He ] :  CPS RSD value = 5.66 is over the allowed maximum = 5.00169  Tm  [ No Gas ] :  CPS RSD value = 5.60 is over the allowed maximum = 5.00178  Hf  [ No Gas ] :  CPS RSD value = 9.07 is over the allowed maximum = 5.00181  Ta  [ He ] :  CPS RSD value = 7.06 is over the allowed maximum = 5.00,FALSE,213_QC2_20250514_Ac Series 575  to 858_rerun .D,15-05-2025 02:02,QC2,,SJS-Std,44528.966,955875.83,1.6,50027.184,4498.58,3.3,1294.756,8794.95,1.9,1471.589,163.5,18.7,7703.438,301149.43,0.8,8672.457,10805.14,1,104092.574,5758626.76,1,93479.252,389816.99,1.6,108638.369,5595591.64,2.4,97904.229,583023.5,2.4,10201.4,596822.72,0.7,10147.921,115394.14,0.2,63770.158,847041.83,3,65860.426,208917.18,0.2,28017.422,880992.27,1.2,28290.479,246048.44,1.4,79833.823,781467.95,1.2,74812.378,105286.02,0.3,13892.878,420324.31,1.2,14206.566,18912.42,2.4,96124.039,5697377.6,1.5,81488.945,175164.68,1.1,250994.802,19646404.78,0.7,215738.079,623358.79,1.1,13915.855,1285915.43,3.3,14093.351,96234.22,0.9,58218.529,2811985.69,7.7,56293.416,371839.68,2.2,2919.416,42133.46,1.9,3055.123,11519.97,2.9,209.687,9953.81,2.1,129.41,2903.24,4.1,370.083,2939.95,7.6,331.639,627.31,12.2,1303.122,31282.58,1.7,1282.887,4405.18,9.1,1251.259,47970.6,4.8,1241.235,6528.2,1.4,4793.327,379552.1,1.1,4774.483,29309.51,1.1,1143587.961,9977678.74,3.1,999620.622,1100874.5,1.5,1074201.591,7987464.77,1.5,19085.602,1615017.57,1,19265.197,324124.04,1.1,38979.556,2926468.45,9.3,36787.279,771923.85,0.5,4430.881,379239.58,2.8,4354.51,79611.99,1.3,16759.926,240728.55,1.2,17067.329,57179.69,1.2,3266.047,40498.67,2.2,3290.825,9516.46,1.5,971.777,43920.66,3.5,810.27,9616.63,0.7,3303.25,44459.5,1.3,3240.616,16343.7,1.7,450.165,39257.5,3.6,416.692,12552.19,1.1,2850.051,54493.41,1.1,2878.629,17803.86,1.8,530.686,43083.9,2.3,550.863,15578.65,1.2,1659.733,42561.64,3.2,1594.739,14299.2,5.7,219.648,19073.67,5.6,219.998,7586.58,2.2,1619.087,26501.33,2.8,1616.265,10534.99,3.3,227.157,18582.58,3.2,222.465,3954.61,8.6,2109.46,38687.37,9.1,2186.402,14328.34,4.1,757.284,50841.04,2,786.565,29552.12,7.1,514.338,22125.56,1.8,525.384,11136.23,4.2,20395.868,117084.4,4.1,19063.092,97906.05,2.5,18143.701,489399.26,2.1,19602.27,466367.29,2.2,257.139,12826.79,2.7,241.481,5654.67,3.1,9943.314,482607.82,0.7,10464.16,243327.19,2.9,3278.85,147447.44,1.1,3548.994,81241.93,2,1881284.05,0.2,111.4,684783.93,0.7,106.1
7  Li  [ No Gas ] :  CPS RSD value = 5.57 is over the allowed maximum = 5.00137  Ba  [ No Gas ] :  Concentration value = 144.69 is over the calibration range137  Ba  [ He ] :  Concentration value = 127.87 is over the calibration range138  Ba  [ He ] :  Concentration value = 135.73 is over the calibration range,FALSE,214SMPL_20250514_Ac Series 575  to 858_rerun .D,15-05-2025 02:06,Sample,,MCS 733,24097.376,500944.75,5.6,25256.934,2185.7,3.3,2216.496,14251.65,2.6,1893.476,200.2,21.8,7088.071,270146.67,0.3,7675.718,9215.72,2.8,60639.355,3241988.35,2.1,57168.261,228475.4,1.5,53425.316,2799223.4,3,46822.837,281411.52,2,7245.763,416825.55,0.6,7483.74,83043.4,0.9,16325.359,239930.37,2.6,17209.702,60299.23,3.3,11982.245,379294.09,1.5,12282.451,107011.23,2.4,36833.615,463606.61,1.2,34922.651,63145.86,1,15805.768,460284.4,0.8,18087.109,23016.31,2,141852.01,8090955.35,1.3,122521.176,251767.19,1.3,67415.948,5666920.89,1.7,56080.341,178180.47,1.4,20735.247,1842528.16,0.9,21363.092,139354.91,1.6,6329.497,322271.7,2.3,6584.951,45515.67,1.3,328.9,7997.14,5.6,335.415,2085.59,7,<0.000,2986.68,0.8,<0.000,917.62,7.7,<0.000,393.74,7.8,<0.000,66.73,31.2,3914.207,80447.51,0.8,4067.79,11720.42,0.7,157.945,15838.94,0.9,98.571,2115.63,6.9,6979.819,529548.76,1.8,6923.171,40421.03,3.7,558163.06,4699351.76,1.5,493251.833,521115.35,2.5,523566.081,3730258.7,3.1,50223.444,4084463.22,1.4,45774.636,735576.28,3.5,103790.251,7494030.92,0.3,88123.324,1766296.14,2.4,10444.582,856242.1,1.9,10518.355,182743.39,0.3,39604.972,546891.76,2.2,40389.482,129157.7,1.7,7788.476,92287.96,4.8,7872.316,21603.4,2.2,1542.881,66209.63,2.5,1544.973,17035.25,1.5,6972.443,89748.42,2.2,6539.197,31320.35,2.2,879.911,71045.11,2.3,831.601,22693.24,0.6,4776.162,87404.26,0.5,4950.952,29089.55,1.2,860.158,65708.11,0.8,883.182,23224.72,1.9,2453.74,60204.74,3.1,2571.406,21814.26,3.7,323.035,25809.18,1.8,311.992,9776.98,7.9,2299.96,36034.64,1.7,2340.571,14439.51,3.3,303.574,23141.4,1.6,297.853,4885.87,7.2,223.131,4754.26,7.2,236.363,1803.47,5.5,988.073,63331.46,2.3,1009.922,36045.61,1.6,670.806,27070.33,2.1,659.351,13060.02,0.9,34454.836,188181.39,2.2,33062.132,161332.48,1.6,32276.371,832794.1,3.5,33210.473,751660.01,1.3,245.367,11979.23,4.8,225.618,5201.13,5.7,20540.973,957303.63,3.8,21455.115,476084.33,1.9,3141.658,136325.98,1.9,3341.283,73381.14,1.9,1914710.65,1.7,113.4,692644,2.8,107.3
118  Sn  [ He ] :  CPS RSD value = 5.26 is over the allowed maximum = 5.00137  Ba  [ No Gas ] :  Concentration value = 189.82 is over the calibration range137  Ba  [ He ] :  Concentration value = 166.55 is over the calibration range138  Ba  [ He ] :  Concentration value = 177.70 is over the calibration range166  Er  [ He ] :  CPS RSD value = 7.72 is over the allowed maximum = 5.00209  Bi  [ No Gas ] :  CPS RSD value = 5.47 is over the allowed maximum = 5.00,FALSE,215SMPL_20250514_Ac Series 575  to 858_rerun .D,15-05-2025 02:10,Sample,,MCS 734,30025.278,612055.57,0.2,33620.477,2806.44,6.9,2671.037,16797.1,3.6,2655.327,270.27,7.4,8479.088,312978.18,0.7,9732.296,11199.21,3.1,74286.783,3895509.89,2,70591.85,272492.17,1.2,60370.597,3076932.46,1.2,55287.904,316969.19,1.5,10213.508,567136.16,1.1,10679.821,112449.74,1,21009.896,292508.21,2.9,22317.71,72683,0.7,18941.517,573765.88,2.1,19699.646,161285.7,2.2,64898.109,651590.94,1,63323.989,88508.03,2.7,18144.13,518746.22,1.3,21957.286,26974.46,0.6,155555.475,8713429.07,1,137342.702,272710.56,1.4,70802.448,5822022.66,2.3,59682.696,181914.65,2.6,25478.033,2222568.04,1,25999.523,163799.06,2.8,5598.095,284039.67,3.6,5954.582,40265.17,1.6,412.559,8965.43,0.3,330.359,2018.85,9.2,<0.000,2739.71,7.5,<0.000,1027.74,16.6,<0.000,443.79,9.1,<0.000,100.1,36.1,5347.567,106122.11,1.5,5320.38,14592.94,5.3,160.309,15828.96,3,105.478,2098.94,5.1,8993.486,668469.57,1.3,9116.992,51327.68,3.3,745992.822,6164451.13,1.6,654557.978,667564.57,1.8,698360.702,4808029.18,2.2,74299.195,5934324.13,1.1,68917.656,1069355.97,2.5,150259.658,10653848.04,1.3,128676.213,2492634.57,0.5,14780.383,1188917.88,0.5,15676.95,262836.88,0.9,56392.794,764310.12,1.3,58044.932,179323.63,1.4,10626.54,123536.71,2.5,11278.261,29868.58,2.2,1790.089,75178.22,1.3,1769.876,18782.85,1.4,9511.442,120035.27,2.6,9514.811,43933.76,2.7,1173.402,92044.26,2.5,1119.57,29082.7,0.7,5873.471,105352.67,2.3,6220.481,35261.54,2.3,1039.869,77486.46,3.3,1058.399,26678.52,0.6,2899.445,69692.85,2.2,3193.015,26100.2,7.7,373.609,28899.03,1.3,377.726,11186.25,3,2585.265,39712.96,1.6,2744.198,16316.99,3.9,339.919,25170.64,2.7,341.157,5316.49,6.2,212.688,4507.5,4.3,224.222,1676.79,16.2,1210.896,75737.75,3.3,1329.869,45496.89,4,787.587,30742.77,0.4,769.222,14496.49,1.7,33367.654,176220.88,1.5,30926.124,146024.31,4,28254.786,717157.24,2.6,31311.862,685499.88,0.5,355.805,16234.17,5.5,339.111,6978.68,7.6,28086.32,1284655.28,3.1,29959.903,641990.55,3.4,4244.609,180059.64,1.1,4646.425,98040.62,2.2,1916114.4,1.9,113.5,681820.78,0.4,105.7
52  Cr  [ No Gas ] :  CPS RSD value = 7.79 is over the allowed maximum = 5.00137  Ba  [ No Gas ] :  Concentration value = 125.74 is over the calibration range137  Ba  [ He ] :  Concentration value = 109.31 is over the calibration range138  Ba  [ He ] :  Concentration value = 109.96 is over the calibration range138  Ba  [ He ] :  CPS RSD value = 7.40 is over the allowed maximum = 5.00163  Dy  [ He ] :  CPS RSD value = 5.92 is over the allowed maximum = 5.00208  Pb  [ No Gas ] :  CPS RSD value = 5.30 is over the allowed maximum = 5.00209  Bi  [ No Gas ] :  CPS RSD value = 6.52 is over the allowed maximum = 5.00,FALSE,216SMPL_20250514_Ac Series 575  to 858_rerun .D,15-05-2025 02:14,Sample,,MCS 735,20744.975,474829.1,2.8,24475.159,2255.78,4.4,1349.418,9679.78,3.7,1736.915,196.87,50.2,5855.587,248057.78,1.8,6940.706,8888.52,3.8,52668.269,3097911.25,1.5,50485.735,214940.6,1.8,40915.995,2407234.74,7.8,41971.958,269335.94,0.9,7245.783,456101.61,1.4,7622.365,89548.43,1.2,15786.183,252899.55,2.4,17214.628,63292.73,2,14773.952,504810.46,1.3,15576.248,141534.75,1.5,40687.146,520747.09,0.8,41178.472,71304.64,1.2,13037.073,417886.1,2.7,15211.553,20633.4,2.3,124502.766,7809024.25,0.3,111835.775,244794.97,3.7,38599.388,3866368.25,4,32800.181,121921.58,2.5,15954.918,1559994.42,1.1,17133.499,119116.11,2.2,6428.599,356605.24,2.1,6864.726,49968.87,0.2,427.378,9816.85,2.2,495.796,2702.99,2,<0.000,2749.72,7.5,<0.000,850.88,8.9,<0.000,327,26.4,<0.000,63.4,18.2,3390.06,76929.09,3.6,3497.274,10788.66,1.5,210.4,18037.37,2.9,154.089,2315.86,11.1,6054.35,505572.64,0.6,6296.861,39209.58,2.3,445472.962,4125902.37,0.7,387264.749,436155.74,2.5,389563.556,2959402.12,7.4,44208.479,3955307.92,1.8,41436.041,709056.5,3.9,93059.175,7389333.51,0.6,81221.146,1735054.75,1.1,9247.859,834191.98,1.8,9467.616,175294.53,2.4,34886.269,529734.23,0.9,37123.059,126476.71,2.1,6684.282,87202.29,2.3,6801.305,19895.53,1.7,1092.988,51988.9,2.6,1071.929,12745.91,3.7,6080.879,86169.96,4.4,5834.545,29768.32,3.8,764.334,68038.32,0.8,739.466,21540.07,4,4120.805,83027.33,4,4262.957,26705.26,5.9,690.497,58360.75,2.8,719.942,20310.22,3.1,1937.794,52428.7,2.4,2107.533,19103.76,4.3,240.415,21707.31,2.1,247.01,8461.38,3.5,1700.66,29424.34,0.9,1849.268,12221.58,2.9,209.861,18318.58,1,216.842,3927.9,2.7,223.219,5151.09,8.9,213.93,1743.46,1.8,803.031,56876.75,0.9,864.376,32947.29,1.6,490.31,22396.21,1.6,539.525,11563.74,2.8,26143.548,152424.21,4.5,25745.022,134146.13,2.6,23689.144,674418.44,5.3,25337.991,612230.66,2.3,253.742,13370.75,6.5,243.283,5764.72,4.2,16421.474,842266.72,1.3,17383.743,411101.53,3.4,2737.511,130755.48,1.5,2989.362,69990.6,1.8,1934003.38,2.2,114.5,677612.95,1.6,105
118  Sn  [ He ] :  CPS RSD value = 6.67 is over the allowed maximum = 5.00137  Ba  [ No Gas ] :  Concentration value = 133.36 is over the calibration range137  Ba  [ He ] :  Concentration value = 114.56 is over the calibration range138  Ba  [ He ] :  Concentration value = 120.83 is over the calibration range138  Ba  [ He ] :  CPS RSD value = 8.92 is over the allowed maximum = 5.00,FALSE,217SMPL_20250514_Ac Series 575  to 858_rerun .D,15-05-2025 02:18,Sample,,MCS 736,26780.121,536150.45,2.8,28266.078,2349.23,9.5,2400.741,14852.87,0.6,2982.59,300.31,23.3,8302.45,301418.44,1.5,9259.544,10604.82,3.2,75500.329,3884038.63,0.4,70241.152,269263.8,1.5,58213.556,2923059.94,1,51383.674,294612.46,1,10140.199,552812.58,1.1,10551.264,110437.73,1.5,20869.514,285765.03,1.9,20895.296,68359.38,2.5,19967.912,592130.35,1.1,20910.931,169590.08,0.5,55573.465,578674.22,0.9,51790.251,77317.57,0.5,16768.366,470500.68,1.3,19335.184,23608.02,2.7,161686.065,8884896.16,2.3,139715.639,275511,2.5,48164.586,4139573.54,2.8,39357.509,129695.03,3.2,19209.979,1645578.45,0.8,20296.101,127116.59,2.7,9106.259,434582.78,2.6,9643.075,62140.21,1.5,329.465,7823.54,1.3,232.998,1708.49,14.3,<0.000,2766.41,10.2,<0.000,927.63,17.3,<0.000,340.35,5.9,<0.000,43.38,35.3,4651.147,91270.76,2.3,4916.603,13457.2,6.7,437.21,23214.21,1.7,419.348,3220.31,7.8,8082.036,590056.67,1,8208.114,45945.11,1.5,529831.54,4298996.71,0.7,455144.392,461597.07,0.7,480020.207,3288526.76,8.9,54023.714,4234407.33,2.1,49162.133,757961.87,1.8,110466.045,7682984.04,3.5,96424.636,1855046.82,2.5,11043.474,872602.5,2.6,11222.625,187145.5,2.4,41398.122,550637.45,2.6,42972.445,131880.73,1.1,7855.474,89776.54,3.2,7999.481,21078.66,2.7,1344.127,55852.65,1,1304.335,13911.66,3.1,6943.364,86186.88,4.2,6837.445,31420.74,0.5,902.982,70255.99,0.8,869.621,22756.8,1.9,4729.132,83433.24,1.2,5001.17,28216.66,1.1,815.97,60281.88,1.3,848.188,21496.64,3.1,2367.861,56054.5,3.1,2478.176,20219.96,1.6,273.352,21590.29,1,286.529,8781.9,5.1,2008.9,30427.54,1.6,2107.255,12528.87,3.2,242.412,18458.8,0.9,243.502,3971.29,7.3,317.587,6174.88,5.6,309.923,2170.2,6.5,1170.465,71948.14,1.4,1196.99,40787.09,2.8,716.145,27729.11,2.3,739.119,13915.18,3.1,29426.037,154515.5,2.9,25948.226,121905.95,2.2,25468.02,635295.53,1.6,27687.784,602760.28,0.7,486.034,21051.57,4,481.702,9353.64,1.3,21380.445,960531.52,2.1,23166.02,493298.35,1.1,3645.039,152035.05,4.9,3902.867,82028.66,1.9,1900047.19,1.5,112.5,684487.72,2,106.1
121  Sb  [ No Gas ] :  CPS RSD value = 6.31 is over the allowed maximum = 5.00137  Ba  [ No Gas ] :  Concentration value = 154.27 is over the calibration range137  Ba  [ He ] :  Concentration value = 133.36 is over the calibration range138  Ba  [ He ] :  Concentration value = 149.81 is over the calibration range165  Ho  [ He ] :  CPS RSD value = 5.25 is over the allowed maximum = 5.00175  Lu  [ No Gas ] :  CPS RSD value = 7.20 is over the allowed maximum = 5.00205  Tl  [ He ] :  CPS RSD value = 7.17 is over the allowed maximum = 5.00,FALSE,218SMPL_20250514_Ac Series 575  to 858_rerun .D,15-05-2025 02:23,Sample,,MCS 737,23200.168,543595.52,3.6,25045.722,2422.65,3.5,1996.484,14478.78,2.8,1548.13,183.52,11.4,7773.423,328160.35,1.9,8869.796,11790.31,4.3,70376.086,4235065.08,1.1,65603.148,292962.44,0.5,54995.304,3206691.49,1,49328.061,326739.08,0.8,8803.119,561644.5,1,8918.649,108916.54,2.2,19060.674,303173.08,0.6,20313.327,76122.65,2.2,17894.936,620139.79,1,18497.65,174656.35,1.8,50504.213,605400.51,0.4,45908.515,79204.18,2.6,15630.958,513124.96,0.1,17586.257,25008.65,2.3,145062.236,9328832.81,0.6,125122.872,287435.15,0.7,49655.166,4846325.29,1.9,40424.48,149516.15,1.3,17950.837,1799543.03,0.7,18945.977,138194.03,1.7,7632.025,427461.45,2.6,8105.511,60994.93,1.3,204.06,6765.21,4.9,215.265,1771.9,2,<0.000,3170.24,4.3,<0.000,981.03,15,<0.000,350.36,20,<0.000,73.41,20.8,4209.556,96379.23,4.4,4487.218,14268.85,2,316.398,21576.4,6.3,291.821,2953.3,5.4,6892.303,588692.34,3.2,7048.503,45975.22,2.6,531121.754,5043373.7,1.9,459121.776,542230.05,2.4,515766.538,4110546.39,0.4,44179.452,4051479.51,1.9,40111.453,720585.9,2.1,89477.857,7291205.39,3.9,79556.689,1783854.22,0.6,8900.615,822688.71,3.7,9090.461,176687.56,1.4,33961.998,529082.3,4.6,35392.68,126594.76,0.8,6146.467,82238.79,1.7,6336.876,19464.43,2.7,1177.401,57263.83,4.1,1151.049,14299.1,1.6,5661.93,82290.09,1.6,5594.991,29982.26,1,751.311,68541.35,1.5,714.989,21877.67,2.4,4172.279,86134.42,1.1,4457.612,29293.69,2.8,740.003,63863.25,0.1,770.969,22700.1,5.2,2152.154,59604.86,3.3,2293.666,21777.43,3.1,268.1,24354.9,3.5,282.224,9883.85,8,1956.149,34569.06,3.6,2114.351,14596.52,4,242.053,21109.08,7.2,237.609,4428.56,0.9,250.811,5794.7,5.4,272.942,2223.54,3,1050.548,75536.08,2.3,1093.498,43359.23,4.7,641.802,28969.88,2.4,665.626,14539.91,7.2,24243.884,148456.05,2.4,22814.228,124941.65,3.1,21616.392,631367.79,1.3,22880.181,580817.84,1.1,386.158,19752.66,1.7,377.884,8666.46,3.2,16828.106,885111.02,0.6,17715.169,439732.14,1.8,2825.504,138193.19,1.7,3095.097,75963.11,2.3,1928100.55,3,114.2,691141.3,0.8,107.1
139  La  [ He ] :  CPS RSD value = 7.99 is over the allowed maximum = 5.00205  Tl  [ He ] :  CPS RSD value = 9.50 is over the allowed maximum = 5.00209  Bi  [ He ] :  CPS RSD value = 12.03 is over the allowed maximum = 5.00232  Th  [ He ] :  CPS RSD value = 5.45 is over the allowed maximum = 5.00103  Rh ( ISTD )  [ No Gas ] :  CPS RSD value = 6.21 is over the allowed maximum = 5.00,FALSE,219_QC1_20250514_Ac Series 575  to 858_rerun .D,15-05-2025 02:27,QC1,,QC MES 50 ppb,48.674,3889751.74,2.7,42.397,14492.16,2.9,43.016,1044482.48,1.3,45.106,18681.33,1.9,39.018,5260016.07,1.2,36.159,165861.06,1.1,44.655,9233217.61,0.1,40.634,645789.62,0.8,44.681,8468173.81,2.3,38.983,872898.73,0.9,45.107,9478494.55,0.7,39.578,1643786.34,1.4,37.979,1839140.76,1.4,38.882,457385.64,3.4,45.209,5187203.57,1,39.755,1284861.79,2.7,36.4,1194569.21,2,34.181,163486.91,3.2,47.24,5321342.92,1.9,40.756,205666.31,3.6,47.301,10479649.67,1.1,40.589,332043.9,3.3,45.319,13556709.65,1.6,37.937,429539.9,2.1,48.053,16540662.36,1.6,42.101,1089815.26,2,47.606,8558252.58,3.7,41.789,1045216.89,1.6,42.149,2075045.57,3.3,42.999,567591.45,0.7,47.45,4998071.52,3.1,41.252,1633842.96,1.1,44.849,1079201.73,3.3,45.294,245882.74,4.1,51.002,3805093.02,1.3,43.358,463913.37,0.8,50.181,5538432.61,1.1,45.246,669131.79,2,51.382,14966369.74,1.3,43.747,1004552.47,0.9,47.915,1579255.72,1.7,48.838,207093.5,2.8,46.717,1335713.11,0.8,51.97,16406450.65,2,49.934,3195778.49,8,49.955,14031710.49,3.3,48.527,3874478.34,1,51.844,16440296.58,3,51.157,3525632.1,2,45.522,2440001.78,1.2,46.156,587307.6,2.5,45.464,2085199.94,2.1,45.512,494842.83,1.7,52.822,8550408.76,1.9,47.092,1993280.42,3.6,45.84,2281113.46,2.6,47.032,890232.06,1.4,52.994,15852701.9,1.6,52.362,5340086.77,2.6,52.515,3697717.72,0.9,47.005,1088926.66,1.9,53.76,15267307.76,1,54.473,5389209.85,1.6,52.452,4922274.89,1.9,46.837,1552933.2,0.8,55.616,15185946.39,2.3,54.55,5797371.97,1.4,46.7,2795703,2.4,48.318,1156257.62,1.3,55.106,14269479.51,2.4,48.103,2689757.99,2,56.682,3804168.07,2.5,47.695,1162736.93,1.3,53.145,12757387.73,1.4,52.961,7262911.35,0.6,55.352,7684888.86,2.7,51.373,3553381.2,9.5,51.232,1105670,1.2,51.053,984302.09,2.5,56.328,5609014.03,1.8,50.262,4494664.18,1.9,55.602,8811844.66,1.9,51.08,3597707.65,12,57.026,10308471.83,1.5,58.723,5173468.17,5.5,56.017,9255870.89,4.6,60.985,5224012.36,5,1933915.01,6.2,114.5,715688.29,2.7,110.9
9  Be  [ No Gas ] :  CPS RSD value = 5.40 is over the allowed maximum = 5.0045  Sc  [ He ] :  CPS RSD value = 5.02 is over the allowed maximum = 5.0059  Co  [ He ] :  CPS RSD value = 5.17 is over the allowed maximum = 5.00118  Sn  [ He ] :  CPS RSD value = 5.41 is over the allowed maximum = 5.00137  Ba  [ No Gas ] :  Concentration value = 137.34 is over the calibration range137  Ba  [ He ] :  Concentration value = 119.20 is over the calibration range138  Ba  [ He ] :  Concentration value = 132.85 is over the calibration range,FALSE,220SMPL_20250514_Ac Series 575  to 858_rerun .D,15-05-2025 02:31,Sample,,MCS 738,20345.918,461006.24,4.3,24105.02,2182.36,4,1943.845,13630.43,5.4,2327.26,256.92,14.8,8077.38,329581.5,1.4,9478.503,11780.32,5,59001.571,3429701.69,1.8,57255.122,239195.4,1.8,50520.016,2880726.88,1.2,48176.991,300491.48,2.1,7604.624,472923.58,3.3,8219.423,94567.87,5.2,16817.098,265303.81,2,18190.778,65424.93,1,15541.514,524802.78,1.4,17000.345,151147.49,2.8,67857.854,728527.98,1.4,66537.544,96985.24,1.2,15177.414,480894.59,1,20780.708,27619.68,1.9,131225.145,8139360.63,2.2,116422.298,250157.09,1,63244.672,5792453.3,0.4,55519.911,183169.34,1.2,35652.546,3440494.46,2.8,33078.709,225188.96,1.3,7763.437,420611.73,0.6,8372.182,59049.55,2.1,782.231,14723.09,4.7,877.605,4007.98,5.9,97.739,7142.48,2.2,109.566,2702.99,8.8,60.205,1001.04,6.6,31.19,200.2,20,3654.019,81776.97,2.3,4020.865,12077.78,5.4,293.593,20807.66,1.9,233.978,2642.92,7.5,7194.446,593256.97,0.8,7831.96,47743.8,3.2,503637.353,4614852.99,2.6,437108.801,482926.31,2,487165.623,3631873.65,1.4,83596.879,7395047.98,2.5,77875.11,1307021.03,0.6,177173.469,13910386.67,0.6,173693.973,3638998.9,0.9,16826.764,1498248.14,2.1,17597.612,318969.07,1.6,65888.892,988815.04,1,68819.965,229990.35,2.3,12178.289,156720.38,0.9,12543.984,35900.39,2.3,2089.132,96625.45,2,2101.153,23943.39,3.2,10804.727,150939.88,4.2,10770.941,53745.07,1.2,1389.575,119753.43,2.4,1357.684,37724.43,1.8,7266.757,144131.62,1.9,7809.479,47768.53,2.2,1332.316,108873.37,2,1412.446,37965.4,3.2,3900.45,103406.14,1.3,4058.117,35719.99,2.7,527.504,43563.1,2.9,540.053,16524.15,1.5,3700.328,62582.94,2.9,3948.739,25180.66,1.1,491.19,38628.59,1.4,509.609,8167.56,7.3,319.375,6925.28,4.4,304.893,2306.89,8.1,1095.435,76009.03,2.5,1343.744,49616.52,2.2,589.644,26120.71,0.5,637.118,13170.39,3.3,39835.324,227061.66,1.4,36001.37,183410.6,3.3,34383.567,964612.87,1.5,37697.578,890524.9,1.6,586.986,28092.51,4.5,615.003,12546.49,2.2,35741.249,1810014.97,1.5,38091.755,882470.15,0.9,4846.534,227094.35,0.8,5463.3,124238.65,3.7,1980670.88,2.8,117.3,688359.64,1.6,106.7
137  Ba  [ No Gas ] :  Concentration value = 170.32 is over the calibration range137  Ba  [ He ] :  Concentration value = 148.85 is over the calibration range138  Ba  [ He ] :  Concentration value = 161.19 is over the calibration range172  Yb  [ He ] :  CPS RSD value = 5.86 is over the allowed maximum = 5.00,FALSE,221SMPL_20250514_Ac Series 575  to 858_rerun .D,15-05-2025 02:35,Sample,,MCS 739,35111.34,719682.52,2.1,39940.058,3363.79,8.8,2014.445,12858.88,3.9,1934.081,200.2,21.8,9895.761,363658.14,0.7,11469.456,13263.13,1.3,91645.737,4836111.75,0.9,84586.455,329729.9,1.5,73027.432,3690025.03,2.4,66822.796,381517.12,1.7,11900.645,661227.69,0.8,12260.702,129655.32,2.4,26675.559,363003.17,1.4,28800.431,91664.71,2.3,29437.689,882416.24,2.2,30610.027,248843.48,4.3,67037.493,671271.27,1.1,64262.611,90331.99,1.8,21487.434,618212.86,0.6,25686.759,31866.92,3.5,174917.211,9868747.93,1.9,154298.193,309419.43,2.2,37500.905,3477285.42,2.2,30582.277,109084.71,1.9,20290.594,1784268.6,1.4,21430.858,136488.33,2.4,6573.408,330516.15,1.5,7023.647,47215.18,3.8,597.338,11342.98,2.6,692.184,3206.95,6.3,15.188,4565.39,1.4,21.109,1775.24,5.8,<0.000,333.67,20,<0.000,63.4,79.5,6070.593,120578.29,1.2,6708.812,18378.13,1.4,214.723,17479.44,2.2,206.524,2486.07,3.8,11551.171,862290.34,3.9,12008.982,68125.87,1.5,669769.658,5577338.39,3.4,585331.128,603392.2,0.6,633868.839,4410275.81,1.1,70683.889,5684289.09,3.4,63771.102,999677.52,1.9,148406.687,10599182.96,1.2,128493.9,2514733.8,0.5,14176.828,1149106.37,1.4,14388.764,243783.79,2.4,54487.322,743782.22,2.5,56079.121,175040.54,0.5,10267.661,120300.46,1.9,10640.542,28484,3.2,1522.764,64677.12,2.5,1486.372,16039.66,2.1,9260.562,117809.69,4.4,9117.757,42557.85,3,1137.589,89978.12,1.2,1054.957,27771.96,0.8,5453.828,98658.99,1.7,5758.031,33006.52,2.5,867.702,65626.92,1.3,894.785,22984.19,3.6,2344.488,56979.56,1.5,2415.577,20059.54,1.7,276.583,22355.82,1.7,284.209,8868.73,3.5,1947.443,30303.76,2.5,2158.431,13056.63,5.9,255.593,19792.19,0.9,244.933,4054.73,4.8,227.671,4797.6,2.7,249.587,1846.81,11.2,1724.466,107678.48,1.2,1820.004,62453.64,4.1,875.339,34064.79,2.1,885.175,16607.91,1.2,33077.74,176513.84,4.2,31053.38,148110.08,2.2,29203.64,746601.94,0.7,31743.893,702017.21,2.2,623.963,27170.16,1.6,613.861,11785.73,3.8,27919.522,1286621.96,1.8,30962.127,670351.33,2,4823.309,205696.4,1.3,5326.672,113337.9,2,1931464.44,2.1,114.4,689345.13,1.3,106.8
"9  Be  [ No Gas ] :  CPS RSD value = 6.79 is over the allowed maximum = 5.0088  Sr  [ No Gas ] :  CPS RSD value = 8.04 is over the allowed maximum = 5.00137  Ba  [ No Gas ] :  Concentration value = 185.64 is over the calibration range137  Ba  [ He ] :  Concentration value = 165.55 is over the calibration range138  Ba  [ He ] :  Concentration value = 176.24 is over the calibration range159  Tb  [ No Gas ] :  CPS RSD value = 5.66 is over the allowed maximum = 5.00169  Tm  [ No Gas ] :  CPS RSD value = 8.58 is over the allowed maximum = 5.00209  Bi  [ No Gas ] :  CPS RSD value = 5.26 is over the allowed maximum = 5.00103  Rh ( ISTD )  [ No Gas ] :  CPS RSD value = 41.24 is over the allowed maximum = 5.00103  Rh ( ISTD )  [ No Gas ] :  ISTD Recovery Percent value = 127.42 is outside the allowed range [80.00, 120.00]",FALSE,222SMPL_20250514_Ac Series 575  to 858_rerun .D,15-05-2025 02:39,Sample,,MCS 740 (Dup. of 599),38552.206,815350.72,1.1,41935.35,3664.17,8.2,2113.293,13633.77,6.8,2245.853,240.24,31.5,10611.985,397266.79,1.9,12006.847,14382.08,0.3,95660.741,5179849.75,1.7,90291.77,365340.28,1,78961.671,4071024.58,0.8,71490.161,421096.84,1.1,12620.639,718450.32,1.2,13049.394,142738.36,1,29305.229,401717.92,4.1,31287.986,102134.11,2.4,31202.986,954781.58,2.8,33808.73,284130.64,0.9,100444.665,913317.64,4.4,95141.133,123644.02,2.5,21591.251,633814.66,4,26855.79,34569.52,1,184030.456,10657066.26,3.2,160635.944,334415.52,0.4,27864.782,2828611.17,8,24330.855,95640.2,1.7,24161.914,2175381.63,3.4,24939.739,164799.83,2.6,6670.086,340827.29,3.9,7236.014,50219.3,1.4,899.853,15427.9,4.7,918.122,4058.04,12.1,24.518,4852.44,5.9,35.001,1935.42,6.4,<0.000,460.47,10,<0.000,130.13,42.8,6657.145,133922.56,4.9,6936.34,19671.41,0.9,221.783,17870.32,1.9,182.578,2439.35,6.7,12743.118,971370.25,3.5,13043.492,76742.86,1.2,708740.432,6043150.46,2.3,632031.11,676155.01,0.9,672858.532,4858848.34,0.9,84622.925,6958187.78,3.2,79137.701,1287806.48,0.5,174807.785,12777964.24,2.6,170357.018,3460672.76,0.5,17198.5,1424421.35,3.9,17859.751,313903.66,0.9,66339.279,924302.98,3.8,67762.959,219534.91,2.6,12148.317,145951.66,1.7,13399.398,37188.33,1.7,1846.316,79825.37,3.3,1806.576,20076.13,3.8,11059.009,145004.34,1.2,11058.846,53510.21,2.7,1381.733,110173.04,5.7,1376.761,37132.01,3.8,6435.352,119544.57,1.4,6832.02,40579.51,0.6,1047.125,80216.37,3.7,1076.779,28407.26,2.3,2740.666,68136.63,1.9,2856.735,24531.9,1.3,335.128,26568.33,8.6,332.436,10464.88,2.3,2291.003,36844.86,2.8,2360.366,14766.86,4,290.818,22620.01,3,286.042,4772.37,7.2,239.818,5141.08,5.3,253.472,1930.16,3.6,1643.597,105234.81,2.9,1755.796,62540.7,4.7,906.073,36069.28,4.2,900.326,17459.99,0.8,33029.056,182931.82,2,30528.056,151169.77,1.6,29528.289,771998.67,3.7,31285.136,718202.68,1,661.607,29144.88,5.3,651.42,12866.87,3.8,34355.496,1616430.29,4.9,35869.045,805895.09,3.3,5496.23,240610.04,3.1,5903.97,130168.4,0.5,2151372.84,41.2,127.4,694748.66,0.1,107.7
66  Zn  [ No Gas ] :  Concentration value = 106.28 is over the calibration range66  Zn  [ No Gas ] :  CPS RSD value = 6.68 is over the allowed maximum = 5.0095  Mo  [ No Gas ] :  CPS RSD value = 5.91 is over the allowed maximum = 5.00133  Cs  [ No Gas ] :  CPS RSD value = 5.12 is over the allowed maximum = 5.00137  Ba  [ No Gas ] :  Concentration value = 131.11 is over the calibration range137  Ba  [ He ] :  Concentration value = 102.46 is over the calibration range169  Tm  [ No Gas ] :  CPS RSD value = 8.49 is over the allowed maximum = 5.00172  Yb  [ No Gas ] :  CPS RSD value = 5.72 is over the allowed maximum = 5.00103  Rh ( ISTD )  [ No Gas ] :  CPS RSD value = 10.54 is over the allowed maximum = 5.00,FALSE,223SMPL_20250514_Ac Series 575  to 858_rerun .D,15-05-2025 02:43,Sample,,MCS 741 (Dup. of 624),23689.397,441167.37,2.8,24198.1,2102.27,2.2,1774.584,10270.79,1.1,1757.491,186.85,16.4,6965.321,237654.56,1.4,7017.953,8481.16,1.4,58321.431,2790256.2,2.1,48329.229,193717.39,2,41112.81,1980477.62,0.3,36726.253,226793.1,0.3,6764.842,349239.88,0.5,5988.45,67651.27,1.1,16920.822,220457.74,1.2,15301.741,54843.69,2,13163.864,369680.37,0.7,11656.459,102168.19,2.1,407082.17,2732990.5,6.7,331094.547,354544.31,1.6,15338.895,399204.84,1.4,17118.639,21849.9,3.9,124435.416,6347008.48,1.7,94441.973,194690.5,1.2,51511.724,4024756.33,1.9,35543.219,124265.76,1.8,18218.659,1449500.91,2.4,16473.343,107842.16,4.1,6879.947,310046.66,1.4,6147.149,42860.06,1.6,1087.321,15748.67,5.9,996.105,4275,1.2,<0.000,3393.86,4.1,<0.000,987.7,6.6,11.473,577.26,20.9,<0.000,123.46,28.5,3728.298,68550.5,4.8,3353.015,9826.94,2.4,219.101,15655.23,2.8,80.965,2042.21,7.5,6999.732,473970.09,5.1,6259.068,36726.39,2.2,502221.532,3783574.73,2,392468.482,416036,3,372481.208,2666004.34,3,76835.827,5577167.18,1.3,61253.611,985949.05,1.2,163416.4,10555593.74,2.3,127733.475,2566889.13,2.6,16472.69,1204412.44,2.7,14994.9,260779.31,0.6,65006.596,802838.36,3.3,58787.265,188400.91,1.6,12722.615,134611.8,1.7,11930.394,32761.96,1,1549.255,59315.35,1.2,1296.12,14426.03,4.2,11414.371,130842.42,2.2,9652.82,46241.23,4.6,1179.808,83950.42,3.8,996.022,26959.18,2.9,5142.604,84034.44,0.5,4753.109,28029.41,4.4,792.242,54187.94,3.4,726.367,19374.38,2.2,2256.254,49557.62,1.2,1964.378,16828.24,4.9,272.482,19752.11,8.5,222.244,7409.64,3.2,2045.467,28805.51,5.7,1851.032,11540.29,1.8,252.475,17573.34,3.6,206.517,3604.14,4.4,222.765,4254.07,6.5,210.07,1643.45,8.3,925.5,52986.41,3.9,820.834,29608.69,3.4,592.786,21744.51,4.9,552.785,11236.43,2.5,27975.982,153535.79,2.5,27467.755,134655.78,3,29219.195,673144.34,2.9,26870.001,611100.9,1.2,275.583,11802.43,2.7,214.977,5014.39,3.7,28758.898,1196484.33,1.5,26088.321,580131.25,1.9,4025.663,155365.18,1.6,3799.863,83406.43,3.5,1711089.64,10.5,101.3,689396.98,1.3,106.8
7  Li  [ No Gas ] :  CPS RSD value = 5.31 is over the allowed maximum = 5.0089  Y  [ No Gas ] :  CPS RSD value = 8.17 is over the allowed maximum = 5.00137  Ba  [ No Gas ] :  Concentration value = 149.23 is over the calibration range137  Ba  [ He ] :  Concentration value = 129.70 is over the calibration range138  Ba  [ He ] :  Concentration value = 141.46 is over the calibration range,FALSE,224SMPL_20250514_Ac Series 575  to 858_rerun .D,15-05-2025 02:47,Sample,,MCS 742 (Dup. of 649),36084.753,799511,5.3,38247.457,3487.27,1.2,2272.524,15611.17,2.5,2182.861,243.58,20.3,8617.544,344018.46,0.8,9624.176,12090.87,3.1,76680.471,4379668.64,1.9,71169.582,300459.57,0.7,65545.743,3589884.37,0.8,58379.511,362259.9,1.6,10771.819,647862.98,1.6,10966.832,125737.01,2.4,25190.172,369604.55,1.3,26225.554,90488.86,0.8,27862.711,903129.9,0.8,28998.474,254967.92,0.9,155362.556,1367771.94,0.9,149674.095,183912.64,0.4,18406.739,573234.98,1,21138.224,28395.41,1.9,144959.838,8853377.15,2.4,123787.361,268972.27,2.1,37199.329,3668231.05,1.8,30651.297,115571.84,0.9,30195.617,2868722.74,8.2,28325.853,195119.55,0.3,8219.044,436009.69,1.3,8637.333,61403.55,2.3,1563.298,25025.68,2.2,1573.752,6464.75,3.4,<0.000,3694.24,8.2,<0.000,1094.48,8.2,122.367,1384.8,6.2,72.658,260.26,15.4,5041.191,108930.23,2.4,5423.519,16183.02,2.2,274.474,19704.81,1.6,312.48,2949.96,3.2,10584.775,855619.06,1.5,10860.276,66740.93,3.4,538233.415,4852769.45,2.7,467775.214,522364.66,0.9,510177.153,3845446.91,1.2,57604.204,5014235.81,2,53407.958,906834.7,0.9,119657.444,9252003.06,2.7,101670.016,2155644.3,2.4,11716.234,1027872.09,0.8,12109.753,222328.47,1.9,45416.384,671469.95,2.7,46003.366,155494.13,1.3,8525.572,108120.12,1.5,9007.617,26123.09,2.1,1520.737,69771.71,2,1541.616,17927.37,1.9,8195.229,112822.37,3.6,7891.788,39903.13,3,1121.928,95765.33,0.2,1087.17,30805.26,4.2,6253.022,122184.43,2.9,6540.241,40539.5,3.9,1128.723,91141.91,3,1204.461,32896.05,1.7,3226.417,84360.67,2.2,3325.917,29688.19,1.1,426.924,35245.07,2.6,437.842,13798.1,2.2,2921.573,48807.54,4.6,3056.609,19812.31,4.5,383.689,30297.09,1.5,393.657,6534.94,1.8,296.229,6378.34,2.9,281.008,2173.53,9.7,1359.044,92194.43,1.9,1418.441,52906.2,4,762.525,32278.19,1.6,796.538,16220.34,2,36776.615,212169.01,1.3,35722.222,184064.38,2.1,32870.674,907407.3,1.9,34884.081,834163.69,1.6,658.619,30738.81,0.8,661.516,13534.21,2.7,22967.717,1145379.81,2.9,23059.599,541113.07,3.8,3997.395,184805.2,1.7,4358.876,100566.38,4.3,1917139.75,2.3,113.5,684853.37,2.5,106.1
137  Ba  [ No Gas ] :  Concentration value = 156.07 is over the calibration range137  Ba  [ He ] :  Concentration value = 137.99 is over the calibration range138  Ba  [ He ] :  Concentration value = 150.37 is over the calibration range140  Ce  [ He ] :  CPS RSD value = 7.63 is over the allowed maximum = 5.00172  Yb  [ He ] :  CPS RSD value = 5.55 is over the allowed maximum = 5.00,FALSE,225SMPL_20250514_Ac Series 575  to 858_rerun .D,15-05-2025 02:51,Sample,,MCS 743 (Dup. of 674),29111.176,617674.98,2.2,34981.172,3000,3.7,1810.956,11980.56,4.4,1805.246,190.19,10.5,8213.517,315654.75,0.9,9668.974,11432.99,1.5,73724.441,4024267.19,0.8,70116.227,278307.77,0.7,62782.238,3310345.35,2.4,57381.784,336501.51,0.7,9835.347,568761.67,1.4,10421.01,112796.65,2.1,21902.682,314331.57,1.4,23631.056,78202.72,2.5,19648.128,617603.98,0.2,20933.448,175512.09,1.5,65104.731,673319.39,1.7,64193.5,91000.4,0.7,17656.947,525501.75,1.5,21750.089,27472.5,1.9,165008.421,9619991.68,0.7,147698.63,301505.13,0.9,37690.757,3583172.66,1,32127.196,114117.8,2.7,34154.168,3100108.45,2.8,32046.965,207462.12,0.9,7470.48,382826.7,0.9,8064.681,54375.94,0.4,674.025,12598.7,2.6,644.101,3076.79,2.8,<0.000,2943.29,8.6,<0.000,927.63,3.3,<0.000,460.47,10,<0.000,80.08,12.5,4644.604,96505.71,2.1,5061.486,14292.25,1.9,219.528,17850.28,1.3,189.698,2415.99,2.3,8235.574,637540.89,0.8,8580.156,49692.96,1.1,595319.973,5123228.03,0.9,526339.445,552447.25,1.3,573574.707,4063067.97,1.6,79809.884,6634465.94,1,72797.967,1161450.39,1.3,161216.202,11898800.07,1.8,146101.492,2911549.89,7.6,16185.422,1354743.65,2.9,16387.301,282460.03,0.1,61116.552,862370.42,1.1,62838.327,199588.42,2.9,11641.248,140830.13,1.9,12105.478,32959.46,4.4,1777.036,77662.62,3.7,1698.533,18545.58,2.1,10534.593,138342.14,1,10425.166,49466.41,1.2,1329.519,107965.37,1.6,1269.053,33665.57,0.9,6671.476,124481.03,2.6,7197.538,41885.21,3.2,1270.771,97815.59,2.9,1329.418,34080.41,1,4123.634,102730.2,3.9,4405.805,36854.39,1.6,593.87,45823.33,3.3,607.025,17539.93,2.1,3729.21,59320.13,2.3,4059.121,24612.28,5.6,458.718,34207.86,2.1,509.33,7796.93,7.2,284.637,5938.12,6.6,276.379,2030.18,10.8,1174.787,76525.09,3.1,1305.64,45928.19,1.8,654.746,27053.61,3.2,676.914,13270.51,2.8,31619.962,171774.18,2.1,29608.822,143796.92,1,27604.561,729735.68,2.4,30260.631,681300.97,0.7,362.221,17102.01,2,356.384,7442.3,2.2,30880.815,1470618.07,2.2,35010.246,771161.24,1.5,4658.213,205328.65,1.3,5316.468,115089.8,1.7,1935847.36,1.3,114.7,680594.4,1.3,105.5
137  Ba  [ No Gas ] :  Concentration value = 317.56 is over the calibration range137  Ba  [ He ] :  Concentration value = 270.47 is over the calibration range138  Ba  [ He ] :  Concentration value = 295.61 is over the calibration range140  Ce  [ No Gas ] :  CPS RSD value = 9.02 is over the allowed maximum = 5.00157  Gd  [ He ] :  CPS RSD value = 5.06 is over the allowed maximum = 5.00166  Er  [ He ] :  CPS RSD value = 13.01 is over the allowed maximum = 5.00178  Hf  [ He ] :  CPS RSD value = 7.70 is over the allowed maximum = 5.00209  Bi  [ No Gas ] :  CPS RSD value = 5.48 is over the allowed maximum = 5.00,FALSE,226_QC2_20250514_Ac Series 575  to 858_rerun .D,15-05-2025 02:56,QC2,,SJS-Std,45645.449,976868.15,3,46261.578,4164.83,7.4,1290.13,8741.53,3.5,1317.804,146.81,7.9,7679.827,299691.95,1.3,8632.467,10761.77,3.7,104349.228,5759595.23,0.5,93748.928,391120,1.3,111730.532,5735163.51,0.6,96768.529,576897.34,0.8,10170.999,593519.81,1.8,10183.065,115838.46,1.3,64810.242,858419.77,1.4,66821.424,211912.24,0.7,27439.949,861558.96,0.6,28694.115,249590.38,1.8,82300.604,797688,1.8,74673.955,105195,1.2,13819.96,417095.1,1.2,14023.248,18678.51,3.9,96264.257,5693665.97,1.2,82315.347,177002.9,3.5,251151.811,19616550.76,1.3,209058.131,605305.91,3.1,13791.282,1272293.08,2.4,14064.975,96089.42,1.5,61501.143,2963217.98,1.4,55938.735,369665.44,2,2993.633,43013.81,1.6,3046.387,11496.56,1.8,223.264,10314.47,1.4,128.054,2889.89,3,366.864,2916.59,5.6,355.271,660.68,12,1268.39,30523.35,1.3,1286.867,4418.53,5.2,1229.353,47207.14,2.7,1296.479,6745.19,6.7,4794.363,378988.29,2.4,4730.361,29055.51,2.8,1159340.458,10092208.27,0.1,987438.711,1087986.14,1.3,1079217.632,8027748.81,1.8,18812.985,1588829.04,1.9,19328.046,325351.68,2.1,40896.472,3070000.73,9,36506.816,766355.5,3.1,4340.898,370843.86,1.7,4304.796,78755.72,3,16583.585,237597.37,1.6,17382.919,58258.66,2.5,3318.754,41067.67,2.9,3329.746,9630.03,6.7,925.033,41771.06,3.1,809.277,9609.96,1.2,3353.128,45008.81,2.5,3169.87,15999.53,5.1,452.519,39387.66,3.3,413.964,12485.38,2.5,2804.755,53510.61,0.7,2900.472,17947.5,4,523.373,42461.08,2.6,509.505,14513.01,2.2,1630.632,41714.37,2.6,1863.576,16647.06,13,229.331,19742.1,0.9,222.267,7653.36,1.7,1659.566,27069.72,3.5,1682.51,10955.78,2.1,215.288,17720.44,0.4,207.261,3734.31,1.1,2135.992,39054.89,2.1,2133.14,13994.59,7.7,737.239,49408.28,3.2,807.506,30327.18,1.2,524.428,22429.7,3.6,532.182,11263.16,1.2,21268.384,122074,3.3,19081.818,98040.52,1.4,18756.644,504375.9,1.8,19753.434,470146.89,3.4,241.91,12162.76,5.5,238.301,5597.97,7.1,10151.232,491314.68,2.2,10545.144,245346.61,2.9,3284.201,147401.36,1.5,3546.236,81228.59,1.4,1878788.9,3.7,111.3,685112.61,0.4,106.2
121  Sb  [ No Gas ] :  CPS RSD value = 8.25 is over the allowed maximum = 5.00137  Ba  [ No Gas ] :  Concentration value = 163.73 is over the calibration range137  Ba  [ He ] :  Concentration value = 129.14 is over the calibration range138  Ba  [ He ] :  Concentration value = 135.95 is over the calibration range166  Er  [ He ] :  CPS RSD value = 6.04 is over the allowed maximum = 5.00232  Th  [ He ] :  CPS RSD value = 5.64 is over the allowed maximum = 5.00103  Rh ( ISTD )  [ No Gas ] :  CPS RSD value = 6.72 is over the allowed maximum = 5.00,FALSE,227SMPL_20250514_Ac Series 575  to 858_rerun .D,15-05-2025 03:00,Sample,,MCS 744 (Dup. of 699),29769.23,542248.81,2.3,29379.131,2456.02,2.8,2808.511,15748.13,2.8,2387.643,243.58,2.4,9544.485,311965.41,0.1,9687.258,11162.47,3.4,86539.55,4046312.99,1,71749.966,276940.51,0.9,67117.194,3027256.74,1.5,54524.252,313453.72,0.5,11308.571,558078.7,1.1,10245.501,108220.94,1.8,22890.033,281723.66,0.7,21354.741,70180.71,1.2,18805.942,509157.22,1,17244.9,142299.85,2.1,52700.427,510270.43,0.2,40214.915,67146.06,2,19287.65,492388.9,2.6,20491.684,25199.17,3.1,171561.878,8568046.19,1.6,135250.69,268528.45,1.1,58984.181,4458970.44,2.7,42604.447,139148.88,3.4,23670.419,1841400.89,2.2,21842.42,137638.92,2.4,9702.253,419658.02,0.9,8873.065,57981.29,1.4,345.759,7299.37,7.9,301.631,1945.43,6.2,<0.000,2986.68,11.9,<0.000,1187.91,3.4,<0.000,393.74,9.6,<0.000,60.06,33.3,5385.193,95434.26,0.5,4938.719,13610.83,2.5,434.692,21075.1,8.2,293.525,2806.46,8.3,9056.13,600734.88,0.7,8218.423,46333.57,1.4,655693.433,4825836.89,5,517172.583,527823.75,1.6,544447.802,3751861.66,1.5,63496.344,4529753.1,2.8,52548.061,815831.74,0.9,130242.757,8232314.62,2.6,97409.417,1887482.54,1.4,12761.665,916239.1,2.7,11779.079,197708.58,0.8,47822.985,577960.83,2.5,42395.428,131085.83,1.7,9113.66,94724.08,2,8267.492,21924.32,4.6,1591.934,59871.63,1.4,1276.684,13741.29,2.5,8333.923,93936.31,1.2,7202.698,33334.24,1.7,1035.568,72786.44,3,882.135,23248.16,1.7,5762.044,92263.5,1.2,5309.07,30163.16,2.6,957.205,63920.17,2.2,874.385,22282.12,1.6,2658.015,57100.57,0.7,2534.036,20834.98,6,325.586,22870.43,1.2,273.094,8511.44,3.2,2268.881,31166.83,3.8,2061.037,12368.52,3.7,268.961,18361.98,4.6,256.766,4181.57,7.5,359.276,6248.25,4.1,291.498,2083.51,4.6,1345.304,74872.35,4.9,1250.673,42887.67,2.9,804.39,28030.22,2.7,708.244,13511.06,2.2,27182.904,143884.44,2,24487.8,116052.79,2.5,27558.456,625268.19,3.6,25562.84,560925.1,2.1,525.709,20594.06,2.3,442.251,8759.85,2.5,24077.883,983212.96,2,22547.522,483062.5,5.6,4020.835,152181.01,2.5,3727.524,78991.99,4.3,1747408.35,6.7,103.5,695156.44,2.9,107.7
137  Ba  [ No Gas ] :  Concentration value = 134.40 is over the calibration range175  Lu  [ No Gas ] :  CPS RSD value = 6.36 is over the allowed maximum = 5.00103  Rh ( ISTD )  [ No Gas ] :  CPS RSD value = 16.50 is over the allowed maximum = 5.00,FALSE,228SMPL_20250514_Ac Series 575  to 858_rerun .D,15-05-2025 03:04,Sample,,MCS 745 (Dup. of 724),24158.993,398033.45,1.4,22949.85,1882.02,8.7,2248.624,11489.64,4.4,1728.021,173.51,17.6,7741.65,232994.19,0.8,7089.347,8100.56,1.7,69171.933,2919545.38,2.3,52819.359,199604.47,1.9,48995.082,2065235.97,0.7,39870.558,231816.84,1.4,8370.128,379367.82,1.8,7050.11,74571.7,1.9,18870.953,216611.32,0.7,15684.663,53480.26,3.2,16846.316,414920.95,1,13770.112,112948.37,2.1,42093.696,406618.15,1,26543.604,53728.43,1.4,16064.656,369833.86,3,15051.554,18133.89,4.3,159638.055,7202664.76,0.9,115674.087,224709.25,3.2,64078.393,4325902.79,3.4,42546.35,136666.62,2.8,19635.951,1381398.54,1.1,16516.842,101992.54,1.3,7456.038,297050.04,4.6,6207.4,41067.69,3.5,368.807,6928.79,0.8,212.18,1648.43,10.3,<0.000,2716.35,2.5,<0.000,854.22,9.8,<0.000,290.29,13.8,<0.000,36.7,56.8,4179.647,67926.78,2.3,3379.537,9389.52,3.8,489.692,20526.95,2.7,313.009,2856.52,6.9,6933.804,417359,0.6,5813.289,32232.88,2.5,552834.537,3678593.39,2.2,399487.349,399403.81,2.4,382231.549,2579261.25,2,39727.866,2564202.59,1.3,34656.354,526608.65,0.5,94888.399,5421017.28,1.5,65091.416,1234050.25,3.1,9095.963,592266.52,2.9,7987.814,131480.88,1.4,34470.129,376665.21,2.9,28531.206,86329.29,3,6394.642,60361.22,4.2,5485.841,14282.38,1,1265.488,43267.51,4.5,997.088,10645.15,2.9,5960.231,61002.23,3.8,4843.94,22014.68,3.7,768.532,49620.78,0.7,590.816,15725.6,0.5,4445.87,64721.24,2.4,3866.14,21566.8,1.2,782.172,47524.18,3,659.318,16784.71,1.1,2266.471,44161.9,3,1912.759,15485.09,2.6,273.918,17830.61,1.8,210.65,6795.33,7.4,2050.466,25545.06,3.4,1745.056,10304.6,2.9,244.981,15281.36,6.4,201.04,3373.85,6.4,271.878,4494.17,9.1,175.839,1376.75,7.6,1104.492,55785.37,3,914.439,31039,3.9,699.044,22349.64,3.8,571.69,11016.01,2.8,24358.577,126365.16,3.1,21939.618,101882.25,4.8,26652.582,544807.87,2.5,23008.802,494836.03,2,397.281,14478.6,2,307.857,6358.35,4.5,16144.243,597943.48,2.2,14028.945,294788.08,3.6,2748.419,94503.27,3.3,2405.043,50456.53,0.7,1648837.59,16.5,97.7,697899.67,0.6,108.2
121  Sb  [ No Gas ] :  CPS RSD value = 7.14 is over the allowed maximum = 5.00,FALSE,229SMPL_20250514_Ac Series 575  to 858_rerun .D,15-05-2025 03:08,Sample,,MCS 746,14275.687,288342.67,1.6,16103.918,1291.36,8.7,1046.568,6698.34,4.3,1813.606,176.84,22.9,4345.885,170450.79,0.7,5336.81,6030.73,3.1,35645.971,1843178.5,1,39163.483,144101.14,3.1,29356.483,1618731.76,0.3,31584.539,184057.09,1.5,4420.985,256089.21,0.7,4611.337,49256.44,0.9,9576.007,154390.16,1.9,10702.345,38835.42,2,7263.947,233392.93,0.9,7438.387,62998.24,0.8,9702.719,277431.75,1.1,10185.308,37560.5,2.4,10235.823,287681.69,1.2,13107.53,15377.64,1.6,83850.297,4607027.56,1,75689.541,143261.48,1.9,38094.993,3457894.36,2,31491.77,106271.48,1.6,13032.182,1116085.23,1.6,14042.898,84428.08,0.5,5956.371,295301.04,1.5,6197.981,39907.49,3.5,121.243,5423.23,7.1,163.633,1458.22,19.5,<0.000,2305.85,1.8,<0.000,764.12,3.8,57.946,937.64,14.7,15.475,173.51,38.4,2388.414,49601.78,0.4,2581.472,7172.53,6.5,26.131,12408.44,7.1,<0.000,1621.73,3.4,4146.543,305755.18,0.6,4481.615,24297.41,0.3,304545.867,2473073.75,0.8,317013.178,308742.7,2.6,310335.566,2039611.81,2.3,49809.878,3896614.85,1.4,46658.188,689008.72,1.1,101914.052,7075081.14,1,91756.322,1691297.5,1.2,10143.323,799928.47,1.7,10718.669,171238.49,0.8,38392.919,509751.08,1.2,40505.862,119112.06,1.4,7098.302,80962.86,3.7,7525.921,19003.28,1.7,1009.33,42400.11,0.6,1004.418,10428.1,3.2,6485.695,80363.13,0.1,6166.865,27179.83,1.2,714.662,56346.2,3.7,702.726,17927.49,0.9,3567.206,63068.2,1.5,3936.836,21342.96,4.2,571.383,43103.96,2.2,603.786,15060.86,1.1,1614.533,38491.03,1.4,1746.057,13781.44,2.7,173.357,14903.81,1.7,179.65,5853.92,4.4,1377.762,21045.51,2.3,1498.146,8661.71,1.3,161.602,13343.89,1.2,172.676,2916.6,2,192.535,4124.03,0.7,184.748,1390.08,7.5,757.996,47390.88,1.5,794.112,26394.83,3.9,315.939,14035.46,2.3,354.757,7262.77,3.8,20348.367,102971.5,3.9,18499.529,83813.06,0.2,18006.911,450626.73,1.3,19320.859,405267.34,1.8,132.055,7205.47,2,118.704,3120.41,3.6,20019.517,897555.92,0.2,22010.117,449014.73,1.8,2642.16,110698.03,3.8,2920.359,59238.9,1.8,1968799.95,2.9,116.6,680601.04,1.7,105.5
163  Dy  [ No Gas ] :  CPS RSD value = 5.85 is over the allowed maximum = 5.00103  Rh ( ISTD )  [ No Gas ] :  CPS RSD value = 13.14 is over the allowed maximum = 5.00,FALSE,230SMPL_20250514_Ac Series 575  to 858_rerun .D,15-05-2025 03:12,Sample,,MCS 747,30490.019,595125.64,4.2,29734.544,2652.91,7.9,2904.816,17445.14,2.1,2486.305,270.27,17,3493.996,136707.95,1.1,3913.611,5046,2.6,25991.161,1321385.87,0.5,25053.649,103920.29,1.2,19856.611,1133982.63,2.4,17439.672,124501.35,2.1,3367.131,195402.72,2.9,3080.881,38386.78,1.5,6152.807,107905.08,2.1,5531.124,27121.4,2.6,4909.344,161321.09,2.9,4195.114,42972.11,1.7,8894.255,245513.67,2.7,4060.498,32900.19,2.6,13642.703,375382.95,2.1,15414.545,20289.17,1.9,193915.597,10393895.79,2.2,154721.621,328378.72,0.8,76938.568,5980414.39,3.6,56051.521,182911.79,1,20581.11,1721660.88,1.5,19007.801,128168.2,2.7,5852.846,281893.47,0.4,5393.789,39185.43,2.7,205.997,5960.67,3.8,163.021,1531.63,4.3,<0.000,2285.83,3.3,<0.000,824.19,11.3,103.724,1134.52,7.5,59.352,240.24,7.2,4969.983,94883.03,2.6,4382.812,12952.85,3.7,94.274,12876.03,4.5,<0.000,1651.77,14.7,9767.32,695894.39,1.2,9022.073,54279.17,0.7,364446.809,2895275.59,0.7,338940.395,370654.34,1.2,324595.054,2395845.43,0.5,64743.696,4958298.1,2,53069.272,881130.66,2.4,136047.134,9259611.3,2.2,106824.657,2213209.83,2.5,13639.334,1051561.43,2,12459.467,223483.52,1.5,52993.863,689527.84,0.7,47547.516,157122.4,0.4,10494.72,116902.11,1.9,10081.069,28547.46,2,1297.913,52743.25,2.6,1097.66,12669.11,4,9565.469,115621.29,2.9,8745.76,43197.27,1.1,1250.12,93668.82,4.9,1021.314,28420.56,1.8,5871.515,101019.79,5.9,5538.1,33585.35,1.5,906.233,64956.19,4.3,835.197,22716.79,4.5,2195.241,50713.32,3.8,2041.568,17990.96,2.1,237.217,18485.54,3.5,206.661,7162.58,5.7,1629.554,24157.59,3,1479.379,9586.66,8.9,188.026,14496.28,3.7,157.251,2980.02,6.1,207.669,4187.4,3,155.973,1343.41,9.7,1270.387,75884.75,2.3,1144.932,41987.59,2.9,900.888,33147.97,0.2,823.805,16390.7,1.8,34479.598,194503.95,2,30180.411,152368.9,2.3,34132.655,826387.4,4.9,31851.399,745048.47,1.7,582.446,24150.58,1.3,473.382,9847.35,5,37478.232,1638420.61,4.7,35130.89,804655.1,2.4,6610.52,267464.64,1.4,6537.813,146836.29,5,1760318.76,13.1,104.3,690189.75,2.2,107
139  La  [ He ] :  CPS RSD value = 9.55 is over the allowed maximum = 5.00172  Yb  [ No Gas ] :  CPS RSD value = 5.37 is over the allowed maximum = 5.00205  Tl  [ He ] :  CPS RSD value = 8.19 is over the allowed maximum = 5.00,FALSE,231_QC1_20250514_Ac Series 575  to 858_rerun .D,15-05-2025 03:16,QC1,,QC MES 50 ppb,46.57,3786679.71,1.1,43.915,14625.76,4.9,42.095,1039616.08,1.2,44.712,18046.58,0.5,37.513,5142926.37,0.2,36.1,161480.07,2.1,43.157,9073631.15,1.8,39.994,619361.35,2.6,43.44,8384165.22,1.4,39.139,854511.89,1.9,43.941,9388168.19,2.1,38.78,1569566.55,2.4,36.375,1793316.24,2.5,39.611,454357.95,2.2,43.363,5057413.57,1.8,40.5,1275000.84,1.3,34.78,1170801.95,1.4,34.536,160801.07,3.2,46.092,5275584.14,1.6,41.649,204720.24,0.9,45.536,10259489.93,2.7,40.438,322716.29,3.1,44.293,13480339.12,1.3,38.196,421126.61,1.9,46.055,16124814.43,1.1,42.504,1073255.55,3.9,46.715,8527024.04,2,42.045,1024769.59,0.2,40.761,2042597.18,0.7,44.194,568686.87,2.5,46.225,4957279.79,2.8,41.828,1615470.37,4.8,44.055,1076205.9,1.6,45.348,239885.42,0.5,50.12,3801836.84,3.7,44.661,465955.55,2.1,50.076,5616917.97,0.9,45.621,657427.44,1.7,49.703,14711998.7,1.7,44.782,1002731.74,1.9,48.079,1610331.53,3.2,49.844,205948.77,3.2,47.838,1332985.38,1.6,49.829,16001295.91,0.1,50.823,3170533.87,9.5,50.613,14434428.21,0.4,49.453,3849124.55,0.8,50.848,16409948.31,2,52.057,3497035.79,2.9,44.402,2419716.81,1.3,47.653,591181.27,1.1,44.948,2094046.66,0.8,46.877,496733.95,1.1,52.032,8569292.85,1.8,47.881,1974919.45,1.7,44.979,2273235.37,0.5,48.097,887598.83,2.1,51.907,15780445.48,0.4,53.887,5355324.29,1.8,53.605,3836051.37,1.2,48.774,1101239.99,1.5,51.838,14961007.29,1.7,54.604,5267322.02,1.5,53.114,5063682.76,4.5,48.833,1577885.65,1.7,53.212,14782208.49,3.4,55.82,5783011.98,2,46.439,2824953.08,5.4,50.715,1182811.35,2.4,53.292,14039928.29,3.2,48.964,2669206.5,1.5,53.705,3663607.96,3.2,50.534,1200858.06,0.7,53.104,12958129.39,2.3,55.871,7467637.8,1.5,54.395,7686810.57,2,53.276,3588448.87,8.2,52.403,1102751.61,1.2,53.455,1004428.05,1.5,55.797,5644987.29,1.7,51.25,4468757.33,0.6,55.433,8938279.45,2.3,59.093,4048577.34,0.5,57.026,10479366.89,1.6,59.936,5151748.11,1.4,57.18,9619917.65,2.2,64.792,5406856.24,1.8,1961182.96,1,116.2,697436.43,1.7,108.1
137  Ba  [ No Gas ] :  Concentration value = 222.34 is over the calibration range137  Ba  [ He ] :  Concentration value = 166.64 is over the calibration range138  Ba  [ He ] :  Concentration value = 182.88 is over the calibration range103  Rh ( ISTD )  [ No Gas ] :  CPS RSD value = 12.40 is over the allowed maximum = 5.00,FALSE,232SMPL_20250514_Ac Series 575  to 858_rerun .D,15-05-2025 03:20,Sample,,MCS 748,46128.903,861714.37,2.2,43999.193,3864.42,1.4,2606.279,15096.74,2.7,2076.042,223.56,13.7,13094.994,431150.73,0.1,12574.551,15120.31,1,116150.341,5590721.98,1.2,94373.922,383946.21,2.3,97953.633,4418210.41,1.5,75996.483,447976.05,1.2,16042.728,804807.6,1,14581.063,159650.24,1.9,38643.303,461753.77,0.6,34147.367,110911.57,1.3,39803.616,1079745.27,1.5,36407.858,306912.99,1.5,96596.093,789857.15,1.5,74580.333,103197.57,1.4,26483.198,694430.71,3.9,27182.207,35185.16,0.4,228427.687,11752101.29,1.9,172187.333,360473.08,1.3,38915.989,3230901.01,2.7,25995.205,100046.08,1.9,44184.377,3541697.12,1.7,34529.633,229198.93,2.6,20658.124,886356.21,1.5,18784.182,123980.03,1.3,1153.497,16580.51,4.2,1134.343,4792.36,4.7,219.301,8995.48,4.8,144.519,3023.39,0.6,23.324,640.66,13.6,<0.000,103.44,55,7601.322,136420.05,2.9,6892.888,19651.38,2.7,427.724,20914.66,0.9,317.139,2926.61,6.1,14603.483,995639.7,2.8,13576.106,80298.11,2.7,832094.792,6336855.41,1.7,623655.529,671042.92,1.9,684439.756,4970379.35,0.6,82241.933,6056141.15,3.8,65859.002,1078172.97,3,170378.193,11124703.89,1.3,127191.487,2599056.3,0.3,16933.962,1253177.84,1.1,15330.571,271139.66,3.8,64713.997,806625.27,2.6,57247.459,186575.47,1.3,12785.034,136731.93,1.1,11450.075,31979.04,3.4,2047.89,78676.47,3.6,1769.064,19775.33,2.2,12181.466,141424.21,0.4,10252.255,49912.09,1.9,1629.526,116117.49,3.5,1418.682,38407.25,2.1,9185.657,150971.86,2.1,8428.708,50281.13,5,1663.501,112422.04,4,1457.367,38179.83,3.7,4709.249,103536.76,1.3,4304.286,36938.15,0.9,640.669,43529.21,3.6,548.09,16360.49,1.2,4203.338,59112.21,1.8,3958.185,24622.32,0.4,608.569,39251.01,2.2,538.045,8391.26,0.8,781.388,12973.48,2.9,667.935,4517.5,3.7,2112.062,120465.49,4.6,2045.712,73058.09,3.5,1100.462,38244.8,3.8,988.122,19077.32,1.1,34183.17,190339.02,3,31746.654,157972.66,2.7,34833.343,811562.76,2,32593.322,752113.06,1.4,899.872,34926.83,1.8,807.671,15723.53,3.7,34480.73,1451530.75,0.5,31997.294,723177.11,1.9,6333.12,246175.2,0.6,5895.378,130669.52,2.7,1698430.88,12.4,100.6,684979.09,1,106.2
137  Ba  [ No Gas ] :  Concentration value = 115.48 is over the calibration range137  Ba  [ He ] :  Concentration value = 100.38 is over the calibration range163  Dy  [ No Gas ] :  CPS RSD value = 6.06 is over the allowed maximum = 5.00169  Tm  [ No Gas ] :  CPS RSD value = 5.83 is over the allowed maximum = 5.00175  Lu  [ No Gas ] :  CPS RSD value = 5.35 is over the allowed maximum = 5.00,FALSE,233SMPL_20250514_Ac Series 575  to 858_rerun .D,15-05-2025 03:24,Sample,,MCS 749,33115.547,718983.91,2.5,34953.478,3116.81,2.7,3161.34,21097.31,3.4,3134.092,340.35,15.3,3989.185,170008.27,0.8,4498.521,5740.31,4.3,29303.964,1653450.28,1.2,30364.258,125747.95,0.4,20380.217,1289483.91,1.2,21700.567,148453.55,2.1,4270.394,267661.36,4,4234.147,50756.8,1.2,7942.052,142817.37,1.5,8245.646,35191.51,3.3,5832.895,207286.88,2.8,5721.379,55671.62,3.9,11860.172,295298.67,1.9,10794.278,39712.24,3.2,13596.503,415176.66,0.7,15693.89,20650.07,0.6,192906.11,11519016.54,1.8,167635.999,355718.01,1.6,64976.825,5721484.2,0.5,54729.137,179323.18,1.1,15187.572,1415718.85,3.9,15625.405,105475.24,0.8,6084.564,324588.22,0.1,6294.988,45000.36,0.9,144.159,5783.75,0.6,170.771,1558.33,15.3,<0.000,4124.8,6.8,<0.000,1251.32,6.5,<0.000,560.58,23.2,<0.000,113.45,18.4,4830.011,102471.39,0.7,4915.908,14435.9,2.4,73.391,13660.92,4.4,31.583,1862.01,17.1,10434.797,825581.6,2.3,10456.687,62820.29,3.6,429438.138,3790778.29,1.5,373288.364,407986,2.6,359735.527,2653719.14,1.6,42528.905,3624893.96,2.3,38387.047,637558.24,4.1,85803.109,6491790.14,0.5,75332.466,1561099.12,1,8549.246,735015.15,0.8,8697.271,156331.26,2.2,32671.813,472717.59,0.4,33153.405,109617.79,0.3,6295.627,78285.72,1.3,6488.755,18428.59,2.3,937.341,42845.77,1.7,862.1,10090.84,1.3,5929.902,80046.95,3.6,5890.783,29179.86,2.9,789.536,67032.13,4.8,748.004,21195.8,1.8,4009.603,76976.31,6.1,4231.569,25742.19,3,655.613,53082.07,1.8,663.343,18315.09,4.9,1752.749,45310.72,3.9,1802.921,15939.42,1.9,189.801,17108.92,5.8,177.9,6371.37,6.6,1321.356,21951.34,0.7,1403.622,9105.78,4.1,150.217,13427.35,5.3,129.01,2569.51,3.9,218.438,4860.97,5.8,239.49,1870.15,6.7,1154.39,77018.39,3.2,1293.163,47273.5,2.9,924.122,37722.58,4.7,924.038,18181.83,3.7,35572.525,200629.78,3.4,31218.024,157508.72,1.8,30416.093,822633.42,0.8,32918.593,769735.58,1,593.631,27360.63,3.3,584.705,11869.17,1.7,22105.868,1079305.3,3.2,23346.466,535204.05,2.3,4894.242,220852.76,2.8,5146.941,115850.73,0.9,1933563.67,0.7,114.5,689860.04,0.6,106.9
71  Ga  [ He ] :  CPS RSD value = 7.09 is over the allowed maximum = 5.00,FALSE,234SMPL_20250514_Ac Series 575  to 858_rerun .D,15-05-2025 03:28,Sample,,MCS 750,24616.546,532907.76,3.4,27368.788,2425.99,1.9,2253.623,15059.98,2.9,2402.197,260.26,20,3268.079,142954.51,1.7,4153.507,5286.35,3.9,26964.321,1513776.65,2.2,28984.931,119140.88,1.1,19863.312,1254900.16,0.1,20639.712,141262.52,1.2,3149.779,203032.55,2.7,3345.323,40863.3,0.3,7941.705,141732.93,1.2,8240.61,34870.25,2.8,5282.602,189065.73,2.8,5447.411,52907.61,1.7,6399.673,252907.61,1.5,5862.543,34288.45,2.5,12006.678,364677.79,0.5,15872.668,20750.43,7.1,140993.452,8371531.76,1.7,125111.49,263566.22,0.9,51394.605,4658263.69,1.8,43574.482,147730.13,1.7,19045.35,1762528.05,1.4,19552.477,130802.12,1.9,5969.351,316971.19,1.6,6265.465,44455.37,2.5,487.28,10250.97,4.1,532.003,2766.41,4.3,<0.000,3544.04,5.7,<0.000,1237.97,4.1,14.794,670.69,4.5,<0.000,120.12,8.3,4355.014,92358.88,2,4555.146,13320.27,2.1,54.992,12976.19,4.6,<0.000,1705.16,2.8,8336.429,656879.52,3.4,8645.754,51595.74,3.4,257760.853,2267218.52,1.9,260889.5,283707.9,3.2,257017.793,1883854.38,2,61310.307,5191085.37,2.1,57051.82,940242.17,4.8,131310.882,9869568.96,1.2,114049.752,2343790.36,1,13150.796,1121814.08,2.1,13424.846,238927.9,1.7,48915.089,702934.76,1.2,50118.917,164276.36,0.9,10176.286,125412.87,1.7,10469.173,29423.51,2.1,909.249,41348.98,2.1,898.266,10411.4,4.2,9022.812,120734.63,3,8416.257,41225.31,1.7,1115.152,92662.8,2.3,1049.264,28918.79,0.8,5517.766,104982.63,2.9,5738.359,34511.84,1.1,803.01,63933.67,3.7,834.488,22526.21,1,2050.286,52512.67,2,2106.658,18398.63,2.3,221.957,19337.69,2.9,216.037,7372.94,10.8,1478.188,24331.49,2.4,1531.145,9813.71,5.6,164.356,14312.54,1.7,163.688,3043.43,5,226.922,4981.03,1.8,211.389,1676.79,0.9,970.736,64728.91,1.9,1038.958,37931.54,2.8,736.181,30481.74,2.1,724.258,14486.41,5,31050.547,174011.56,4.7,27918.382,139850.49,1.7,25965.509,698978.93,2.8,28828.674,669626.65,3.1,604.778,27658.19,2.1,593.942,11945.91,3.8,35821.484,1736737.78,0.5,38759.113,880272.1,1.7,5126.02,229718.88,2.7,5657.412,126098.14,2.2,1913244.24,1.4,113.3,681800.9,3.4,105.7
71  Ga  [ He ] :  CPS RSD value = 5.76 is over the allowed maximum = 5.00137  Ba  [ No Gas ] :  Concentration value = 114.24 is over the calibration range169  Tm  [ He ] :  CPS RSD value = 5.45 is over the allowed maximum = 5.00172  Yb  [ No Gas ] :  CPS RSD value = 5.70 is over the allowed maximum = 5.00,FALSE,235SMPL_20250514_Ac Series 575  to 858_rerun .D,15-05-2025 03:32,Sample,,MCS 751,22450.531,515318.08,2.3,26408.612,2496.07,7.4,2163.623,15313.86,3.7,2141.413,246.91,23.8,4819.55,209309.93,1.5,5680.097,7529.67,4.4,34933.588,2069504.35,2.2,36942.458,161551.26,1.5,24070.732,1535297.85,2.6,25014.897,175205.37,1,4367.028,286279.87,0.6,4438.907,55687.92,1.4,9472.475,168787.32,2.8,10135.578,42566.97,2.7,7189.452,260790.07,0.3,7233.835,71720.69,3.5,15067.158,323965.65,1,13661.589,43430.83,2.3,14216.806,457163.27,0.7,16766.496,23313.86,5.8,164490.204,10350255.28,2.3,141039.88,316524.95,2.5,56746.448,5326149.29,0.9,47676.082,167612,2.3,24725.534,2423775.71,1,25618.195,182410.28,3,8821.737,479502.68,2,9069.331,66277.39,0.9,297.646,8007.16,6.5,319.459,2128.97,2.4,<0.000,3387.18,10.5,<0.000,1124.51,9.5,6.449,623.98,4,<0.000,93.43,37.6,6606.446,145244.17,3.5,6870.072,20938.09,3.3,83.485,14045.08,3.3,43.507,1918.74,8.5,8679.398,724516.94,1.9,9128.516,58029.82,2.6,401992.832,3738853.44,1.3,345047.771,398791.29,2.3,346651.343,2703585.05,3.1,47587.485,4270961.59,2.1,42324.802,743051.05,2.8,95983.934,7653160.26,2.3,83859.953,1837282.03,0.2,9825.615,889080.44,1.2,10067.268,191104.38,1,36931.759,562850.55,0.5,38141.685,133287.87,3,7650.721,100108.92,1.6,7745.058,23221.25,2.2,1190.837,56667.4,1.9,1143.096,13891.58,4.5,7304.574,103735.37,3.8,7273.759,38008.8,4.2,1058.067,93167.45,3,1025.313,30082.7,1.5,5980.462,120472.08,2.4,6124.604,39217.2,3.2,1055.717,88012.72,1,1056.28,29955.8,2.2,2945.333,79417.08,2.1,3078.365,28417.35,3.1,388.318,33240.86,2.9,381.118,12572.28,5.5,2580.936,44503.75,5.7,2676.928,17960.96,2.1,321.478,26578.38,2.1,298.1,5269.73,7.5,324.355,7092.04,2,320.777,2500.26,3.3,1139.74,80023.85,0.4,1156.875,44787.64,0.7,765.412,33305.58,2.7,783.023,16460.88,1.5,31931.468,190535.02,2.1,28385.277,151486.07,3,28023.815,799091.98,2,29854.05,738463.4,1.2,367.686,18524.13,4.8,335.608,7682.45,5,22629.209,1163851.72,1.6,24281.669,588439.14,1.4,4221.135,200873.37,2.5,4360.843,103959.08,0.1,1929272.66,3.5,114.3,690230.44,0.6,107
118  Sn  [ He ] :  CPS RSD value = 5.93 is over the allowed maximum = 5.00133  Cs  [ He ] :  CPS RSD value = 5.98 is over the allowed maximum = 5.00137  Ba  [ No Gas ] :  Concentration value = 124.47 is over the calibration range137  Ba  [ He ] :  Concentration value = 106.98 is over the calibration range138  Ba  [ He ] :  Concentration value = 109.09 is over the calibration range138  Ba  [ He ] :  CPS RSD value = 8.98 is over the allowed maximum = 5.00159  Tb  [ He ] :  CPS RSD value = 6.47 is over the allowed maximum = 5.00166  Er  [ He ] :  CPS RSD value = 6.04 is over the allowed maximum = 5.00,FALSE,236SMPL_20250514_Ac Series 575  to 858_rerun .D,15-05-2025 03:37,Sample,,MCS 752,33553.252,784281.55,3.9,37021.096,3594.08,5.9,2847.069,20485.72,2.5,2336.184,276.94,4.2,4546.539,202580.48,1.2,5402.014,7382.76,7.6,33927.161,2056605.36,1.4,35829.614,161468.69,2.1,23282.91,1518168.38,0.6,23917.64,172879.99,1.1,4160.298,279374.3,1.2,4261.223,55121.82,0.4,8544.5,158361.15,1.2,9189.129,40411.43,2.2,6606.532,246460.29,0.6,6404.083,66096.29,1.5,12577.705,304605.89,2.8,12517.606,42493.56,0.4,14538.396,477941.69,1,17443.28,24978.54,2.4,186415.832,11994134.58,1.5,164143.868,379474.92,1.1,69341.984,6450382.27,2.3,58294.264,203043.44,3.7,21404.966,2146721.88,0.6,22793.566,167293.78,0.8,6539.843,370622.25,1.3,6727.508,51664.9,1.3,129.767,5670.26,2.1,189.426,1675.12,8,<0.000,3320.43,2.8,<0.000,1147.87,6.5,69.915,1061.11,8.2,55.131,240.24,16.7,5556.992,125669.4,3.3,5871.12,18541.99,5.9,49.471,12899.41,4.7,<0.000,1605.04,7.4,11571.694,985130.45,0.6,12243.676,80012.98,6,423238.742,4024931.82,0.9,363765.725,432949.07,2.9,370944.109,2979167.19,9,51283.444,4709680.31,1.7,47872.207,865764.59,1.7,107481.164,8761542.18,0.8,93457.082,2109621.87,0.6,10771.09,996633.8,0.1,11030.651,215622.26,1.3,40564.581,632279.77,1.4,41890.47,150822.41,0.8,8228.985,110042.7,1.1,8299.549,25628.34,1.5,1059.836,51771.63,3.7,1016.695,12779.27,4.2,7587.248,110154.12,2.4,7149.3,38503.95,2.4,1027.753,92623.04,2.8,974.503,29477.48,6.5,5249.558,108237.42,1.9,5460.176,36054.48,3.8,905.842,77581.02,1.7,875.345,25758.89,2.2,2283.687,63202.53,1.2,2421.313,23121.22,6,272.393,24702.58,3.2,258.445,9219.31,4.7,1817.004,32210.62,3.6,1782.772,12445.37,3,207.702,18525.79,3.3,209.216,4001.33,5.9,238.355,5544.59,3.7,229.293,1933.49,3.9,1221.913,87514.42,1.6,1207.945,48080.29,1.8,937.697,40925.91,3.1,927.828,19732.34,1.7,34876.217,214196.4,0.9,31147.648,171087.13,2.5,31942.059,929923.83,1.2,32534.195,828293.06,0.7,954.431,45926.18,1.7,919.875,19475.58,2.9,30791.424,1618790.67,2.1,31961.365,797603.72,0.7,5900.215,286112.66,1.6,6158.233,150536.53,1.4,1905517.03,1,112.9,687370.6,1.2,106.5
159  Tb  [ No Gas ] :  CPS RSD value = 7.13 is over the allowed maximum = 5.00163  Dy  [ No Gas ] :  CPS RSD value = 6.67 is over the allowed maximum = 5.00172  Yb  [ He ] :  CPS RSD value = 6.85 is over the allowed maximum = 5.00,FALSE,237SMPL_20250514_Ac Series 575  to 858_rerun .D,15-05-2025 03:41,Sample,,MCS 753,18017.426,402010.75,1.5,20716.556,1858.66,11.5,1848.736,12755.35,2.8,2240.676,243.58,31.1,4006.178,173699.2,0.3,4971.176,6291.12,9.1,29040.435,1672104.09,2.7,30853.063,127727.81,1.9,21297.829,1357520.91,2.9,22726.16,153774.01,1.3,3146.997,208003.39,3.5,3203.275,39605.05,3.3,6875.178,131160.65,1.9,7637.01,33201.08,1.2,6115.946,219986.67,1.3,6348.4,60748.78,2.5,5939.83,253835.52,0.8,5719.314,34104.49,1.1,11936.092,372218.85,2,13286.924,17499.09,2.2,128497.141,7835976.83,2.1,116638.152,247575.21,2.5,53309.657,4922138.61,2.2,44699.789,151568.4,3.7,13982.331,1330428.19,2,15133.164,102118.22,2,6734.219,362668.17,1.7,7090.619,50065.48,2.8,304.329,8007.15,0.6,307.421,2008.84,8.9,<0.000,2933.28,5.3,<0.000,1054.43,4.8,3.511,607.29,4.1,<0.000,150.15,29.1,3687.788,81075.2,1.9,3994.339,11867.37,2,58.5,13303.57,3.7,<0.000,1671.79,11.4,6067.949,492824.57,0.6,6410.77,38717.49,2.5,302158.193,2726612.97,3.1,316937.768,346526.29,1.7,299368.912,2209953.29,1.6,19063.69,1660836.05,2,20821.905,346215.55,1.9,46721.944,3610537.21,1.5,41484.449,860429.6,0.9,4953.676,436126.77,2.4,5452.056,98312.9,0.4,19797.431,292645.97,1.8,20702.947,68529.7,1.1,4399.486,55985.94,2.5,4759.483,13547.51,3.5,835.78,39173.33,4.3,833.599,9766.95,7,4184.96,57827.1,4.9,4184.301,20794.71,4.6,571.482,50418.56,7.1,597.151,17182.31,0.7,3571.73,70072.51,6.7,3603.725,21961.27,1.9,604.118,50113.84,4.7,660.346,18218.15,3.1,1793.502,47272.96,4.4,1945.254,17148.91,1.9,215.815,19361.11,1.9,227.83,7720.13,0.7,1599.899,26972.76,0.8,1775.172,11406.72,6.9,190.696,16540.84,1.3,188.983,3427.25,6.2,232.927,5214.44,0.8,256.189,1970.17,8.8,916.54,62868.86,1.7,955.29,35229.98,1.2,551.285,24204.97,3.1,588.749,12144.85,3.3,27934.022,157890.55,1.6,24961.35,126220.03,1,24291.475,671915.93,1.3,25896.742,606842.52,0.5,275.425,14008.07,3.3,273.171,6171.59,4.7,13827.875,689960.33,3.1,14873.621,341409.27,1.2,3426.434,158565.04,3.4,3816.698,86298.93,3.8,1942145.48,0.7,115,678854.66,1.2,105.2
7  Li  [ No Gas ] :  CPS RSD value = 6.45 is over the allowed maximum = 5.0045  Sc  [ He ] :  CPS RSD value = 6.26 is over the allowed maximum = 5.00121  Sb  [ No Gas ] :  CPS RSD value = 6.31 is over the allowed maximum = 5.00137  Ba  [ No Gas ] :  Concentration value = 137.73 is over the calibration range137  Ba  [ He ] :  Concentration value = 114.28 is over the calibration range138  Ba  [ He ] :  Concentration value = 127.78 is over the calibration range147  Sm  [ He ] :  CPS RSD value = 5.13 is over the allowed maximum = 5.00169  Tm  [ He ] :  CPS RSD value = 5.29 is over the allowed maximum = 5.00,FALSE,238SMPL_20250514_Ac Series 575  to 858_rerun .D,15-05-2025 03:45,Sample,,MCS 754,23905.7,527192.04,6.4,25061.97,2352.56,3.7,1908.227,13025.87,3.9,1742.207,200.2,0,7894.789,313929.85,1.5,9112.005,11770.31,6.3,64540.036,3654296.81,1.2,58862.31,255152.24,1.8,55625.264,3054932.34,1.8,47651.759,308123.08,1.2,7086.205,430869.65,1.5,7222.6,86767.57,2.8,18419.968,277972.89,3.1,18226.502,67735.71,2.1,13969.185,461853.55,1.2,14406.488,134023.18,0.5,34687.898,459034.95,1.2,29912.598,60812.51,0.9,15584.357,481058.83,0.6,17998.524,24841.54,1,133115.627,8054945.8,3.1,111664.136,249022.83,0.5,46550.66,4341563.55,2.6,37697.124,138323.57,1.6,22675.253,2136273.2,2.1,22751.37,160964.17,2.4,19811.328,997261.94,2.4,20740.663,144986.66,1.5,361.847,8604.85,7.5,369.864,2305.85,10,<0.000,3901.17,5.1,<0.000,1051.1,10.3,25.143,730.76,14.8,<0.000,153.49,33.5,4043.203,87513.37,1.2,4055.185,12618.81,0.7,261.998,19023.18,6.3,223.707,2652.94,5.1,7528.751,604702.5,0.9,7600.005,48105.2,2.5,490688.716,4383536.57,3.1,407136.228,466881.94,1.6,455248.25,3523957.09,2.5,45635.689,3938063.17,2.2,41455.765,722702,1.4,98824.093,7570443.58,2.7,81015.371,1763543.81,2.4,9189.333,799719.93,3,9505.726,179245.22,2.6,36846.073,539536.63,0.9,36443.785,126538.49,2,6641.722,83582.1,2.5,6590.904,19634.98,5.1,1305.021,59489.22,3.1,1210.655,14589.7,2.7,6243.345,85304.16,3.4,5824.67,30300.15,2.5,832.103,71185.5,1.6,764.473,22649.72,1.6,5110.048,99058.72,2,5010.68,31932.68,1.3,933.01,75112.79,1.8,964.484,27283.74,3.3,2842.918,73683.11,1.8,2839.006,26069.86,2.7,359.189,29822.02,4.1,351.534,11657.17,5.3,2622.453,43405.81,2.9,2571.144,17148.96,2.1,320.817,25528.42,2,329.239,5717.06,7.2,700.629,13707.67,0.6,664.591,4764.27,7.9,1179.988,79497.65,2.9,1162.259,44683.85,2.6,640.834,27311.08,1.1,625.53,13404.1,1.6,26185.261,155552.12,2.2,24765.834,131462.86,3.9,24957.955,684524.94,1.8,24962.151,614536.51,0.8,424.58,20286.9,2.3,396.842,8816.64,1,19076.994,942884.97,3.4,18771.997,452163.57,1.5,3507.845,160854.24,4.9,3668.457,87138.89,2.2,1876177.95,3.2,111.1,694299.43,2.1,107.6
137  Ba  [ No Gas ] :  Concentration value = 318.72 is over the calibration range137  Ba  [ He ] :  Concentration value = 270.75 is over the calibration range138  Ba  [ He ] :  Concentration value = 295.19 is over the calibration range140  Ce  [ No Gas ] :  CPS RSD value = 6.58 is over the allowed maximum = 5.00,FALSE,239_QC2_20250514_Ac Series 575  to 858_rerun .D,15-05-2025 03:49,QC2,,SJS-Std,42962.938,934581.2,1.8,49788.832,4485.23,2.9,1297.838,8931.84,1.1,1354.012,150.15,43.7,7695.57,304833.17,0.6,8879.542,11065.61,4.5,104043.917,5833145.87,2.2,95474.127,398757.47,2.6,108667.748,5670530.33,3,98547.947,587958.52,1.3,10172.016,603067.72,0.8,10517.383,119628.21,0.2,63233.754,851378.57,1.2,67197.702,213307.21,2.2,27600.354,879751,0.7,28459.801,247933.04,1.4,79750.515,791204.04,0.6,76931.583,107673.8,0.7,13700.025,420052.35,1.8,14229.843,18972.55,1.5,95498.483,5735007.31,0.6,82928.942,178608.34,1.9,247358.563,19631897.77,1.3,211767.035,613625.18,1.1,13745.665,1286989.96,1.4,14218.536,97236.08,1.7,59746.53,2923769.02,1.3,54961.186,363756.05,2.6,2942.265,42983.83,4.6,2986.701,11299.55,3.4,243.579,11049.11,3.3,128.149,2889.9,9.1,359.762,2913.26,8.1,334.414,633.98,15.8,1226.772,30158.97,3,1263.723,4358.44,10.2,1224.919,47819.83,0.6,1263.674,6621.68,4.2,4707.568,377797.61,1.7,4889.242,30055.42,4,1163569.629,10287639.95,1.5,988450.607,1090459.26,2.2,1077673.12,8025896.95,3.2,18784.549,1610677.76,0.2,19459.545,327885,2,41696.834,3173600.38,6.6,36205.93,761151.02,2.7,4287.083,372021.49,2.5,4404.66,80655.73,1.6,16996.579,247356.14,0.6,16920.628,56787.27,2,3223.696,40518.73,3.2,3385.063,9800.31,4.3,949.054,43508.62,2.1,806.365,9589.92,5.2,3193.975,43599.09,4.9,3085.147,15608.67,2.3,438.186,38802.23,3.6,421.542,12712.52,2.7,2708.209,52519.03,1.7,2850.42,17680.15,4,513.824,42357.57,3.2,540.065,15334.77,2.4,1582.189,41145.23,3.2,1626.762,14609.87,2.1,211.811,18749.54,1.4,213.654,7419.65,4.4,1577.274,26170.36,2.3,1678.087,10949.14,4.1,211.313,17713.74,2.5,207.946,3747.66,2.9,2094.308,38917.59,2.8,2103.329,13824.41,4.9,718.491,48993.28,0.9,777.664,29311.41,4.6,515.716,22479.83,4,498.611,10675.35,3.9,20748.768,119382.05,4,18733.554,96412.42,1.9,17840,487673.16,0.8,19106.029,455711.99,1.2,247.095,12563.18,2.1,237.938,5607.99,7.9,9376.875,461301.59,1.4,9777.681,227832.61,2.5,3203.249,146002.68,1.1,3545.243,81343.13,3.7,1906482.94,1.6,112.9,686418.11,2.9,106.4
137  Ba  [ No Gas ] :  Concentration value = 120.54 is over the calibration range137  Ba  [ He ] :  Concentration value = 108.54 is over the calibration range138  Ba  [ He ] :  Concentration value = 105.39 is over the calibration range,FALSE,240SMPL_20250514_Ac Series 575  to 858_rerun .D,15-05-2025 03:53,Sample,,MCS 755,36402.613,786998.01,2.3,38963.189,3397.16,10.3,3452.979,22928.68,2.5,3942.517,417.09,14.1,3976.619,169400.02,0.7,4915.543,6100.86,8.3,27248.966,1534598.14,1.5,30317.15,122740.23,0.3,17636.699,1154818.57,2.7,19300.631,132360.31,1.1,3499.799,223766.57,2.7,3665.738,43735.4,3.2,6056.581,119033.12,1.3,6845.875,30498.72,0.5,7664.215,263116,1.4,7995.174,73035.47,1.2,16577.954,332182.93,0.9,17321.143,45760.9,1.7,15015.587,456708.7,0.8,18833.124,24199.58,2.5,222795.563,13256697.56,1.9,204572.631,424181.45,0.3,70408.718,6127261.86,1.8,61441.924,193615.44,0.8,22691.553,2104582.19,1.7,24395.002,160636.37,1.4,6907.866,363571.27,0.6,7566.725,52096.77,2.4,172.01,6197.68,2.3,207.933,1661.77,5.2,20.758,4805.72,2.1,<0.000,1521.62,11,<0.000,407.08,7.9,<0.000,93.43,6.2,5705.867,119749.5,0.9,6312.621,17903.67,0.7,33.254,12618.84,2.3,<0.000,1595.04,5.3,13476.728,1060358.17,1.9,14637.779,85728.84,1.1,455795.085,4008468.89,0.8,410434.463,438199.09,1.5,398518.919,2872378.22,0.6,61064.645,5183989,1.1,58049.905,941533.88,0.9,127209.526,9586372.43,1.4,112045.823,2268472.02,1.6,12228.569,1046086.63,0.7,13234.914,231992.29,1.7,47134.61,679192.66,1.6,48899.232,157928.88,0.7,9057.094,111967.14,2.8,9953.357,27557.52,1.2,1052.503,47747.8,2.1,1031.211,11687.11,1.5,8628.7,115825.14,0.8,8602.57,41530.06,1.5,1109.582,92548.87,0.9,1091.922,29624.51,0.6,5712.804,108978.2,2.9,6091.742,36098.21,3.7,917.133,72877.35,2.2,974.583,25732.28,4,2435.981,62390.84,2.8,2622.416,22476.06,3.5,284.373,24033.83,2.1,287.634,9209.3,3.2,1948.525,31959.62,0.5,2013.844,12608.98,3.1,215.225,17957.69,1.4,215.43,3747.65,6,239.397,5241.12,4.8,262.027,1973.5,4.6,1216.759,80816.41,3.3,1289.953,46119.1,1.2,1051.744,42415.94,1.1,1130.273,21410.2,4.3,42434.885,233626.26,2.7,37498.903,184691.61,4.5,36440.649,980169.34,4.5,39489.321,901354.16,1.4,867.054,38948.87,1.5,897.073,17185.5,0.7,32897.22,1599180.7,3,36112.061,808379.97,1,5205.326,233906.88,1.9,5923.284,130091.1,1.6,1959708.62,1.9,116.1,685739.2,1.5,106.3
137  Ba  [ No Gas ] :  Concentration value = 131.44 is over the calibration range137  Ba  [ He ] :  Concentration value = 113.67 is over the calibration range138  Ba  [ He ] :  Concentration value = 121.85 is over the calibration range138  Ba  [ He ] :  CPS RSD value = 9.28 is over the allowed maximum = 5.00159  Tb  [ He ] :  CPS RSD value = 5.84 is over the allowed maximum = 5.00169  Tm  [ No Gas ] :  CPS RSD value = 5.13 is over the allowed maximum = 5.00205  Tl  [ He ] :  CPS RSD value = 7.27 is over the allowed maximum = 5.00,FALSE,241SMPL_20250514_Ac Series 575  to 858_rerun .D,15-05-2025 03:57,Sample,,MCS 756,29766.079,698906.85,0.5,32054.047,3043.39,9.2,2955.534,21324.56,4.5,3328.987,383.73,4,4085.744,185586.99,0.1,5178.548,6928.72,3.4,30983.763,1886781.99,0.7,34467.441,151570.1,1.8,25318.183,1636063.88,1.2,26323.505,183524.57,1.6,7148.568,463111.99,0.6,7575.955,91695.06,0.3,11314.112,197734.54,0.9,12310.825,49487.54,3.3,12507.634,443832.06,1.1,13231.507,125058.41,1.7,27195.511,424350.5,1.2,27755.747,58312.37,2.5,14557.745,480163.73,1.1,17726.571,24781.32,3.5,194321.76,12542564.67,3.6,175408.722,395707.65,2.2,113146.944,10077022.67,0.8,98627.609,315293.73,2.2,20838.153,2096874.74,1.2,22178.607,158884.98,2.5,7704.711,432967.51,0.3,8092.684,59856.46,0.7,3392.884,52527.82,1.9,3661.019,14258.78,1.5,<0.000,3203.61,5.4,<0.000,1077.8,12.1,4136.511,29536.67,1.7,4271.531,6541.55,1.1,4985.097,113727.17,1.9,5373.104,16637.49,2.9,110.331,15063.87,0.8,101.274,2132.32,5.7,10923.941,933486.3,0.7,11751.363,74951.01,1,453823.211,4328967.41,1.8,392473.487,455753.54,1.7,420684.545,3294869.04,9.3,55102.073,5075904.98,1.9,52614.429,928376.01,2.6,114969.454,9401391.62,1.8,101071.669,2225848.14,2.6,11509.999,1068265.79,3.3,12155.033,231801.01,2.7,42806.407,669263.33,1.6,45692.616,160530.1,1.5,8745.789,117309.46,0.5,9097.619,27403.74,1,1085.056,53145.08,2.3,1079.338,13220.17,3.5,7897.977,115014.81,3.3,7870.034,41329.11,3.4,1024.093,92639.47,3.3,1019.66,30049.41,5.8,5136.234,106280.6,2.2,5554.77,35796.88,1.1,876.055,75405.23,1.9,922.138,26434.26,1.7,2222.369,61743.4,1.3,2414.551,22502.75,3.6,272.822,24859.61,5.1,277.598,9579.95,2.1,1876.861,33364.51,1,2027.737,13771.42,1.4,224.945,19932.66,3.9,238.848,4378.5,10.4,283.194,6451.69,1.4,290.226,2300.23,10.2,1107.564,79819.91,1.6,1176.604,45774.44,3.3,889.755,39155.37,1.8,970.552,20076.71,7.3,43281.771,259071.47,2.3,39066.436,208944.41,1.8,36527.191,1065692.78,1.7,40303.406,999930.12,1.7,814.172,39617.77,1.7,831.815,17319.02,3.6,30418.778,1604318.8,4.6,33473.437,815259.82,1.4,6363.633,309411.76,2,7085.71,168837.93,2,1940851.48,0.4,115,681170.29,2,105.6
90  Zr  [ He ] :  CPS RSD value = 8.89 is over the allowed maximum = 5.00137  Ba  [ No Gas ] :  Concentration value = 110.53 is over the calibration range172  Yb  [ No Gas ] :  CPS RSD value = 5.03 is over the allowed maximum = 5.00,FALSE,242SMPL_20250514_Ac Series 575  to 858_rerun .D,15-05-2025 04:01,Sample,,MCS 757,37827.337,773013.43,4.3,36716.458,3223.61,5.9,2982.97,18798.28,1.8,3309.36,353.7,7.1,5115.742,199469.37,0.2,5875.194,7269.25,1.7,36484.583,1935709.62,3,37823.458,153985.74,2.2,29897.418,1667951.97,1.2,28228.125,183004.34,1.9,4755.318,279056.92,2.2,4786.985,55946.27,0.1,9781.576,158085.97,1.5,9377.972,38293.2,1.5,6673.257,220714.39,1.7,6478.288,61224.71,1.7,17516.336,323908.31,1.4,14217.029,43434.11,1,15726.182,452489.31,1.9,17599.495,22769.06,3.6,196636.966,11071757.62,1.5,166885.467,348391.64,2,65944.257,5488772.95,1.4,52694.54,171994.5,4.4,19792.152,1737870.84,1.4,19433.483,128878.49,3,7269.641,360933.26,1.8,7693.13,53320.7,8.9,222.327,6544.89,4.9,222.711,1738.53,4.9,<0.000,2636.25,7,<0.000,940.98,15.7,<0.000,467.14,18.5,<0.000,93.43,24.7,5796.935,115001.54,3.6,5728.837,16443.65,1.2,61.333,12899.42,1.4,<0.000,1745.2,9.8,11911.316,887684.92,0.6,12034.592,71081.75,4,424700.601,3535693.41,2,364482.282,392108.44,1.8,359565.746,2609840.31,2.8,49684.15,3990328.15,3,44755.795,730857.86,2.2,103957.639,7415426.48,1.7,86666.162,1766926.1,1.2,10253.722,830485.33,0.9,10333.799,182511.92,2.8,38866.981,529855.99,2.2,38630.073,125626.19,0.8,7700.751,90240.8,4.4,8012.675,22352.16,4.1,975.013,41981.74,2.5,918.945,10565.02,2.1,7367.558,93654.73,2.5,6972.084,33943.28,3.4,973.17,77237.22,1.6,940.505,25889.27,4.4,5119.287,92432.02,1.6,5199.47,31056.28,2.6,821.947,62119.27,2.7,782.911,21078.79,2.5,2059.957,50073.93,2.8,2141.424,18552.3,2.8,227.793,18846.48,4.4,209.696,7182.61,5.4,1615.735,25180.68,5,1613.232,10251.17,4.4,175.54,14426.19,4.9,150.246,2853.19,6.1,251.212,5167.76,3.3,261.789,1990.17,5.8,1310.757,82231.56,1.4,1282.848,46192.67,0.5,929.803,35871.81,1.9,935.62,18138.36,2.3,32922.24,182961.55,2.6,31364.44,155688.72,2.3,30683.654,782556.8,0.5,31172.368,717822.6,1.2,826.181,35220.73,1.4,810.097,15750.18,3,31970.39,1470944.85,2.1,31859.114,718089.03,1.4,6406.442,271774.91,4.6,6849.509,151282.98,4,1884142.59,2.7,111.6,701460.68,2.2,108.7
111  Cd  [ He ] :  CPS RSD value = 5.36 is over the allowed maximum = 5.00157  Gd  [ He ] :  CPS RSD value = 5.57 is over the allowed maximum = 5.00178  Hf  [ No Gas ] :  CPS RSD value = 10.27 is over the allowed maximum = 5.00205  Tl  [ He ] :  CPS RSD value = 8.92 is over the allowed maximum = 5.00,FALSE,243_QC1_20250514_Ac Series 575  to 858_rerun .D,15-05-2025 04:05,QC1,,QC MES 50 ppb,48.379,3812747.96,4.1,44.557,14682.56,3.2,43.7,1046468.92,0.6,44.976,17962.99,0.6,39.21,5211048.56,0.4,37.664,166650.26,1.3,45.506,9278000.1,2.4,42.385,649786.53,0.8,45.075,8422089.19,2.1,40.132,866111.74,1.4,45.84,9495605.62,1.4,40.394,1618089.39,0.2,37.383,1785303.38,2.6,40.376,458103.78,2.5,45.621,5159637.56,3.4,40.545,1263340.77,0.7,36.92,1192428.13,1.5,36.026,164735.87,1.2,47.415,5264263.33,3.2,41.817,203415.37,1.3,48.738,10645309.08,0.7,41.885,330745.46,1.9,45.848,13506915.69,2.7,39.186,426761.68,2.5,49.653,16850843.38,1.7,43.517,1087228.95,2.7,47.318,8376791.96,3.3,43.252,1043114.73,1.5,43.714,2123143.25,2,43.523,554144.87,0.1,49.494,5146224.15,1.3,41.305,1577259.24,3.6,43.69,1035160.14,2.5,45.612,238916.15,5.4,52.754,3879780.21,2.1,44.494,459234.51,1.9,51.08,5554471.15,0.8,45.984,655775.13,0.6,50.868,14600010.04,1.1,45.18,1000907.76,1.6,49.766,1615418.5,0.9,49.576,202631.86,2,47.793,1317924.51,1.1,51.052,15894617.15,1.3,45.542,2808997.13,0.7,52.33,14474162.11,1.8,50.191,3865241.29,4.9,51.604,16146847.71,0.8,51.911,3450425.43,0.9,46.566,2460582.1,2.3,47.338,581034.51,3.3,45.676,2063604.23,0.9,46.89,491802.06,0.3,53.527,8547547.77,0.6,47.347,1932640.09,1.4,46.141,2261198.91,1.1,49.691,906944.47,5.6,53.53,15778941.47,1.1,53.273,5240063.2,2.8,54.347,3772307.21,2,49.442,1105070.6,1.5,53.815,15058668.28,1.2,54.213,5174062.82,1.2,52.801,4881881.06,1.8,49.962,1597784.4,1.4,54.844,14776509.46,1.6,55.092,5649723.28,0.2,46.432,2738615.71,2.7,49.944,1152781.95,1.8,54.895,14026760.96,0.8,48.984,2643432.76,1.5,53.064,3514498.18,10.3,50.275,1182287.8,1.1,53.021,12543645.65,3,54.882,7261009.89,1.5,56.374,7723811.74,1,56.019,3730633.66,8.9,52.541,1094144.85,1.1,52.883,983301.14,1,57.203,5610421.47,2.7,51.906,4479154.37,1,56.268,8797051.74,0.3,58.118,3940879.21,0.5,57.551,10251914.23,1.4,60.91,5181002.37,1.1,56.846,9274191.92,0.5,62.056,5125040.78,0.9,1902058.57,2.1,112.7,690220.38,1.7,107
137  Ba  [ No Gas ] :  Concentration value = 121.14 is over the calibration range137  Ba  [ He ] :  Concentration value = 104.43 is over the calibration range138  Ba  [ He ] :  Concentration value = 101.03 is over the calibration range172  Yb  [ No Gas ] :  CPS RSD value = 5.52 is over the allowed maximum = 5.00,FALSE,244SMPL_20250514_Ac Series 575  to 858_rerun .D,15-05-2025 04:09,Sample,,MCS 758,23498.422,512135.9,1.9,24700.89,2279.14,10.3,2503.31,16787.05,3.4,2269.411,253.59,21.7,5311.8,216625.86,0.4,5859.258,7546.34,3.2,37411.027,2104595.17,2.4,38493.43,163846.14,0.6,26868.852,1595670.31,1.5,27723.261,186200.67,2.2,4638.228,287226.47,0.6,4595.83,55945.93,1.1,9877.211,165412.84,1.8,9975.974,40970.44,1.6,8869.75,299400.01,0.2,8620.191,81694.48,0.9,20424,347058.92,0.8,16887.623,45667.25,1.6,15560.08,474510.58,3.4,17440.532,23614.69,2.6,179106.836,10708965.65,2.3,149656.71,326786.56,2.6,70227.611,6077763.61,2.9,55779.991,185890.43,1.6,25659.394,2389386.89,1.3,25760.303,178521.9,1.5,11048.601,562162.17,3.4,11184.769,78577.86,2.5,973.649,16580.53,2.4,977.579,4388.47,6.7,141.236,7957.1,4.2,124.322,2849.84,9.8,471.327,3604.12,2,411.393,747.44,7.4,5682.774,119282.07,3.5,5793.12,17318.98,0.7,191.092,16560.66,1.8,179.232,2402.64,6.4,9418.521,745506.81,2.7,9053.112,56008.38,2.7,426595.584,3768178.5,1.1,367775.792,413891.38,2.2,355782.549,2701605.78,1,47075.635,4010088.12,4,41525.721,709870.21,3.2,100201.617,7588602.79,2.4,84184.194,1795431.73,1.8,10145.497,871468.11,2.2,9951.857,183870.83,2.2,39996.441,578927.7,4.1,39219.996,133411.63,1.9,8250.039,102438.78,1.2,8403.707,24525.01,1.4,1182.86,53506.92,0.5,1169.462,13811.45,4.6,7783.516,104917.24,2.2,7685.027,39086.53,1.1,1113.763,93020.24,2.4,1051.335,30009.19,2.4,6253.982,119562.9,1.7,6581.579,41004.58,0.9,1127.595,89108.65,3.2,1130.999,31149.93,2.4,3196.302,81798.57,1.4,3244.792,29146.54,0.7,406.819,32963.3,1.9,421.043,13380.57,4,2990.543,48881.51,5.5,2898.646,18883.25,4.8,334.897,26197.12,1.3,347.148,5863.93,0.5,474.589,9446.97,6.1,421.054,3083.73,7.7,1164.351,77663.09,2.9,1243.709,46828.49,4.2,849.955,34801.04,1.8,837.588,17025.57,4.5,35057.942,203495.24,0.2,31249.249,162227.26,1.1,30940.759,837172.2,1.3,32630.386,785318.68,2.1,415.811,19675.89,2.6,388.45,8462.97,4.4,29150.619,1423774.56,1,30548.916,720342.35,2.2,5039.451,227334.3,0.5,5258.345,121706.01,1.8,1834416.35,4.1,108.6,673020.18,3.2,104.3
137  Ba  [ No Gas ] :  Concentration value = 154.25 is over the calibration range137  Ba  [ He ] :  Concentration value = 130.02 is over the calibration range138  Ba  [ He ] :  Concentration value = 138.57 is over the calibration range159  Tb  [ He ] :  CPS RSD value = 9.24 is over the allowed maximum = 5.00165  Ho  [ He ] :  CPS RSD value = 5.26 is over the allowed maximum = 5.00178  Hf  [ No Gas ] :  CPS RSD value = 8.53 is over the allowed maximum = 5.00238  U  [ He ] :  CPS RSD value = 6.19 is over the allowed maximum = 5.00103  Rh ( ISTD )  [ No Gas ] :  CPS RSD value = 6.65 is over the allowed maximum = 5.00,FALSE,245SMPL_20250514_Ac Series 575  to 858_rerun .D,15-05-2025 04:13,Sample,,MCS 759,45669.464,981590.47,3,47869.803,4498.58,4.4,3629.427,23914.68,3.3,3171.194,363.71,18.3,8385.292,325052.36,0.6,8950.406,11619.98,0.8,62288.475,3455439.41,2.7,55280.422,241054.95,0.9,52879.143,2856426.64,2.2,44123.56,288595.25,1.9,7914.004,468332.1,2.3,7553.344,90928.85,0.5,17588.411,261942.37,3,16700.444,63189.17,2.2,12571.21,409421.57,2.5,11753.197,111350.83,0.8,36768.392,462980.52,2.1,31653.272,62703.36,1.9,20482.593,618411.17,1.8,22291.792,30906.87,2,220555.777,13069557.92,2.6,177774.246,398391.45,2.3,68767.47,5917337.14,1.2,53277.136,183509.4,1.2,36184.29,3336611.1,0.7,31033.736,220601.31,1.9,22459.797,1103808.35,0.5,22185.505,155637.98,0.8,246.929,6882.06,3.5,219.677,1768.57,10.5,73.713,5997.4,2.8,9.794,1678.46,3.6,42.837,824.19,6.7,<0.000,146.81,3.9,7344.161,151424.08,0.4,7106.821,21609.81,0.9,190.789,16416.92,1.6,121.447,2232.43,8.3,15662.405,1224458.78,1.7,14917.902,94377.86,3.1,543478.475,4754800.75,2.3,458102.674,528137.35,1.4,488243.147,3798827.69,2.3,68269.746,5764719.94,3,58223.635,1020320.92,0.3,136646.579,10245640.24,2.2,112492.165,2460592.58,1.9,14372.568,1224420.78,2.8,13448.066,254669.9,1.1,51420.16,737098.12,1.4,49958.869,174307.37,2.2,10809.739,132976.71,3.3,10482.939,31340.13,3,1362.595,60790.45,1.3,1223.198,14803.55,3.2,10218.924,136402.26,2.6,9559.605,49811.63,2.4,1445.795,118704.3,3.2,1287.82,37366.57,9.2,7709.46,145880.71,1.8,7642.94,48807.24,1.1,1326.495,103328.57,2.8,1226.031,34505.46,5.3,3577.392,90492.77,3.6,3454.825,31805.74,4.1,447.617,35619.8,1.8,398.445,13063.29,2.6,2924.164,47400.64,2,2858.793,19130.57,0.8,376.421,28825.56,1.5,347.485,6017.5,5.3,860.659,16237.88,8.5,824.151,5858.08,5.5,1838.129,120224.04,2.5,1740.884,66665.7,2.2,1106.809,44039.75,0.8,1121.277,22840.93,2.1,35931.76,213908.63,0.9,34125.909,181548.1,2.7,36596.659,979057.18,4.8,35167.261,867597.58,1,1303.476,57113.62,1,1199.824,24300.89,1.4,38905.1,1880780.16,2.7,37738.898,912973.94,4.2,9645.787,428888.03,1.8,9968.548,235162.18,6.2,1822896.86,6.7,108,690353.66,1.5,107
169  Tm  [ He ] :  CPS RSD value = 5.03 is over the allowed maximum = 5.00,FALSE,246SMPL_20250514_Ac Series 575  to 858_rerun .D,15-05-2025 04:18,Sample,,MCS 760,14810.317,333399.54,1.7,15844.572,1524.95,2.3,1490.866,10407.69,3.1,1622.131,190.19,18.2,5229.491,219291.8,1.3,5948.256,7953.65,1.2,34197.087,1976203.5,2.6,35337.326,156166.85,1.6,28037.523,1698184.6,2,28723.225,199768.06,1.4,4209.556,270228.61,2.8,4217.058,53791.79,1.5,9088.801,159795.85,0.8,9368.786,40746.14,4.9,10695.493,365199.85,2.8,10914.698,105238.39,3.1,19059.806,348034.4,0.3,16289.683,47113.7,1.2,10764.534,337977.81,2.5,13326.763,18752,2.5,84864.959,5208135.96,0.7,73391.997,166811.57,2.9,72301.843,6408973.57,1.7,57978.956,199789.41,1.2,18994.025,1813726.07,1.6,18995.835,136735.05,3.6,7180.364,386201.02,3.1,7518.659,56317.48,1.9,449.991,9930.4,1.9,472.624,2723.01,9.2,<0.000,3774.34,9.9,<0.000,1461.55,7.9,<0.000,530.54,5,<0.000,103.44,31.1,2581.446,58571.32,3.2,2599.562,8524.7,3.5,138.102,15488.18,0.6,63.005,2045.55,13.8,4788.077,392281.65,0.8,4724.908,30647.48,0.2,298914.48,2712001.69,0.9,284960.376,333220.44,2.6,288710.544,2279434.75,2.2,55471.354,4846276.5,2.7,47859.676,848987.45,1.1,113171.414,8781151.79,1.5,93673.025,2072812.92,2.1,11075.196,975549.92,1.5,10919.715,209472.85,1.9,41952.669,621955.45,3.5,40875.637,144329.78,1,8027.893,102274.33,3.8,8101.993,24545.05,1.3,1286.758,59539.51,2.4,1290.43,15789.01,2.8,6974.101,96444.37,2.4,6546.296,34612.04,1,848.678,73561.53,2.3,779.963,23472.07,3.4,4684.396,92058.06,1.5,4801.416,31173.25,2.5,827.373,67776.95,2.3,799.304,23238.33,3.9,2484.89,65409.43,2.1,2458.245,23034.2,0.1,315.043,26865.68,1.8,288.892,10014.09,5,2325.771,39110.21,1.3,2345.248,15962.85,1.5,300.686,24428.44,2,277.647,5009.38,9.4,245.967,5461.22,1.9,224.848,1886.82,7.3,702.105,48953.64,2.8,713.437,28412.57,2.4,324.134,15508.76,3,323.856,7877.12,4.6,27775.942,167717.07,1.4,25083.173,135517.71,1.7,25379.629,705785.45,2.8,26112.198,653862.32,0.5,190.356,10301.08,1.5,182.526,4797.64,9.4,23733.484,1189447.91,2.5,23873.497,585131.85,2.8,3266.687,152011.83,1.7,3386.665,81987.42,1.5,1903370.46,4.8,112.7,707253.82,4.6,109.6
137  Ba  [ No Gas ] :  Concentration value = 108.21 is over the calibration range137  Ba  [ No Gas ] :  CPS RSD value = 10.97 is over the allowed maximum = 5.00137  Ba  [ He ] :  Concentration value = 100.82 is over the calibration range172  Yb  [ No Gas ] :  CPS RSD value = 6.46 is over the allowed maximum = 5.00,FALSE,247SMPL_20250514_Ac Series 575  to 858_rerun .D,15-05-2025 04:22,Sample,,MCS 761,33724.309,696865.8,2.5,38853.404,3253.65,7.6,9706.835,60858.11,2,10237.089,1034.41,11.2,3943.721,161175.44,0.4,4865.703,5813.76,6.9,27689.45,1488932.11,0.9,29927.057,116448.84,2.6,18778.252,1162092.17,0.9,19699.308,129800.26,1.8,3535.244,216220.18,0.4,3641.275,41880.76,1,6893.174,124699.55,0.5,7336.395,30889.91,2.5,17353.461,535365.48,1.4,17913.798,147834.05,1.4,13921.676,303114.29,0.9,13490.563,40900.26,3.1,14892.427,432561.75,0.5,17288.953,21358.57,0.9,215732.237,12258118.14,1.3,192821.178,384051.36,2,73120.615,6061504.64,1.1,61132.253,185941.83,2.4,18849.833,1670825.2,2.4,19748.031,125004.45,2.5,5552.206,285568.02,1.8,5741.171,39061.65,0.8,126.502,5426.58,5.5,102.987,1281.35,8.9,29.871,4919.21,10.5,19.944,1728.52,12.2,4.142,600.62,3.3,<0.000,100.1,20,6096.982,121910.15,1.8,6215.018,16971.56,2.2,92.126,13958.26,4.5,44.199,1855.33,13.4,13327.435,1001772.92,2.2,14040.286,79016.3,2.3,418133.383,3514729.53,11,389546.992,399866.25,3,378106.951,2618764.86,2.6,46256.645,3751318.62,0.9,43855.808,683983.36,1.8,95447.391,6872014.53,2.2,84252.806,1639726.56,0.7,9741.266,796667.45,1.2,10303.719,173783.57,1.3,35788.761,492724.77,3.5,37558.772,116654.46,3.8,7264.15,85912.91,2.4,7673.936,20443.62,2,917.973,40033.41,1.3,887.678,9770.27,4.4,6680.011,85763.16,0.4,6814.221,31674.84,3.2,874.146,70393.45,0.7,849.076,22462.58,1.4,4791.53,87427.36,2.9,5125.017,29219.98,2.8,773.2,59178.69,4.1,831.736,21316.14,2.7,2066.864,50709.87,0.8,2220.147,18351.82,0.8,240.468,19945.97,1.4,252.219,7960.53,2.3,1628.053,25601.96,6.5,1718.395,10401.46,1.1,185.165,15211.24,1.2,182.631,3170.25,3.2,178.326,3970.65,1,192.417,1490.09,9.7,1223.936,77666.19,1.1,1270.049,43683.58,2.2,1055.35,40685.12,2.4,1086.752,19872.7,1.5,43719.64,231216.5,2.2,39069.05,184845.43,2.7,39185.61,1006541.54,1.1,41192.677,903099.36,1,864.161,37106.49,3.3,857.7,15873.79,4.4,24961.01,1159464.34,0.9,26456.686,569621.26,1.6,4710.789,202501.67,1.2,5112.788,108172.69,2.4,1912014.57,1.4,113.2,673429.71,2.5,104.4
137  Ba  [ No Gas ] :  Concentration value = 116.59 is over the calibration range139  La  [ No Gas ] :  CPS RSD value = 8.45 is over the allowed maximum = 5.00153  Eu  [ He ] :  CPS RSD value = 5.17 is over the allowed maximum = 5.00,FALSE,248SMPL_20250514_Ac Series 575  to 858_rerun .D,15-05-2025 04:26,Sample,,MCS 762,34415.994,768986.1,0.9,37414.86,3467.25,5.4,2759.277,19008.83,3.8,2649.608,300.31,12,4114.093,178674.78,1.9,4757.243,6277.76,1.4,28565.028,1659808.3,1.5,30056.9,129499.8,0.4,19452.001,1269043.58,1.4,19861.721,142655.06,0.6,3557.789,233179.82,2,3571.888,45194.81,0.6,6929.733,132081.36,1.2,6847.098,31846.43,1.6,6320.489,227787.48,0.9,6013.313,60118.71,1.6,9965.947,281370.58,2.7,8169.325,37376.41,3.1,14318.3,450091.21,3.3,16043.76,21956.84,3.9,196797.061,12101720.91,3.7,169101.827,373439.83,1.2,70434.18,6286892.95,2.2,59446.893,198686.38,0.8,17512.164,1680493,4.9,17741.154,124576.07,2.8,8807.444,468158.94,1.6,9138.48,65721.21,2.5,249.973,7245.99,9.2,262.115,1902.05,11.8,<0.000,3053.43,1.5,<0.000,1041.09,8.5,<0.000,440.45,12.7,<0.000,113.45,36.7,5019.414,109230.28,2,5368.458,16283.27,2.8,55.847,13063.07,1.9,3.327,1755.21,4.6,10989.923,894722.07,2.7,11393.089,71128.67,3.6,416398.82,3785973.38,2.9,356922.1,405960.14,1.6,347450.614,2667682.06,2.2,36850.991,3232592.18,8.4,34673.929,599302.29,0.9,79940.418,6230540.97,3.2,68379.274,1474119.75,2.4,8151.839,721719.27,1.9,8072.015,151058.86,1.7,29351.507,437469.11,2.6,30957.991,106488.64,2.3,6354.285,81351.8,1.6,6297.402,18612.37,1.6,924.71,43475.06,0.8,898.095,10882.27,5.2,5924.448,82343.84,0.5,5762.031,29678.1,4.2,796.992,69498.02,0.4,753.129,22134.97,2.3,4458.371,88005.24,2.3,4615.036,29179.79,1.8,742.302,61367.91,3.4,757.064,21506.62,1,1972.576,52344.7,2.1,2034.549,18645.88,1.8,228.129,20393.83,0.8,222.151,7830.32,4.2,1593.112,27089.89,2.5,1646.323,11032.63,4.7,181.528,15956.2,3.7,178.593,3390.54,8.8,290.406,6311.64,6.5,316.072,2436.91,4.5,1021.741,70382.5,1.9,1010.566,38687.1,0.9,920.054,38565.99,0.9,949.917,19331.3,1.7,36073.23,211534.19,2.9,32737.637,171854.1,4.6,33205.542,923734.44,1.9,33771.134,820998.56,1.6,629.112,29659.46,1.5,591.056,12429.71,3.5,25874.422,1300288.42,1.7,27320.413,651043.65,2.9,4723.131,219493.72,0.9,4826.432,113168.44,4.3,1912606.41,1.5,113.3,689884.83,3.2,106.9
137  Ba  [ No Gas ] :  Concentration value = 122.74 is over the calibration range137  Ba  [ He ] :  Concentration value = 111.33 is over the calibration range138  Ba  [ He ] :  Concentration value = 108.77 is over the calibration range138  Ba  [ He ] :  CPS RSD value = 7.47 is over the allowed maximum = 5.00205  Tl  [ He ] :  CPS RSD value = 5.00 is over the allowed maximum = 5.00,FALSE,249SMPL_20250514_Ac Series 575  to 858_rerun .D,15-05-2025 04:30,Sample,,MCS 763,18956.392,448125.65,3.8,20549.856,1995.48,6.3,1566.48,11519.69,4.2,1464.541,173.51,41.7,7305.992,312021.1,1,8296.209,11065.61,3.9,54535.778,3309070.95,1.7,51564.039,230655.02,0.9,46774.165,2787284.37,1.2,42308.398,284171.05,1.7,5928.119,389192.11,2,6142.582,76736.35,3.7,14065.453,236032.52,3.3,15093.646,59344.11,1.4,19696.981,683945.98,2.6,20629.552,194042.12,1.9,37146.927,503061.85,1.8,35128.548,67387.4,1.6,14152.81,467859.11,0.3,17373.587,24731.12,1.3,111615.555,7228056.61,2.2,97515.002,224324.03,2.8,58297.544,5585348.9,1.1,49572.601,176524.25,1,23575.141,2376222.63,2.8,24192.563,176492.72,2.5,9372.136,520859.82,1.5,9732.275,72412.94,2.6,794.072,15280.9,4,856.747,4144.82,2.9,<0.000,4064.71,2.4,<0.000,1338.08,10.3,<0.000,447.12,23.9,<0.000,113.45,36.7,3704.953,86109.57,2.5,3804.62,12231.41,4.1,150.146,16320.05,2.6,122.97,2252.46,5.4,6793.283,584608.87,3.3,6784.122,44314.56,2,421693.159,4032559.45,1.8,382509.495,452567.74,1.4,373719.923,2984315.36,7.5,54462.01,5026045.95,2.2,50390.748,905829.35,0.9,111437.387,9134227.79,2.9,94664.61,2124104.52,0.7,10943.803,1017560.53,3.4,11335.265,220260.55,2.3,41415.694,649193.62,3.9,42740.118,152974.13,0.4,7977.035,107255.69,1.5,8349.659,25631.67,0.8,1419.266,69074.52,4.3,1404.319,17316.07,4.4,7275.4,106258.81,3.8,7224.759,38671.28,0.8,1015.988,92088.19,1.7,1003.123,30146.31,1.2,5609.956,116278.46,3.4,6023.94,39518.46,2.5,1057.04,90546.47,1.2,1059.284,30731.85,3.9,2908.033,80645.72,0.7,3141.178,29684.77,0.8,391.116,34348.26,2.5,407.848,13644.44,1.3,2770.61,49052.18,2.3,2968.153,20350.35,3.9,347.952,29273.85,1.1,350.995,6211.11,3,318.685,7158.74,3.8,294.527,2373.57,5,868.913,63230.99,3.3,940.334,37506.96,0.5,449.076,21353.41,3.8,474.738,10845.7,5,30756.667,188034.81,2.1,28991.684,158421.78,0.6,27368.897,801840.46,4.2,29319.609,742915.4,1.6,301.542,15957.13,3.2,297.844,7095.41,3.3,21416.397,1132439.66,3.1,22933.028,569427.59,1.7,3496.608,171567.58,3.6,3712.963,90896.03,2.9,1935817.49,1.7,114.7,690421.36,1.2,107
133  Cs  [ He ] :  CPS RSD value = 5.11 is over the allowed maximum = 5.00137  Ba  [ No Gas ] :  Concentration value = 119.90 is over the calibration range137  Ba  [ He ] :  Concentration value = 104.65 is over the calibration range138  Ba  [ He ] :  Concentration value = 104.27 is over the calibration range153  Eu  [ He ] :  CPS RSD value = 5.73 is over the allowed maximum = 5.00172  Yb  [ No Gas ] :  CPS RSD value = 5.31 is over the allowed maximum = 5.00172  Yb  [ He ] :  CPS RSD value = 6.77 is over the allowed maximum = 5.00,FALSE,250SMPL_20250514_Ac Series 575  to 858_rerun .D,15-05-2025 04:34,Sample,,MCS 764,22493.97,539634.07,4.3,22792.046,2212.4,5.9,2941.795,21631.98,3,3542.097,417.09,17.4,5280.799,235937.9,1.4,5960.787,8063.82,5.7,43193.858,2671419.71,2.6,41746.862,187274.51,1.2,28410.34,1826534.97,0.1,29958.961,208677.32,1.8,4282.889,292845.33,0.9,4489.169,57477.51,1.3,10851.015,193625.71,0.5,11727.461,48288.72,1.8,7734.226,289666.95,1.3,8065.2,80693.84,1.5,16571.335,339943.6,0.6,14627.528,44133.73,0.9,14303.639,480835.71,1.6,17965.501,25627.24,2.5,146100.557,9616052.11,0.3,126553.177,291551.03,1.1,55888.252,5457913.55,2.2,48940.75,174207.18,1.6,21738.268,2227590.2,3.8,22484.164,164328.08,2,10257.658,576005.48,1.7,10834.912,80174.36,0.8,313.957,8411.15,5.2,335.057,2192.38,6.7,<0.000,3223.63,4.1,<0.000,1024.4,7.3,<0.000,477.15,15.7,<0.000,110.11,15.7,4602.227,107254.66,1.1,4893.591,15504.89,1.8,115.672,15150.79,4,69.759,1988.81,4.6,8135.427,710393.36,1.6,8292.115,54132.24,5.1,400369.186,3893698.29,0.3,349448.284,414351.12,0.8,348201.022,2786538.84,2.1,49859.456,4679709.61,2.7,46328.427,834397.99,1.2,105873.045,8825572.26,0.8,91544.709,2058189.44,2.4,10246.564,969391.79,1.2,10660.894,207618.29,1.8,38715.794,617170.91,1.2,40346.243,144655.18,2.6,7170.227,98076.27,2.3,7502.951,23087.46,3.3,1100.057,54833.91,1,1081.993,13490.76,5.7,6625.713,98421.46,0.6,6597.138,35395.24,2.1,884.411,81938.61,2.4,899.014,27176.54,0.8,5165.989,108902.46,0.9,5222.21,34371.47,2.7,884.257,77450.05,3.4,972.175,28323.8,4,2595.799,73300.56,0.2,2765.602,26223.77,1.6,352.696,31728.78,2.3,356.211,12077.98,3.7,2381.624,42990.56,5.3,2472.507,17022.09,6.8,291.73,25358,1.4,302.557,5446.67,8.4,369.52,8269.48,5,392.183,3037.05,5.2,909.522,67161.64,1.2,991.245,39506.4,2.7,646.531,29775.87,1.3,689.398,14990.89,0.5,30304.654,185542.74,2.5,28716.183,157199.42,2.6,26398.513,786994.1,2.4,28989.199,735736.68,1.5,384.231,20073.26,2.8,371.817,8536.35,4.5,26450.184,1422471.17,0.9,28688.566,713187.77,1.3,5841.841,289756.7,2.6,6503.381,158264.67,1.6,1914308.85,2.8,113.4,672531.33,2.2,104.2
137  Ba  [ No Gas ] :  Concentration value = 136.98 is over the calibration range137  Ba  [ He ] :  Concentration value = 116.17 is over the calibration range138  Ba  [ He ] :  Concentration value = 128.24 is over the calibration range172  Yb  [ He ] :  CPS RSD value = 5.14 is over the allowed maximum = 5.00178  Hf  [ No Gas ] :  CPS RSD value = 7.95 is over the allowed maximum = 5.00205  Tl  [ No Gas ] :  CPS RSD value = 5.51 is over the allowed maximum = 5.00,FALSE,251SMPL_20250514_Ac Series 575  to 858_rerun .D,15-05-2025 04:38,Sample,,MCS 765,16498.476,356880.14,3.4,20180.188,1828.62,4.4,1940.131,12932.38,2.6,2581.857,283.62,8.2,5957.639,237714.02,1.8,6805.13,8557.97,3.9,50639.971,2803374.32,1.3,46109.924,192574.74,1.2,38114.692,2135167.15,3.4,38649.281,245942.51,0.6,6611.789,394392.22,2.1,6849.167,79572.51,1,12758.253,201106.99,1.5,12674.165,48727.43,1.1,10949.148,359549.16,1.8,11048.332,100931.05,1.1,36998.544,469826.61,0.8,34032.038,63504.72,3.2,12811.631,386496.54,2.3,15977.81,21244.99,3.5,140207.255,8271439.16,0.2,118329.44,253945.97,2.1,60977.334,5337945.88,3,50375.405,168739.37,1.3,21134.344,1942424.25,1.2,20791.16,141638.85,2.2,19168.049,943084.59,3.1,19998.361,134811.23,0.3,74.439,4738.95,5.2,101.129,1318.06,1.6,<0.000,4007.98,6.4,<0.000,1147.87,1.3,<0.000,533.88,14.1,<0.000,106.77,44.3,3909.426,82868.31,1.7,3964.668,11910.8,2.7,212.14,17369.15,2.5,151.84,2319.2,2,5316.944,418704.11,0.5,5354.392,32788.29,3.7,501270.471,4366290.15,1.1,425131.9,469131.27,2.5,469305.609,3494944.85,1.3,56908.199,4788419.79,1.2,53098.753,890387.39,1.7,122495.526,9150768.08,2.1,103498.955,2166992.05,2.1,11613.834,984449.87,1.3,11758.249,213153.69,3.5,44129.645,630125.18,0.5,46370.162,154854,2.2,8227.833,100847.02,0.7,8340.274,23893.13,2.9,1316.105,58587.67,2.1,1322.308,15294.6,4.8,7726.581,102797.73,1.1,7182.303,35883.64,2.3,951.938,79053.54,2.1,939.153,26501.14,1.1,4923.313,93110.93,1.8,5037.884,30895.56,2.6,817.709,64637.79,2.4,867.96,23789.82,3.5,2277.083,57797.73,2.2,2424.434,21496.64,0.6,279.835,23395.3,2.1,284.098,9369.62,2,2012.311,32655.44,4.5,2066.398,13347.19,5.1,233.702,18980.21,4,242.422,4248.32,8.9,698.477,13343.92,8,656.464,4547.51,2.4,966.251,64021.9,2.5,992.62,36951.82,0.5,541.121,23028.06,5.5,534.424,11293.21,2.3,22537.285,129124.95,2.8,20701.781,106069.18,3.7,20100.9,539567.86,3.1,21450.327,509335.8,2,248.619,12423.03,3.1,224.201,5334.52,5.8,22434.812,1081945.8,3.9,23483.806,543956.68,2.3,3474.822,155503.46,2.2,3661.894,83742.05,2.9,1879260.52,1.9,111.3,686107.07,1.4,106.3
137  Ba  [ No Gas ] :  Concentration value = 307.69 is over the calibration range137  Ba  [ He ] :  Concentration value = 272.64 is over the calibration range138  Ba  [ He ] :  Concentration value = 298.20 is over the calibration range175  Lu  [ No Gas ] :  CPS RSD value = 5.25 is over the allowed maximum = 5.00205  Tl  [ No Gas ] :  CPS RSD value = 5.11 is over the allowed maximum = 5.00205  Tl  [ He ] :  CPS RSD value = 5.56 is over the allowed maximum = 5.00,FALSE,252_QC2_20250514_Ac Series 575  to 858_rerun .D,15-05-2025 04:42,QC2,,SJS-Std,42416.203,914166.85,2.1,47157.832,4224.89,0.9,1290.307,8791.63,4.7,1414.471,156.82,13.3,8038.105,314257.08,1.1,9014.425,11169.17,0.7,104798.433,5817306.49,3.7,95816.644,397819.2,1.7,112946.586,5828714.14,3.4,100189.255,593531.15,1.8,10034.26,589507.76,2.9,10559.071,119352.2,0.8,64815.803,863600.35,4,69046.25,217588.68,1.2,27849.475,878878.33,0.8,28433.037,246210.24,1.1,80258.788,787243.94,1.5,77351.318,107425.14,1.9,14287.268,433732.95,1.6,14967.56,19838.09,1.7,96140.453,5717399.7,0.9,82757.492,177116.3,1.4,249103.038,19574582.54,1.6,217779.427,626500.32,2.9,13979.451,1296091.56,1,14114.85,95942.04,4.5,60166.699,2916269.85,2.9,55826.963,367290.05,1.3,2938.296,42511.87,4.1,3138.513,11763.76,3.5,233.3,10651.72,3.2,141.148,3013.38,5.8,383.137,3033.4,3.8,321.927,610.63,5.9,1272.035,30760.98,2.6,1315.253,4478.61,3.5,1254.478,48238.66,3.2,1232.919,6468.1,2.2,4745.142,377039.79,1.5,4962.342,30312.93,1,1123312.919,9835533.26,0.6,995348.134,1091753.34,1.6,1088666.122,8061512.57,1.8,18820.193,1598030.69,0.4,19261,322775.33,1.3,36875.8,2778799.85,1.4,36561.823,764216.43,2.9,4285.491,368138.05,1.7,4279.714,77960.02,2.6,16710.979,240901.06,2.2,16917.05,56455.45,2.3,3232.192,40210.73,3.3,3363.852,9683.45,2.3,908.666,41329.12,4.8,814.958,9630,1.7,3238.898,43742.99,2.5,3189.449,16022.93,4.6,437.904,38403.72,2.5,429.756,12852.82,3.3,2706.624,51956.05,3.4,2860.442,17620.07,2.3,510.893,41731.09,1.9,543.335,15321.42,0.9,1578.565,40669.99,2.3,1655.283,14770.18,4.9,215.277,18823.01,4.6,211.422,7319.48,4.5,1605.247,26364.23,3,1660.148,10768.81,3.5,218.072,18024.47,5.3,211.769,3781.04,4.5,2006.864,36968.64,1.1,2169.572,14161.48,2.9,748.087,50442.74,3.5,776.65,29090.76,2.6,487.097,21179.54,5.1,514.28,10885.75,5.6,20068.462,114751.31,2.6,18983.114,97074.26,1.4,18065.372,489113.02,4.3,19103.192,452741.89,1.7,229.475,11692.31,4.8,226.277,5351.19,1.4,9767.799,475916.43,3,10012.336,231950.8,1.1,3126.857,141202.66,3.3,3414.104,77897.11,0.6,1888051.86,1.6,111.8,682060.71,1.7,105.7
137  Ba  [ No Gas ] :  Concentration value = 131.33 is over the calibration range137  Ba  [ He ] :  Concentration value = 112.20 is over the calibration range138  Ba  [ He ] :  Concentration value = 129.33 is over the calibration range159  Tb  [ He ] :  CPS RSD value = 5.15 is over the allowed maximum = 5.00166  Er  [ No Gas ] :  CPS RSD value = 7.77 is over the allowed maximum = 5.00172  Yb  [ No Gas ] :  CPS RSD value = 5.27 is over the allowed maximum = 5.00172  Yb  [ He ] :  CPS RSD value = 5.54 is over the allowed maximum = 5.00,FALSE,253SMPL_20250514_Ac Series 575  to 858_rerun .D,15-05-2025 04:46,Sample,,MCS 766,40005.496,809805.85,1.3,42796.316,3600.76,4.3,4393.877,27230.93,3.9,4171.614,427.1,25.9,6522.383,245248.34,1.1,7260.361,8534.59,5.2,50150.603,2625695.02,1.3,46993.886,183384.15,1.6,32593.471,1779306.65,1.8,32514.769,198826.69,2.6,6399.426,363238.15,1.5,6773.425,73894.29,2.5,13052.495,195955.34,1.7,13735.457,49145.96,1.6,11392.996,354307.4,2.1,11675.151,99724.61,1.8,31278.772,417193.06,2.4,28970.906,56164.18,0.8,17510.58,498438.58,1.2,19691.012,24440.4,0.7,214926.717,11980963.07,3.1,182643.7,365956.03,1.9,71124.986,5809445.92,0.4,57713.293,178333.42,0.5,23460.392,2038088.46,1.3,24060.895,153037.93,3.3,9889.751,475641.18,2.3,10247.84,66800.22,2.4,340.018,7987.11,1.4,281.612,1868.68,11,<0.000,3153.55,4,<0.000,1094.48,16.8,40.15,810.84,15,33.792,200.2,35,6606.192,129175.33,1,6996.985,19106.61,1.7,92.959,13784.51,1.5,80.53,2012.18,8.2,12947.889,954951.62,2.5,13440.698,76135.31,2.9,510864.822,4206099.23,2.1,436448.612,450185.99,1,503047.966,3500900.91,2,46399.121,3691872.92,2.7,40996.451,642876.21,2.6,96738.77,6829810.24,2.7,86109.039,1684954.38,0.5,9710.257,778895.07,1.9,9470.877,160724.59,3,36593.747,494032.52,3.7,37995.399,118604.75,2.9,7471.704,86628.23,1.6,7464.597,20005.94,3.7,1055.442,44897.97,3.4,1042.167,11423.31,2,7169.099,90222.16,1.7,6941.127,32437.62,1.6,976.116,76754.17,2.7,910.494,24137.38,5.2,5510.231,98443.77,2.8,5455.019,31257.1,1.2,925.93,68999.56,3.7,950.991,24331.43,4,2586.152,61948.8,7.8,2561.583,21225.89,2.1,318.066,24923.1,2.5,326.749,9953.93,1.4,2146.155,32906.35,5.3,2237.137,13497.56,5.5,260.428,19842.32,2.8,248.826,4094.79,11,336.535,6568.45,2.4,374.573,2586.95,4.2,1470.361,91050.51,2.5,1476.015,50854.31,3.5,1019.224,38662.94,1.6,1091.691,20063.21,4.6,36641.324,195276.42,4.8,34259.04,163113.51,1.6,32935.838,830940.18,1.8,34962.719,772074.87,3,1198.231,49744.78,1.5,1215.021,22110.02,1.5,26915.21,1226175.5,1.5,27820.247,602162.55,4.2,6076.398,255453.83,1.7,6791.983,143946.04,0.4,1887974.8,1.7,111.8,681512.14,1.6,105.6
172  Yb  [ No Gas ] :  CPS RSD value = 6.13 is over the allowed maximum = 5.00,FALSE,254SMPL_20250514_Ac Series 575  to 858_rerun .D,15-05-2025 04:50,Sample,,MCS 767,19032.422,399999.22,1.4,19790.083,1661.77,3,1916.178,12468.13,3.8,1791.904,183.52,13.7,4760.152,190948.84,1.3,5768.146,6785.16,2.2,35091.664,1899854.44,0.4,38897.267,150439,0.3,27629.161,1591504.79,3.1,30254.66,184483.97,0.3,3956.677,241032.76,2.3,4166.325,46905.7,2.3,9870.176,162015.46,3,10730.558,40100.16,0.7,7003.633,234687.43,1.2,7420.725,65482.73,1.2,13119.372,298222.1,3.5,12270.406,39263.86,0.7,13234.692,388866.33,2.4,15093.473,18581.65,2.4,145075.642,8331651.25,3.6,128446.197,255028.25,1.4,55253.72,4814069.5,2,46886.519,148522.73,1.8,16014.011,1434675.67,3.1,16579.91,104643.41,2.3,10000.55,494453.6,1.3,10919.637,70106.84,0.2,387.138,8755.05,4.4,423.741,2289.16,2.4,<0.000,3103.49,3.7,<0.000,880.91,10.4,9.869,637.32,15.7,<0.000,143.48,16.1,4061.435,83828.34,0.7,4346.559,12044.37,1.8,73.062,13417.14,4.2,24.233,1758.55,13.2,7015.152,536005.59,1.5,7264.554,40986.72,1.8,328938.641,2796056.89,0.8,343047.382,350741.14,1.6,323499.233,2233148.15,2.7,23690.269,1943218.8,1.9,26020.943,404413.85,2.7,56594.312,4119188.99,0.7,50084.915,971393.35,2.4,5589.517,463358.59,0.8,6091.317,102658.95,1.7,22124.93,308196.7,2.6,22582.927,69898.62,1,4526.017,54270.39,1.3,4662.234,12421.89,2.3,932.5,41037.84,1.9,911.5,9957.26,1.4,4398.889,57270.55,0.8,4396.646,20433.74,3.9,599.5,49808.61,1.6,608.687,16413.83,3.2,3638.506,67297.96,1.3,4028.496,22937.25,2.5,631.192,49323.01,0.9,707.604,18221.49,3.5,1878.616,46630.04,4.1,2084.289,17178.96,2.4,227.236,19190.74,3.7,229.665,7326.16,5.4,1695.739,26902.75,6.1,1890.949,11353.27,1.9,196.408,16096.58,3.3,204.257,3440.6,7.7,353.049,7038.68,4,408.689,2756.99,1.4,867.217,56290.69,3,917.763,31753.91,0.4,591.33,24365.3,2.1,635.232,12205.02,3.6,30205.502,159590.82,3.2,27575.864,130331.65,1.9,24931.38,649954.06,0.4,27861.546,610400.74,1.6,358.651,16704.83,2.1,349.762,7128.8,7.1,13792.321,648612.74,0.6,15011.75,322295.06,1.5,3643.331,158765.19,1.1,4084.476,86326.27,1.6,1910146.71,2.6,113.1,662518.94,1.1,102.7
7  Li  [ He ] :  CPS RSD value = 5.96 is over the allowed maximum = 5.009  Be  [ He ] :  CPS RSD value = 6.45 is over the allowed maximum = 5.00139  La  [ He ] :  CPS RSD value = 9.05 is over the allowed maximum = 5.00205  Tl  [ No Gas ] :  CPS RSD value = 5.04 is over the allowed maximum = 5.00209  Bi  [ He ] :  CPS RSD value = 11.85 is over the allowed maximum = 5.00,FALSE,255_QC1_20250514_Ac Series 575  to 858_rerun .D,15-05-2025 04:54,QC1,,QC MES 50 ppb,44.022,3549948.81,0.8,44.569,14829.53,6,42.389,1038169.71,1.1,43.976,17725.85,6.5,39.072,5311354.08,0.6,37.408,167082.84,0.6,44.365,9248699.14,1.9,40.683,629432.16,0.4,43.17,8264187.12,1.2,39.853,868433.46,1.1,43.681,9252174.69,2.2,39.504,1597340.31,1,36.568,1787990.76,2.1,40.484,463526.38,0.8,43.923,5078378.6,2.1,39.987,1257865.5,1.6,35.425,1178590.1,1,35.616,164721.5,1.3,45.842,5203131.37,0.9,41.728,204934.01,1.8,47.181,10538616.55,1.5,41.702,332353.91,1.6,44.259,13358574.02,1.5,37.845,417248.99,1.8,47.392,16451864.82,3.8,43.319,1092310.39,1.2,46.089,8344382.38,1.7,41.822,1018363.74,1.3,40.769,2025789.54,1.6,43.699,561797.46,2.5,46.032,4894325.17,2.2,40.207,1549600.38,1.7,44.005,1066392.43,2.8,45.384,239785.23,1.3,50.416,3791091.93,1.6,43.321,451755.39,4.6,50.005,5563010.73,1.9,44.649,642578.38,2.2,49.962,14662275.64,1.4,43.667,976980.71,3.2,48.068,1596456.98,2.3,47.563,196300.04,0.7,46.67,1299626.37,2.3,50.067,15944129.16,1.7,47.899,2979270.52,9,50.326,14235598.96,1.2,48.066,3737426.81,1.3,49.806,15939877.41,1.9,51.524,3455984.74,0.3,45.214,2443584.21,1.1,46.122,571522.71,1.3,43.814,2024456.81,1.3,45.375,480280.65,0.9,53.331,8712433.08,3.4,46.388,1910685.95,1.4,44.036,2207199.55,2.1,47.471,875144.47,4.1,52.361,15785534.73,0.6,52.196,5179628.08,2.4,52.311,3713423.01,2.2,47.651,1075060.66,3.4,51.226,14661946.56,1.2,53.269,5131072.23,0.4,52.673,4980564.32,2,47.733,1540825.88,1,52.387,14436147.84,1.1,54.403,5629896.78,0.7,45.544,2747527.74,2.9,48.605,1132836.12,1.8,52.771,13789303.92,2.2,47.803,2604420.21,2.6,54.793,3707611.82,4.3,48.957,1162313.73,1.3,51.288,12410973.15,1.8,54.087,7224023.64,1.7,54.563,7649155.42,5,58.628,3942208.05,0.4,50.68,1065363.41,2.3,50.916,955708.26,1,53.994,5415340.14,3.4,51.358,4472463.02,1.7,56.052,8964710.7,2.6,50.3,3450953.59,11.9,53.81,9806267.12,2.5,61.707,5297763.61,3.4,56.535,9432180.53,0.7,59.656,4974579.38,4,1945108.45,1.6,115.2,696917.15,3.3,108
9  Be  [ No Gas ] :  CPS RSD value = 6.92 is over the allowed maximum = 5.00137  Ba  [ No Gas ] :  Concentration value = 280.89 is over the calibration range137  Ba  [ He ] :  Concentration value = 248.22 is over the calibration range138  Ba  [ He ] :  Concentration value = 267.32 is over the calibration range172  Yb  [ He ] :  CPS RSD value = 5.01 is over the allowed maximum = 5.00,FALSE,256SMPL_20250514_Ac Series 575  to 858_rerun .D,15-05-2025 04:59,Sample,,MCS 768,42287.179,945354.11,4.4,48839.854,4431.83,6.8,2566.051,17725.85,6.9,2894.92,320.33,8.3,10958.825,434323.97,0.6,12087.668,15020.08,2.1,101711.432,5857479.16,2.6,96016.207,403646.61,2.4,81507.99,4435225.86,1.7,74331.067,452030.64,0.6,11951.47,722640.95,0.5,12296.383,139738.45,0.7,21683.575,326440.48,2.2,23748.026,82449.56,2.6,17073.901,569150.91,1.7,17573.221,156950.81,2.2,70101.081,734135.62,1.4,67392.361,97664.1,1.1,23416.265,735706.05,0.6,26495.063,35436.08,2.6,214870.09,13234005.29,2.3,186588.191,403648.75,3.8,97289.846,8397622.85,1.2,81844.263,256553.14,2.6,23212.941,2228303.31,3.5,23919.3,164311.71,2.9,8987.959,478051.6,2.7,9942.593,69701.94,1.5,302.645,7953.73,4.2,355.859,2185.71,7.8,94.971,6878.73,3.4,84.259,2409.31,3.4,0.078,573.92,22.4,<0.000,86.75,52,6303.576,136018.54,1.1,6766.189,19905.36,2.4,234.792,18488.45,4.6,208.758,2506.09,6.8,12024.826,979974.87,4.5,12634.687,77236.56,1.7,995593.158,9049215.69,3.3,879795.84,977337.73,0.7,947511.571,7107678.95,3,66230.06,5820579.97,3.5,60847.786,1029482.03,1.4,135358.136,10567720.45,3.3,120108.19,2536791.07,0.5,13331.135,1180149.21,2.2,13712.558,250660.62,2.8,50661.748,756167,4.4,54418.849,183330.43,2.2,10120.014,129457.66,2.6,10096.039,29149.5,3,1632.893,75453.57,1.8,1525.071,17676.78,2.7,9360.833,129995.87,2.8,9195.523,46284.59,1.6,1159.519,99750.84,1.7,1125.907,31728.32,0.4,5927.042,116966.21,2.2,6224.084,38434.09,1.8,982.824,80457.46,2,1012.777,27761.84,3,2665.848,70541.74,2.1,2765.321,24669.09,3.7,343.428,29166.54,3.8,343.246,11069.36,3.3,2301.842,38949.81,4.3,2432.639,15779.11,5,309.089,25157.3,3.7,299.982,5112.86,4.7,382.344,8029.29,5.3,347.072,2583.61,5.8,1693.579,115354.87,1.4,1930.189,71234.12,0.8,983.345,41063.48,4.9,976.741,19425.02,2.2,28125.083,162071.39,0.2,25250.781,130184.2,3.2,24887.921,695665.25,1.8,26585.477,635015.05,3,339.808,16941.77,1,332.783,7358.91,8.4,22697.17,1143626.91,4,24391.748,570067.58,3.8,3802.981,177506.91,4.2,4140.734,95292.94,4,1902136.72,1.7,112.7,670532.12,1.3,103.9
137  Ba  [ No Gas ] :  Concentration value = 113.59 is over the calibration range172  Yb  [ He ] :  CPS RSD value = 6.13 is over the allowed maximum = 5.00209  Bi  [ No Gas ] :  CPS RSD value = 7.01 is over the allowed maximum = 5.00238  U  [ He ] :  CPS RSD value = 5.15 is over the allowed maximum = 5.00,FALSE,257SMPL_20250514_Ac Series 575  to 858_rerun .D,15-05-2025 05:03,Sample,,MCS 769,21131.509,460454.13,4.4,23300.79,2092.26,7.5,2109.267,14191.53,1.7,2322.911,253.59,30.7,4567.629,190342.82,1.9,5207.823,6598.22,4.4,33044.345,1859342.89,0.7,34943.478,145080.22,3.4,23892.53,1457421.54,0.8,24901.065,166595.16,1.4,3720.09,236003.72,2.3,3735.332,45472.74,1.7,9523.583,162236.94,1.4,9519.328,38952.32,1.3,6135.492,215991.61,1,6187.991,59622.46,2.1,9377.319,273781.77,0.7,7538.91,36104.98,3.2,13663.816,416802.69,1.8,15244.47,20125.41,3.9,150145.399,8961833.73,2.1,128011.756,272676.24,1.8,66553.985,5823395.7,1.4,54638.245,179200.14,0.8,21219.928,1973752.09,2.9,21555.823,145740.67,1,7734.769,403275.83,1,8088.103,56695.66,0.3,269.199,7379.49,6.4,279.913,1922.07,2.8,<0.000,3827.74,2.4,<0.000,1361.44,5.8,5.86,610.63,32.9,<0.000,133.47,33.8,4353.456,92724.84,2.3,4622.694,13654.27,2.1,70.172,13380.43,1.8,42.468,1885.36,6,7477.702,592941.89,0.3,7487.902,45285.51,1.5,416125.036,3669856.74,2,365426.353,400691.33,2.3,346157.081,2562304.24,1.1,30615.635,2608577.02,1.2,32230.55,537117.88,1.9,71684.207,5419357.91,0.4,61428.349,1277447.16,1.4,7346.184,631428.7,2.2,7387.58,133343.93,2,27351.04,395477.39,1,28467.399,94461.44,1.5,5734.882,71284.96,1.7,5965.524,17005.12,1.8,1030.243,46820.6,1.9,1004.643,11683.81,4.8,5550.438,74900.31,2.1,5585.956,27765.16,1.6,834.863,70552.07,0.6,822.235,23214.64,2.4,4758.253,91114.2,2.9,4954.662,30176.64,2.2,885.197,70531.93,2.3,928.281,25177.24,1.9,2505.686,64265.43,0.2,2654.903,23328.48,2.2,331.222,27444.24,2.1,335.039,10712,2.2,2356.863,38591.57,1.9,2442.636,15602.09,6.1,300.244,23836.69,2.7,283.057,4805.76,9.4,281.025,5974.8,7.6,246.801,1916.82,2.1,811.227,54750.91,2.9,849.587,31586.98,4.5,643.586,27150.79,0.9,650.186,13297.28,3.7,30702.383,173976.5,1.7,27799.23,140889.24,2.7,27911.212,754763.44,1.3,29004.184,681221.81,1.8,365.953,17582.76,7,349.085,7582.38,4.9,20678.25,1008740.93,2.6,21986.775,505676.67,3.4,4159.589,187878.07,1.7,4405.154,99699.53,5.2,1902995.39,1.1,112.7,681786.32,0.9,105.7
133  Cs  [ He ] :  CPS RSD value = 5.01 is over the allowed maximum = 5.00137  Ba  [ No Gas ] :  Concentration value = 124.82 is over the calibration range137  Ba  [ He ] :  Concentration value = 107.76 is over the calibration range138  Ba  [ He ] :  Concentration value = 111.63 is over the calibration range138  Ba  [ He ] :  CPS RSD value = 10.79 is over the allowed maximum = 5.00172  Yb  [ No Gas ] :  CPS RSD value = 5.45 is over the allowed maximum = 5.00205  Tl  [ He ] :  CPS RSD value = 7.42 is over the allowed maximum = 5.00,FALSE,258SMPL_20250514_Ac Series 575  to 858_rerun .D,15-05-2025 05:07,Sample,,MCS 770,21984.857,493558.05,3.4,23446.584,2179.03,12.7,2223.19,15400.69,3.8,2089.165,236.9,6.5,4606.401,196785.09,0.6,5228.679,6845.27,1.7,32992.393,1914668.53,2.9,35324.911,151867.71,1.5,33998.468,2006785.49,1.6,35289.695,232351.81,2.1,10192.377,619245.45,2.6,10340.554,120567.79,1.6,14955.579,237122.82,2.2,15388.447,58117.32,1.2,16042.674,535719.42,3.6,16550.443,151073.76,1.9,46551.787,554332.67,1.6,45445.756,76240.25,0.8,13956.437,439064.02,3.2,16688.971,22802.45,3,168656.418,10375617.72,3.1,145763.823,321582.59,2.6,159220.385,13227135.08,2.3,139233.664,423447.26,1.7,24427.362,2341771.62,0.6,25138.776,175955.91,0.9,8247.99,440461.23,3.1,8664.754,62438.26,0.5,5285.709,75979.22,3,5597.878,20840.83,2,<0.000,3867.8,4,<0.000,1361.44,13.4,7751.027,52304.53,4.2,7835.117,11606.84,3.2,4963.246,108069.75,1.8,5190.026,15752.1,4.5,107.465,14496.06,3,14.986,1775.23,6.2,8079.576,659947.79,0.8,8376.557,52396.52,5,439770.958,4000233.47,2.4,379645.954,431109.16,1.2,393303.666,3013729.36,10.8,46638.344,4096277.12,1.2,42516.46,733692.13,1.8,96295.761,7507583.02,1.8,83942.591,1807694.52,1.1,9918.494,878066.74,2.8,10136.603,189135.4,2.1,37448.56,558249.34,0.9,38498.483,132258.28,1.4,7866.924,100648.97,0.9,8311.401,24484.92,3.8,1141.482,53221.93,2,1131.616,13524.14,2.9,7306.181,101449.46,1.1,7361.244,37818.04,4,1006.538,86892.79,0.9,974.583,28179.75,1.9,5789.056,114077.71,3.9,6066.802,38193.05,1.2,1052.767,85855.79,0.8,1077.644,30012.67,1.9,3040.137,80149.23,1.8,3189.182,28922.3,1.8,396.249,33140.59,3.1,391.073,12645.77,1.6,2827.907,47578.57,5.5,2894.233,19053.64,1.2,349.716,28046.5,2.2,349.704,5960.74,5.4,304.432,6561.77,3.3,310.888,2393.58,7.4,1043.711,71857.89,2,1058.994,40415.92,3.5,761.456,32428.76,2.6,795.5,16420.88,7.4,40284.714,235822.09,1.3,37813.583,197790.74,1.9,35716.265,993385.76,1.6,38247.994,927950.93,0.5,363.661,17959.89,2.2,351.369,7852.55,4.6,25246.176,1269624.99,1.3,27015.804,643372,0.7,4583.935,213204.22,0.6,5007.405,117105.45,1.6,1888208.73,2,111.8,679339.34,1,105.3
89  Y  [ No Gas ] :  CPS RSD value = 10.88 is over the allowed maximum = 5.00137  Ba  [ No Gas ] :  Concentration value = 136.13 is over the calibration range137  Ba  [ He ] :  Concentration value = 103.09 is over the calibration range138  Ba  [ He ] :  Concentration value = 100.81 is over the calibration range103  Rh ( ISTD )  [ No Gas ] :  CPS RSD value = 8.58 is over the allowed maximum = 5.00,FALSE,259SMPL_20250514_Ac Series 575  to 858_rerun .D,15-05-2025 05:11,Sample,,MCS 771,31467.123,623497.57,2.7,29169.521,2736.35,8.9,2757.993,16793.79,1.9,2453.117,280.28,28.6,7507.483,270159.24,1.6,7288.829,9499.53,2.7,60348.951,3078161.08,0.9,49294.461,214064.84,1.9,40759.264,2085569.79,2.4,36127.391,240291.29,1.8,6368.067,351171.69,1.8,5684.982,69516.49,2.5,16049.54,223221.83,1.7,13929.102,54358.15,3.6,11061.743,334587.76,3.8,9817.436,94037.43,2.4,28463.243,372639.11,1,18206.014,48516.71,0.6,19662.78,546505.88,3.7,19604.167,27074.77,3.5,212900.049,11600264.87,3.1,159187.479,355067.03,1.4,65366.693,5217088.55,1.9,47124.587,165565.14,1.2,31414.498,2673294.76,10.9,25093.64,177646.91,2.3,15024.728,687584.1,1.8,13958.493,99133.32,1,682.238,11650.22,1.9,602.758,3150.21,3.2,20.993,4191.55,4.2,<0.000,1371.45,5.3,242.619,1945.43,5.4,197.349,450.46,11.8,6916.319,131450.02,3.4,6348.35,19313.91,2.7,168.474,14643,2.2,67.375,2032.2,10.5,12267.445,882837.66,3,11182.287,70548.29,2,487278.971,3919043.64,1.3,369004.587,423803.05,0.7,360866.928,2797689.47,0.4,54743.008,4250213.14,2.9,44793.759,781541.23,1.7,121402.267,8374368.76,2.5,90631.315,1973598.29,0.4,11747.675,919114.37,2.2,10742.442,202655.82,0.5,46521.722,613633.95,2.3,42121.216,146301.66,2.5,9540.608,107811.14,2.6,8709.172,25942.54,1.6,1417.215,58054.66,0.6,1201.609,14496.17,1.5,9142.516,112229.95,2.2,8124.011,42182.82,2,1253.167,94919.02,2.1,1076.489,31350.43,2.9,7251.186,126064.18,1.7,6661.227,42373.95,2.2,1258.496,90241.73,3.2,1175.388,33016.57,3.9,3617.179,84149.36,0.9,3209.751,29444.21,1.2,450.251,32983.16,1.3,407.96,13300.41,2.9,3146.071,46731.05,2.8,2771.43,18478.84,3.7,397.708,27885.92,2.2,334.712,5807.18,4.5,558.855,10004.1,1.6,504.688,3713.91,4.6,1480.73,89227.02,2.5,1319.725,50630.06,3.3,992.784,36614.77,0.5,884.568,18298.69,2.4,33063.897,196102,2.1,28535.736,151398.63,1.6,32987.203,811746.59,0.8,30488.16,749598.12,1.9,587.541,24655.09,3.6,480.185,10424.48,2.1,32821.393,1458239.08,1.1,30636.037,737586.89,1.8,6173.499,252907.57,1.8,5655.768,133556.44,2,1704072.05,8.6,100.9,697999.25,1,108.2
118  Sn  [ He ] :  CPS RSD value = 5.08 is over the allowed maximum = 5.00137  Ba  [ No Gas ] :  CPS RSD value = 10.24 is over the allowed maximum = 5.00146  Nd  [ No Gas ] :  CPS RSD value = 5.28 is over the allowed maximum = 5.00,FALSE,260SMPL_20250514_Ac Series 575  to 858_rerun .D,15-05-2025 05:15,Sample,,MCS 772,42687.404,471269.65,1.3,42969.279,2028.85,3.6,4569.384,15534.29,2.1,5000.237,286.96,34.2,9692.969,202185.95,0.6,10866.008,7195.8,4.1,64488.367,1838889.83,0.8,68925.574,150280.98,0.4,47766.018,1465893.19,1.2,49309.898,172499.97,0.6,8216.114,260329.26,2.8,8225.927,51832.16,2.4,17857.278,155149.79,1.9,18524.084,39678.47,1,13606.315,238592.02,2.5,13825.528,68678.65,2.8,23760.984,287823.33,0.3,20141.048,39437.73,3.3,27172.72,419939.16,2.6,30872.705,21398.72,2.3,276714.382,8370910.51,1.5,237252.716,265456.7,0.9,123644.409,5508654.08,1.4,102129.766,176786.35,1.4,34588.899,1631430.29,0.2,35372.633,125718.59,1,15100.389,398613.81,1.1,15611.363,57458.77,1.2,740.344,8681.59,1.5,673.127,2182.37,5.7,<0.000,3443.92,3,<0.000,1214.61,11.4,480.693,2132.32,4.9,370.682,430.44,12.9,8564.715,92359.36,1.1,8849.04,13727.8,5.1,87.114,12311.59,3.2,1.17,1738.53,9.6,14893.714,598417,2.1,15122.028,48014.97,3.2,703124.114,3142457.99,10.2,640964.341,369352.93,1.4,633213.83,2462759.48,3.6,58340.392,2519669.05,1.2,58255.899,510056.69,1.9,140095.406,5369384.19,2,117685.512,1285692.49,3.3,14021.056,610908.62,0.6,13915.859,131922.01,4.4,54043.239,396229.02,5.3,53541.363,93328.87,0.7,10743.67,67698.12,1.2,11075.267,16587.5,1.5,2088.923,48022.79,1.7,1906.894,11653.73,2.9,10385.697,71058.34,2.1,10070.248,26317.18,3,1441.463,62078.92,0.3,1347.342,20189.74,2.2,8315.37,80800.47,3.8,8417.45,26972.75,3.4,1430.373,58226.51,2.9,1444.255,20818.18,2.4,4140.285,53973.68,2.9,4242.401,19658.52,3.1,520.246,22402.52,2.1,507.027,8825.32,2.2,3736.382,31130.02,2.7,3790.366,12792.73,3.1,445.965,18592.49,3.4,406.82,3804.4,4.9,547.459,5888.08,2.6,501.081,2023.51,4.5,1919.739,65143.52,0.4,1925.509,37376.5,3.2,1260.734,26903.17,2.7,1221.91,13160.29,1.7,58265.992,173455.28,1.7,53038.052,141205.75,1.5,53616.016,734841.56,2.1,54596.638,673760.38,0.7,637.614,15710.16,3.7,601.096,6985.37,6.8,39056.839,965834.02,2.1,39398.668,476044.95,3.5,8226.036,188243.65,1.2,9143.739,108580.46,2.8,1852665.38,1.2,109.7,687876.63,1.2,106.6
172  Yb  [ He ] :  CPS RSD value = 5.41 is over the allowed maximum = 5.00,FALSE,261SMPL_20250514_Ac Series 575  to 858_rerun .D,15-05-2025 05:19,Sample,,MCS 773,24318.697,475300.37,2.1,25297.733,2068.9,2.2,2320.231,14004.49,0.9,2344.429,233.57,24.7,5564.726,205183,1.2,6631.866,7579.75,8,39789.768,2006171.54,0.4,42939.619,162180.91,1.9,28945.668,1554186.17,1.6,29388.569,176929.96,1.5,4644.476,260545.77,2.8,4674.125,51031.78,2.7,10649.675,161780.02,0.7,10854.487,39986.52,1.7,8820.567,270030.85,0.8,8948.023,75910.93,3.4,15686.89,303830.37,0.7,12450.783,39795.77,1,15866.814,434036.92,0.6,19268.786,23140.01,3.5,180937.386,9686023.54,1.3,153260.767,297167.93,0.8,62949.188,5045699.04,2.7,53269.594,162254.35,2.4,22274.052,1858233.91,1.4,22694.542,139744.98,1.2,8662.303,404409.3,2.5,8898.536,56769.37,3.3,524.557,9957.11,5.9,569.219,2733.04,6.4,<0.000,3804.37,0.9,<0.000,1261.33,1.6,213.097,1795.26,6.4,194.631,403.75,16.5,5421.089,102844.72,1,5713.094,15254.34,4.5,88.802,13433.86,3.7,59.171,1918.73,5.5,9301.087,660820.7,2.8,9593.953,52717.91,3.2,349134.669,2764993.86,3.6,351178.073,350884.78,1,336843.724,2271322.16,1.4,63570.805,4854939.32,0.8,58979.017,894173.5,1.2,130844.52,8864523.71,4.9,111219.776,2104713.31,2.2,12979.91,998960.68,3,13243.365,217065.47,1.6,46627.808,604457.44,0.7,47393.11,143051.91,2.3,8896.43,98970.64,1.1,9273.815,24020.14,2.8,1190.952,48461.67,1.2,1129.503,11940.98,3.6,8237.682,99495.15,2,8007.934,36161.43,1.9,1107.773,83300.29,2.3,1059.296,26982.65,2.8,5964.68,102281.13,2,6071.06,33628.64,0.2,1016.6,72543.3,1.2,1025.689,25307.54,2.9,2782.814,64014.16,3.1,2825.534,22616.38,3.1,341.655,25561.96,1.4,322.737,9566.61,0.9,2331.451,34301.62,2.9,2400.902,14005.25,5.4,285.284,20684.57,2.5,257.558,4098.13,4.8,318.461,6041.48,1.6,293.482,2043.51,6.4,1166.767,69903.31,1.4,1193.173,40025.17,2.6,795.836,29715.79,2.7,832.914,15231.43,1.7,33542.762,173041.24,1.9,29553.016,136399.46,2.5,30039.973,728530.77,2.5,31668.931,677182.18,1.6,446.074,19001.57,3.4,418.321,8159.42,5.1,33960.795,1484698.14,2.7,34726.684,726420.04,4.7,5151.909,208556.13,4.6,5539.603,113918.62,1.9,1864107.24,2.4,110.4,677711.07,1.4,105
121  Sb  [ No Gas ] :  CPS RSD value = 6.62 is over the allowed maximum = 5.00137  Ba  [ No Gas ] :  Concentration value = 102.68 is over the calibration range137  Ba  [ No Gas ] :  CPS RSD value = 8.60 is over the allowed maximum = 5.00172  Yb  [ No Gas ] :  CPS RSD value = 5.15 is over the allowed maximum = 5.00,FALSE,262SMPL_20250514_Ac Series 575  to 858_rerun .D,15-05-2025 05:23,Sample,,MCS 774,21565.1,497676.81,1.8,25331.63,2425.98,3.2,2060.376,14682.54,3.1,2059.767,240.24,19.1,5060.719,219116.45,0.8,5629.051,7556.36,2.1,35229.845,2097560.85,1.4,37737.789,167190.08,2.1,28002.438,1742944.3,1.3,29119.898,201793.82,1.6,4306.337,283620.17,0.9,4382.231,55681.38,1.2,10410.424,181462,1.2,11054.476,45867.8,1.8,7330.761,266140.73,0.6,7321.286,73294.41,1.3,11215.895,292000.88,1.2,10560.172,40113.92,1,13855.124,447623.04,1.5,16179.028,22792.38,0.9,142175.181,8991572,1.1,122546.095,278747.51,2.2,60078.069,5604505.35,1.3,50568.613,177683.32,1.3,20672.05,2037313,0.7,21341.604,154091.94,1.6,8913.071,485681.41,1.7,9092.853,67235.22,1.6,379.216,9132.34,2,381.433,2365.92,1.7,<0.000,3143.55,12.5,<0.000,1047.76,7.7,188.612,1862.01,16.8,213.61,477.16,14,4380.819,98555,1.8,4439.561,13991.61,1.6,88.16,14068.49,6.6,55.774,1962.12,8.4,7792.306,654120.36,0.4,8019.192,51703,3.4,354808.514,3315964.41,8.6,317433.226,371882.07,1.6,311004.788,2459588.45,2,41539.98,3748563.26,0.8,37390.305,665167.8,3.7,88500.865,7088501.64,1.2,72830.421,1617081.93,0.2,8847.582,805074.82,2,9155.12,176172.1,3,35002.645,536125.27,2.4,34399.888,121847.57,0.7,7022.283,92374.89,3.2,7115.082,21623.52,2,1139.586,54569.35,1,1103.815,13607.72,4.7,6863.733,97974.59,2.7,6723.311,35612.94,2.5,950.236,84416.4,0.5,910.882,27210.09,2.3,5182.618,105039.42,3.8,5294.19,34398.51,2.4,907.857,76408.5,3.2,921.991,26628.48,3.5,2487.69,67566.42,3.6,2565.225,24067.24,2.6,317.174,27805.45,2.1,288.851,9987.36,7.1,2090.933,36342.76,5.2,2252.107,15364.89,1.8,269.647,22833.82,3.1,249.663,4572.09,6.3,325.196,7118.76,7.2,308.744,2446.92,8.7,906.665,64410.33,1.7,892.567,35290.27,1.8,611.357,27301.43,3.6,618.75,13497.63,3.5,29438.852,178116.5,0.7,26932.578,145721.62,0.6,27001.061,773543.6,1.9,27494.233,689520.11,1.7,354.675,18006.7,2.1,367.302,8379.57,0.6,24156.266,1248302.86,3,24385.205,598590.49,3.9,4740.693,226393.9,1.9,5194.341,125147.55,1.3,1902416.9,1.4,112.7,686875.36,1.4,106.4
118  Sn  [ He ] :  CPS RSD value = 5.49 is over the allowed maximum = 5.00137  Ba  [ No Gas ] :  Concentration value = 143.79 is over the calibration range137  Ba  [ He ] :  Concentration value = 125.89 is over the calibration range138  Ba  [ He ] :  Concentration value = 130.52 is over the calibration range,FALSE,263SMPL_20250514_Ac Series 575  to 858_rerun .D,15-05-2025 05:27,Sample,,MCS 775,21774.321,493425.22,3,25147.825,2359.24,6.4,2170.659,15176.91,4.5,2091.983,240.24,31.5,5247.427,222297.26,0.2,5688.232,7482.91,2.8,34424.018,2013442.82,1.6,36381.5,157993.39,3,26352.196,1628606.26,1.7,26585.275,182962.24,2.5,4002.203,260763.13,0.4,4211.995,52682.9,0.9,9172.277,162024.53,2,9336.185,39645.06,2.3,10084.836,349636.31,2,10828.566,102532.08,1.5,15749.896,322567.02,3.6,12610.197,41706.9,1.7,14240.793,451978.84,4,17654.584,24350.03,4.5,170082.104,10556435.2,2,145236.6,323600.98,0.6,67432.882,6089710.77,1.9,56475.876,191181.2,2.3,36611.984,3537069.99,1.7,32136.579,227034.16,1.3,8025.938,432639.79,1.6,8444.256,61520.68,2.3,367.131,8825.18,5.5,392.814,2365.91,8.3,<0.000,3307.08,6.9,<0.000,1024.4,8.8,180.588,1778.57,11,142.392,363.7,16.8,5303.625,115995.07,1.6,5216.368,15975.96,5.5,64.468,13159.92,2.1,33.064,1845.32,2.2,8405.182,692123.03,2.3,8697.87,54916.48,2.3,500643.281,4590262.36,3.4,438302.06,502282.19,1.9,454420.503,3515277.47,1.5,55962.369,4956089.75,1.8,51965.969,905276.87,1,118988.137,9354772.5,1.1,100713.676,2190417.56,1.2,11875.016,1059215.91,1.8,12048.746,226776.92,4.4,46001.775,691263.9,1,46729.285,162095.35,1.6,9910.547,127718.71,3.5,9855.524,29296.56,2.8,1388.572,64867.96,2.7,1453.528,17352.67,4.5,9359.407,130923.83,2.6,9383.047,48602.53,0.8,1325.796,114317.18,1.7,1309.397,37744.51,3.2,7675.03,152236.49,0.6,7976.268,50615.92,1.7,1382.059,112730.38,1.8,1416.397,39421.25,0.4,3914.791,103786.41,2.7,4099.866,37419.94,2.8,516.072,42558.44,1.1,528.382,16727.97,1.1,3436.61,58230.81,1.4,3350.309,22212,3.3,418.06,33207.7,1.7,408.43,6908.87,7.3,304.973,6618.47,2.1,282.428,2223.54,2.7,1119.659,77575.63,1.8,1139.882,43820.95,0.8,735.41,31649.3,3.3,740.01,15518.75,2.3,33303.836,197178.55,1.6,29966.356,158656.42,2.3,29177.785,820476.52,4.5,30839.471,757003.06,1.1,395.29,19495.71,1.4,381.718,8493.01,6,29225.405,1482185.1,0.9,30513.574,733809.86,1,5720.849,267637.79,1.3,6324.324,148984.38,2.9,1882717.67,3,111.5,678157.14,1.6,105.1
118  Sn  [ He ] :  CPS RSD value = 6.06 is over the allowed maximum = 5.00137  Ba  [ No Gas ] :  CPS RSD value = 10.86 is over the allowed maximum = 5.00166  Er  [ No Gas ] :  CPS RSD value = 5.15 is over the allowed maximum = 5.00181  Ta  [ No Gas ] :  CPS RSD value = 6.80 is over the allowed maximum = 5.00205  Tl  [ No Gas ] :  CPS RSD value = 5.98 is over the allowed maximum = 5.00,FALSE,264SMPL_20250514_Ac Series 575  to 858_rerun .D,15-05-2025 05:31,Sample,,MCS 776,20195.533,454767,3.5,23081.839,2179.02,7.7,2376.899,16456.34,0.8,2084.701,240.24,29.2,4931.978,208967.7,2.2,5595.85,7396.1,3.1,33410.721,1940881.82,1.6,36298.402,158267.37,2,27687.836,1685635.64,1.3,28371.639,194346.45,0.9,3897.212,252871.59,0.3,4107.504,51721.56,2.7,9430.079,164304.45,1.6,9863.235,41485.91,2.3,6401.123,230248.1,1.7,6341.509,63587.85,3.2,11748.512,290407.84,0.4,10109.823,39226.96,0.6,13522.327,426122.83,0.8,16393.184,22722.22,1.9,141926.611,8750015.24,2.8,122539.234,274301.15,1,56092.498,5159103.91,1.8,46728.088,164088.7,2.2,19430.782,1867273.16,2.2,19762.613,140468.43,3,7640.231,410517.4,1,7998.559,58758.12,4.2,405.064,9289.31,5.6,431.909,2519.44,9.7,<0.000,3063.44,10,<0.000,981.02,23.1,161.133,1638.42,5.3,98.426,300.3,12,4183.934,92013.54,2.4,4059.586,12662.28,6.1,89.185,13834.63,0.9,45.776,1902.06,22.3,6988.22,572508.78,3,7281.02,46256.56,1.8,337590.208,3081448.43,10.9,319053.311,367824.94,2.7,313155.691,2436073.79,2.1,54644.633,4805235.25,1.7,49379.99,864118.68,1.8,115962.382,9053643.87,1.7,97135.682,2121083.48,3.3,11260.034,997830.18,0.8,11549.999,218496.6,2,43553.7,650500.05,3.4,44182.852,153922.94,0.8,8509.71,108998.08,0.8,8489.178,25370.92,3.8,1103.693,51620.62,2.8,1033.277,12575.55,0.3,7394.37,102905.21,3.6,7172.601,37372.78,1.3,908.745,78875.21,1.2,861.863,25427.82,1.5,4895.743,96798.78,1.5,4951.523,31675.07,0.3,815.816,67247.39,3,837.133,23923.48,3.8,2511.905,66566.47,5.2,2524.148,23311.79,2.3,331.143,28193.42,2.2,326.322,10929.07,2.9,2369.495,40057.58,1.7,2320.588,15572.06,4.2,292.285,23920.39,1.7,281.607,4996.01,3.3,259.833,5731.35,2.6,265.049,2120.19,13,873.192,60646.03,6.8,935.405,36339.9,1.4,587.142,25696.3,6,594.251,12829.62,5,27962.412,166565.29,1.5,25391.854,135246.51,4.9,24965.197,698438.83,4.5,26326.892,650043.58,2,339.682,16911.88,0.6,319.419,7335.58,1.3,33069.618,1666037.45,4.1,35060.373,846644.98,2.2,4515.523,210306.13,3.9,5007.572,118746.48,4.1,1870604.15,2,110.8,681469.73,1.3,105.6
7  Li  [ No Gas ] :  CPS RSD value = 5.48 is over the allowed maximum = 5.0095  Mo  [ He ] :  CPS RSD value = 5.39 is over the allowed maximum = 5.00107  Ag  [ No Gas ] :  CPS RSD value = 9.62 is over the allowed maximum = 5.00137  Ba  [ No Gas ] :  Concentration value = 316.10 is over the calibration range137  Ba  [ He ] :  Concentration value = 280.70 is over the calibration range138  Ba  [ He ] :  Concentration value = 295.88 is over the calibration range157  Gd  [ He ] :  CPS RSD value = 7.42 is over the allowed maximum = 5.00169  Tm  [ No Gas ] :  CPS RSD value = 5.35 is over the allowed maximum = 5.00178  Hf  [ He ] :  CPS RSD value = 5.13 is over the allowed maximum = 5.00,FALSE,265_QC2_20250514_Ac Series 575  to 858_rerun .D,15-05-2025 05:35,QC2,,SJS-Std,41127.125,875530.61,5.5,48468.411,4221.56,2.2,1295.647,8738.21,5.3,1651.254,176.84,47.1,8302.098,319985.18,1,9153.171,11018.86,2.7,104704.302,5747147.16,1.3,98477.588,397537.22,0.9,110796.829,5654250.72,2.1,99125.65,571310.91,1.6,10061.673,584231.75,2.5,10652.873,117029.92,1.4,63570.57,837898.08,2.5,67748.299,207796.06,1.4,27532.249,859326.41,0.6,29040.041,244358.61,1.1,79704.561,774159.39,1.8,76538.497,103658.2,0.4,13826.95,414967.26,0.6,14430.565,18598.38,3.5,95372.537,5609461.56,3.1,84140.932,175088.52,1.3,249527.149,19377670.21,1.8,215645.297,603342.08,2.4,13550.021,1242342.08,1.7,14367.655,94977.42,3.5,61653.201,2952474.85,1.6,55684.719,356164.97,1,2835.122,40697.36,1.8,2986.764,10928.87,5.4,233.866,10534.88,9.6,152.21,3040.07,5,337.195,2706.33,6.3,351.318,633.98,16.6,1218.163,29349.46,1.7,1317.356,4358.44,2.6,1258.195,47799.68,2.4,1272.678,6438.06,1.7,4609.027,362390.48,2,4704.126,27968.62,0.9,1154020.766,9990018.16,0.9,1024768.829,1092592.73,3.5,1080191.874,7776250.64,0.6,18168.809,1525385.44,0.1,20143.631,328084.38,3.6,36786.305,2739752.36,2,36298.685,737500.91,1.9,4275.978,363299.75,2.9,4453.143,78808.78,2.6,16340.193,232795.38,1.2,16848.337,54652.79,2.9,3252.047,40016.52,3,3409.793,9543.19,4.1,918.735,41272.13,2.3,778.212,8968.86,5.8,3180.945,42487.64,0.7,3286.196,16046.4,7.4,439.187,38052.41,2.7,405.092,11854.17,1.2,2694.805,51179.12,2.5,2936.343,17579.92,2.3,524.885,42263.82,4.8,531.132,14589.78,1.8,1577.335,40164.59,2.8,1681.706,14576.43,0.8,209.429,18181.47,5.4,200.504,6818.71,4.5,1636.394,26568.25,4.2,1693.022,10665.25,3,213.86,17509.85,3.2,207.694,3620.83,6.3,2092.539,38081.77,1,2157.496,13690.95,5.1,715.575,47772.03,1.4,756.414,27570.75,0.8,498.893,21383.44,2.6,527.749,10822.33,2,20357.342,113161.54,1.7,18900.623,93978.37,4,17543.093,469462.88,2.6,19128.901,440821.46,2.6,250.51,12449.72,2.3,235.56,5367.86,5.9,9336.245,449458.7,3.7,10070.365,226785.71,4.9,3165.229,141398.41,4.2,3388.901,75179.49,3.1,1867276.03,2.9,110.6,663027.14,0.6,102.8
118  Sn  [ He ] :  CPS RSD value = 5.56 is over the allowed maximum = 5.00137  Ba  [ No Gas ] :  Concentration value = 122.69 is over the calibration range137  Ba  [ He ] :  Concentration value = 105.10 is over the calibration range138  Ba  [ He ] :  Concentration value = 105.34 is over the calibration range147  Sm  [ He ] :  CPS RSD value = 6.00 is over the allowed maximum = 5.00,FALSE,266SMPL_20250514_Ac Series 575  to 858_rerun .D,15-05-2025 05:40,Sample,,MCS 777,3141.079,703504,2.7,3495.664,3203.59,3.4,322.783,22193.4,1.3,459.047,510.52,8.5,438.341,188505.98,1.2,513.791,6661.66,4.7,3017.504,1754334.55,2.4,3306.284,140692.49,0.9,2197.111,1393825.5,1.7,2299.261,158508.61,1.1,404.266,261305.16,0.7,404.208,49762.25,1.4,846.335,151620.58,1,927.867,38701.41,1,597.707,216721.76,1,601.005,59227.08,0.8,1460.964,312393.03,0.9,1308.667,41452.61,2.2,1471.192,463063.86,1.8,1697.387,22939.49,2.6,19946.53,12289417.78,1.6,17270.826,376886.43,1.3,7412.843,6569870.72,3,6125.048,200726.65,1.1,1738.452,1670608.53,0.4,1791.956,124316.76,2.2,665.457,361372.59,1.6,707.264,51176.72,0.8,19.558,6428.02,4.1,15.232,1474.89,7.3,<0.000,3070.12,6.6,<0.000,947.65,13,15.332,1588.36,5.9,15.401,373.72,25.3,533.403,115790.42,4.8,563.213,16834.53,5.6,3.514,12204.7,1.2,3.054,1801.94,5.3,1138.863,928697.45,1.5,1183.288,72990.91,3.2,42856.797,3903106.34,2,36712.554,412502.58,2.7,36798.179,2791123.73,2.2,4789.06,4210243.79,2.1,4362.018,744690.01,0.7,10193.732,7957116.93,1.2,8940.74,1905847.31,2.2,1005.519,891064.58,1.7,1039.194,191875.14,1.1,3738.099,557849.94,1.6,3798.939,129113.11,1,729.513,93490.74,1.6,780.946,22756.67,6,92.639,43595.36,0.9,91.831,10969.08,2.4,660.192,91849.36,2,636.747,32390.62,1.4,84.726,73742.59,2.1,80.521,23281.58,3.7,442.836,87609.13,3,475.081,29644.66,3.2,70.385,58394.17,1.8,73.871,20758.03,3.3,192.756,51255.8,1.1,200.937,18191.42,2.4,21.424,19310.99,1.8,21.015,7376.26,3.6,153.587,26180.46,1.7,159.825,10588.43,3.3,17.165,15214.56,2,17.035,3216.97,2.9,22.012,4994.36,9.1,23.339,1860.15,6.5,119.773,82225.14,0.5,125.319,47076.17,0.9,94.621,39600.42,4.7,97.306,19498.41,3,3938.129,228114.52,0.6,3515.557,182162.55,3.9,3420.118,953106.83,2.2,3707.958,890367.8,0.8,63.313,29846.81,1.1,61.172,12636.6,0.3,2017.782,1016668.36,0.4,2140.12,504485.35,1.8,451.18,210103.76,2,501.486,116080.14,2.3,1874311.76,1.3,111,666795.65,2.7,103.3
107  Ag  [ No Gas ] :  CPS RSD value = 5.75 is over the allowed maximum = 5.00139  La  [ He ] :  CPS RSD value = 9.88 is over the allowed maximum = 5.00205  Tl  [ He ] :  CPS RSD value = 9.72 is over the allowed maximum = 5.00209  Bi  [ He ] :  CPS RSD value = 11.05 is over the allowed maximum = 5.00,FALSE,267_QC1_20250514_Ac Series 575  to 858_rerun .D,15-05-2025 05:44,QC1,,QC MES 50 ppb,45.119,3582794.78,3.6,43.072,14188.19,2.1,40.747,982563.71,1.5,45.092,17993.08,1.3,40.236,5384170.43,0.3,37.742,166865.87,1.4,44.123,9056544.48,0.2,41.653,638153.05,1.9,44.442,8368011.15,0.3,39.671,855809.92,2,44.653,9313826.14,0.7,40.184,1608430.99,1.4,37.154,1787361.58,1.9,40.225,455978.81,2.6,44.32,5045637.73,1.1,40.088,1248141.09,0.5,35.566,1164115.7,1,35.03,160818.82,1,47.182,5273301.02,0.8,41.544,201958.6,2.6,47.766,10505084.48,2.9,40.773,321666.39,1.1,44.606,13248890.17,1.5,39.145,426075.12,0.9,47.617,16278650.35,1.7,42.393,1057831.79,2.3,47.343,8437179.67,1,42.913,1034123.03,1.8,41.328,2021826.05,0.9,43.28,550586.86,1.4,47.522,4976471.69,5.7,40.3,1538183.24,1.6,44.288,1056137.62,3.3,44.866,234701.92,2,51.449,3810046.62,3.1,43.685,450499.62,1.7,50.256,5502232.45,3.4,44.22,630410.11,3.5,50.224,14517242.27,3.4,44.183,978179.69,2,48.566,1587196.11,4.2,49.074,200409.27,2.8,46.691,1286831.03,2.1,50.887,15954572.1,1.7,51.045,3141058.04,9.9,50.899,14169945.81,3,48.615,3741514.13,1.4,51.47,16218869.32,2.9,51.119,3394534.02,3.5,44.574,2371015.76,3.1,45.59,559199.28,1.3,45.789,2082766.1,2.8,46.353,485680.96,2.8,53.338,8573784.64,3.5,46.954,1914695.69,0.8,45.739,2256876.88,1.1,48.056,876751.47,1.9,52.947,15717759.46,2.5,53.605,5265293.12,3.7,53.488,3736851.75,2.1,47.699,1065109.46,0.7,52.186,14707850.38,2.3,54.751,5220348.07,2.8,52.7,4904855.49,0.9,47.321,1512210.96,2.2,53.253,14448735.43,1.8,54.298,5562270.41,2,47.26,2805521.36,3.1,49.363,1138479.5,1.4,53.325,13721436.88,2.1,47.256,2547375.09,2.8,56.618,3769497.02,3.1,50.308,1181918.53,2.4,52.615,12536108.14,0.5,54.004,7137879.68,4.2,55.86,7704684.28,3.4,53.823,3581972.08,9.7,51.163,1064074.96,3.4,53.229,988992.25,0.9,55.098,5442502.31,0.4,50.567,4359286.76,1.3,55.73,8773546.53,0.8,53.633,3632470.68,11,56.74,10181425.82,3.5,58.149,4940309.59,3.8,55.741,9157750.06,1.5,64.21,5300329.51,2.6,1914913.09,1.2,113.4,689775.01,2.2,106.9
9  Be  [ No Gas ] :  CPS RSD value = 8.18 is over the allowed maximum = 5.00118  Sn  [ No Gas ] :  CPS RSD value = 5.39 is over the allowed maximum = 5.00137  Ba  [ No Gas ] :  CPS RSD value = 9.05 is over the allowed maximum = 5.00153  Eu  [ No Gas ] :  CPS RSD value = 7.44 is over the allowed maximum = 5.00159  Tb  [ No Gas ] :  CPS RSD value = 5.10 is over the allowed maximum = 5.00166  Er  [ No Gas ] :  CPS RSD value = 5.97 is over the allowed maximum = 5.00172  Yb  [ No Gas ] :  CPS RSD value = 6.41 is over the allowed maximum = 5.00172  Yb  [ He ] :  CPS RSD value = 6.87 is over the allowed maximum = 5.00205  Tl  [ No Gas ] :  CPS RSD value = 6.48 is over the allowed maximum = 5.00238  U  [ No Gas ] :  CPS RSD value = 6.57 is over the allowed maximum = 5.00103  Rh ( ISTD )  [ No Gas ] :  CPS RSD value = 7.03 is over the allowed maximum = 5.00103  Rh ( ISTD )  [ He ] :  CPS RSD value = 6.84 is over the allowed maximum = 5.00,FALSE,268SMPL_20250514_Ac Series 575  to 858_rerun .D,15-05-2025 05:48,Sample,,MCS 778,33292.696,733418.84,1.8,42125.908,3477.26,5.9,3187.312,21511.74,8.2,4084.549,403.74,31.4,4386.521,187102.47,1.8,5800.565,6748.46,2.5,28901.279,1652822.88,3.8,35207.308,134753.3,3,18610.544,1221068.83,2.4,22725.796,143032.77,2.2,4134.983,263574.9,4,4885.596,53400.06,3.7,7319.411,136936.2,3,9125.713,35094.54,2.1,7209.709,253189.85,2.6,8295.855,71418.78,1.1,12843.879,307875.19,2.2,16016.879,41803.9,0.2,13903.315,430063.2,4.5,19082.904,23270.32,4.5,204554.694,12390736.18,1.4,193205.304,379476.63,1.1,58659.213,5316818.6,4.1,55820.262,169141.04,3,20086.346,1897684.46,2.5,23744.18,147941,2.8,4713.497,262109.94,4.4,5630.449,37714.27,1.9,508.985,10785.27,2.8,650.107,2959.97,5.5,77.004,6454.77,6.2,92.676,2345.9,6.9,396.118,3186.92,6.3,404.46,674.03,6.7,5741.215,122297.82,5.4,6781.39,18157.66,1.8,48.466,13163.26,1.2,54.322,1801.94,13.5,13030.711,1043711.16,2.4,14981.68,83099.29,1.5,363942.117,3260386.02,9.1,366502.255,370953.12,1.6,366855.756,2505578.03,1.4,55533.664,4795774.33,3.7,56543.554,868082.51,1.8,114659.768,8785708.02,4.6,111776.597,2143683.37,0.2,11645.784,1013898.27,2.2,13558.675,224927.2,3.3,43779.466,641295.93,4.5,50473.43,154385.65,0.8,9053.315,113932.16,2.6,10471.588,27437.13,1.6,947.998,43820.45,7.4,1039.645,11162.79,2.8,8210.621,112108.14,3.9,9403.087,42922.89,2.8,1100.816,93286.79,5.1,1160.367,29768.38,3.3,5405.725,105150.35,2.6,6441.99,36057.94,4.9,885.258,71613.77,3.4,953.933,23853.37,1.6,2139.935,55790.87,6,2572.425,20878.31,0.6,235.63,20761.58,4.7,274.471,8337.82,8,1553.925,26019.92,6.4,1966.004,11667.15,6.9,185.167,16096.61,3.5,206.397,3413.9,4.6,211.482,4804.29,4.1,233.702,1700.13,1.8,1334.156,89940.03,1.3,1605.091,54044.32,1.6,974.936,40119.44,6.5,1098.136,19709.04,2.2,38839.7,202583.62,1.8,34294.27,159878.7,2.7,30406.215,833024.98,4.5,35900.947,776351.77,1.6,877.179,40052.74,2.7,1009.207,18133.64,2.8,32289.558,1596720.79,3.1,38029.066,806395.02,2.7,5158.077,235400.02,6.6,6343.357,131686.9,2.9,1978241.01,7,117.2,643935.06,6.8,99.8
137  Ba  [ No Gas ] :  Concentration value = 100.79 is over the calibration range137  Ba  [ No Gas ] :  CPS RSD value = 9.37 is over the allowed maximum = 5.00,FALSE,269SMPL_20250514_Ac Series 575  to 858_rerun .D,15-05-2025 05:52,Sample,,MCS 779,22217.236,484859.08,3,24303.903,2205.73,5.4,3106.621,20763.05,1.9,3200.662,353.69,29.5,4913.137,203071.68,0.5,5415.299,6918.73,1.5,33311.722,1877895.4,1.9,34755.93,145982.73,1.6,38920.642,2201657.13,0.5,39255.838,250210.22,1.3,3946.064,249123.18,1.2,3971.308,48526.35,2.9,9170.271,157564.74,3.4,9130.181,38119.26,1.4,6974.159,242090.88,1.3,7000.33,67095.26,2.2,13482.819,302196.53,1.3,10741.2,39508.17,1.1,14133.527,432035.55,0.3,15760.18,21054.5,4.7,179424.091,10731548.24,0.6,155291.601,334417.57,1.5,68788.332,5999438.62,0.9,56069.44,184978.29,3.6,21240.812,1980381.11,1,21508.153,147093.47,0.8,5486.559,295517.85,2.4,5559.116,40746.58,1.6,431.17,9506.33,1.5,449.287,2519.43,5.8,<0.000,3994.62,2.4,<0.000,1411.49,12.4,184.751,1765.23,4.3,112.999,316.99,22.2,4870.141,103248.01,2.5,5134.299,15240.96,1.4,46.778,12598.83,4.1,<0.000,1615.06,15.5,8330.588,661262.54,1.3,8566.887,52329.47,2,365188.406,3235583.92,9.4,320737.729,356011.92,0.2,305732.554,2290596.59,0.6,40643.227,3469390.54,0.2,38196.907,643650.59,1.7,91015.339,6895841.69,1.7,77303.824,1625867.85,0.8,8930.249,768702.38,2.6,9377.467,170934.1,1.8,34760.985,503459.05,1.9,35323.773,118526.4,1.7,7427.55,92390.96,0.6,7355.35,21172.21,2.8,1046.075,47614.08,1,1002.771,11793.98,2.2,6977.883,94192,1.8,6952.494,34889.96,2.1,967.951,81400.11,2.9,921.859,26133.27,1.8,5495.729,105325.16,2.1,5720.719,35204.59,3.1,936.315,74569.49,4,940.172,25775.63,3.6,2668.297,68572.66,4.1,2820.309,25033.49,2.7,335.893,27812.04,3.3,322.995,10488.25,3.9,2364.251,38809.02,0.7,2445.606,15789.2,4.2,279.978,22452.67,1.8,261.457,4542.05,5.4,217.746,4830.96,7.6,193.484,1593.44,3.6,1014.161,68002.63,3.1,1089.831,40619.96,2.6,794.219,32830.31,0.4,780.704,15802.77,2.2,34751.464,198959.64,1.6,30819.311,157797.39,0.5,30785.726,833394.23,1.7,32688.734,775737.92,1,376.263,18036.72,3.3,366.296,7975.96,5.7,30090.951,1470340.08,0.8,32150.972,747246.94,2.6,5637.802,254258.36,1.7,5694.278,129885.18,3.1,1887567.47,2.7,111.8,682309.19,1.9,105.7
140  Ce  [ No Gas ] :  CPS RSD value = 5.45 is over the allowed maximum = 5.00157  Gd  [ No Gas ] :  CPS RSD value = 5.31 is over the allowed maximum = 5.00165  Ho  [ No Gas ] :  CPS RSD value = 5.43 is over the allowed maximum = 5.00181  Ta  [ He ] :  CPS RSD value = 6.03 is over the allowed maximum = 5.00205  Tl  [ No Gas ] :  CPS RSD value = 6.01 is over the allowed maximum = 5.00103  Rh ( ISTD )  [ No Gas ] :  CPS RSD value = 12.23 is over the allowed maximum = 5.00,FALSE,270SMPL_20250514_Ac Series 575  to 858_rerun .D,15-05-2025 05:56,Sample,,MCS 780,31055.025,573529.23,4.8,32869.735,2719.67,5.5,2929.323,16673.47,3.1,2585.514,260.26,10.2,4321.55,155664.31,3,4425.529,5246.28,5.1,28718.462,1380506.4,2.1,28226.143,108302.18,2.4,20514.794,1112977.46,1.3,19395.007,126435.38,1.6,4124.318,221699.05,3.6,3838.251,43266.59,2,7801.657,121203.16,3.6,7194.05,30060.51,3.1,5944.1,180276.68,2,5484.538,50030.31,2.3,10006.213,246602.12,2.1,5348.741,32689.51,0.9,14182.452,368816.98,1.3,15396.574,18772.07,1.1,177665.668,9025991.22,2.9,136016.453,267473.27,2.2,69850.992,5215168.41,2,54565.727,166730,1.2,18661.384,1477448.18,3.5,17224.032,107627.74,2.8,6236.949,283670.74,1.4,5888.791,39402.79,2.2,212.414,5830.49,1.3,195.002,1551.65,10.9,<0.000,3547.38,6.5,<0.000,1211.27,11.6,169.782,1451.54,0.7,98.91,280.29,21.7,4996.267,90037.48,4.9,4548.105,12451.86,3,60.362,11703.71,1.4,<0.000,1478.23,7.3,9790.661,658421.24,4.8,9290.202,51793.4,2.7,328890.105,2476189.68,2.3,304285.031,308442.3,0.9,303010.308,2073098.05,1.7,45396.095,3296111.12,0.9,38352.65,590169.65,2.7,97852.858,6282940.04,5.5,78093.587,1498898.07,0.2,9535.812,698942.49,0.8,8973.485,149374.93,2.6,37183.968,457320.12,3.3,34567.43,105862.56,1,7192.528,75967.59,3.6,7193.875,18909.73,1.2,937.744,36522.66,2.7,833.675,9072.38,5.3,6796.558,78033.39,5.3,6416.299,29410.45,2.6,924.949,66361.59,4.4,818.915,21409.75,2.7,4789.391,78205.33,1.7,4688.659,26400.88,1.6,781.961,53356.9,5.4,716.368,18261.65,4.4,2021.796,44513.71,2,1975.074,16153.26,2.1,232.633,17369.46,0.6,205.815,6658.45,6.3,1599.311,22506.31,2.7,1508.98,9055.72,2.7,177.126,13153.52,3.7,163.465,2866.55,7.7,214.861,4080.69,12.4,204.257,1540.1,9.6,1573.577,88749.24,3.9,1509.107,50898.18,6,835.98,29381.66,6,796.197,14773.75,1.6,32006.715,167393.7,2.1,29025.046,135749.11,4.8,29765.304,684970.23,3.8,30450.644,660130.32,1.5,737.282,28553.62,3.9,682.118,12686.66,3.5,28443.539,1180560.22,3.9,28304.622,600964.26,2.8,4957.34,190083.92,4.3,4990.749,104113.67,2.2,1729544.44,12.2,102.4,663695.05,2.4,102.9
137  Ba  [ No Gas ] :  Concentration value = 107.26 is over the calibration range153  Eu  [ He ] :  CPS RSD value = 5.49 is over the allowed maximum = 5.00205  Tl  [ No Gas ] :  CPS RSD value = 5.86 is over the allowed maximum = 5.00,FALSE,271SMPL_20250514_Ac Series 575  to 858_rerun .D,15-05-2025 06:00,Sample,,MCS 781,22734.258,478025.15,1.8,25404.492,2202.39,5.6,2533.092,16382.83,3.3,2337.207,246.91,8.4,5409.573,213816.89,2.4,6121.032,7422.83,7.2,35105.292,1906358.24,0.2,37463.44,150034.87,1.9,26159.937,1522932.88,1.8,27524.078,175895.19,1.7,4450.646,268448.78,0.7,4524.179,52237.41,1.7,9722.73,160286.53,1.7,10716.313,41355.17,1.9,7146.2,239235.06,2.2,7091.664,65063.28,1.2,49815.054,555608.62,1.5,47792.414,75213.36,0.7,14795.739,435535.67,0.9,17459.295,22237.57,2.5,154186.097,8881933.2,2,133621.499,274711.42,1,68713.027,5805887.15,2.1,54407.393,173255.11,1.2,22458.348,2015211.88,2.8,23453.29,153044.95,1.9,6597.661,337576.54,2.8,6846.012,47087.79,0.8,608.01,11566.73,4.1,626.341,3030.06,1.3,<0.000,3417.21,8.1,<0.000,1254.65,5.9,199.66,1815.28,2.8,191.299,413.76,21.1,4680.046,96015.86,1.4,4778.397,13617.55,3.3,58.708,12922.77,0.9,0.845,1715.17,4,7725.84,591486.33,0.9,7973.904,46517.84,2.2,404918.613,3449810.24,2.2,340427.18,360495.03,1.2,339162.789,2423526.81,1.9,56084.469,4609155,0.7,50434.601,810580.84,1.6,119772.372,8739816.09,1.3,104585.564,2097459.6,3.1,12160.833,1006667.89,3.6,12126.721,210677.83,0.4,45500.911,635067.84,3.6,46084.228,147413.02,4.5,9472.129,113324.82,1.7,9883.723,27102.82,2.4,1106.115,48488.4,3.6,1077.663,12074.58,5.5,8752.222,113680.52,0.8,8725.589,41707.71,3.6,1129.308,91130.45,1.4,1082.128,29102.86,3.1,5968.831,110141.7,2.7,6184.555,36271.99,3.5,967.109,74229.81,2.1,1049.214,27337.18,0.9,2716.728,67267.36,4.4,2853.119,24170.83,2.9,332.144,26668.61,2.2,326.397,10147.65,4,2388.445,37781.69,1.6,2393.919,14770.21,2.9,285.131,22081.74,1.5,312.908,5076.13,8.5,215.418,4650.89,0.9,217.402,1680.13,4.8,967.65,62681.23,1.1,1025.686,36583.97,0.4,677.268,27498.41,5.9,706.928,13868.51,4,33452.131,182843.57,3.3,29851.191,145973.45,2.7,28700.706,749153.61,2.2,30945.329,701242.11,1.8,382.023,17696.2,2.1,369.256,7705.8,6.2,32520.373,1530141.34,1.2,34554.733,766239.99,3.4,5485.689,238403.56,2.4,6076.612,132165.72,4,1894395.65,2.9,112.2,678268.84,2,105.1
118  Sn  [ He ] :  CPS RSD value = 6.40 is over the allowed maximum = 5.00137  Ba  [ No Gas ] :  Concentration value = 102.91 is over the calibration range137  Ba  [ No Gas ] :  CPS RSD value = 9.68 is over the allowed maximum = 5.00163  Dy  [ He ] :  CPS RSD value = 5.14 is over the allowed maximum = 5.00165  Ho  [ He ] :  CPS RSD value = 5.59 is over the allowed maximum = 5.00169  Tm  [ He ] :  CPS RSD value = 5.77 is over the allowed maximum = 5.00,FALSE,272SMPL_20250514_Ac Series 575  to 858_rerun .D,15-05-2025 06:04,Sample,,MCS 782,25554.922,524857.16,2.3,26908.527,2252.44,8.9,3021.081,19052.26,2.8,3052.256,310.31,11.2,6303.111,240362.67,0.7,7257.43,8457.82,4.3,41577.496,2203865.95,1,44324.215,171590.98,0.9,29782.899,1666482.37,1.6,31509.93,191826.92,1.6,6407.461,367446.38,0.9,6572.303,71257.39,0.7,12341.901,189456.97,0.6,13156.884,47110.07,2.3,9183.132,293844.2,1.3,9222.744,79767.63,1.4,25614.599,382451.26,0.7,24061.093,51048.73,3.2,16257.686,467766.87,2,17926.849,22077.16,1.8,171961.984,9686182.24,0.7,152833.828,303758.42,0.4,74877.858,6139407.75,2.6,61491.941,186449.12,1.3,23706.306,2080678.29,0.4,25173.768,158792.14,1,5516,281647.37,2.8,5711.42,38800.64,1.3,613.604,11493.24,4.9,692.606,3170.23,2.6,<0.000,3353.8,6.2,<0.000,1124.51,5.9,352.958,2729.7,9.8,387.684,664.02,12.2,5012.403,100328.91,1.3,5258.927,14435.89,6.4,95.553,14001.67,2.4,71.844,1965.46,8.4,8717.799,651818.92,1.8,8836.36,49810.22,3.4,400438.579,3336348.02,9.7,368986.212,377804.55,2.7,363616.659,2512168.84,0.8,32593.706,2621105.75,1.7,34934.441,543491.24,1.9,77829.695,5554093.69,0.5,66837.05,1297305.8,2.1,7866.217,638228.62,1.3,8040.702,135434.84,0.9,29736.894,405833.5,2.4,30870.329,95618.12,1.3,6417.517,75271.36,1.2,6683.568,17776.98,3.1,1178.62,50424.43,1.3,1136.682,12298.33,1.6,6273.243,79855.96,3,6479.331,30039.36,3.9,915.864,72957.63,2.3,870.716,22950.63,2.5,5465.622,98695.07,1.1,5879.851,33388,5.1,995.837,74740.16,3.4,1017.322,25715.45,5.6,2889.087,69857.7,0.7,2994.001,24531.87,0.6,379.694,29457.55,0.8,389.749,11496.84,5.8,2708.795,41818.59,1.7,2795.39,16631.12,1.8,338.426,25187.48,4.1,344.994,5366.55,8.5,199.399,4300.75,0.8,183.818,1436.75,3.8,1066.714,67396.22,1.8,1108.177,38162.29,1.4,744.958,29391.28,3,768.634,14489.76,0.8,34056.713,180046.88,1.5,30250.82,143064.99,2.2,30100.997,768193.64,1.6,31948.626,700176.78,1.5,455.881,20336.94,2.7,449.925,8866.62,2,18882.552,869886.63,3.2,20100.468,431723.12,1.5,4791.664,204074.97,3.7,5129.985,108219.02,2.4,1907965.52,0.6,113,675980.93,1.1,104.8
71  Ga  [ He ] :  CPS RSD value = 5.65 is over the allowed maximum = 5.00137  Ba  [ No Gas ] :  Concentration value = 112.20 is over the calibration range232  Th  [ No Gas ] :  CPS RSD value = 5.12 is over the allowed maximum = 5.00,FALSE,273SMPL_20250514_Ac Series 575  to 858_rerun .D,15-05-2025 06:08,Sample,,MCS 783,31971.787,644822.3,3.2,34844.996,2976.64,5.9,2945.764,18303.78,1.6,3012.102,313.65,9.2,3066.599,127734.59,1.5,3629.208,4521.97,7.1,21493.647,1132922.35,2.6,22058.792,87736.26,0.5,17987.82,1097714.33,2.8,17490.975,120400.72,1.4,7291.863,407989.15,1.9,7069.949,77954.55,2,9233.586,149274.94,2.1,8710.023,35395.72,3.1,9403.176,295519.63,3.6,9310.87,82225.27,3.3,27798.046,389354.29,1.4,24543.864,52381.87,1.3,12949.914,367670.61,3.5,14364.057,18120.58,5.7,196875.75,10918080.19,1,162763.086,330818.7,2.4,141195.725,10716826.64,1.9,119275.812,340898.69,0.9,12854.694,1113960.58,1.3,12536.016,81184.98,0.9,2167.954,127238.29,4.3,2318.087,18659.99,1.6,3512.714,46971.42,2.3,3390.21,12061.03,2.3,<0.000,2566.16,2.5,<0.000,884.25,9.5,5161.432,31596.91,1.4,5142.201,7082.38,3.9,4305.836,85646.31,3.1,4422.24,12545.35,1.7,22.281,11650.29,2.4,<0.000,1484.91,6.2,9195.293,676991.45,1.9,9502.223,54758.44,2.1,432035.079,3543110.31,1.1,365632.626,382834.54,1,354811.216,2508410.03,3.4,25610.196,2029666.91,0.7,27073.664,431031.36,1.8,65112.232,4579039.15,1.8,54750.218,1087728.28,3.1,6369.531,509411.83,2.5,6391.123,110289.85,4,24633.081,331445.94,3,25270.26,80095.4,0.8,5119.012,59244.24,4.3,5195.367,14165.45,1.7,797.065,34200.67,4,756.013,8574.85,4.6,4860.388,61082.15,1.6,4747.874,22589.58,3.2,631.152,50501.73,0.8,602.16,16664.41,4.1,3356.949,60026.7,2.1,3253.725,19046.92,4.8,519.46,39712.6,2.4,520.775,14085.36,4,1361.088,32922.84,2,1363.091,11660.44,1,135.499,12275.05,1.7,131.107,4915.9,2.1,1070.238,16651.13,0.5,1036.296,6554.96,3.8,97.826,9162.55,4.8,85.439,1878.7,6.6,69.395,2040.18,8.3,61.679,726.69,13.9,974.101,60788.62,3,1005.105,35517.41,2.9,914.725,34824.23,1.9,884.001,16781.67,1.1,41771.839,225482.46,3.7,37685.791,181797.78,2.1,37959.849,952101.53,1.7,39246.681,878070.32,2.2,432.965,19094.98,3.6,407.305,8312.88,4.6,22254.119,1009160.57,5.1,23106.557,507419.59,1.3,3947.663,166082.6,1.8,3952.532,85644.24,2,1860800.49,3,110.2,684276.54,1.3,106
121  Sb  [ No Gas ] :  CPS RSD value = 5.16 is over the allowed maximum = 5.00137  Ba  [ No Gas ] :  Concentration value = 120.77 is over the calibration range137  Ba  [ He ] :  Concentration value = 104.77 is over the calibration range138  Ba  [ He ] :  Concentration value = 102.05 is over the calibration range,FALSE,274SMPL_20250514_Ac Series 575  to 858_rerun .D,15-05-2025 06:12,Sample,,MCS 784,33089.631,704023.24,1.5,35125.953,3100.12,3.5,2949.578,19316.21,1.1,3429.506,367.04,26.9,3843.245,161365.45,1.6,4531.912,5716.95,1.1,27734.439,1534604.56,1.9,29328.605,120232.78,2.5,20696.483,1278760.32,1.6,20563.666,140507.8,2.1,3981.086,246320.51,1.2,4167.183,49511.05,3,7411.332,133200.55,1.7,7659.175,33074.08,2.6,5228.844,184852.44,1.7,5413.438,52532.52,1.7,22967.04,368471.99,1.7,21423.021,49903.26,1.8,14436.812,431822.5,1.3,18481.869,24039.21,1.6,211170.082,12356418.11,1.6,181230.498,380424.93,1.6,83756.098,7004715.15,2,71234.876,221770.78,1.9,14857.311,1357026.93,1.9,15711.753,104938.76,1.3,4770.686,255932.05,1,4985.4,36149.84,1.6,468.079,9870.3,1.2,506.521,2672.96,9.7,<0.000,2846.5,9.2,<0.000,984.36,17.9,735.3,5232.97,1.8,710.879,1144.53,7.3,4837.748,100554.94,1.5,5004.359,14522.76,1.5,42.894,12485.27,5.2,2.894,1731.85,5,11062.247,857327.38,2.8,11316.595,67210.29,1.8,448154.642,3875153.7,3.4,388784.214,420273.41,2,378697.164,2762916.78,1.6,57852.044,4831704.01,2.2,54364.916,892667.28,0.8,130015.298,9637757.57,1.9,109852.759,2251244.95,1.6,12591.177,1059271.8,0.7,13269.843,235493.89,2.4,47100.99,667655.86,1.4,47771.669,156145.83,1.5,8867.147,107869.11,3,9548.338,26775.23,3.7,956.172,42795.29,1.2,878.477,10160.96,1.9,7255.43,95886.66,2.8,7041.373,34454.94,2.1,847.877,70262.3,2.3,824.19,22957.29,2.7,4082.061,76814.72,1.2,4194.852,25244.06,3.3,624.645,49704.83,1.3,642.836,17600.05,3.3,1638.226,41573.8,0.8,1643.634,14409.4,3.6,180.441,16076.49,2.5,176.294,6257.86,5.2,1299.191,21169.13,2.2,1325.771,8534.84,4,150.311,13163.48,4.3,131.436,2576.19,4.9,156.54,3667.22,3.9,163.949,1376.75,0.4,980.716,64477.37,0,1004.758,36614.53,3.2,989.144,39349.25,2.8,970.12,18796.66,2.3,40792.408,227397.75,1.3,35287.504,175899.37,2.9,35688.874,944819.88,1.7,38018.861,878499.85,1.3,506.711,23182.05,3.5,479.248,9833.97,5,22308.249,1067276.24,1.7,22902.716,519549.54,1.3,3528.001,156750.44,1.5,3934.56,88044.24,5,1891710.78,2.4,112,681229.85,1.7,105.6
9  Be  [ No Gas ] :  CPS RSD value = 5.50 is over the allowed maximum = 5.00137  Ba  [ No Gas ] :  Concentration value = 115.81 is over the calibration range165  Ho  [ He ] :  CPS RSD value = 5.24 is over the allowed maximum = 5.00172  Yb  [ He ] :  CPS RSD value = 6.29 is over the allowed maximum = 5.00,FALSE,275SMPL_20250514_Ac Series 575  to 858_rerun .D,15-05-2025 06:16,Sample,,MCS 785,32038.233,677782.65,2.8,37110.89,3246.97,2,3120.944,20295.31,5.5,4080.57,433.78,7,3921.579,163431.07,0.5,4663.863,5830.44,2.1,27142.419,1493628.53,2.6,29877.934,121420.38,3.4,19008.063,1192401.75,1.7,19261.665,132515.93,3.2,3459.704,216344.76,2.5,3716.19,44414.88,1.6,6905.332,126580.83,2.4,7047.864,31144.01,1.9,4434.457,160264.48,1.1,4402.319,43923.02,2.2,16209.642,320485.06,1.2,13920.449,42359.72,0.7,14217.735,422734.05,1.7,17312.799,22344.51,1,197207.062,11468194.88,2.7,171380.345,356949.24,1.2,75504.701,6358076.21,1.2,63529.432,199707.48,3.1,23708.892,2148646.41,3.1,24622.919,162813.73,3,6032.814,313983.52,0.4,6419.342,44997.11,1.1,36.046,4271.66,5.4,34.766,1081.13,10,<0.000,3080.13,3.4,<0.000,1117.84,5.2,20.948,704.06,10.5,<0.000,153.49,13.6,4953.474,102252.59,3.2,5088.225,14643,0.5,37.152,12361.67,3.9,<0.000,1645.09,11.9,10701.303,824453.49,0.3,11290.357,66529.48,2.5,434725.992,3737480.93,1.8,373086.974,400204.54,0.6,373770.802,2705710.61,1,54315.806,4507649.85,1,48727.774,793867.67,2.6,116172.014,8557884.99,0.3,99011.935,2013062.65,0.9,11739.7,981720.5,2.3,12112.609,213294.13,1.9,45005.342,633962.78,3.6,45529.352,147688.29,1.9,8813.013,106522.95,3.2,9389.868,26106.51,3.3,1160.074,51215,0.7,1144.092,12949.67,4.2,8242.466,108150.28,2.7,7989.591,38751.57,0.6,1115.751,90892.1,4.1,1096.427,29868.74,4.7,6003.454,111844.97,2.8,6321.976,37587.32,1.6,1022.083,79027.86,2.8,1035.584,27364.01,5.2,2654.397,66341.88,2.9,2807.504,24123.97,1.7,325.749,26441.09,2.1,315.732,9997.36,3.7,2092.67,33491.9,2.3,2252.461,14112.17,6.3,238.937,19140.58,0.2,238.252,4084.78,5.7,224.536,4850.97,0.8,213.957,1680.12,1.6,1113.026,72437.67,0.5,1178.507,42409.04,0.6,941.172,37397.97,3.4,953.521,18372.28,2.3,37307.044,206527.73,3.2,36004.139,178025.97,2.2,34395.526,905066.35,0.3,35663.498,818002.62,1.2,571.043,25720.69,5,586.38,11685.67,3.8,32738.98,1555775.31,2,33433.025,751651.08,4.6,5021.293,220659.39,3.3,5451.491,120340.06,0.9,1900844.02,0.7,112.6,683536.38,1.6,105.9
90  Zr  [ No Gas ] :  CPS RSD value = 12.68 is over the allowed maximum = 5.00121  Sb  [ No Gas ] :  CPS RSD value = 5.83 is over the allowed maximum = 5.00137  Ba  [ No Gas ] :  Concentration value = 159.42 is over the calibration range137  Ba  [ He ] :  Concentration value = 134.71 is over the calibration range138  Ba  [ He ] :  Concentration value = 144.70 is over the calibration range169  Tm  [ He ] :  CPS RSD value = 6.63 is over the allowed maximum = 5.00172  Yb  [ No Gas ] :  CPS RSD value = 6.68 is over the allowed maximum = 5.00,FALSE,276SMPL_20250514_Ac Series 575  to 858_rerun .D,15-05-2025 06:20,Sample,,MCS 786,50159.728,998806.15,4,59301.048,4885.77,4.7,4449.832,27170.67,1.5,4972.928,497.18,23.6,6942.543,255348.6,1.2,7950.93,9132.24,4.3,54834.878,2826169.93,1.5,49662.137,190323.78,0.6,31348.113,1692917.24,2.1,32801.197,196402.46,1.1,6432.838,359233.49,1.4,6542.598,70220.91,0.5,12860.884,190341.01,1.1,13476.054,47417.96,1.5,13126.347,397691.35,2.2,13185.451,109497.16,0.7,33787.437,425480.39,0.7,31574.253,57276.99,1.6,21338.956,597779.34,0.6,24296.172,29589.31,1.9,311946.884,17116498.62,1.2,269922.885,530611.68,4.2,90729.777,7082998.64,1.2,73738.057,215263.63,2.1,27601.371,2360889.38,0.3,27509.146,171774.73,1.5,8377.006,401386.27,12.7,7447.164,48780.74,4.5,313.93,7506.36,6.6,318.425,1942.09,7.4,<0.000,3801.04,5.7,<0.000,1321.39,6.6,92.169,1101.15,10.5,94.538,273.61,31.5,8436.72,160947.52,3.1,8470.302,22548.94,3,106.506,13817.94,5.8,<0.000,1668.45,7,18474.888,1339169.01,1.6,18724.893,103947.68,2.8,613028.092,4969388.57,1.7,518016.312,524386.46,2,556438.349,3801282.12,0.7,68157.656,5339092.23,1.3,62536.227,962803.46,3.3,146603.332,10193126.48,1.8,119966.161,2304153.64,2,14371.269,1133956.77,1.7,14598.37,242819.92,2.8,54939.704,730382.13,0.6,55684.985,170629.6,1.2,10902.011,124287.29,4.3,11042.765,28995.44,2.7,1390.078,57632.51,2.1,1335.237,14192.24,2.3,10076.487,124686.94,3.1,10007.106,45809.51,1.2,1351.485,103379.95,2.7,1291.564,33026.34,1.1,7086.607,124495.75,2.3,7249.898,40706.83,2.5,1122.091,81725.2,1.2,1163.754,28935.67,0.9,2964.939,69860.66,3.6,3021.235,24508.53,0.5,346.476,26434.47,1,360.732,10631.86,6.6,2367.66,35717,6.7,2374.472,14045.3,1.1,269.543,20099.7,2.9,279.674,4435.25,6.2,272.456,5394.54,9.2,275.184,1953.49,4.6,1814.661,110190.8,2.9,1901.991,63971.2,1.4,1495.12,54448.47,1.8,1489.651,26307.9,2.3,50712.534,264567.25,1.5,46723.777,217919.76,2.9,45179.894,1120226.14,1.9,48188.008,1041904.26,1.6,1310.022,53377.39,2.1,1320.991,23495.95,2.4,41383.004,1855811.86,0.8,44097.835,936208.95,1.4,7677.984,317377.25,3.8,8155.313,169453.52,1.7,1838474.21,1,108.9,661766.59,2.2,102.6
71  Ga  [ He ] :  CPS RSD value = 5.00 is over the allowed maximum = 5.0090  Zr  [ He ] :  CPS RSD value = 5.14 is over the allowed maximum = 5.00121  Sb  [ No Gas ] :  CPS RSD value = 5.15 is over the allowed maximum = 5.00169  Tm  [ No Gas ] :  CPS RSD value = 6.75 is over the allowed maximum = 5.00181  Ta  [ He ] :  CPS RSD value = 5.47 is over the allowed maximum = 5.00209  Bi  [ No Gas ] :  CPS RSD value = 6.02 is over the allowed maximum = 5.00103  Rh ( ISTD )  [ No Gas ] :  CPS RSD value = 13.43 is over the allowed maximum = 5.00,FALSE,277SMPL_20250514_Ac Series 575  to 858_rerun .D,15-05-2025 06:25,Sample,,MCS 787,27207.256,494996.27,1.4,27834.06,2425.98,6.7,5373.163,29698.46,4.1,5020.096,530.54,29.7,3547.472,129085.28,0.3,3634.122,4592.06,2,24382.969,1155440.18,1.9,22042.184,89092.87,1.5,17387.708,956886.99,1.7,14431.346,104888.74,1.6,2986.983,163487.11,0.5,2565.833,32016.95,1.2,6093.283,99918.88,1.2,4922.05,24704.33,0.8,5683.536,169571.6,1.9,4793.945,46738.55,1,12430.579,251751.29,1.9,4699.243,32846.8,2.2,12376.773,316512.41,0.4,12597.939,16166.07,5,178248.409,8915922.81,0.9,133165.976,275119.17,4,61767.035,4587649.54,2.4,42108.395,141445.69,1.1,14951.653,1165467.5,1.8,13090.703,86104.4,2.6,3910.159,184284.43,2.7,3353.289,25377.99,5.1,78.186,4141.48,3.1,28.824,1051.1,1,<0.000,2943.28,6.5,<0.000,1064.45,9.1,132.346,1197.92,10.4,89.427,276.95,23.5,4513.535,80628.96,3.5,3883.527,11276.25,0.6,123.818,12702.36,5.2,<0.000,1601.71,13.1,9797.043,648468.78,2.1,8593.922,50366.3,2.1,294330.264,2174865.13,3.8,256440.878,273689.66,2,243063.326,1750474.38,2.5,35652.574,2542269.72,2.2,31573.298,511041.69,2,84634.925,5357362.79,1.5,61636.737,1244451.41,2.1,8558.79,616788.56,1.8,7446.595,130551.8,3.4,31954.771,385793.37,4.3,27945.101,90045.03,2.4,6616.852,68838.87,1.9,5862.89,16223.31,1.8,847.219,32591.37,2.6,706.374,8167.5,3,6169.496,69843.21,2.7,5402.05,26086.44,1.5,797.922,56785.07,2.1,655.405,18258.23,4.4,4277.64,68716.37,1.3,3699.044,21964.58,2.2,626.668,42584.93,0.4,569.298,15505.1,2.5,1676.75,36205.4,3.9,1432.811,12421.96,3.6,161.623,12568.96,6.8,112.176,4455.26,6.9,1159.472,16180.06,2.5,1005.268,6464.82,0.4,118.413,9406.33,1.2,94.917,2025.53,0.3,132.24,2766.98,1.7,96.467,943.37,6,1027.851,57730.98,2.3,929.532,33462.11,5.5,761.048,26468.41,2,684.512,13531.05,4.7,29433.896,161999.82,1,25711.781,126673.25,2,29591.701,669589.98,1.2,27481.513,626914.9,1.1,545.641,21211.82,6,459.549,9350.28,3.3,24734.52,1010539.39,0.3,22889.322,510703.91,3.7,3958.828,149696.08,3.5,3600.982,79397.64,1.6,1649159.94,13.4,97.7,676758.71,3.2,104.9
7  Li  [ He ] :  CPS RSD value = 5.03 is over the allowed maximum = 5.00139  La  [ He ] :  CPS RSD value = 9.49 is over the allowed maximum = 5.00178  Hf  [ No Gas ] :  CPS RSD value = 11.70 is over the allowed maximum = 5.00205  Tl  [ He ] :  CPS RSD value = 9.44 is over the allowed maximum = 5.00209  Bi  [ He ] :  CPS RSD value = 11.77 is over the allowed maximum = 5.00,FALSE,278_QC1_20250514_Ac Series 575  to 858_rerun .D,15-05-2025 06:29,QC1,,QC MES 50 ppb,43.882,3543445.33,2.2,42.14,14281.75,5,41.107,1009023.27,2.3,42.161,17318.27,3.7,40.306,5486171.81,1.5,37.213,169369.8,1.4,44.809,9358865.13,1,40.01,630799.58,0.8,44.064,8442532.76,0.9,39.017,866913.14,1.7,43.53,9237652.88,0.5,37.761,1555908.88,2.3,37.02,1812371.65,1,39.165,457205.87,2.9,43.28,5015123.26,1.1,38.565,1236325.36,1.7,35.982,1195751.53,1.5,34.34,162853.98,1.8,45.093,5129562.6,2.5,39.968,199978.73,1,47.529,10632676.45,1.4,40.539,329189.57,1.9,43.713,13232210.15,2.7,37.457,421023.98,3.5,48.628,16912719.84,1,41.771,1073129.09,0.9,45.822,8308516.34,0.3,41.953,1040764.83,2,41.698,2075685.59,1.3,42.304,553993.38,0.7,45.039,4795971.81,2.1,40.015,1571888.14,3.4,43.592,1058205.47,2,44.955,242012.42,2,51.698,3893859.49,2.4,43.742,464358.75,1.5,49.383,5503506.43,1.6,43.708,641117.72,2.1,51.072,15016953.23,2,44.19,1006921.3,1.2,46.982,1563164.73,1,47.778,200953.46,0.8,47.417,1344998.38,2,50.487,16112098.8,2.5,49.413,3132677.27,9.5,50.381,14272860.39,1.1,49.131,3892257.06,2.2,51.149,16396821.44,1.5,50.675,3463282.88,2.5,44.324,2399359.31,1,45.452,573861,0.5,45.066,2085145.46,1.5,45.795,493945.38,0.6,51.959,8498882.86,1,45.623,1915067.57,2.7,45.762,2296876.15,2.4,47.973,900994.36,1.5,51.354,15500241.52,3.5,51.818,5240424.92,1.1,53.166,3780858.99,1.9,46.938,1078742.81,2.7,53.098,15214327.28,3.7,52.62,5164868.32,2.8,52.674,4987530.66,0.8,48.252,1586940.07,3.6,54.452,15022610.14,2.6,53.262,5617646.41,1.7,45.371,2739550.91,3,49.209,1168287.64,3.2,53.899,14107647.68,2.2,46.116,2559175.95,1.8,48.981,3311678.18,11.7,48.343,1169366.31,1.7,52.564,12739663.14,1.1,51.957,7068957.81,1.7,55.423,7776858.33,2.1,51.193,3508083.72,9.4,50.136,1073572.87,3.6,49.541,947503.21,3.2,55.089,5535644.2,0.9,49.481,4391037.19,1.9,56.747,9085887.37,2.2,49.249,3434586.93,11.8,55.552,10136537.6,2.4,59.096,5169700.86,3,56.332,9415667.14,0.7,58.047,4930062.47,1.9,1949101.08,2.8,115.4,709729.63,0.8,110
90  Zr  [ No Gas ] :  CPS RSD value = 9.47 is over the allowed maximum = 5.00137  Ba  [ No Gas ] :  Concentration value = 314.45 is over the calibration range137  Ba  [ He ] :  Concentration value = 269.76 is over the calibration range138  Ba  [ He ] :  Concentration value = 300.91 is over the calibration range175  Lu  [ No Gas ] :  CPS RSD value = 6.95 is over the allowed maximum = 5.00181  Ta  [ No Gas ] :  CPS RSD value = 6.61 is over the allowed maximum = 5.00181  Ta  [ He ] :  CPS RSD value = 6.37 is over the allowed maximum = 5.00209  Bi  [ No Gas ] :  CPS RSD value = 5.50 is over the allowed maximum = 5.00,FALSE,279_QC2_20250514_Ac Series 575  to 858_rerun .D,15-05-2025 06:33,QC2,,SJS-Std,40258.916,860257.48,2.1,53265.01,4578.68,2.2,1224.638,8290.8,7.3,1345.648,143.48,14.5,8442.317,325843.8,1.7,9288.64,11045.59,4.1,104646.848,5757095.86,1,97380.719,388397.19,0.1,109299.163,5598144.41,2,99387.623,565845.12,1.2,9851.955,573844.08,2.9,10599.924,115085.39,2.2,62633.674,828304.43,2.1,66888.862,202785.46,0.5,26790.385,838519.51,3.9,29011.495,241283.64,2.4,78831.804,769919.5,1.9,76586.641,102441.26,1.9,13468.919,405254.72,1.4,14650.008,18658.5,3.4,96011.303,5658844.9,3.2,81899.332,168376.41,1.7,245940.058,19154220.93,2.6,212858.556,588703.12,0.2,13710.51,1260034.44,2.2,13906.928,90797.8,3.2,58167.636,2794410.69,9.5,57457.904,363002.87,2.3,2929.774,42032.97,1.9,3282.387,11767.12,2.1,429.294,16039.32,3.8,360.19,5062.73,4.3,383.59,3010.04,7.6,290.212,540.56,28.7,1254.67,30145.38,1.9,1323.578,4321.72,2.2,1264.919,48104.69,0.6,1257.026,6307.86,4.8,4741.96,373634.63,3.2,4801.087,28185.99,0.5,1147994.348,9960765.78,3.5,984833.509,1037953.19,3.5,1098575.563,7808132.52,3.4,18176.072,1529701.42,1.7,19141.437,308127.5,1.6,36586.429,2731484.41,2.9,36785.711,738047.4,2.9,4230.407,360294.28,2,4307.052,75318.71,2.6,16078.092,229672.46,0.5,16585.527,53157.99,2.9,3253.683,40110.42,2.8,3293.838,9109.08,1.4,900.052,40599.18,1.9,795.818,9042.32,5.1,3197.685,42802.14,3.4,3261.852,15728.91,2.8,441.405,38350.09,1.3,416.498,12004.41,0.9,2702.482,51433.62,0.7,2968.599,17549.85,1.9,527.041,42588.27,3,539.616,14616.55,4.5,1571.422,40104.34,4.6,1722.382,14736.85,3.7,213.357,18512.39,1.5,207.051,6908.84,3.9,1532.071,24966.57,3.4,1675.367,10431.47,1.8,216.218,17740.5,6.9,207.213,3574.11,6.9,2085.249,38041.59,2,2248.723,14074.72,3.8,1152.355,75787.95,6.6,1486.397,52327.26,6.4,549.974,23312.2,2,582.745,11643.91,1.7,20814.982,114299.31,1.6,19256.958,94538.29,2.3,18405.275,493706.74,3.3,19606.937,446153.61,1.2,229.31,11575.54,5.5,235.749,5311.18,6.6,9619.099,464449.11,1.8,10346.746,230110.41,1.7,3109.354,139116.43,4,3437.523,75324.55,0.2,1871331.49,2,110.8,655384.24,2.9,101.6
137  Ba  [ No Gas ] :  Concentration value = 112.16 is over the calibration range139  La  [ No Gas ] :  CPS RSD value = 7.80 is over the allowed maximum = 5.00159  Tb  [ No Gas ] :  CPS RSD value = 5.68 is over the allowed maximum = 5.00166  Er  [ He ] :  CPS RSD value = 5.19 is over the allowed maximum = 5.00169  Tm  [ No Gas ] :  CPS RSD value = 5.51 is over the allowed maximum = 5.00175  Lu  [ No Gas ] :  CPS RSD value = 5.04 is over the allowed maximum = 5.00209  Bi  [ He ] :  CPS RSD value = 6.16 is over the allowed maximum = 5.00,FALSE,280SMPL_20250514_Ac Series 575  to 858_rerun .D,15-05-2025 06:37,Sample,,MCS 788,25987.172,629076.04,3.3,31690.786,3090.11,1.8,2576.264,19179.17,1.3,2877.199,340.35,17.9,3442.254,164137.06,1.6,4151.111,5770.36,7.2,23738.934,1493597.04,1.6,26301.012,119154.61,2.8,16261.594,1174494.03,1.7,18057.143,136725.37,1.3,3514.49,247271.6,2.6,3761.211,49283.25,1.9,6181.21,128914.84,1.3,6830.696,32595.64,1.6,4888.908,195054.87,1.5,5020.671,53524.14,2.6,10783.256,294456.97,2.3,11381.081,40589.04,2.6,12281.181,417583.43,2,14273.721,20533.12,1.3,169752.044,11287479.58,2.3,153271.759,355540.84,2.2,62754.668,6085659.84,1.2,53737.961,189388.44,3.4,13186.35,1368701.26,2.8,14038.005,103601.03,3.6,4849.658,291294.79,1.6,5088.417,40161.46,1.8,76.344,4962.58,2.6,69.051,1204.6,13.7,17.378,4672.2,6.7,4.867,1581.68,11.6,<0.000,563.91,8.4,<0.000,126.79,4.6,3994.061,94734.67,1,4130.601,13313.58,4.8,58.328,13303.55,1.7,20.469,1778.57,8.5,8696.584,766568.55,0.5,9010.196,59192.51,1.8,371108.235,3648393.5,2.5,318323.2,380409.21,0.5,309390.965,2496242.55,1.5,31535.344,2992054.14,7.8,32051.286,581732.45,2.7,75672.824,6376189.95,1.6,64952.614,1471733.72,1.3,7303.736,699299.69,0.9,7572.467,148790.22,1.1,28433.876,458302.52,4.4,28542.465,103198.29,2,5455.429,75530.24,3.2,5814.956,18054.31,2.8,776.781,39682.28,4.1,740.043,9486.45,3.4,5093.601,76572.42,2.9,5158.911,27935.55,1,691.994,65492.75,5.7,669.462,20724.61,2.1,3580.807,76562.57,0.3,3746.578,24926.41,2.3,560.717,50689.77,4.7,572.276,17326.03,3.9,1488.224,42889.77,0.4,1514.953,14669.98,5.2,165.066,16644.43,5.5,159.278,6231.14,4.6,1157.662,21433.3,4,1182.173,8401.24,3.7,126.136,12725.95,5,133.43,2793.11,5.3,156.041,4047.35,6.1,158.85,1443.42,2.4,891.929,66584.85,2.3,978.688,39282.31,3.1,794.037,36189.98,4.2,795.088,17162.67,4.4,32190.572,198521.11,1.7,28703.531,158314.35,2.3,27106.501,816378.7,2.5,29752.403,760522.65,0.8,713.395,35919.53,4.3,710.945,15356.41,6.2,23730.527,1289472.78,3,26059.917,652832.74,1.7,4177.759,210013.56,1,4491.82,110575.15,1.2,1915972.65,1.5,113.5,671365.92,2.6,104
137  Ba  [ No Gas ] :  Concentration value = 117.02 is over the calibration range137  Ba  [ He ] :  Concentration value = 101.15 is over the calibration range159  Tb  [ He ] :  CPS RSD value = 6.07 is over the allowed maximum = 5.00172  Yb  [ No Gas ] :  CPS RSD value = 5.14 is over the allowed maximum = 5.00,FALSE,281SMPL_20250514_Ac Series 575  to 858_rerun .D,15-05-2025 06:41,Sample,,MCS 789,23116.448,492901.53,2,27134.389,2339.21,3.2,2321.225,15263.75,1.3,2258.256,236.9,17.6,5587.162,222958.28,0.3,6160.164,7439.52,4.8,36272.895,1996631.58,1.2,39139.089,156174.47,2.2,24550.723,1464178.14,2.5,26588.144,169895.73,2,4342.209,265946.94,1.5,4515.02,51892.33,0.7,9504.413,159355.87,2.8,10368.773,40110.21,1.9,8416.132,280601.25,0.4,8635.722,77122.42,1.3,15025.585,312563.11,1.1,14877.537,42466.8,2.6,14828.925,442615.35,1,19269.001,24423.58,1.9,183506.693,10717825.35,1,158764.544,325032.44,1.5,65416.134,5632697.92,0.8,53880.062,170864.05,2,26518.481,2412687.38,1.2,28166.32,182940.72,0.9,6581.027,341044.07,0.8,6763.853,46358.52,2.5,323.056,7997.15,1.5,344.413,2078.92,11,<0.000,4007.98,2.2,<0.000,1448.21,21.6,<0.000,560.57,17,<0.000,70.07,37.8,5735.03,118012.7,3.4,5995.4,16811.16,3,66.535,13226.74,2.8,11.822,1735.19,9.7,9072.386,702865.32,3.1,9277.539,53807.01,2.5,437580.037,3777757.25,2.8,378235.409,398662.05,0.8,365808.471,2602200.59,1.9,67289.945,5607090.23,1.5,62529.562,1000743.64,1,138967.274,10281337.82,3,119818.243,2393721.17,2.7,14226.111,1193698.93,1.9,14380.943,248673.57,4.2,53474.263,756381.98,1.6,54297.323,173009.23,2.8,11028.477,133752.76,1.7,11246.496,30707.94,3.4,1193.899,52870.07,0.9,1225.46,13577.58,1.8,10183.11,134072.16,2.3,10018.733,47691.26,2.9,1344.414,109312.72,1.5,1324.65,35141.03,6.1,6991.298,130640.22,0.4,7429.349,43361.9,4.7,1166.64,90143.61,3.4,1213.749,31283.69,2.9,3151.699,78943.76,3.8,3283.286,27664.91,4.4,392.364,31340.77,1.3,398.841,12021.19,2.3,2604.785,41728.07,5.1,2813.081,17219.13,0.3,325.001,25087.19,4.4,336.608,5386.56,1.2,237.522,5097.73,1.1,229.97,1746.79,2.9,1248.871,81345.44,1.2,1345.559,47383.85,2.8,813.416,32863.63,1.1,873.411,16668.04,3.3,34694.092,188825.94,3.9,30101.934,146543.02,0.9,29425.852,778890.09,1.8,31981.087,721660.98,2.1,384.992,18053.45,2.6,391.452,8059.36,1.7,35277.645,1683690.52,3.1,37773.189,834669.67,2.6,5273.484,232564.93,1,6020.921,130459.15,3.7,1902127.18,2,112.7,669291.4,2.3,103.7
137  Ba  [ No Gas ] :  Concentration value = 123.84 is over the calibration range137  Ba  [ He ] :  Concentration value = 104.43 is over the calibration range138  Ba  [ He ] :  Concentration value = 102.27 is over the calibration range175  Lu  [ No Gas ] :  CPS RSD value = 6.40 is over the allowed maximum = 5.00205  Tl  [ He ] :  CPS RSD value = 5.00 is over the allowed maximum = 5.00,FALSE,282SMPL_20250514_Ac Series 575  to 858_rerun .D,15-05-2025 06:45,Sample,,MCS 790,19077.684,455772.82,1.2,22485.967,2242.44,15.8,2286.452,16793.69,4.7,2785.701,337.01,9.1,5123.262,227968.72,1,5742.55,7987.05,2.6,32671.202,2013040.39,2.3,35525.055,163594.44,2.4,23784.072,1561771.1,1.2,24086.862,176981.6,0.8,3773.854,259285.91,3,3971.39,52729.88,3.4,8521.256,159459.09,0.9,8760.215,39574.7,2.2,8794.297,323372.8,2.2,9088.195,92169.2,2.1,14903.173,322352.61,1.5,11942.23,41964.64,2.6,13839.734,462513.31,2.9,17594.852,25737.45,3.8,172591.998,11284137.08,0.4,143833.065,339896.68,2.6,53525.206,5219032.48,3.7,43521.045,161959.74,0.9,22920.076,2335666.97,3,22932.657,171943.64,1.4,5004.252,294564.01,1.5,5285.197,42311.59,1.1,413.45,9780.13,5.2,446.59,2662.94,2.7,<0.000,4024.67,1.9,<0.000,1374.79,19.5,0.918,573.92,18.2,5.586,163.5,17.7,5142.71,118389.66,1.7,5188.392,16814.47,3.3,63.833,13253.45,2.5,40.028,1895.38,2.5,7940.341,688843.06,1.5,7706.385,51645.94,0.6,409528.151,3956552.5,1.3,345329.516,420187.05,2.1,338175.568,2776211.74,2.9,63828.746,5954505.35,1.4,57236.351,1057500.16,0.9,131730.77,10906899,1.1,113084.667,2607371.54,2.2,13276.064,1247129.76,2.3,13231.186,264104.44,0.5,49615.586,785632.41,2.5,50871.234,187096.93,0.8,9664.045,131132.99,4.8,9675.669,30500.61,1.9,1203.78,59412.35,2.4,1203.147,15318,2.9,8806.543,129760.66,1.8,8440.025,46371.73,2.8,1099.056,100296.02,1.3,1065.583,32768.79,1.7,5862.559,122693.1,2.6,6028.261,40619.97,3.5,956.881,83001.21,2.7,1000.928,29882.26,3.7,2681.979,75220.9,2.3,2760.655,26855.65,3.5,358.258,31936.03,1.9,342.22,11951.04,2.8,2487.912,44547.36,1.1,2509.528,17727.05,2,315.502,27003.19,6.4,312.765,5740.43,2.1,173.062,4310.78,7.8,203.362,1783.47,3.8,1023.119,74765.53,2.4,1042.204,42533.09,1.5,724.748,32759.94,1.4,741.929,16410.9,5,29735.001,186842.9,0.9,27351.266,153644.17,2.4,26312.903,779386.26,1.1,27531.672,717171.82,1.5,373.102,19388.8,3.5,386.305,9036.7,5.7,36960.074,1973916.79,2,39074.51,996067.95,1.8,5130.234,252995.59,1.5,5638.601,140899.74,3.1,1883156.28,2,111.5,683130.81,1.6,105.9
137  Ba  [ No Gas ] :  Concentration value = 116.79 is over the calibration range137  Ba  [ He ] :  Concentration value = 100.39 is over the calibration range139  La  [ No Gas ] :  CPS RSD value = 10.11 is over the allowed maximum = 5.00153  Eu  [ He ] :  CPS RSD value = 7.10 is over the allowed maximum = 5.00205  Tl  [ He ] :  CPS RSD value = 5.58 is over the allowed maximum = 5.00,FALSE,283SMPL_20250514_Ac Series 575  to 858_rerun .D,15-05-2025 06:49,Sample,,MCS 791,22815.651,542761.77,0.7,25902.048,2506.07,6.3,2397.622,17548.75,3.6,2867.227,337.01,14.7,5865.267,256824.15,1.5,6925.97,9289.18,4.1,45321.379,2777171.97,3.4,42802.849,191590.56,0.5,29093.203,1845786.83,1,31362.334,216532.81,2.6,4587.149,308900.55,0.9,4634.078,58992.2,2.6,11745.778,204130.11,1.4,12501.547,50582.97,2.8,10542.234,381401.23,1.6,10639.305,103674.58,1.4,22519.196,382737.35,0.2,21697.679,51564.71,1,15180.262,505907.49,1.2,16873.985,24025.86,2.2,147131.159,9603502.06,1.4,127838.107,293954.56,1.9,55169.89,5343931.86,2.8,46896.487,167547.18,1.8,22455.568,2283341.99,0.9,23539.427,171726.84,0.7,8986.016,503844,0.4,9378.637,69802.38,2.5,263.77,7586.5,2.7,286.349,1998.83,7.6,<0.000,3957.91,10.3,<0.000,1458.21,10.9,<0.000,497.17,8.4,<0.000,83.42,13.9,5288.675,121376.88,4,5505.317,17308.98,1.9,99.342,14382.46,2.6,57.012,1915.4,6.2,8875.325,767654.04,1.9,9354.959,60882.27,1.2,386392.731,3727242.14,2.3,332112.624,393174.24,2.3,327651.617,2618288.71,2,34751.644,3237132.45,10.1,33329.714,599627.1,1,79018.512,6533466.4,0.8,67148.781,1507495.78,1.2,7926.512,744503.12,4.2,8391.143,163300.9,0.9,33293.1,526302.18,2.5,33957.95,121585.81,3.3,7244.923,98305.23,1.8,7576.48,23268.11,2.6,1162.403,57323.84,1.9,1097.926,13657.76,7.1,6696.265,98647.62,3.6,7031.553,37640.38,0.9,979.264,89544.59,0.9,956.874,28771.84,2.1,5460.602,114117.56,0.9,5862.961,38464.2,3.1,953.108,82537.74,0,960.246,27939.1,3.4,2651.09,74203.59,2.3,2922.83,27641.59,3.3,342.729,30628.23,2.3,341.539,11610.39,2.3,2424.341,43345.56,2.9,2521.382,17329.44,2.4,281.963,24378.32,0.3,306.197,5483.37,0.8,313.446,7082.05,9.1,328.773,2593.61,6.8,1304.577,94518.78,1.2,1426.515,56190.03,2.5,699.215,31652.77,2.6,726.525,15665.73,5.6,31237.313,190920.68,3,28579.449,156126.73,3.5,26834.616,793271.29,2,28876.253,731638.7,1.4,401.931,20707.6,1.8,405.996,9183.48,3.4,20941.186,1117267.87,0.4,22404.189,556324.84,1.5,4443.346,219082.3,0.6,4818.201,117392.46,2.1,1879923.84,0.5,111.3,664869.01,0.7,103
159  Tb  [ He ] :  CPS RSD value = 5.06 is over the allowed maximum = 5.00163  Dy  [ No Gas ] :  CPS RSD value = 5.11 is over the allowed maximum = 5.00166  Er  [ He ] :  CPS RSD value = 7.10 is over the allowed maximum = 5.00238  U  [ No Gas ] :  CPS RSD value = 6.56 is over the allowed maximum = 5.00,FALSE,284SMPL_20250514_Ac Series 575  to 858_rerun .D,15-05-2025 06:53,Sample,,MCS 792,26160.986,577186.41,2.4,30376.825,2729.68,5,2655.477,18023.17,1.1,2875.875,313.65,21.3,3366.421,148506.16,0.4,3981.265,5139.46,6.6,22569.648,1296021.73,2.4,23643.021,98736.2,1.6,15181.027,1035708.39,3.6,16329.615,117950.03,1.2,2713.035,181151.84,2.3,2779.842,35174.79,1.7,5344.653,109502.96,2.8,5807.364,27676.38,4,5649.232,203290.14,3.4,5774.022,56187.62,4.6,10449.042,280425.44,1.9,9080.923,37051.95,3.3,12505.475,387352.18,0.3,15564.93,20623.49,3.7,178798.622,10829861.13,2.5,151435.885,323600.67,2,66907.788,5917250.8,2.6,56821.555,185047.97,1.5,17519.733,1655099.22,2.2,18267.87,124020.34,0.5,4044.573,228160.54,1.5,4152.473,31190.55,3,95.996,5059.39,4.6,65.806,1167.89,5.7,<0.000,3554.05,1.7,<0.000,1304.71,0.4,54.126,920.96,5,39.739,206.87,24.8,3956.758,85915.39,2.9,4167.843,12408.43,3.2,85.904,13751.14,4.2,80.374,1992.15,13.3,9447.748,758355.88,3.5,9646.914,58337.93,4.2,323373.178,2897604.38,1.7,327832.28,360932.69,1.4,321956.194,2391379.41,2.8,49963.655,4316519.34,3.1,46315.802,774176.06,1.7,103511.344,7940721.57,0.6,90667.087,1891192.18,2.2,10416.425,907173.32,1.3,10764.607,194515.68,0.7,38626.61,566655.3,2,40451.711,134615.47,1.6,7884.327,99253.53,1.2,8140.485,23227.91,2.2,918.433,42540.95,2.2,897.682,10531.64,4.6,7251.486,99114.17,0.3,7189.863,35756.66,4.7,942.162,80302.65,1.1,950.072,26675.2,5.1,4773.142,92719.01,5.1,5009.42,30587.96,3.4,748.648,60922.24,2.3,800.092,21927.86,4,1854.747,48532.48,1.5,1943.414,17225.86,7.1,204.037,18285.02,2.4,200.472,6978.96,0.7,1416.112,23776.48,3.8,1448.481,9433.02,2.3,150.927,13547.68,1,150.434,2869.88,12.7,127.252,3220.43,5.7,144.273,1263.41,14.9,938.463,63874.25,3.8,964.355,35775.08,2.8,820.447,34201.96,2.9,854.026,16965.49,3.3,35529.515,201706.41,1.9,33184.996,168358.94,2,31413.132,861275.05,4.6,33902.527,797551.06,1,481.363,22791.36,4.7,463.842,9690.59,8,29335.194,1451839.71,2.3,30810.758,710510.77,1,4481.103,205081.06,6.6,4797.681,108779.94,1.5,1881186.92,1.3,111.4,666438.5,2.2,103.3
51  V  [ No Gas ] :  CPS RSD value = 8.51 is over the allowed maximum = 5.00137  Ba  [ No Gas ] :  Concentration value = 138.60 is over the calibration range137  Ba  [ He ] :  Concentration value = 119.62 is over the calibration range138  Ba  [ He ] :  Concentration value = 132.49 is over the calibration range140  Ce  [ He ] :  CPS RSD value = 9.89 is over the allowed maximum = 5.00,FALSE,285SMPL_20250514_Ac Series 575  to 858_rerun .D,15-05-2025 06:57,Sample,,MCS 793,34636.454,758180.06,2.5,39191.043,3513.97,6.7,3229.786,21722.22,2.8,3643.556,397.07,7.7,5467.331,224477.89,0.9,6452.909,8093.87,0.7,40498.77,2296256.94,8.5,41965.285,174525.47,0.9,26076.373,1574006.72,0.3,27678.466,182162.22,2.7,5282.867,326800.74,2.3,5484.847,64358.74,1.4,10178.342,171277.12,1.7,10976.948,43179.42,0.8,13439.679,444065.34,1.3,14202.207,126721.14,1.8,28897.261,415527.07,2.6,27142.075,55520.99,1.5,16664.816,512701.4,0.7,20996.911,27746.78,1.8,210009.554,12651303.41,2.4,185640.986,396295.23,1.7,83683.957,7174759.98,1.5,69191.164,218747.57,3.4,24593.616,2308744.79,0.5,26246.806,177823.14,1.5,4177.992,233546.81,1.1,4432.743,33018.42,2.2,284.818,7566.46,4.6,345.412,2128.98,3.6,<0.000,3427.24,3.9,<0.000,1284.69,3.5,19.921,694.05,0.8,<0.000,130.13,26.6,5824.871,123351.86,4.8,5882.237,17185.35,4.5,86.554,13724.43,2.1,39.037,1835.31,3.3,11921.256,950424.72,2.5,12201.433,73612.03,3.8,495419.302,4408742.29,2.8,427578.336,469894.04,3.6,473591.835,3510224.4,1.8,74118.51,6370820.83,1.7,67167.913,1121423.82,2.2,156171.623,11915284.89,1.9,145406.135,3027444.01,9.9,15585.703,1348808.76,1.9,15729.382,283601.95,0.6,58610.696,854856.84,1.8,58591.965,194713.66,0.2,11575.831,144776.19,1.9,11653.874,33183.32,1.3,1207.069,55031.57,1.1,1181.553,13657.77,4.3,10692.457,145124.67,1,10301.276,51118.23,3.5,1361.588,114018.61,1.7,1322.091,36536.16,0.7,6794.331,130945.76,0.9,6895.046,41975.62,2.2,1075.455,85868.91,2.4,1110.337,29915.6,0.6,2656.588,68729.91,0.9,2780.112,24465.05,2.4,314.364,26390.94,1.9,306.869,9927.22,1.7,2072.718,34344.94,1.9,2116.403,13597.72,1.8,246.11,20193.33,2.7,246.374,4268.35,6.4,150.179,3623.87,5.2,142.41,1250.07,2.1,1266.174,84913.71,2.4,1318.332,48407.74,1.5,985.475,40256.66,2.7,1019.748,19952.88,4,39481.302,223751.98,1.9,36063.285,182714.47,0.9,35049.49,954865.07,1.6,37022.356,869726.74,1.7,1090.289,48935.12,4.3,1102.33,21382.11,1.4,43640.034,2146960.77,2.4,47490.531,1093733.6,1.7,7765.857,351980.87,1.4,8431.169,189819.93,1.6,1875313.29,0.9,111.1,667241.72,1.3,103.4
137  Ba  [ No Gas ] :  Concentration value = 124.28 is over the calibration range137  Ba  [ He ] :  Concentration value = 107.65 is over the calibration range138  Ba  [ He ] :  Concentration value = 104.94 is over the calibration range172  Yb  [ No Gas ] :  CPS RSD value = 5.87 is over the allowed maximum = 5.00,FALSE,286SMPL_20250514_Ac Series 575  to 858_rerun .D,15-05-2025 07:01,Sample,,MCS 794,18403.519,385001.47,2.5,19561.861,1655.1,5.5,2156.266,13894.24,3.1,2636.227,270.27,24.3,4359.137,175631.29,1.4,5194.827,6190.97,5.3,27622.679,1492701.04,1.9,29624.283,115607.55,1,18462.548,1144968.43,0.8,19705.045,129486.92,1,4065.888,245248.67,2.6,4196.23,47475.02,3.2,6987.627,125260.28,1.7,7405.207,30873.3,1.6,5381.089,185233.89,1.3,5544.846,51122.13,2,15240.565,307701.24,0.6,14717.953,41368.93,2.8,12479.777,364784.67,1.2,15488.365,19206.47,4,157950.809,9024963.11,2.1,137053.731,274035.57,2.1,70373.659,5870917.6,0.6,59862.393,182301.77,0.4,17062.536,1520558.43,2.4,17827.143,113260.53,2.9,3465.809,189960.9,2.1,3607.697,26086.03,2,145.332,5576.78,3.7,182.058,1511.61,6.5,<0.000,3036.73,4.5,<0.000,1027.74,15.2,<0.000,410.42,9.8,<0.000,103.44,47.7,3511.881,72747.72,2.1,3808.42,10711.86,3,96.255,13801.22,3.2,29.8,1761.89,3.2,5771.324,439850.59,2.7,6054.664,34501.12,1.5,465787.034,3931852.49,2.4,403459.98,415186.49,2.8,393290.033,2732166.86,0.5,48930.599,3988731.14,0.7,45994.466,719256.52,2,100910.669,7301976.36,1.1,90068.407,1757832.11,1.4,10169.203,835714.15,0.8,10276.624,173833.08,0.6,37482.445,518650.28,1.7,39859.914,124104.81,0.9,7278.802,86507.02,0.5,7576.197,20249.87,1.3,1260.513,54492.24,3,1296.969,14005.17,1.6,6498.839,83882.85,1.6,6369.213,29694.66,3.2,828.979,67179.34,2.6,808.531,21486.5,1,4448.375,81616.26,2.3,4732.045,27086.35,2,701.533,54164.77,0.6,751.492,19391.09,4.4,2000.5,49343.05,1.3,2110.202,17503.08,2.5,226.628,18980.1,2.3,229.019,7336.22,4.6,1673.232,26434.59,5.9,1814.485,10985.88,3.4,204.17,16474.04,2.1,205.158,3467.31,4.9,124.703,3037.05,1,113.35,1013.38,8.3,750.165,48685.63,2.7,791.104,27717.63,3.7,679.786,27364.68,3.8,679.687,13019.98,3.7,38344.646,203638.56,1.7,34024.179,161546.82,2.4,32020.252,828079.12,0.6,35106.485,772930.45,1,273.324,13093.79,4.6,265.959,5718.03,2.5,23060.07,1076997.18,2.1,25028.799,540410.63,1.2,3254.998,141357.79,1,3424.846,73148.16,1.5,1864167.77,0.6,110.4,655028.39,1.2,101.5
121  Sb  [ No Gas ] :  CPS RSD value = 6.24 is over the allowed maximum = 5.00153  Eu  [ No Gas ] :  CPS RSD value = 7.05 is over the allowed maximum = 5.00159  Tb  [ No Gas ] :  CPS RSD value = 7.09 is over the allowed maximum = 5.00165  Ho  [ No Gas ] :  CPS RSD value = 5.10 is over the allowed maximum = 5.00103  Rh ( ISTD )  [ No Gas ] :  CPS RSD value = 12.07 is over the allowed maximum = 5.00,FALSE,287SMPL_20250514_Ac Series 575  to 858_rerun .D,15-05-2025 07:06,Sample,,MCS 795,31582.077,471857.56,1.6,30665.771,2219.07,13.3,3356.001,15394.04,2.5,2864.462,253.59,28.6,4045.733,121491.09,1,3811.882,4054.67,6.8,24633.911,958542.92,1.1,22218.059,74785.26,0.5,18451.239,854533.7,3.7,14555.701,91878.2,0.4,2941.656,135760.95,1.6,2462.171,26546.27,2.3,5774.604,84538.23,1.6,4517.346,21208.09,1.5,4837.786,124775.21,2.6,3710.01,32813.18,2.4,2635.61,184476.04,0.7,<0.000,24670.85,3.3,14883.361,311197.23,3.3,14161.217,15117.09,1.2,216555.539,8869460.31,0.5,156521.283,269013.1,1,82162.179,4919809.19,3.2,54744.777,150109.42,0.5,17165.725,1097045.17,1.3,14546.353,79637.23,1.3,5258.637,198885.42,4.1,4499.616,27749.48,1.7,63.631,3750.98,3.1,<0.000,857.55,3.8,<0.000,2799.78,7.3,<0.000,1011.06,11.7,15.653,553.9,14.7,<0.000,133.47,53.2,4978.112,72948.58,1.9,4103.217,9997.26,4.8,35.751,10194.25,6.2,<0.000,1371.45,7.4,10170.056,552631.51,0.6,8488.722,41475.43,1.1,402768.934,2443163.43,1.4,346878.069,307420.27,0.8,322900.805,1931559.27,0.5,31039.143,1816191.82,0.5,27575.704,371236.77,2.5,75041.446,3892301.37,1,53670.277,901468.86,1,7447.006,440212.59,1.7,6437.103,94027.25,1.8,28486.921,282698.27,1,24087.843,64592.31,1.2,5733.669,49006.76,2.6,4932.991,11393.24,2.1,922.479,29025.86,7,733.488,7132.53,3.3,5518.545,51165.07,2.5,4477.372,18051.11,2.3,747.227,43840.49,7.1,582.425,13844.82,2,4120.914,54516.42,3.5,3723.883,18418.69,2.7,705.948,39284.36,5.1,608.311,13891.63,2.6,1907.986,33993.52,3.4,1654.777,11947.72,2,231.697,14235.67,3.1,178.253,5396.58,5.3,1695.963,19257.46,3.4,1356.665,7202.64,5.7,185.794,11306.5,0.6,146.653,2399.31,5.8,168.824,2827,7.3,150.566,1116.72,6.4,1262.391,57841.07,2.4,1025.759,30781.58,2.4,973.215,27588.79,1.9,805.898,13263.82,2.6,35984.557,164522.17,4,32130.575,131470.3,1,38239.367,708314.1,1.4,33638.285,637672.19,2.9,448.636,14782.33,2.4,349.199,6331.67,5,24145.219,806894.06,2.7,21454.593,398292.76,4.7,7890.777,242991.99,2.3,7150.043,130088.26,2.9,1604933.11,12.1,95.1,669184.09,2,103.7
137  Ba  [ No Gas ] :  Concentration value = 134.76 is over the calibration range137  Ba  [ He ] :  Concentration value = 121.44 is over the calibration range138  Ba  [ He ] :  Concentration value = 131.63 is over the calibration range,FALSE,288SMPL_20250514_Ac Series 575  to 858_rerun .D,15-05-2025 07:10,Sample,,MCS 796,38133.293,915984.89,0.2,45056.67,4284.96,1.7,3444.651,25388.82,4.1,3488.345,403.75,3.8,6095.526,269635.81,1.3,6998.016,9262.46,5.2,47939.171,2978131.68,1.2,45021.347,198837.18,0.6,30571.386,1951875.26,2.5,32812.145,222284.89,0.9,5786.178,388257.57,1.3,6117.561,75209.54,0.1,11060.642,197153.98,1.9,12525.841,49939.83,0.7,14345.779,516452.08,2.4,14842.039,139673.86,1,25052.705,407559.14,1.6,25759.096,55125.82,1.5,16488.591,557132.78,0.6,18996.853,26676.82,3.5,197615.943,13080406.26,2.1,178194.026,404074.49,0.5,74063.468,7006355.95,1,61604.543,207922.34,1,23065.343,2378830.5,1.7,24453.764,176020.38,2,6014.549,352100.44,0.5,6460.431,48710.44,1.2,240.091,7326.08,6.2,284.755,1958.78,10,<0.000,3740.96,3.1,<0.000,1368.11,0.4,<0.000,450.46,10.2,<0.000,73.41,43.8,6381.913,147437.26,1,6770.245,20824.37,1.8,75.726,13741.11,4.2,76.394,1958.78,5.1,13164.112,1151682.6,1.2,13599.785,87093.59,1.8,443088.137,4332901.45,3.2,399281.992,466038.76,0.6,432799.462,3409661.44,2.3,46924.513,4432050.08,2.6,44408.136,788014.47,0.9,98753.817,8281031.05,1.4,87361.21,1934536.83,1.4,9963.64,948432.16,2.1,10519.552,201829.88,2.2,38402.86,615608.51,2.6,39378.192,139096.21,1.8,8061.507,110911.43,3.1,8418.036,25501.22,2.3,1059.095,53131.72,3.3,1158.215,14178.84,1.3,7559.328,112879.71,1.6,7748.001,40917.52,3.6,1036.241,95899.83,2.2,1066.434,31477.67,2.3,5837.522,123677.14,1.5,6111.827,39552.01,4.2,963.808,84626.46,2.1,1010.458,28939.11,0.9,2577.39,73196.58,2.4,2827.396,26394.25,1.9,321.362,29307.24,1.7,335.31,11266.41,3.1,2130.561,38712.3,0.5,2325.648,15802.52,1.6,257.192,22797.03,2.4,245.558,4465.29,6.4,219.499,5294.49,5,219.363,1816.81,13,1471.41,107837.89,2,1571.568,60960.21,1,995.738,44398.2,1.5,1050.44,21654.3,1.9,36573.738,220320.51,3.4,33502.81,180291.41,3.1,31796.326,952094.8,2.6,34560.296,862758.77,1.7,1302.793,63685.93,3.6,1337.353,27207.05,3.2,27149.845,1468813.87,2.6,29707.111,727392.08,2.9,6985.028,347832.08,4.5,7765.356,185797.65,1.7,1895315.89,1,112.3,652142.22,1.6,101.1
137  Ba  [ No Gas ] :  Concentration value = 135.35 is over the calibration range137  Ba  [ He ] :  Concentration value = 110.79 is over the calibration range138  Ba  [ He ] :  Concentration value = 107.11 is over the calibration range159  Tb  [ He ] :  CPS RSD value = 8.53 is over the allowed maximum = 5.00166  Er  [ No Gas ] :  CPS RSD value = 6.34 is over the allowed maximum = 5.00232  Th  [ No Gas ] :  CPS RSD value = 6.33 is over the allowed maximum = 5.00238  U  [ No Gas ] :  CPS RSD value = 5.24 is over the allowed maximum = 5.00103  Rh ( ISTD )  [ No Gas ] :  CPS RSD value = 5.24 is over the allowed maximum = 5.00,FALSE,289SMPL_20250514_Ac Series 575  to 858_rerun .D,15-05-2025 07:14,Sample,,MCS 797,34464.921,675175.46,3.5,36682.962,3113.48,5.8,2951.43,17822.69,1.9,3354.154,347.02,33.7,4138.227,158305.41,0.7,4767.704,5767.03,5,27338.228,1396176.18,1.7,28682.197,113127.2,0.5,19672.572,1130202.78,4.6,19063.558,127068.08,2.8,3509.31,203059.25,2.5,3425.677,40029.92,1.7,6184.716,108457.24,2,6181.846,27589.41,2.4,5903.006,189241.72,2.9,5514.26,51310.06,2.1,18427.465,308857.64,1.2,15364.565,42038.38,0.1,15006.38,413994.43,1.5,16758.635,20987.61,2.8,228032.062,12302424.53,1.1,187301.329,378356.69,2.1,81924.48,6327229.33,1.5,63641.308,193572.95,3.3,19511.103,1641538.89,0.4,19228.539,123452.06,2.5,4366.837,218210.95,1,4269.921,30371.92,2.4,121.694,4942.56,6.7,107.553,1271.34,5.5,<0.000,2869.87,3.3,<0.000,1024.4,10.8,46.812,797.49,24,16.542,170.17,53.9,5276.798,100749.93,2.6,5149.839,14352.41,3.1,72.728,12258.12,1.6,<0.000,1598.37,6.5,10892.096,778764.47,1.8,10515.18,60131.78,2.6,499864.726,3983149.82,2.5,409165.422,425573.4,2,395585.061,2777536.92,2.5,45368.003,3495805.6,3.2,38668.061,611381.25,1.6,95051.157,6490847.11,4,78052.659,1539941.04,0.8,9427.466,731588.44,3.1,9193.386,157259.87,3.3,35715.342,466897.69,1.1,35732.298,112463.04,1.5,7326.393,82184.71,3.3,7129.299,19263.93,0.9,998.824,41107.85,2.2,931.146,10324.6,2.5,6891.751,83858.97,4.3,6528.845,30765.12,3.5,930.58,70806.16,1.4,871.114,23278.32,8.5,5082.895,87844.99,4.1,4792.117,27711.62,2.2,810.829,58712.93,1.9,783.888,20380.38,4.3,2164.915,50244.49,6.3,2031.708,17045.39,2.2,248.779,19374.44,1.9,233.215,7506.47,1.6,1682.569,25056.87,4.2,1629.903,10004.07,2.1,183.429,14225.74,2.6,157.735,2839.84,8.8,153.35,3337.13,10.7,158.41,1290.07,2.1,1105.455,66645.46,3.8,1097.892,38389.6,1.5,1016.125,37170.34,2.4,1002.584,18632.94,3.8,40254.154,215956.69,2.4,35030.874,168047.96,1.2,35544.058,865968.03,4.9,36582.405,813723.85,2.5,541.023,22684.46,0.8,490.1,9650.53,3.8,22101.914,973018.54,6.3,22579.043,492829.6,1.5,3978.284,162902.19,5.2,3987.586,85776.1,3.2,1738565.5,5.2,103,652324.94,0.8,101.1
139  La  [ He ] :  CPS RSD value = 8.52 is over the allowed maximum = 5.00178  Hf  [ He ] :  CPS RSD value = 5.21 is over the allowed maximum = 5.00209  Bi  [ He ] :  CPS RSD value = 9.22 is over the allowed maximum = 5.00,FALSE,290_QC1_20250514_Ac Series 575  to 858_rerun .D,15-05-2025 07:18,QC1,,QC MES 50 ppb,45.666,3576235.62,3.6,41.775,14007.82,4.5,42.48,1011264.13,2.6,42.958,17458.54,4.6,41.511,5479151.25,1.1,37.349,168146.47,0.7,45.68,9252363.01,0.8,40.953,638726.33,1.6,45.373,8425767.03,0.8,38.569,848007.51,1.6,45.56,9376487.55,1.9,39.504,1610015.02,1.3,37.75,1791030.1,1.2,38.988,450346.52,2.5,45.09,5065179.88,0.2,39.883,1264450.34,1.4,36.778,1181226,1.3,34.623,162196.03,1.6,47.134,5197351.53,2.2,40.587,200880.9,1.4,48.83,10598287.06,0.9,40.693,326828.18,0.5,45.09,13204757.7,1.2,38.363,425798.39,2.2,49.307,16632737.35,1,42.138,1070820.67,1.3,47.96,8437630.5,2.1,42.099,1033112.07,1.4,42.577,2054619.68,1.8,42.815,554632.97,1.3,47.133,4867868.3,3.7,41.561,1615266.05,1.6,44.728,1052525.63,1.2,44.878,239001.16,0.6,52.145,3809659.57,1.7,44.489,467219.28,1.7,50.414,5444760.19,2.5,44.425,644528.55,1,51.863,14784061.59,2.7,44.524,1003475.17,1.4,48.883,1576683.09,2.1,47.812,198911.6,1,47.223,1324908.19,2.4,51.865,16051813.51,2.1,50.298,3155107.2,8.5,52.63,14453860.97,2.6,48.878,3830425.64,1.1,53.353,16593342.12,1.3,50.947,3444501.91,1.9,46.702,2450252.18,2.8,45.684,570556.11,0.8,46.688,2096629.19,1.9,46.359,494634.79,1.7,54.887,8704646.75,2.1,46.512,1931066.12,0.4,46.921,2283917.67,1.9,48.61,903090.28,1.3,54.567,15979579.19,1.5,52.291,5230959.09,0.8,54.147,3731508.6,2.7,48.083,1093057.59,1.3,54.376,15121109.89,1,53.306,5176353.34,1.7,55.07,5055751.39,1.9,48.489,1577578.57,0.3,55.51,14854160.44,1.7,53.992,5632424.1,1.8,47.564,2785081.03,3,49.383,1159833.95,1.8,55.1,13983797.99,1.9,46.19,2535537.83,2.9,57.383,3769761.19,1.2,48.268,1154793.63,5.2,53.611,12600247.31,1.4,53.244,7165757.19,2.2,58.091,7903096.66,4.1,57.915,3925517.71,3.7,50.861,1077521.33,1.4,51.163,967923.26,1.8,57.016,5554985.62,1.7,49.981,4387886.57,1.2,57.847,8986021.95,0.3,54.575,3764928.28,9.2,57.727,10214181.07,3.3,58.889,5097161.03,3.1,59.509,9648671.19,2.6,62.151,5221859.27,1.2,1891049.39,3.6,112,702048.85,0.8,108.8
137  Ba  [ No Gas ] :  CPS RSD value = 11.39 is over the allowed maximum = 5.00181  Ta  [ No Gas ] :  CPS RSD value = 5.11 is over the allowed maximum = 5.00,FALSE,291SMPL_20250514_Ac Series 575  to 858_rerun .D,15-05-2025 07:22,Sample,,MCS 798,25138.937,539921.15,2.1,29031.924,2439.33,9.4,2340.057,15510.95,2.7,2709.815,276.95,7.5,2961.626,131187.45,2.5,3745.363,4552,5.2,21276.048,1190812.12,2.6,24002.069,93622.14,0.7,14143.899,969620.79,2.8,15939.241,109291.54,1.1,2553.081,168519.54,1.4,2793.618,33217.78,0.2,4562.472,98557.48,2.2,5187.778,24593.98,4.2,4161.341,153916.83,3,4332.581,41495.88,1.9,4566.143,239910.52,0.4,4956.885,31953.58,1.5,12120.106,365310.95,1.5,15144.679,18731.98,2.2,164106.308,9668779.43,2.3,149451.619,298234.34,1.5,64803.189,5634645.28,3.1,56215.036,172650.98,1.3,15216.063,1398960.11,1.2,16532.264,104888.12,1.9,4307.946,235851.85,0.4,4838.88,33496.12,0.8,134.061,5596.82,4.2,132.58,1348.09,4.9,106.729,7122.43,3.1,120.035,2646.26,1.7,98.85,1207.94,6.3,92.584,273.61,39.1,4144.929,87544.62,1.9,4591.196,12729.09,2.1,64.837,13290.18,0.2,57.417,1855.33,6.9,8890.615,694840.6,1.8,9277.282,52410.09,4.4,340133.222,2966078.8,11.4,338637.06,348483.84,3.8,326748.571,2266211.84,2.8,42060.067,3535939.8,2.9,40145.093,627077.66,2.3,88285.261,6587715.85,1,79446.231,1548563.99,1.8,8792.829,745638.37,3.5,9309.576,157346.85,1.8,33217.396,474024.51,0.4,36003.011,111870.39,1.6,6882.987,84377.79,2.1,7507.991,20012.53,2.8,781.836,35572.33,1.9,784.58,8688.36,2.8,6376.605,84856.38,2.9,6615.711,30771.76,2.5,817.579,68356.7,1.1,830.051,21977.86,1.2,4092.829,77499.88,1.7,4436.699,25364.38,2.5,640.993,51272.83,0.3,687.885,17837.28,3.1,1666.669,42554.89,2.7,1784.526,14833.65,3.6,174.785,15799.17,1.1,177.156,5970.77,4.7,1239.032,20343.68,3.9,1370.028,8387.93,9,129.205,11814.12,3,139.769,2562.84,5.5,195.996,4400.8,5.6,174.809,1376.74,2.9,908.113,60283.27,5.1,1048.789,36279.58,0.7,791.168,32318.43,1.5,863.622,16083.35,4.1,33668.707,178633.29,2.5,31047.196,147405,2.6,28877.645,770833.54,2.1,32094.36,705710.03,0.8,397.85,18747.75,3.5,431.668,8546.37,2.8,23418.466,1127631.23,1.3,25560.991,550761.2,1.1,3284.396,147024.43,2.7,3863.191,82178.88,1.7,1918767.26,0.7,113.6,653441.09,4.4,101.3
90  Zr  [ No Gas ] :  CPS RSD value = 9.88 is over the allowed maximum = 5.00137  Ba  [ No Gas ] :  Concentration value = 320.73 is over the calibration range137  Ba  [ He ] :  Concentration value = 268.54 is over the calibration range138  Ba  [ He ] :  Concentration value = 292.81 is over the calibration range140  Ce  [ No Gas ] :  CPS RSD value = 9.54 is over the allowed maximum = 5.00163  Dy  [ He ] :  CPS RSD value = 7.36 is over the allowed maximum = 5.00178  Hf  [ No Gas ] :  CPS RSD value = 5.18 is over the allowed maximum = 5.00181  Ta  [ He ] :  CPS RSD value = 6.10 is over the allowed maximum = 5.00,FALSE,292_QC2_20250514_Ac Series 575  to 858_rerun .D,15-05-2025 07:26,QC2,,SJS-Std,41510.041,857390.41,1.3,47010.517,4121.43,9.7,1327.4,8661.39,1.1,1385.478,150.15,13.3,8562.586,319287.37,0.6,9214.653,11175.87,3.3,109362.603,5818210.93,0.7,93404.443,380031.76,2.7,111614.98,5521754.89,1,99965.816,580189.89,1.4,10322.281,580596.61,1,10055.415,111575.26,0.7,63664.688,813154.9,2.5,67570.634,208828.86,0.7,27876.949,843187.22,1.2,28010.621,237755.98,1.2,80565.012,756652.59,0.7,76083.965,103980.94,0.4,14356.819,417745.21,1.9,14900.868,19343.48,1.9,96492.269,5500349.32,1.2,81809.27,171528.17,1.6,261186.84,19639726.85,2,209779.925,592186.11,2.3,13816.975,1227652.11,2.6,14019.851,93371.08,2.1,59921.303,2786913.71,9.9,55643.046,358675.14,3.6,2969.417,41145.94,2.7,3116.436,11443.16,3.6,312.071,12348.25,2.7,224.967,3797.71,4.9,385.318,2919.93,6.7,263.7,517.19,4.5,1291.094,29861.31,1.3,1321.772,4401.84,2.6,1273.442,46778.38,1.6,1317.025,6651.73,3.3,4774.832,363760.49,2.4,4597.871,27550.59,2.2,1170917.808,9828880.15,1.8,980401.259,1053210.48,1.3,1068973.535,7753494.76,1.1,18966.793,1543313.21,1.7,19206.316,315219.92,1.1,39312.347,2838187.04,9.5,36023.311,737408.76,0.4,4392.057,361700.71,1.5,4275.53,76264.46,1.5,17086.919,235957.63,2.5,16548.386,54085.96,2.3,3321.584,39608.12,0.5,3307.676,9332.79,3.9,968.083,42085.49,2.5,771.419,8962.17,2.4,3269.722,42340.05,1,3188.602,15695.52,3.7,445.09,37383.13,2.7,405.047,11947.72,4.7,2822.111,51902.81,1.6,2780.929,16774.77,7.4,534.358,41724.41,3.3,509.823,14158.88,1,1609.202,39726.06,0.9,1651.206,14422.79,2.2,216.681,18141.3,1.6,196.737,6768.62,6.6,1643.579,25876.19,2.7,1631.074,10368.04,1.6,224.435,17686.95,2.3,212.824,3720.97,3.8,2103.258,37125.67,5.2,2132.821,13637.55,1.9,887.743,56910.97,4,966.435,35126.52,6.1,528.233,21784.54,2.1,528.369,10912.48,2.7,20053.688,112346.6,1.8,18797.804,94195.38,3,18717.733,485008.28,4.8,18932.375,439625.26,1.1,251.062,12092.75,3.9,235.252,5401.22,3.9,9689.269,452093.94,4.3,9747.245,221172.13,1.9,3257.263,140939.23,3.9,3340.089,74700.38,2.8,1810141.24,2.4,107.2,668104.19,1.8,103.5
118  Sn  [ He ] :  CPS RSD value = 6.63 is over the allowed maximum = 5.00137  Ba  [ No Gas ] :  Concentration value = 122.71 is over the calibration range137  Ba  [ He ] :  Concentration value = 103.64 is over the calibration range138  Ba  [ He ] :  Concentration value = 101.29 is over the calibration range157  Gd  [ No Gas ] :  CPS RSD value = 5.65 is over the allowed maximum = 5.00,FALSE,293SMPL_20250514_Ac Series 575  to 858_rerun .D,15-05-2025 07:30,Sample,,MCS 799,30446.065,677082.86,2.8,31654.97,2923.24,8.9,2750.175,18828.4,1.2,2490.176,280.28,6.2,3407.528,150992.1,0.8,3986.379,5286.34,3.7,23913.474,1385356.14,1.5,25776.571,110556.23,2.4,16705.937,1117053.46,3.6,16974.398,124498.46,2,3370.851,220561.87,2.3,3464.444,43648.01,1.9,6147.058,120258.06,1.7,6097.362,29137.58,3.9,4685.762,174483.22,0.4,4485.726,46470.67,2.2,13438.535,301427.81,0.9,11075.433,39608.34,1.2,13543.173,423422.63,1.3,14658.218,19961.7,4,208839.357,12770313.26,0.8,175769.265,385947.73,2.3,72267.088,6378359.41,0.3,59418.634,196882.21,1.9,14724.714,1405718.59,3.3,14984.883,104680.83,1.3,4120.077,233568.93,2.1,4169.551,32102.64,2.1,106.909,5176.23,9.2,99.068,1298.03,9.8,0.753,4031.34,6.1,<0.000,1484.91,9.6,<0.000,313.65,24,<0.000,36.7,78.7,4610.359,100106.35,0.4,4572.475,13901.47,6.6,66.034,13059.7,3.4,<0.000,1685.14,7.1,9745.85,789696.26,2,10090.631,62722.92,2.9,428874.452,3876632.58,1,362230.966,409634.27,3,354006.903,2702350.06,0.8,21086.503,1843465.29,1.3,22026.923,379085.25,1.5,49903.784,3869662.48,0.9,42824.076,919300.16,2.1,4901.68,433078.38,1,4919.377,91892.68,2.8,18100.071,268556.31,1,18557.905,63606.06,2.1,3823.536,48869.62,3.3,3847.533,11359.83,3.5,771.967,36372.14,1.6,765.728,9309.46,3.8,3858.13,53513.86,5.7,3843.139,19778.72,3.5,549.108,48602.31,2.5,550.535,16447.24,1.8,3450.649,67935.12,2.7,3540.549,22325.6,0.3,599.275,49775.21,2,603.832,17296.04,2.7,1747.701,46224.99,3.3,1732.888,15845.94,0.5,205.791,18535.67,0.9,210.686,7436.34,3.7,1439.05,24381.71,4.2,1545.078,10307.91,2.7,157.099,14065.4,0.8,174.632,3300.41,2.8,137.111,3417.16,4.2,133.092,1216.73,8.2,833.394,57486.36,3.2,873.323,33391.74,4.5,881.955,36828.73,2.4,908.182,18418.96,3.7,36757.203,214394.34,1.6,33561.821,175010.63,0.7,31986.748,884994.32,3,34270.06,828609.05,1.2,614.513,28817.33,3.8,604.887,12589.88,4.5,14245.672,713207.04,1.5,14594.395,346763.35,0.9,3356.47,155788.89,2.6,3545.583,83019.59,0.5,1861515.32,1.2,110.3,671054.78,0.5,104
7  Li  [ No Gas ] :  CPS RSD value = 6.88 is over the allowed maximum = 5.00137  Ba  [ No Gas ] :  Concentration value = 114.19 is over the calibration range157  Gd  [ He ] :  CPS RSD value = 5.65 is over the allowed maximum = 5.00165  Ho  [ No Gas ] :  CPS RSD value = 6.00 is over the allowed maximum = 5.00205  Tl  [ He ] :  CPS RSD value = 5.03 is over the allowed maximum = 5.00207  [Pb]  [ He ] :  CPS RSD value = 5.75 is over the allowed maximum = 5.00209  Bi  [ He ] :  CPS RSD value = 6.16 is over the allowed maximum = 5.00,FALSE,294SMPL_20250514_Ac Series 575  to 858_rerun .D,15-05-2025 07:34,Sample,,MCS 800,27392.403,610934.5,6.9,32653.931,2993.33,4.2,4780.861,32604.48,3.2,4624.498,513.86,10,3702.613,162833.39,1.8,4206.874,5523.34,1.2,24870.625,1445213.86,1.4,26528.709,112951.47,1.6,16704.631,1125135.35,1.8,18048.133,130193.78,1.2,3223.248,213255.14,1.6,3252.011,41077.39,2.7,5902.272,118046.55,2.5,6276.124,29635.89,1.2,4438.444,167718.23,1,4282.744,44522.35,2.4,11923.209,294386.05,1.5,10997.763,39682.12,2.2,12969.912,406808.62,2.6,14960.307,20225.66,1,186427.024,11438766.7,1.5,163052.128,355429.65,1.2,66959.433,6001626.43,2.2,54650.102,182631.78,2.1,19179.651,1834672.54,2.8,19979.485,138390.32,3.2,4810.241,269237.7,3.6,5038.984,37707.52,2.2,69.637,4742.29,6,71.277,1204.6,13.4,<0.000,3347.13,6.1,<0.000,1288.02,9.3,303.503,2599.53,10.9,241.973,503.85,16.2,4322.894,94656.84,1.1,4421.22,13383.72,0.8,69.308,13373.68,3.4,9.337,1745.21,6.3,8992.629,732178.64,0.4,9271.519,57265.48,0.4,405491.903,3680917.28,1.2,350475.173,393524.55,1.6,332085.273,2517162.11,1.9,42918.23,3758553.98,2.2,39619.811,675857.76,0.5,90632.885,7053091.02,2,76744.265,1633650.27,1.7,9102.321,803615.54,2.1,9358.1,172672.8,1.9,34930.964,519457.79,2.6,35714.61,121258.09,3.6,7205.369,92005.07,0.9,7701.925,22432.36,4.5,872.601,41057.83,1,872.247,10451.48,3.1,6882.189,95382.46,2.3,6979.215,35438.77,5.6,916.881,79245.16,1.9,893.587,25661.88,2.2,4868.291,95864.03,0.3,5058.121,31524.57,2.8,796.991,65533.7,6,802.646,22432.62,2.1,2074.131,54931.91,2.7,2124.466,19193.92,1,238.251,21105.61,2.9,232.248,8013.96,3.3,1670.42,28310.47,3.2,1720.742,11359.9,2.5,184.796,16140.01,3.6,202.404,3700.93,0.9,158.923,3847.28,2.5,148.417,1313.41,10.4,999.817,68817.8,2.1,1000.929,37824.26,3.4,822.993,34730.79,4.4,816.75,16634.63,5,35024.27,202848.71,3.8,31625.954,163900.38,5.7,30942.978,859805.62,0.8,32697.688,785176.78,1.2,495.45,23729.81,1.2,480.471,10187.62,6.2,24301.851,1218641.04,2.2,25772.782,606756.07,1.1,3978.969,185060.54,3,4261.736,98765.43,0.2,1901029.21,4.9,112.6,676846.4,1.2,104.9
7  Li  [ No Gas ] :  CPS RSD value = 5.09 is over the allowed maximum = 5.00137  Ba  [ No Gas ] :  Concentration value = 110.82 is over the calibration range157  Gd  [ He ] :  CPS RSD value = 7.50 is over the allowed maximum = 5.00232  Th  [ He ] :  CPS RSD value = 5.58 is over the allowed maximum = 5.00,FALSE,295SMPL_20250514_Ac Series 575  to 858_rerun .D,15-05-2025 07:38,Sample,,MCS 801,27750.721,593691.03,5.1,31646.815,2806.43,12.9,2936.87,19306.25,4.7,2999.589,323.66,4.7,3426.098,146877.05,1.3,3923.076,5019.32,6.5,23189.027,1292222.46,2.2,24428.285,100672.76,1.1,15707.773,1037525.37,1,16032.811,115459.2,0.7,2780.582,180217.58,3.3,2835.805,35445.68,1.7,5694.087,111699.78,1,5629.478,27074.47,1.4,4558.109,164988.78,3.7,4615.215,46048.87,3,4888.828,237426.79,1.4,2925.73,31114.1,1.3,12844.338,386018.04,2,15396.593,20132.12,0.8,186189.599,10942483.75,3.4,159202.756,335722.68,0.8,74120.748,6301465.65,1.5,62102.003,197672.97,1.2,15701.524,1439987.28,1.7,15984.978,107200.18,2.6,4126.6,226089.07,1.7,4335.13,32082.79,3.3,141.014,5596.81,7,113.217,1338.08,17.2,<0.000,3380.5,6.7,<0.000,1284.69,8.9,128.924,1384.8,4.1,102.781,296.97,25.7,4365.108,91585.98,1.7,4527.584,13263.47,2.9,43.322,12398.45,4.4,<0.000,1671.79,6.3,9787.976,762363.72,2.1,10006.853,59755.88,2.9,406066.475,3528131.47,2.4,338905.596,368230.37,2.6,335733.096,2461847.9,0.4,38584.702,3236960.2,2,34187.525,564303.28,1.7,82081.02,6111616.21,1.5,68857.648,1418193.41,0.5,8015.991,678412.24,1.3,8216.935,146800.45,1.1,30713.948,437364.7,1.6,30633.36,100669.92,3.5,6373.51,77987.74,3.5,6220.837,17559.75,1.4,893.381,40254.33,3.4,894.161,10367.98,5,5767.022,76629.13,1.4,5664.477,27885.57,7.5,779.914,65143.49,1.9,733.216,20654.36,1.4,4163.615,78637.68,2.3,4339.342,26217.01,4.4,677.66,53856.25,4,708.091,19324.3,4,1862.919,47316.93,2.6,1909.693,16744.63,2.4,229.484,19665.15,3.4,215.303,7332.84,2.4,1637.013,26595.1,2.9,1645.561,10535.05,2.7,199.716,16574.38,0.5,201.008,3580.78,4.7,138.76,3353.8,4.9,143.518,1250.07,16.5,871.454,57751.12,2.9,888.915,32673.04,1.2,837.566,33884.1,3.9,878.947,17239.39,2,37550.732,210343.57,2.6,33819.577,169388.03,2.5,33345.434,886650.12,0.6,35129.79,815710.02,1.8,527.62,24113.96,3.7,510.041,10424.47,2.5,19092.8,917545.57,3.1,19650.975,447875.13,5.6,3183.547,142218.1,2,3412.288,76841.76,0.4,1874869.72,0.9,111,675453.82,0.1,104.7
137  Ba  [ No Gas ] :  Concentration value = 120.27 is over the calibration range137  Ba  [ He ] :  Concentration value = 106.29 is over the calibration range138  Ba  [ He ] :  Concentration value = 103.74 is over the calibration range,FALSE,296SMPL_20250514_Ac Series 575  to 858_rerun .D,15-05-2025 07:43,Sample,,MCS 802,34871.556,712854.31,4.9,38057.253,3180.24,11.1,3590.804,22534.28,1.6,3915.174,397.07,12.4,5418.572,209590.31,1.3,6150.572,7225.84,2.7,38464.132,2037631.86,1,40161.535,155627.04,0.3,27965.051,1576393.69,1.6,29523.657,181159.41,1.2,5384.683,312180.63,3,5526.575,60711.68,1.2,10692.358,168852.93,2.3,11187.501,41512.72,1.7,9611.214,305542.44,1.6,9687.544,83333.11,0.7,19745.389,338937.86,0.7,17773.191,44743.13,3.9,16064.345,461598.9,1.5,18876.082,23246.94,0.9,194090.245,10915786.23,1.4,167836.917,333728.08,1.5,77320.758,6296421.22,2.7,64356.951,193493.14,1.9,22286.504,1953683.95,0.8,22874.457,144434.61,1.4,7048.981,350505.11,1.8,7414.499,49068.44,2.7,320.956,7776.79,1.7,280.069,1838.64,7.8,<0.000,3507.33,2.6,<0.000,1184.58,6.8,184.554,1691.81,7.3,168.741,373.72,9.4,5934.429,117558.76,2.4,6137.369,16720.95,4.1,56.858,12759.17,2.3,11.491,1728.52,10.9,12240.423,911152.69,1.3,12740.719,71611.97,3.6,462061.095,3840647.01,0.5,408386.849,418082.54,1.8,398562.458,2753793.28,1.1,49971.624,4011392.02,3.6,45868.172,713472.38,0.7,104856.284,7470842.52,1.9,92442.508,1794538.81,0.6,10482.255,848100.92,3.5,10739.874,180672.81,1,39266.374,534974.06,1.4,41642.591,128957.14,1.6,8208.83,95984.95,1.8,8340.913,22161.56,1.5,1057.645,45360.4,3,1055.185,11460,2.8,7675.505,97422.89,3.6,7600.379,35207.8,2.9,1013.148,80206.3,1.9,987.073,25825.71,2.1,5505.161,99257.48,1.1,5617.647,31919.32,3.3,873.18,65761.45,0.8,918.491,23335.1,2.6,2365.775,57298.2,1,2424.595,19952.58,2,280.113,22472.8,1.4,278.437,8611.6,2.9,1936.566,30033.09,4.4,2056.551,12341.84,3.4,219.757,17312.75,1,219.255,3654.21,4.3,248.902,5127.74,4.7,270.893,1950.16,12.9,1466.251,91616.77,1.3,1525.983,52092.69,1.6,973.51,37371.31,1.8,998.866,18338.78,4.8,37874.525,200084.82,1,33388.257,157763.95,0.2,32639.797,830944.69,3.4,34911.074,764654.19,0.6,985.462,41601.06,2.2,992.965,18123.54,3.3,28090.202,1290895.11,3.2,30359.128,651740.01,2.2,6545.76,277523.75,4.8,6837.038,143737.52,1.3,1881462.25,1,111.4,667813.7,1.1,103.5
137  Ba  [ No Gas ] :  Concentration value = 127.21 is over the calibration range137  Ba  [ He ] :  Concentration value = 109.91 is over the calibration range137  Ba  [ He ] :  CPS RSD value = 5.45 is over the allowed maximum = 5.00138  Ba  [ He ] :  Concentration value = 116.10 is over the calibration range138  Ba  [ He ] :  CPS RSD value = 8.22 is over the allowed maximum = 5.00172  Yb  [ He ] :  CPS RSD value = 5.67 is over the allowed maximum = 5.00,FALSE,297SMPL_20250514_Ac Series 575  to 858_rerun .D,15-05-2025 07:47,Sample,,MCS 803,34487.532,743949.19,1,39890.058,3513.97,1,3016.139,20024.59,2.9,2978.43,320.33,19.5,5931.795,238291.28,0.4,6892.281,8477.83,3.5,38770.437,2166256.21,0.5,41485.304,169571.64,1,29683.046,1733091.17,1.6,31079.487,198436.07,0.8,5512.525,335322.12,1.9,5653.795,65133.48,1.9,11349.599,184366.06,2.5,12058.154,45807.47,1.1,11766.117,386850.77,1.3,11982.121,106405.81,0.9,25012.739,384835.66,0.7,23224.388,51139.2,3.3,16257.006,492843.94,1.1,20353.01,26452.92,3.9,194740.655,11558946.89,1.5,166721.015,349674.26,2.4,95297.539,7958760.03,1.1,82013.146,250064.23,1.9,25963.054,2400800.39,0.1,26294.125,175004.28,2.8,6292.207,331976.95,3.1,6762.487,47402.43,3.2,434.802,9499.64,1,471.861,2536.13,3.2,<0.000,3727.61,1.6,<0.000,1318.06,7.8,178.57,1715.18,7.5,149.55,360.37,32,5682.987,118762.76,0.8,5829.04,16757.7,0.9,66.947,13149.9,1.9,67.023,1942.1,5.8,12202.652,958160.53,1.6,12716.848,75423.87,2.5,463236.512,4063631.87,2.6,400234.176,432009.82,5.5,422774.915,3085336.18,8.2,67110.713,5682664.55,0.6,62163.891,1019771,0.9,140133.031,10533661.39,0.8,120704.177,2472772.26,2.4,13959.928,1190612.31,0.3,14416.804,255476.69,2.4,53766.525,772699.6,0.4,54700.649,178713.04,1.6,10482.864,129197.03,1.2,11066.412,30965.54,3.8,1285.727,57662.53,0.5,1258.121,14259.06,1.9,9609.387,128541.98,1.4,10124.012,49376.56,4.9,1319.852,109033.63,0.6,1292.108,35164.43,2.9,6555.204,124509.07,0.6,7083.486,42390.71,4.7,1096.447,86245.78,1.9,1162.072,30738.44,2.5,2787.233,70992.56,2.4,3010.757,26009.76,1.9,343.769,28220.1,4.9,336.754,10595.12,2,2134.309,34833.5,1.7,2284.763,14406.15,5.7,267.862,21459.99,2.7,270.104,4542.05,10.5,229.763,5014.36,8.9,237.709,1830.14,4.7,1276.624,84387.12,1.4,1349.937,48718.7,2.3,972.929,39245.42,4.2,1004.614,19364.76,2.5,38126.929,212426.06,1.6,34387.254,171396.44,2.1,33063.109,888101.72,1.9,35084.614,810604.3,0.6,1028.823,45635.47,3.2,1031.247,19762.76,2.7,36535.645,1771866.3,3.1,39014.258,883382.81,0.2,7177.315,320667.76,1.6,8038.881,177891.55,3.4,1882208.57,1.3,111.5,668214.17,2.3,103.6
137  Ba  [ No Gas ] :  Concentration value = 165.15 is over the calibration range137  Ba  [ He ] :  Concentration value = 141.07 is over the calibration range138  Ba  [ He ] :  Concentration value = 157.10 is over the calibration range,FALSE,298SMPL_20250514_Ac Series 575  to 858_rerun .D,15-05-2025 07:51,Sample,,MCS 804,28166.094,587507.55,1.5,32291.193,2769.72,6.2,1835.338,11920.45,2.1,2391.316,250.25,6.9,9468.12,353600.29,0.8,10496.779,12361.39,4.2,80008.9,4289179.4,0.3,75119.673,297741.28,1.9,66570.912,3432251.11,2.3,59617.619,348170.29,1.9,10480.963,593599.76,2.3,10786.456,116424.36,0.9,20928.543,296809.13,1.3,22042.733,73531.86,1.9,18931.401,585569.15,2.1,19665.729,165185.07,2.4,59446.673,621362.4,0.2,56699.613,83517.87,0.7,18205.891,532322.97,1.1,21361.068,26957.75,1.5,150741.868,8635485.92,1.7,128910.04,262918.53,1.3,82423.009,6774719.11,2.8,70247.111,213469.14,0.5,21324.593,1903759.65,0.8,22026.739,142609.96,0.4,7763.476,389603.26,1.1,8207.847,55192.67,1.6,837.088,14442.49,3.2,883.962,3857.78,4.5,<0.000,3764.33,1.8,<0.000,1344.75,8.5,258.176,2172.36,5.7,248.868,490.5,21.3,5107.343,103733.04,0.4,5255.022,14789.98,3,35.528,12268.15,1.2,<0.000,1661.77,5.5,9696.461,736263.85,2.3,9986.46,57674.22,2.3,627941.988,5309496.8,3.2,536392.773,562228.18,2.8,597334.915,4226335.82,1.5,55414.161,4527786.55,1.5,50850.971,810976.26,2.2,119595.489,8674908.47,0.2,102315.482,2036451.66,1.2,11418.236,940274.05,1.1,11651.061,200951.48,4.1,43360.804,601468.9,2.8,45228.002,143559.71,4.1,8204.298,97702.44,2.2,8672.022,23622.34,2.7,1414.838,61115.21,2.1,1446.59,15869.23,2.4,7587.295,98068.51,2.3,7358.43,34960.08,1.1,987.55,79647.45,2,974.254,26143.33,2.3,5239.667,96237.3,1.1,5443.703,31731.81,0.8,910.244,69659.43,1.6,945.262,24572.01,1.2,2593.496,63843.45,3,2645.509,22285.46,3.4,323.566,25919.45,0.4,327.45,10114.24,4.4,2396.707,37684.52,3.4,2390.115,14639.97,3.8,293.72,22556.4,2,292.308,4759.02,4.3,292.494,5964.8,6.9,280.925,2053.51,11.9,1272.411,81242.18,0.6,1326.858,46590.92,1.9,728.086,29210.8,2.6,764.353,14753.74,4.1,28375.393,154174.06,1.7,26535.58,128895.52,2.9,26342.21,684461.73,0.6,27103.322,610350.05,1.4,360.233,16714.85,2,353.073,7372.25,2.5,23474.03,1099147.43,1.5,24397.125,537435.04,3.1,3686.606,160198,4,3926.993,85286.98,4,1895972.43,0.9,112.3,677713.71,1.5,105
"121  Sb  [ No Gas ] :  CPS RSD value = 6.58 is over the allowed maximum = 5.00137  Ba  [ No Gas ] :  Concentration value = 163.41 is over the calibration range137  Ba  [ No Gas ] :  CPS RSD value = 6.98 is over the allowed maximum = 5.00137  Ba  [ He ] :  Concentration value = 176.34 is over the calibration range138  Ba  [ He ] :  Concentration value = 184.85 is over the calibration range140  Ce  [ No Gas ] :  CPS RSD value = 7.17 is over the allowed maximum = 5.00238  U  [ No Gas ] :  CPS RSD value = 5.07 is over the allowed maximum = 5.00103  Rh ( ISTD )  [ No Gas ] :  CPS RSD value = 27.47 is over the allowed maximum = 5.00103  Rh ( ISTD )  [ No Gas ] :  ISTD Recovery Percent value = 135.81 is outside the allowed range [80.00, 120.00]",FALSE,299SMPL_20250514_Ac Series 575  to 858_rerun .D,15-05-2025 07:55,Sample,,MCS 805,25022.438,650813.98,2.2,34730.673,2996.67,3.4,1596.823,13019.18,1.9,2005.426,210.21,39,7927.228,371521.95,1.9,11419.479,13463.52,4.5,69919.165,4668499.76,3,81932.976,326622.49,2,57700.938,3719501.8,3,67128.769,389400.59,0.8,8279.806,588584.45,1.9,10705.674,115996.49,1.1,18369.839,326898.06,3.1,24908.943,81475.66,0.7,14231.344,553554.72,2.7,19276.741,162454.88,2.1,49375.02,665852.81,3.6,62432.938,87604.85,1,15907.519,578398.45,3,26300.412,33338.57,2.5,137695.038,9819076.6,2.2,144679.945,296866.24,1.2,83756.048,8481410.6,2.8,93303.288,273144.93,1.2,27631.935,3075634.7,1,30592.405,199161.08,2.2,7700.755,479238.56,1.6,10195.423,67577.2,3.4,614.616,14145.17,2.1,863.274,3747.63,3.5,<0.000,3997.97,2.2,<0.000,1157.88,16.3,297.15,2973.33,3.5,359.36,630.65,8.2,4392.863,111378.7,4.6,5685.203,15965.88,2.4,92.247,16166.4,6.6,170.532,2222.42,6.3,8123.402,772481.86,2.7,10407.217,60426.7,1,575556.396,6013416.35,7,621064.087,654515.48,2,651042.358,4634879.37,3.9,82876.301,8469794.19,2.1,96874.195,1552707.45,2.2,171958.708,15402590.54,7.2,210017.002,4203438.44,3.6,17084.331,1755813.26,1.4,22012.822,380817.3,2.8,63767.398,1097490.36,3.9,82666.784,263677.91,4.8,12273.343,181454.3,3.8,15988.074,43712.46,2.4,1693.424,90356.35,3.5,2116.388,23014.03,2.3,11148.667,178612.79,3.8,13442.808,64073.52,2,1340.539,133102.69,3.3,1621.161,42712.15,1.8,6530.024,148968.19,3.6,8354.921,48783.83,2.9,1021.657,96907.19,4.2,1345.441,34538.77,2.6,2831.524,86705.79,1.7,3813.688,32100.01,0.6,356.102,35047.92,2.5,446.498,13243.64,1.5,2401.674,46771.19,4.6,3260.928,19932.53,1.6,314.386,29611.76,2.8,420.214,6524.93,6.2,280.192,7062.03,4.6,370.503,2593.61,6.8,1204.599,95829.13,1.6,1530.943,53803.24,2.1,601.239,30344.62,3.6,849.827,16217.03,4.4,30646.881,167245.72,1.6,29150.498,142317.96,2.5,21383.428,690253.35,4.4,29040.125,657128.02,0.9,278.017,16397.84,3.6,362.062,7492.33,1,32977.163,1915846.42,3.7,44194.75,978610.04,1.5,4665.286,250394.39,5.1,6594.112,142940.83,1.4,2293059.63,27.5,135.8,632563.67,4.4,98
137  Ba  [ No Gas ] :  Concentration value = 136.02 is over the calibration range137  Ba  [ He ] :  Concentration value = 114.25 is over the calibration range138  Ba  [ He ] :  Concentration value = 124.62 is over the calibration range166  Er  [ He ] :  CPS RSD value = 5.94 is over the allowed maximum = 5.00205  Tl  [ No Gas ] :  CPS RSD value = 5.94 is over the allowed maximum = 5.00209  Bi  [ No Gas ] :  CPS RSD value = 7.33 is over the allowed maximum = 5.00238  U  [ No Gas ] :  CPS RSD value = 6.72 is over the allowed maximum = 5.00,FALSE,300SMPL_20250514_Ac Series 575  to 858_rerun .D,15-05-2025 07:59,Sample,,MCS 806,21992.432,465470.33,3.3,25679.816,2245.77,5.3,1567.985,10354.27,3.1,2124.918,226.89,30,7895.588,301979.45,1.2,8521.448,10280.89,2.2,66877.818,3630299.58,1.5,61855.533,249706.18,2.1,58648.483,3085614.79,1.8,51162.341,307162.14,0.2,7448.73,433733.94,3.1,7641.222,85373.55,4.2,19565.01,282457.56,2.2,20510.212,70106.87,2.1,14992.086,474364.93,2.2,15404.766,133208.02,2.3,36290.037,459275.7,1.3,33539.18,61322.19,0.5,15807.876,467984.11,2.2,17897.933,23006.38,2.2,139522.024,8088764.2,0.7,117476.033,243948.49,2.2,50280.235,4467549.95,1.7,41757.473,140791.28,2.2,17645.894,1594832.7,1.5,17699.482,116739.93,1.5,11477.069,567176.64,1.4,12454.62,82881.79,2.8,453.641,9586.47,2.9,450.855,2456.02,5.6,4.049,4141.48,4.8,<0.000,1164.56,4.3,45.393,847.55,11.3,59.093,233.57,31,3964.032,82545.83,1.5,4266.347,12351.65,1.9,149.224,15404.66,2.4,129.285,2182.38,3.6,7103.317,547566.33,3.1,7438.918,43862.55,1.4,504582.699,4318057.75,2.2,423800.176,452639.11,2.2,462276.179,3330716.04,2,27667.892,2290542.26,3.3,29236.401,475078.34,1.2,70505.782,5176741.76,1.7,58982.835,1195566.14,1.3,6731.712,562280.82,0.4,6749.476,118848.45,2.6,27083.673,380353.96,1.7,28108.676,90912.72,1.3,5127.267,61943.26,2.3,5140.19,14302.4,1,1153.333,50692.86,4.5,1097.675,12391.82,2.1,5035.138,66038.86,1.8,4809.403,23338.3,2.9,694.919,57609.27,3.8,681.861,19013.43,3.9,4185.249,77912.45,3.5,4163.316,24765.92,2.5,767.795,59822.29,2.6,789.67,21078.92,2.4,2247.298,56094.78,1.3,2337.14,20066.23,5.9,290.931,23813.29,2.1,275.793,8862.02,1.8,2119.401,33776.23,1,2145.827,13403.96,2.2,276.898,21610.37,2.3,245.42,4161.56,5.5,399.581,7889.21,4.9,389.785,2756.98,7.2,1042.23,67721.36,4.6,1020.591,36744.47,1.1,581.868,24151.53,5.9,569.817,11567.08,4.9,27791.281,153665.78,1,24778.306,122564.46,2.6,25398.57,667983.87,4.6,26177.83,600007.58,0.8,305.215,14575.44,7.3,262.953,5868.1,4.3,14030.943,665716.98,3.2,14616.381,328217.15,3.4,2544.367,112568.4,6.7,2650.636,59104.39,1.7,1871593.37,1.4,110.9,672893.96,0.9,104.3
137  Ba  [ No Gas ] :  Concentration value = 159.17 is over the calibration range137  Ba  [ He ] :  Concentration value = 140.57 is over the calibration range138  Ba  [ He ] :  Concentration value = 151.72 is over the calibration range205  Tl  [ He ] :  CPS RSD value = 5.37 is over the allowed maximum = 5.00,FALSE,301SMPL_20250514_Ac Series 575  to 858_rerun .D,15-05-2025 08:03,Sample,,MCS 807,24499.654,565823.95,1.7,26526.304,2509.42,16.4,1648.87,11846.97,2.8,1377.891,160.16,18.7,7726.788,321160.16,0.8,8447.697,11042.28,2.5,64846.981,3850696.33,1.8,60621.075,265946.76,0.9,54404.947,3122884.56,1.2,47807.869,310918.51,0.7,7400.759,468996.46,1,7597.167,91728.29,0.9,16794.927,266956.63,2.2,17151.599,64412.5,1.4,16291.111,558436.16,1.5,16997.493,158034.51,1.2,49437.2,581991.67,1.3,45067.5,75941.73,1.2,15710.774,508657.08,3.4,18438.118,25747.44,1.3,129482.582,8211991.38,2.4,110083.708,248443.61,0.4,100655.198,8860900.71,1.4,84393.314,272932.09,0.7,19516.819,1928475.35,2.2,20050.554,143622.83,1.4,5683.427,320622.81,0.6,6112.213,46104.45,1.8,658.183,12946.09,2.3,703.627,3480.63,3.9,14.094,4381.82,1.9,<0.000,1491.58,6.8,354.164,2986.67,1.6,336.096,650.67,10.1,4929.079,110303.09,0.8,4961.377,15387.98,2.2,146.78,15531.61,4.6,100.95,2068.91,4.2,7896.642,664373.88,0.2,8147.455,52088.23,1.2,529883.965,4959505.14,2.2,467965.236,542846.57,2.1,505083.661,3953648.66,1.1,51609.475,4668863.66,2,47360.328,835422.19,0.7,102185.977,8206538.43,1.9,91630.097,2018487.61,2.5,10239.025,933333.1,2.6,10486.968,200099.23,2.8,38554.736,592109.75,3.3,41350.732,145285.81,2.6,7562.009,99670.49,2.5,7550.139,22746.55,2.8,1271.629,60783.44,3.9,1350.569,16350.3,2,6973.722,99777.26,1,6752.932,35472.1,1.6,898.025,80057.38,3.3,854.207,25354.34,0.8,4844.483,98464.07,1.1,5046.654,32524.64,0.3,820.786,69452.02,1.7,847.417,24337.94,1,2480.054,67508.97,1.6,2554.243,23762.96,2,335.573,29216.89,3.1,331.239,11099.4,0.8,2644.845,45886.74,0.6,2788.283,18762.86,1.9,363.131,29721.86,1,353.294,6114.31,6.9,214.201,4977.68,6.9,221.088,1823.48,6.4,2361.947,164495.74,3.7,2389.484,91567.6,3.9,607.829,27127.26,4.1,663.707,14172.45,5.4,30846.963,184943.81,0.8,29456.796,157883.66,2.7,28274.801,811728.81,2.5,29567.915,734802.27,0.3,323.764,16581.31,2.1,306.108,7082.08,0.8,21296.148,1103924.92,1.9,22330.328,543736.25,2.3,3427.426,164735.03,2.6,3719.213,89284.04,3,1837876.63,1,108.9,656776.7,3.1,101.8
139  La  [ He ] :  CPS RSD value = 7.50 is over the allowed maximum = 5.00178  Hf  [ No Gas ] :  CPS RSD value = 5.22 is over the allowed maximum = 5.00209  Bi  [ He ] :  CPS RSD value = 11.53 is over the allowed maximum = 5.00,FALSE,302_QC1_20250514_Ac Series 575  to 858_rerun .D,15-05-2025 08:07,QC1,,QC MES 50 ppb,44.802,3556054.19,2.9,42.234,13911.02,2.7,41.299,995775.31,1.4,43.296,17264.75,2.4,38.577,5163259.94,1.1,35.684,157768.96,2.1,44.662,9165558.28,2,40.592,621475.03,0.6,42.507,8016833.93,1.9,38.084,822575.29,2.5,44.198,9217715.23,1.9,38.906,1557455.32,2,35.871,1727713.81,2.5,38.655,438516.03,2.8,43.569,4959317.56,2.4,38.66,1203708.37,1,34.834,1144617.15,1.2,33.905,156584.27,1.6,47.178,5271293.6,1.5,40.135,195110.54,2,47.669,10484888.04,1.3,41.105,324248.83,1.8,44.969,13348786.31,1.7,38.123,415726.65,1.4,47.715,16314510.38,2.3,41.739,1041385.66,1.5,47.603,8480979.25,1.2,41.996,1012287.8,2.2,41.45,2027740.56,1.7,42.48,540188.99,1.5,46.654,4883107.39,2.8,40.315,1537066.18,4.1,44.353,1058133.4,1.8,44.943,235113.63,2.4,51.253,3795031.29,2,45.183,465657,1.9,50.902,5573987.75,0.4,44.838,639035.87,2.4,51.031,14748844.71,1.8,44.534,985004.38,2.8,48.486,1584873.11,1,48.748,199145.91,1.5,47.815,1316533.2,2.1,50.733,15909909.11,2.5,49.055,3016872.71,7.5,52.254,14546446.06,1.8,49.948,3842266.34,0.9,50.887,16039482.01,4.5,52.535,3487850.04,1,46.436,2469870.08,1.7,46.926,575272.96,2.7,45.55,2072422.89,2.2,46.813,490481.39,1,53.963,8675757.44,1.5,47.014,1916016.39,2.7,45.938,2266360.95,1.1,48.011,875692.49,1.9,53.657,15926961.16,4.2,54.42,5342719.4,3.1,54.058,3777519.4,1.1,47.707,1065105.97,3,53.648,15112846.62,2.5,55.477,5286308.4,4.7,55.164,5134612.85,1.3,48.603,1552785.6,1.4,55.278,14990540.15,2,55.14,5646240,2.2,47.765,2835779.43,1,50.665,1168404.61,1,54.748,14085585.61,1.2,46.504,2505485.44,2.4,57.046,3799902.13,5.2,51.184,1202050.84,1.9,53.725,12800918.98,1.1,53.86,7116146.56,4.8,57.014,7866377.85,1.5,60.823,4046227.9,2.8,50.667,1053964.67,3.3,53.97,1001875.63,2.4,58.509,5779967.27,1.9,50.343,4339367.63,1,58.175,9158089.86,3.4,57.81,3908540.04,11.5,58.779,10543532.51,0.8,59.257,5038354.09,2.9,58.559,9617738.38,3.3,65.734,5417890.3,4.1,1915218.87,2.2,113.4,689745.21,3.2,106.9
137  Ba  [ No Gas ] :  Concentration value = 145.07 is over the calibration range137  Ba  [ He ] :  Concentration value = 118.34 is over the calibration range138  Ba  [ He ] :  Concentration value = 132.02 is over the calibration range157  Gd  [ He ] :  CPS RSD value = 5.80 is over the allowed maximum = 5.00166  Er  [ He ] :  CPS RSD value = 5.58 is over the allowed maximum = 5.00103  Rh ( ISTD )  [ No Gas ] :  CPS RSD value = 6.74 is over the allowed maximum = 5.00,FALSE,303SMPL_20250514_Ac Series 575  to 858_rerun .D,15-05-2025 08:11,Sample,,MCS 808,35524.672,791416.94,3.6,34973.978,3407.17,1.5,3070.677,21037.08,0.6,3322.049,393.74,14,3680.811,160472.96,0.8,4051.621,5650.18,2.8,25357.918,1470706.02,1.8,24897.756,112813.92,1.1,18121.322,1180646.66,2.6,17107.062,131018.69,0.4,3835.963,246901.3,1.3,3678.991,48369,1.1,6758.829,126750.9,1.1,6396.245,31227.65,0.9,6052.287,216753.6,1.9,5623.495,59049.68,2.9,17445.381,322864.28,2.2,13027.348,42573.87,1.6,13607.506,426983.53,2.7,14059.315,20228.98,2.3,226429.047,13892266.05,1.9,179800.735,417002.61,2,98207.141,8385564.12,1.7,77644.396,260659.82,2,13780.099,1318189.16,3.6,13040.035,96274.38,2.7,3581.998,206356.69,1.9,3576.427,29506.56,0.9,573.214,11373.02,1,514.018,2873.2,3.3,119.553,7326.08,3.2,98.611,2642.92,11.8,362.074,2939.95,2.5,319.923,644,22.9,5737.275,123203.34,4.5,5640.289,17880.31,1.2,74.579,12842.61,4.7,<0.000,1575.01,7.3,11257.378,913444.73,1.5,11172.478,73282.58,1.6,482325.654,4374487.31,1.4,393458.267,469753.45,0.5,438939.028,3536309.13,1.8,18244.082,1600440.97,0.4,18413.988,334955.07,1.5,43739.858,3406315.8,1.7,35106.849,796557.47,0.9,4454.569,395057.17,0.6,4380.774,86499.05,1.8,17126.542,254985.22,0.2,16693.51,60437.6,4.7,3881.748,49807.42,3.1,3733.895,11643.68,1.6,893.786,41877.84,1,816.167,10408.07,1,3738.157,52076.23,1.7,3510.52,19107.03,5.8,548.985,48595.59,1.1,492.485,15628.7,1.2,3103.687,61428.22,2.4,3155.337,21042.04,2.3,543.257,45441.21,2.8,512.783,15652.18,3.3,1500.274,39980.43,4.6,1515.346,14666.66,5.6,182.688,16714.59,3.3,171.789,6611.71,2.4,1325.466,22589.85,4.9,1301.951,9219.3,2.5,146.936,13243.66,2.7,135.553,2833.16,10.4,176.974,4140.72,7.5,156.653,1430.09,4.9,1654.189,112138.87,0.8,1599.439,63451.96,1.3,1097.111,45108.42,1.1,1059.75,22346.1,0.7,37642.928,231775.73,3,34849.963,191843.17,2.1,36394.642,1009117.76,0.9,35586.229,908281.66,0.7,764.106,35411.29,3.1,693.774,15009.33,1.6,11988.915,602464.06,1.1,11854.96,297839.8,2.8,3398.108,158054.18,1.7,3550.662,87740.66,1.4,1782242.35,6.7,105.6,674427.19,1.3,104.5
137  Ba  [ No Gas ] :  Concentration value = 102.83 is over the calibration range137  Ba  [ No Gas ] :  CPS RSD value = 10.25 is over the allowed maximum = 5.00139  La  [ No Gas ] :  CPS RSD value = 11.03 is over the allowed maximum = 5.00157  Gd  [ He ] :  CPS RSD value = 5.52 is over the allowed maximum = 5.00165  Ho  [ He ] :  CPS RSD value = 6.17 is over the allowed maximum = 5.00,FALSE,304SMPL_20250514_Ac Series 575  to 858_rerun .D,15-05-2025 08:15,Sample,,MCS 809,38194.462,795843.58,3,39873.044,3360.45,2,3256.48,20880.1,1.4,3544.304,363.71,11.5,5254.31,207834.88,0.7,6583.043,7776.71,2.8,37787.047,2042285.26,2.1,41000.934,160376.25,0.5,28707.394,1640175.65,1.7,30669.746,188700.03,0.3,5476.158,323180.47,1.2,5723.395,63238.95,1.8,11260.504,178779.14,0.6,12265.31,44833.26,1,10019.785,323416.79,4.1,10345.668,89226.37,1.9,22362.58,361883.07,1.9,21131.559,48078.01,1.2,14918.56,437463.31,1.4,17708.639,22027.03,1.4,174484.684,10011896.92,1.7,154912.837,310979.56,1.1,68180.28,5747731.91,2.1,56300.793,174300.51,1.1,17578.174,1573436.83,0.4,18421.177,117524.78,0.8,5280.207,275262.49,0.4,5772.477,39469.49,1.9,177.353,6060.83,6.4,169.142,1488.25,3.8,22.171,4692.21,2.7,21.535,1728.52,6.7,24.538,724.08,16.5,6.715,160.16,16.5,5924.615,119685.59,2,6364.957,17465.99,2.1,135.238,15127.36,0.3,65.911,1922.07,2.9,12927.889,981266.97,2.4,13573.318,76981.51,1.1,390752.762,3316516.42,10.2,366831.389,379315.8,1.9,353281.249,2465486.33,1.7,40740.509,3337227.86,11,39158.864,615119.13,3,89025.862,6470833.76,3,76564.221,1500691.42,2.8,8791.169,726223.73,1.4,9155.609,155629.32,4.8,33117.184,460381.26,1.1,34970.81,109359.85,1.6,6766.538,80821.81,1.8,6960.732,18692.58,0.9,943.046,41442.8,1.4,955.972,10531.61,2.6,6354.319,82398.08,2.4,6484.03,30357.03,5.5,825.916,67273.57,3.4,807.816,21576.85,3.1,4462.509,82261.43,2.2,4715.215,27103.08,1.4,722.115,55944.24,3.5,744.222,19320.98,6.2,1923.482,47711.73,2.3,2072.416,17275.87,1.3,212.485,18107.93,2.8,215.314,7032.38,4.7,1534.663,24405.04,3.7,1528.07,9349.56,6.5,169.034,14229.07,3.4,161.414,2889.9,4.9,185.054,4110.71,0.8,183.911,1443.42,6,1315.934,84108,2.4,1393.165,48106.49,1.2,920.529,36179.7,3.4,971.124,18028.02,1.3,33264.052,177643.6,2.4,30334.069,144840.31,4.5,29257.778,760723.88,0.9,31286.001,692546.38,1.2,1183.998,50564.67,4,1279.526,23228.78,1.6,23217.952,1089232.2,1.6,24863.868,539119.92,1.7,5933.831,256765.17,2.8,6556.384,139211.51,2.9,1898337.93,0.8,112.4,666777.3,0.7,103.3
90  Zr  [ No Gas ] :  CPS RSD value = 9.13 is over the allowed maximum = 5.0095  Mo  [ He ] :  CPS RSD value = 5.78 is over the allowed maximum = 5.00137  Ba  [ No Gas ] :  Concentration value = 312.85 is over the calibration range137  Ba  [ He ] :  Concentration value = 273.81 is over the calibration range138  Ba  [ He ] :  Concentration value = 309.13 is over the calibration range140  Ce  [ No Gas ] :  CPS RSD value = 8.68 is over the allowed maximum = 5.00178  Hf  [ No Gas ] :  CPS RSD value = 5.36 is over the allowed maximum = 5.00178  Hf  [ He ] :  CPS RSD value = 6.51 is over the allowed maximum = 5.00209  Bi  [ No Gas ] :  CPS RSD value = 8.14 is over the allowed maximum = 5.00,FALSE,305_QC2_20250514_Ac Series 575  to 858_rerun .D,15-05-2025 08:19,QC2,,SJS-Std,41630.094,900850.17,1.9,50287.896,4335.03,7.4,1227.35,8421.03,1.6,1282.471,136.8,15.2,7703.547,303442.6,0.5,9203.616,10958.77,1,101733.739,5670804.57,1,95060.485,379700.43,0.4,108133.931,5613187.99,0.2,98760.837,563081.9,1.9,9735.518,575051.33,0.4,10276.028,111871.43,2.9,61022.7,818454.78,1.6,66755.145,202678.38,2.2,26334.001,835869.62,1.7,28446.317,237010.09,2.2,75537.984,756010.94,0.6,75528.03,101546.8,0.8,13455.096,410241.44,0.5,14249.483,18173.96,2.7,93638.007,5592365.29,0.6,82956.09,170828.61,1.3,241123.464,19047036.24,0.4,211974.4,587223.07,3.5,13418.363,1249467.67,2.5,14365.622,93992.49,2.4,56628.872,2756543.45,9.1,54711.061,346246.57,2.9,2842.873,41437.17,1.3,3034.571,10972.28,5.8,280.536,12037.67,3.6,221.15,3690.89,2.1,393.41,3113.5,2.7,318.762,583.93,14.6,1229.402,30038.4,1.8,1381.321,4481.95,4.7,1241.169,48037.63,1.8,1227.072,6204.38,4.1,4552.651,363575.01,0.5,4878.807,28680.96,1.6,1142141.522,10040926.15,0.9,999634.484,1054662.87,0.9,1128555.19,8038867.22,2.3,18073.986,1541108.61,1.4,19336.781,311678.22,0.6,38593.876,2920924.99,8.7,37955.294,763118.46,2.6,4223.289,364392.51,1.7,4369.013,76509,3.1,16427.127,237739.56,0.4,17055.551,54742.53,1.5,3200.505,39999.86,2.8,3521.286,9746.86,2.3,909.816,41553.15,1.4,822.083,9349.54,9.8,3250.843,44101.38,2.1,3267.839,15792.39,2.6,430.81,37988.83,3.3,413.244,11940.99,2.7,2782.015,53628.68,3.7,2946.268,17446.32,1.5,519.887,42588.57,1,527.403,14339.25,1.6,1591.953,41175.62,2.6,1696.58,14549.71,2.2,214.871,18866.51,1.9,215.336,7139.2,4,1608.61,26534.79,1.8,1698.08,10588.47,5,221.244,18311.8,2.1,222.916,3797.73,9.4,2110.414,38998.02,5.4,2227.287,13977.9,6.5,822.587,55433.79,3.1,934.551,33421.67,2.8,508.872,22095.48,4.5,557.045,11209.68,3.7,21050.256,115737.04,1.9,19378.255,95258.61,3.6,18652.927,506686.55,1,19638.311,447507.57,1.1,249.86,12619.94,8.1,240.95,5407.9,4.3,9642.002,471597.77,2.3,10322.081,229935.44,1.8,3206.21,145324.12,1.5,3567.918,78218.51,1.5,1895633.55,1,112.3,656218.56,2.5,101.7
137  Ba  [ No Gas ] :  Concentration value = 213.31 is over the calibration range137  Ba  [ He ] :  Concentration value = 184.04 is over the calibration range138  Ba  [ He ] :  Concentration value = 207.02 is over the calibration range,FALSE,306SMPL_20250514_Ac Series 575  to 858_rerun .D,15-05-2025 08:23,Sample,,MCS 810,30140.704,686799.25,2.2,34162.008,3126.82,4.3,2388.253,16800.36,1.5,2054.515,230.23,13,8498.178,347631.99,0.3,9692.792,12191.05,2.6,81704.638,4789395.65,1.9,77021.938,326112.14,0.9,66747.318,3737590.41,1.5,60226.571,373048.2,2.6,10481.129,647042.28,0.6,11408.663,130722.86,2.6,20677.281,317457.36,2,22129.84,77833.89,2.3,17360.988,587450.81,1.8,18553.224,166145.76,2.3,57893.334,647867.44,1.8,57768.136,87621.47,0.9,18451.833,589988.04,1.1,21807.018,29388.64,1,169476.68,10621095.29,3.4,147422.318,321135.66,1,84015.069,7463406.34,2.4,71163.649,227705.95,1.8,22306.224,2178471.6,1.7,23130.248,159910.52,0.8,11333.173,603885.84,0.3,12084.814,84250.19,0.5,418.192,9599.82,1.3,467.235,2569.5,4.3,29.835,4952.58,9.3,10.508,1611.71,7.8,13.078,657.35,17.7,<0.000,126.79,12.1,4604.802,102387.73,1.4,5052.436,15150.81,3,246.288,18879.43,4.1,171.331,2335.89,1.2,8898.625,739299.04,3.3,9350.605,57691.37,3.8,737931.076,6822060.2,3.3,636667.69,712423.26,2.9,716172.538,5409562.7,0.6,68903.341,6158926.23,1.4,62160.633,1058573.73,3.9,140010.6,11110085.11,2.6,121294.477,2578330.63,1.4,13370.076,1203845.04,1,14224.597,261772.37,2.6,52500.818,796369.7,2.6,52895.688,179343.23,0.3,9568.889,124525.15,3,10491.349,30487.24,3.8,1664.656,78143.01,1.4,1544.943,18000.91,0.8,8848.38,124990.71,2.4,9048.634,45849.31,2.8,1139.935,99721.18,1.4,1051.609,29882.12,2.9,5595.475,112302.67,1.4,6168.085,38330.23,1.6,927.651,77322.68,2.2,939.117,25963.04,3.7,2448.513,65946.71,4,2672.546,24007.07,2.9,293.657,25752.32,2,292.922,9686.81,1.9,1966.629,33910.31,3.9,2151.67,14088.75,4.4,241.647,20581,1.7,258.617,4518.7,5.2,425.227,8959.91,2.3,442.491,3210.43,1.9,1287.139,89666.22,0.9,1353.03,50609.95,4,783.607,33844.13,3.7,823.097,16688.09,0.6,28455.087,165026.1,2,26415.116,136914,2.3,25472.377,723690.77,0.9,27427.542,659120.05,0.8,331.106,16791.63,2.3,329.693,7322.24,5,25970.854,1330154.43,2.6,28855.43,678650.27,1.7,5053.979,239081.98,2.3,5481.952,126431.62,1.7,1887670.49,1.2,111.8,658820.01,1.5,102.1
89  Y  [ No Gas ] :  CPS RSD value = 9.21 is over the allowed maximum = 5.00137  Ba  [ No Gas ] :  Concentration value = 225.66 is over the calibration range137  Ba  [ He ] :  Concentration value = 177.80 is over the calibration range138  Ba  [ He ] :  Concentration value = 193.71 is over the calibration range140  Ce  [ He ] :  CPS RSD value = 7.93 is over the allowed maximum = 5.00147  Sm  [ He ] :  CPS RSD value = 5.61 is over the allowed maximum = 5.00209  Bi  [ He ] :  CPS RSD value = 6.76 is over the allowed maximum = 5.00103  Rh ( ISTD )  [ No Gas ] :  CPS RSD value = 9.49 is over the allowed maximum = 5.00,FALSE,307SMPL_20250514_Ac Series 575  to 858_rerun .D,15-05-2025 08:28,Sample,,MCS 811,41429.346,789974.06,2.3,45751.535,3804.34,5.8,2471.087,14605.71,4.3,2827.064,286.95,5.3,13990.169,467860.18,0.5,14623.571,16590.12,2.7,119500.112,5861985.75,0.7,105952.654,408055.39,0.8,101980.786,4678653.56,1.6,84748.277,470469.94,1.4,16094.394,823124.43,1.6,15916.213,164603.37,1,37198.608,454507.37,1.8,36054.84,110441.48,1.5,34320.55,952286.01,0.6,34382.027,274919.14,1.4,89110.233,759597.23,0.7,73409.384,96894.61,1.8,26737.588,715328.72,1.4,30450.829,37303.04,0.6,231969.727,12177533.39,1.5,176496.302,349770.59,0.6,45473.916,3743545.32,1.4,33892.253,115117.25,2.9,32499.435,2640443.21,9.2,28830.028,181302.6,3.2,17082.191,752308.04,1.5,16788.02,105391.79,1.3,769.799,12438.38,2.5,725.193,3243.66,8.4,57.413,5142.85,5.1,<0.000,1431.51,3.7,59.24,860.89,8.1,<0.000,146.81,21.9,7394.19,135121.02,3.1,6795.524,18354.78,2.1,308.023,18314.7,0.9,250.319,2549.48,8.6,13067.075,905099.11,4,12162.32,68169.47,0.7,854202.523,6615084.06,0.5,673035.026,685568.33,2.1,733253.621,5039376.16,1.8,89796.504,6715244.42,3,76889.82,1191534.45,1.2,190879.843,12676550.33,1.5,162139.372,3133729.67,7.9,18038.232,1358921.27,1.3,17202.777,287864.69,1.4,70040.897,888659.13,2,65261.359,201331.34,1,13002.14,141468.53,1.5,12347.028,32637.98,5.6,1963.027,76917,2.4,1751.948,18555.58,2.6,12127.042,143270.9,3.2,10919.575,50297.29,2.3,1550.46,112731.29,2.4,1380.738,35442.09,1.1,8101.814,135879.61,2.9,7739.869,43706.56,3.8,1342.245,92724.66,2.5,1276.458,31829.07,2.1,3671.536,82499.78,0.8,3516.02,28634.74,3.6,469.978,33163.85,2.8,439.25,12702.54,0.5,3249.979,46586.83,3.8,3219.036,19030.28,1.6,438.452,29477.85,4.4,380.856,5820.53,3.1,597.773,10324.35,3.5,592.619,3840.63,8,2005.191,115984.1,2.8,1894.065,64145.9,2.5,1037.432,37029.84,3.8,1023.967,18679.63,1.5,32710.334,172498.63,1.3,30904.245,145657.83,3.4,32696.158,776534.06,0.5,31595.86,690500.53,2,593.101,24023.87,4.2,552.922,10557.94,6.8,40215.324,1725044.89,1.1,38475.834,823352.13,3.6,5759.197,228176.86,3,6133.051,128616.13,3.7,1740766.76,9.5,103.1,656018.58,1.8,101.7
137  Ba  [ No Gas ] :  Concentration value = 122.77 is over the calibration range137  Ba  [ He ] :  Concentration value = 102.19 is over the calibration range138  Ba  [ He ] :  Concentration value = 100.93 is over the calibration range169  Tm  [ No Gas ] :  CPS RSD value = 5.38 is over the allowed maximum = 5.00,FALSE,308SMPL_20250514_Ac Series 575  to 858_rerun .D,15-05-2025 08:32,Sample,,MCS 812,30421.625,681905.6,1.3,37733.926,3413.85,9.1,2752.676,18975.41,4.7,3025.677,333.67,13.5,3748.053,165049.31,1,4446.015,5750.33,5.2,25504.904,1487209.5,1.2,27930.076,117579,0.7,17441.728,1165067.07,1.9,18912.183,133510.66,1.5,3301.97,218333.2,1.6,3583.646,44193.72,2.2,5968.825,119107.48,1.4,6390.366,29572.33,1.8,5677.12,207453.76,1,5871.427,57397.27,2.3,12118.448,295114.23,2.2,12317.407,40378.11,1.6,13345.808,420609.66,1.6,15127.016,20229.06,2.6,207721.901,12791993.69,2.8,181229.648,390767.11,0.4,73431.869,6524527.04,2.6,62517.014,202117.52,0.6,13798.198,1327483.32,1,14130.899,96981.5,1.5,5148.466,286775.8,1.3,5546.569,40592.8,1.2,174.703,6167.65,5.2,216.816,1691.81,13,41.285,5232.01,48.3,<0.000,1251.32,8,49.855,900.94,12.5,2.147,153.49,37.7,4527.551,99115.94,4.5,4690.053,13991.61,0.9,43.224,12538.72,3.9,<0.000,1611.72,5.3,10193.406,832135.5,1.7,10585.045,64597.25,1.4,432147.517,3938059.11,2.3,359733.055,399589.07,1.8,355298.643,2663363.89,0.6,38837.056,3414848.08,2.7,35824.118,604767.18,3.7,84450.484,6596463.14,1.7,70634.458,1487709.69,2.9,7958.757,705679.23,4.2,8301.971,151664.52,3.4,30291.729,452551.38,2.3,31440.501,105651.18,3,6046.292,77597.7,0.9,6365.101,18371.8,4.2,828.174,39200.13,0.6,821.772,9770.26,6.2,5496.493,76602.13,1.4,5271.674,26551.27,0.9,661.336,58313.38,1.9,670.017,19371.01,0.3,3701.357,73353.52,1.9,3624.215,22439.28,2.6,551.68,46442.27,2.1,574.661,16233.43,1.9,1503.969,40194.7,3.9,1531.93,13811.46,2.9,154.019,14763.52,5.4,159.908,5887.3,7.5,1161.393,19962.62,1,1231.306,8144.18,6.1,120.762,11573.68,2.4,117.956,2409.31,7,169.351,4047.34,5.6,175.136,1466.76,10.8,930.966,64457.2,1.6,961.81,36009.33,3,890.249,37441.67,3.2,983.352,19465.01,4.6,37457.923,214556.97,1.3,34163.228,174890.88,2.1,32497.891,906414.96,1.3,35405.562,840435.89,0.7,618.127,29201.75,4.2,656.32,13327.32,3.7,20298.489,1023629.86,2.7,21517.896,501343.92,1.5,3136.504,146876.49,1.4,3595.788,82681.65,2.4,1890363.59,3.2,112,663747.79,1.3,102.9
121  Sb  [ No Gas ] :  CPS RSD value = 5.01 is over the allowed maximum = 5.00137  Ba  [ No Gas ] :  Concentration value = 117.84 is over the calibration range137  Ba  [ He ] :  Concentration value = 100.56 is over the calibration range,FALSE,309SMPL_20250514_Ac Series 575  to 858_rerun .D,15-05-2025 08:36,Sample,,MCS 813,19260.821,408367.11,1.7,22048.333,1892.03,6.9,1440.581,9546.22,3,1592.473,166.83,54.4,6731.93,261424.6,0.5,7502.915,8915.22,5.3,55790.369,3032674.03,2.6,52222.987,206710.86,1.1,38771.552,2135747.99,0.8,40929.046,246163.56,1.7,5455.271,324852.65,3.1,5815.382,64952.05,1.9,13017.045,201831.31,2.2,14338.557,51215.83,1.4,9895.51,322548.12,3,10512.391,91605.14,1.3,27564.924,399901.24,0.4,26147.603,53252.72,1.4,13293.961,393908.91,1.4,16311.531,20566.55,2.3,106761.756,6193683.07,1.4,91937.636,187196.35,1.6,47713.585,4287332.86,2,39307.676,131992.46,3.4,19003.233,1717022.13,3.1,19942.84,128808.51,1.6,6542.172,336628.04,0.9,7094.972,48114.83,1.1,127.827,5439.92,5.4,166.69,1488.25,4.6,<0.000,3317.09,3.1,<0.000,1104.49,8.1,<0.000,470.48,9.7,<0.000,110.11,41.7,3354.594,70731.58,1.9,3589.588,10314.45,3.2,99.465,14108.59,5,53.336,1882.03,10.8,6302.448,486632.3,2.8,6445.026,37318.55,0.5,442472.526,3788890.88,2.5,377609.607,395471.91,1.2,371812.847,2627698.59,1.1,47843.101,3956795.45,3.4,43542.832,692785.6,1.6,98514.147,7230428.99,1.2,84261.29,1672735.29,1.8,9568.905,797904.68,1.8,9686.103,166740.63,1.4,35656.468,500467.72,2.3,37429.565,118532.93,2.7,6716.339,81012.93,2.3,6851.291,18629.11,3.8,1078.588,47570.39,1.6,1034.34,11486.77,3,6088.133,79751.52,2.8,6039.741,28658.17,2.1,780.916,64392.25,2.6,788.479,21346.26,2.8,4524.818,84195.24,2.4,4677.009,27233.54,2.6,816.254,63454,1.7,845.943,22044.79,4,2437.358,60768.29,3,2473.864,20804.77,2.7,318.288,25805.82,2.8,309.051,9579.95,2.9,2258.142,35961.21,3.5,2334.168,14259.11,1.5,281.704,21968.13,0.8,299.312,4832.46,6.4,221.053,4770.94,3.8,225.317,1710.13,8.7,910.092,59422.27,2.7,967.368,34207.29,2.2,482.451,20591.35,4.3,486.884,9930.66,3.4,25449.226,138054.77,1.2,23814.687,115533.32,0.1,22268.653,586444.95,2.3,23732.182,533757.28,0.9,215.138,10868.25,3.2,222.719,5061.05,3.6,17472.055,828403.35,1.7,18661.658,410209.38,0.9,2478.553,109797.37,3.6,2668.255,58312.81,1.5,1894387.83,0.9,112.2,667586.15,1.9,103.5
137  Ba  [ No Gas ] :  Concentration value = 203.98 is over the calibration range137  Ba  [ He ] :  Concentration value = 179.24 is over the calibration range138  Ba  [ He ] :  Concentration value = 190.23 is over the calibration range166  Er  [ He ] :  CPS RSD value = 6.57 is over the allowed maximum = 5.00175  Lu  [ No Gas ] :  CPS RSD value = 5.36 is over the allowed maximum = 5.00209  Bi  [ He ] :  CPS RSD value = 6.07 is over the allowed maximum = 5.00,FALSE,310SMPL_20250514_Ac Series 575  to 858_rerun .D,15-05-2025 08:40,Sample,,MCS 814,38010.438,750689.02,2,45153.938,3634.12,2.4,2853.497,17391.71,1.6,3058.927,300.31,26,13715.818,476184.78,1.1,15495.548,17004.43,2.4,113719.083,5776386.4,0.9,105595.33,393583.77,1.4,99906.478,4764393.36,1.1,91299.08,489418.32,0.8,14629.701,777469.76,2,15383.135,154300.09,0.8,36353.352,462233.08,2.7,38672.139,114263.53,0.7,32029.124,922982.75,1,33709.984,261273.14,0.7,79697.123,730679.33,2.6,75215.279,96397.11,0.9,25059.442,694410.77,1.4,30523.182,36188.9,1.1,216081.147,11740134.74,1.5,183695.474,352307.57,1.5,41116.857,3598614.35,0.3,32262.802,108397.24,0.8,38375.295,3246142.09,2.1,34633.944,210673.9,1.6,13964.55,642756.08,0.6,14653.191,89672.23,1.7,605.475,11025.72,3.6,650.108,2936.61,1.9,57.192,5476.66,2.5,25.119,1731.85,7.1,59.934,910.95,18.8,3.294,153.49,21,7073.803,134499.55,3.2,6974.084,18241.21,1.6,304.717,19250.39,1.1,290.728,2666.29,7.8,12927.314,929240.91,3.3,12747.463,69135.7,0.8,800205.097,6418123.55,2,703153.517,692957.17,1.2,746278.152,4964798.25,2.2,89231.483,6914229.87,2.6,80705.587,1210164.91,1.3,176498.964,12149504.95,2.7,175200.984,3279415.04,2.2,17912.8,1397908.38,0.9,18068.986,292642.28,0.8,67466.851,887657.48,3,68019.117,203055.07,0.4,12925.186,145779.52,2,13504.951,34538.3,1.6,2103.946,85416.38,1.4,2036.898,20797.96,3.3,11867.565,145292.73,1.4,11895.24,53021.27,4.6,1542.35,116352.79,2.5,1490.564,36967.95,2.2,8287.22,143973.33,2.2,8631.735,47166.2,4.8,1379.263,98834.18,0.8,1473.698,35412.2,3.2,3884.877,90329.09,1.5,4066.756,32013.26,6.6,498.609,36422.75,0.3,525.887,14499.62,3,3327.375,49451.22,3.8,3567.803,20387.05,0.4,443.086,30986.32,5.4,458.931,6681.83,4.6,517.493,9386.94,3.4,515.38,3283.78,4.4,1905.813,114462.68,1,1968.661,64504.38,2.4,1000.685,37103.52,1.7,1013.967,17967.93,4.5,32853.756,167725.73,3.7,30552.446,139450.75,1.4,28940.829,712924.98,2,31020.943,656443.76,1.4,595.016,25065.77,4.4,590.954,10891.56,6.1,33777.213,1499606.28,2.4,36784.675,761542.14,2.2,5524.963,226816.1,3.3,6050.367,122919.82,1.9,1856687.37,1.9,110,657790.21,0.2,101.9
88  Sr  [ No Gas ] :  CPS RSD value = 9.30 is over the allowed maximum = 5.00137  Ba  [ No Gas ] :  Concentration value = 201.45 is over the calibration range137  Ba  [ He ] :  Concentration value = 173.50 is over the calibration range138  Ba  [ He ] :  Concentration value = 189.03 is over the calibration range163  Dy  [ He ] :  CPS RSD value = 5.46 is over the allowed maximum = 5.00,FALSE,311SMPL_20250514_Ac Series 575  to 858_rerun .D,15-05-2025 08:44,Sample,,MCS 815,48130.892,983988.29,4.1,54573.906,4592.04,2.4,3142.952,19817.44,0.5,3180.225,327,9.4,15233.683,544936.29,1.1,16487.254,18895.48,1.1,155995.602,8214430.07,1,145566.195,567640.35,0.3,132722.948,6463361.5,1.9,119194.676,659767.39,0.9,24376.611,1325847,1.4,24910.632,258050.15,3.1,53624.538,685994.04,0.6,57576.276,172446.86,2.3,59005.71,1740474.17,2.1,61317.575,490615.81,0.7,127448.567,1078836.39,0.8,116487.735,139249.13,1.5,33012.314,948603.5,2.8,33785.147,41904.61,2.4,205695.548,11599736.01,0.4,170033.93,341333.39,2.1,28266.782,2780527.51,9.3,24613.807,92469.82,0.7,25120.902,2208276.51,1.9,25688.726,163649.61,2.5,16222.789,768826.4,3.1,16710.247,106292.88,2.9,1267.237,19554.23,3.2,1273.901,5049.38,7.1,7.003,4158.17,2,<0.000,1304.71,8.4,83.339,1064.45,3.6,35.722,196.86,22.9,9128.392,178297.41,2.2,9480.984,25634.51,4.8,462.976,23919.44,1.6,389.204,3073.46,3.7,15360.096,1144640.63,0.2,15481.834,87738.25,3.9,756175.038,6293819.67,1.2,651266.091,672163.21,2.2,709558.383,4939275.64,4.1,57706.124,4644048.43,1.1,51506.467,809064.75,1.4,131954.702,9425222.12,1.8,108717.635,2131151.26,0.6,11713.208,949390.25,2.6,12071.388,204987.22,1.4,45328.786,619311.53,2.3,45628.901,142657.95,2.1,8750.734,102559.47,0.8,8882.489,23806.29,4,1376.103,58551.14,3.1,1324.265,14359.28,4.8,8300.951,105589.98,1.1,7807.48,36502.65,2.5,1080.877,85525.6,1.8,1060.861,27885.54,2.5,5874.344,106066.48,3.5,6167.489,35328.52,5.5,1051.937,78829.38,2.9,1069.185,27196.85,2.9,2978.864,72045.63,2.8,3146.474,26003.04,4.4,407.751,31337.28,4.1,409.374,12071.25,2.7,2823.048,43616.34,2.4,2963.878,17783.85,1.7,371.561,27304.02,1.6,373.661,5797.17,6.6,592.121,10978.33,3.1,590.611,3873.96,3.3,2518.073,156028.87,1.8,2602.541,88843.77,3.6,1253.314,47288.21,2,1307.19,23696.74,3.4,35055.537,187139.28,1.6,32527.096,155244.99,1.3,31904.597,814742.24,3.7,33473.194,740577.84,0.2,986.394,41691.12,2.7,964.308,17776.29,3.5,24508.736,1130081.28,3.9,25755.291,558651.07,1.6,5885.667,250342.69,0.5,6581.58,139757.85,1.8,1844158.75,2.8,109.2,659109.1,2.4,102.1
95  Mo  [ No Gas ] :  CPS RSD value = 5.55 is over the allowed maximum = 5.00137  Ba  [ No Gas ] :  Concentration value = 237.42 is over the calibration range137  Ba  [ He ] :  Concentration value = 194.53 is over the calibration range138  Ba  [ He ] :  Concentration value = 213.16 is over the calibration range157  Gd  [ No Gas ] :  CPS RSD value = 5.28 is over the allowed maximum = 5.00172  Yb  [ He ] :  CPS RSD value = 5.12 is over the allowed maximum = 5.00,FALSE,312SMPL_20250514_Ac Series 575  to 858_rerun .D,15-05-2025 08:48,Sample,,MCS 816,49126.659,1030050,1.6,56000.275,4862.41,6.3,2620.74,17000.88,3.3,2769.021,293.63,20.6,16045.939,586385.03,0.2,17337.842,20476.02,2.4,149605.572,8081375.56,1.3,134524.384,541480.59,0.3,126335.77,6313572.12,0.5,113044.861,645935.73,1.7,20326.446,1137440.05,1.5,20643.591,221378.5,3.3,50197.327,659749.39,0.9,52623.33,163131.76,2.3,49721.328,1507741.96,2.3,51279.136,424382.73,1,110366.636,977375.56,1.1,101961.287,128167.96,0.5,32082.707,945605.4,1.8,35519.775,45463.35,1.5,228034.805,13190796.24,1.4,192088.45,397979.34,1.2,37332.802,3485656.81,1.6,28554.042,104620.31,3.3,23870.413,2152720.22,2.4,24226.107,159342.79,2.5,16304.943,790866.94,0.6,16725.75,109582.88,2.8,1228.318,19423.98,5.5,1217.157,4979.28,9.9,10.04,4174.86,2.9,<0.000,1167.89,4.7,70.462,984.36,14.4,23.496,180.18,9.6,8397.217,168524.2,2.1,8751.092,24441.04,3.3,433.165,23197.51,3.3,379.816,3063.43,2.7,14809.826,1132633.94,2.9,15183.99,88793.68,3.5,853483.041,7284290.97,0.9,699304.256,744439.49,2.5,766272.652,5505653.16,2.3,84210.585,6951756.77,2.1,75216.114,1218598.32,0.8,187552.326,13744952.9,3,179677.435,3633166.09,2,16779.42,1394317.92,0.6,16760.418,293279.59,0.7,63720.43,892968.78,3.5,64820.115,209065.29,1.1,11834.249,142049.77,2.5,12035.849,33260.23,1.4,1679.694,72882.81,3.5,1560.655,17315.92,1.6,10926.762,142286.09,5.3,10288.919,49570.21,3.3,1269.534,102344.78,2.5,1216.745,32755.38,1.8,6034.034,111727.97,3.4,6349.98,37550.32,1.4,998.069,76751.63,3.2,1010.871,26558.06,3,2748.336,68237.25,3.9,2913.179,24869.58,2.9,346.109,27614.86,2.9,355.413,10952.45,2.1,2441.509,38772.48,4.6,2619.434,16250.22,5.1,330.971,25137.23,3.5,309.703,5046.09,1.5,610.784,11555.38,0.8,578.181,3903.97,6.2,2412.746,153393.81,2.2,2498.658,87994.9,2.4,1238.106,47842,0.8,1286.36,24031.07,4.9,34819.55,191767.92,1.7,32376.291,159386.85,3.4,32752.206,857305.15,3.2,33654.8,768170.79,1.1,755.072,33128.33,1.6,750.766,14505.42,3.9,36741.869,1735936.04,3.1,38532.295,861854.25,3.2,6549.885,285509.96,1.6,7054.25,154418.91,1.5,1811677.41,2.4,107.3,651287.53,0.9,100.9
137  Ba  [ No Gas ] :  Concentration value = 215.00 is over the calibration range137  Ba  [ He ] :  Concentration value = 185.69 is over the calibration range138  Ba  [ He ] :  Concentration value = 202.49 is over the calibration range175  Lu  [ No Gas ] :  CPS RSD value = 6.07 is over the allowed maximum = 5.00,FALSE,313SMPL_20250514_Ac Series 575  to 858_rerun .D,15-05-2025 08:52,Sample,,MCS 817,39161.891,783998.12,4.7,44821.503,3674.18,10.9,2362.074,14679.2,3.8,2799.263,280.28,16.4,12835.028,453449.55,0.3,14000.941,15671.45,2.7,111238.56,5734209.64,0.9,104926.553,398038.9,1.2,92404.411,4489657.38,1.4,82597.2,452706.05,0.3,14115.573,761734.89,1.1,14816.003,151359.05,0.5,32929.682,428071.43,1.9,34334.252,104279.46,2.6,32385.972,946495.9,2.2,34288.283,270243.53,2.4,100779.811,881318.12,1.6,94106.271,115369.34,0.4,25223.268,708883.7,4,30577.653,36898.07,2,219130.568,12088152.34,2.8,181467.983,354200.47,1.3,104545.685,8087861.63,0.5,88335.517,250195.3,2.1,39590.363,3399553.93,1.5,34894.971,215991.08,2.9,11603.406,546612.78,1.7,12014.802,75536.65,0.9,1291.201,19540.91,1.9,1319.343,5079.41,2,77.125,6024.12,4.1,34.856,1835.3,5.3,443.601,3210.28,5.4,415.729,687.37,8,7425.54,143011.59,1.4,7306.143,19400.74,3.7,284.383,18825.99,3.5,278.094,2646.27,5.5,14190.735,1035142.85,3.2,14272.771,78710.21,2.2,832492.144,6772400.33,1.7,718997.836,721125.03,3.3,784038.237,5307529.83,1.1,101130.389,7955686.75,3,92685.569,1414314.79,2,209981.604,14666139.08,2,204615.319,3897392.4,1.8,20286.263,1606134.11,0.8,21174.547,348917.44,3.3,77339.77,1032295.14,1.4,78519.515,238472.48,2.7,15143.184,173216.39,2.1,15617.947,40629.27,1.3,2257.995,92910.17,3.3,2198.599,22786.69,1.9,14131.039,175415.17,0.7,13793.033,62534.16,1.7,1760.685,134300.66,2.2,1715.186,43070.12,1.7,9121.401,160702.24,1.9,9264.874,51497.08,1.3,1493.614,108388.62,3.7,1548.092,37778.12,0.4,4036.97,95195.75,3.7,4282.668,34281.24,1,529.347,39013.18,4.3,513.378,14422.83,2.3,3504.772,52817.63,2.1,3791.844,22021.49,1.7,479.077,33716.11,6.1,431.812,6428.11,2.3,454.443,8466.25,0.9,437.482,2883.67,5.9,1881.835,114673.56,1.4,1984.219,66142.71,1.2,1075.507,40209.56,2.4,1116.335,19952.97,1.3,39983.817,207341.49,1.5,36305.994,168313.58,3.4,35241.291,879246.46,3,37665.975,809532.7,0.7,679.347,28727.24,3.4,642.093,11925.87,1.4,37539.702,1691474.66,3,41078.847,865424.8,1.8,6610.972,274774.17,1,7208.617,148748.15,4,1860012.83,2.1,110.2,660799.39,1.2,102.4
"95  Mo  [ No Gas ] :  CPS RSD value = 5.79 is over the allowed maximum = 5.00111  Cd  [ No Gas ] :  CPS RSD value = 6.82 is over the allowed maximum = 5.00121  Sb  [ No Gas ] :  CPS RSD value = 5.33 is over the allowed maximum = 5.00139  La  [ He ] :  CPS RSD value = 9.20 is over the allowed maximum = 5.00141  Pr  [ He ] :  CPS RSD value = 7.61 is over the allowed maximum = 5.00147  Sm  [ No Gas ] :  CPS RSD value = 5.47 is over the allowed maximum = 5.00178  Hf  [ No Gas ] :  CPS RSD value = 9.39 is over the allowed maximum = 5.00205  Tl  [ He ] :  CPS RSD value = 10.06 is over the allowed maximum = 5.00209  Bi  [ He ] :  CPS RSD value = 8.92 is over the allowed maximum = 5.00103  Rh ( ISTD )  [ No Gas ] :  CPS RSD value = 29.84 is over the allowed maximum = 5.00103  Rh ( ISTD )  [ No Gas ] :  ISTD Recovery Percent value = 124.76 is outside the allowed range [80.00, 120.00]103  Rh ( ISTD )  [ He ] :  CPS RSD value = 9.78 is over the allowed maximum = 5.00",FALSE,314_QC1_20250514_Ac Series 575  to 858_rerun .D,15-05-2025 08:56,QC1,,QC MES 50 ppb,43.186,3556295.47,3.4,43.302,13927.63,2.9,39.554,990642.05,2.6,44.432,17311.57,3.6,37.469,5204373.34,3.2,37.039,160132.05,0.3,42.412,9062336.73,1.7,40.182,601381.99,2.4,42.066,8222817.62,3.9,39.604,835133.73,0.8,41.63,9027614.72,2.2,39.238,1535452.59,1.7,34.487,1720743.14,4.8,40.123,444403.99,1.2,42.073,4980573.29,2.1,39.772,1210388.26,2.4,33.235,1144440.38,2.9,35.176,157530.19,2.7,45.273,5243160.36,4.4,41.466,197296.57,3,45.753,10454162.31,4.1,41.546,320353.15,1,43.1,13320384.99,3.3,38.784,413057.6,0.3,46.67,16582953.41,2.1,43.246,1055207.03,0.2,45.442,8403877.79,3.2,43.253,1017855.43,1.9,39.092,1977022.86,5.8,43.637,542307.42,1.5,43.717,4737855.16,4.5,41.662,1553807.66,1.9,41.698,1025579.62,6.8,46.034,235597.83,1.3,48.867,3775884.85,0.8,45.471,458236.14,2.4,48.64,5511103.2,5.3,44.388,618784.94,1.2,47.941,14384451.98,3.4,45.319,980922.77,0.7,46.349,1569338.66,4.6,49.877,199209.64,0.6,47.651,1284678.61,1.9,48.387,15757368.23,2.7,48.723,2926356.05,9.2,49.962,14468394.26,2.2,51.523,3877035.06,0,50.351,16500399.6,2.3,50.332,3252542.65,7.6,44.169,2443402.52,2.3,47.321,567180.14,1,43.187,2031368.14,5.5,46.428,475985.2,1.9,51.804,8671514.45,1.7,48.112,1915921.34,1.9,43.951,2252729.51,3.4,48.807,871560.73,1.9,51.999,16066113.23,1.5,55.624,5331036.78,4.1,52.267,3795753.05,2.2,48.871,1068749.09,2.8,51.789,15191299.25,2.5,55.637,5177110.87,3.8,51.515,4973051.19,3.4,49.26,1540127.68,1.7,53.734,15160181.05,1.8,56.413,5638931.03,3.6,45.442,2812677.89,0.9,50.622,1142634.9,2.4,53.549,14308153.18,3,47.624,2503173.86,4.8,50.89,3580613.07,9.4,51.049,1172954.67,0.2,52.099,12888468.14,2.9,54.446,7023326.98,3.1,54.574,7860782.67,1.2,55.315,3584583.76,10.1,52.622,1070089.13,1.2,52.404,952994.67,1.9,54.761,5615257.56,3,51.729,4360643.29,0.3,55.706,9133124.87,1.3,56.451,3744560.57,8.9,56.968,10575016.08,4.8,62.22,5171968.44,1.8,56.149,9556481.08,4,64.257,5175563.28,3.4,2106415.38,29.8,124.8,678236.07,9.8,105.1
71  Ga  [ He ] :  CPS RSD value = 5.36 is over the allowed maximum = 5.0090  Zr  [ No Gas ] :  CPS RSD value = 5.26 is over the allowed maximum = 5.00137  Ba  [ No Gas ] :  Concentration value = 111.77 is over the calibration range140  Ce  [ No Gas ] :  CPS RSD value = 5.02 is over the allowed maximum = 5.00153  Eu  [ No Gas ] :  CPS RSD value = 6.78 is over the allowed maximum = 5.00159  Tb  [ No Gas ] :  CPS RSD value = 5.29 is over the allowed maximum = 5.00208  Pb  [ No Gas ] :  CPS RSD value = 6.30 is over the allowed maximum = 5.00209  Bi  [ No Gas ] :  CPS RSD value = 7.69 is over the allowed maximum = 5.00238  U  [ No Gas ] :  CPS RSD value = 5.18 is over the allowed maximum = 5.00238  U  [ He ] :  CPS RSD value = 5.45 is over the allowed maximum = 5.00103  Rh ( ISTD )  [ No Gas ] :  CPS RSD value = 25.33 is over the allowed maximum = 5.00,FALSE,315SMPL_20250514_Ac Series 575  to 858_rerun .D,15-05-2025 09:00,Sample,,MCS 818,23585.177,498079.16,3.3,28249.007,2476.04,6,2077.296,13586.99,1,2309.423,246.91,13,5115.534,203830.92,2.6,5936,7302.64,2.9,34011.771,1846031.35,4,36790.942,149219.71,3.4,25348.015,1481768.28,4.3,25468.033,166511.17,1.5,4197.944,254145,4.4,4329.101,50800.8,4.3,9256.345,154749.81,3.9,9319.598,37724.39,1.1,5909.821,202565.58,4.2,5937.959,56382.19,3.6,18311.208,333199.5,3.5,16396.31,44743.12,1.4,16062.671,471977.42,4.6,17912.919,23089.89,5.4,158063.802,9162083.35,2.5,134564.633,280000.51,3.4,79817.05,6608468.48,3.7,63570.881,199656.07,2.2,15391.664,1387835.96,1.9,16019.192,105981.88,1.5,5616.618,290603.09,5.3,5680.573,40261.77,1.1,397.41,8851.89,3.9,417.776,2362.58,3.7,61.817,5807.12,2.4,48.103,2035.53,7.1,136.638,1408.16,8.9,71.456,253.59,8.2,4266.144,88193.1,3.1,4423.875,12822.57,1.1,91.752,13954.89,2.6,25.224,1818.62,8.3,8020.568,616420.3,1.8,8311.61,49053.14,2.7,419166.858,3563252.84,4.5,350856.036,376118.23,2.4,344041.953,2489133.88,1.2,39521.394,3260991.52,1.6,34993.338,569699.75,2.9,83110.307,6050784.54,5,70529.007,1433244.6,1.3,8207.373,683328.33,1.7,8291.955,146180.76,0.7,30526.152,425114.94,4.8,30839.901,100000.19,0.4,5873.742,70506.43,3.3,5932.89,16537.35,1.8,945.128,41409.45,6.8,850.157,9770.25,2.4,5262.714,68655.31,3.2,5146.569,25016.61,3,689.628,56771.96,5.3,623.029,17553.15,3.1,3824.592,71142.27,4.1,3981.235,23769.58,1,692.099,54103.92,1.7,679.381,18371.89,0.8,1992.72,49473.97,4.9,2127.44,18368.55,1.1,300.708,24441.77,2.6,284.866,9152.55,3.1,2170.259,34438.73,2.5,2253.583,14098.77,1.2,296.192,22890.84,2.1,281.993,4698.94,1.4,231.241,4931,4.8,224.584,1743.46,15.2,998.776,64748.63,2.6,1077.622,38834.27,3.7,733.223,29682.48,0.6,776.166,15244.75,4.2,31251.431,173113.44,2.2,28240.158,139852.76,2.8,28389.93,740787.56,6.3,29100.108,668025.37,1.1,385.292,17699.69,7.7,365.743,7735.8,1.8,22555.606,1061173.34,4.9,23065.422,518383.18,4.8,4054.071,176348.06,5.2,4320.692,95566.28,5.4,1988942.12,25.3,117.8,682422.16,2.7,105.8
137  Ba  [ No Gas ] :  Concentration value = 138.89 is over the calibration range137  Ba  [ He ] :  Concentration value = 115.32 is over the calibration range138  Ba  [ He ] :  Concentration value = 116.02 is over the calibration range138  Ba  [ He ] :  CPS RSD value = 5.09 is over the allowed maximum = 5.00166  Er  [ No Gas ] :  CPS RSD value = 5.51 is over the allowed maximum = 5.00172  Yb  [ No Gas ] :  CPS RSD value = 5.65 is over the allowed maximum = 5.00207  [Pb]  [ He ] :  CPS RSD value = 5.27 is over the allowed maximum = 5.00232  Th  [ He ] :  CPS RSD value = 6.12 is over the allowed maximum = 5.00,FALSE,316SMPL_20250514_Ac Series 575  to 858_rerun .D,15-05-2025 09:04,Sample,,MCS 819,36741.702,803885.71,2.1,39412.434,3587.41,6.4,5355.212,35758.83,1.1,5046.026,557.24,8.9,4265.649,180070.66,0.1,4859.617,6281.09,1.9,29281.304,1666497.33,2.8,31052.183,131393.88,0.8,19216.52,1225561.76,1.6,19913.08,139853.36,1.5,4218.421,265661.24,2.3,4358.067,52913.98,3.1,7330.915,133697.1,1.7,7792.171,33940.37,1.5,5196.662,187845.69,2.8,5188.861,51879.34,1.4,15595.69,312930.95,1.5,15033.86,43219.96,4.5,15046.928,463398.54,2.8,17312.727,23263.71,0.3,228851.676,13790457.98,2.4,193659.401,419916.88,2,77448.104,6681688.79,1.4,65633.067,211734.91,0.8,36627.405,3434707.11,1.3,32536.531,223800.04,1.4,4174.726,232880.76,3.6,4394.81,33195.36,1.8,126.296,5363.14,2.2,137.202,1414.83,7.8,6.744,4134.81,10.1,<0.000,1501.59,4.2,<0.000,523.87,10.5,<0.000,93.43,12.4,5228.966,111160.77,0.4,5374.419,16002.64,3.4,82.98,13373.7,3.9,38.827,1825.3,6.9,10946.021,872846.91,1.8,11156.435,68431.72,4.4,485350.557,4320336.07,0.6,402989.616,449925.37,2,405407.839,3055258.91,5.1,42537.645,3658657.83,0.6,38565.888,654598.59,1.6,89009.424,6793296.44,1.5,71826.63,1521613.39,1.8,8344.274,723737.59,0.8,8610.918,158156.22,1.9,30746.482,448842.11,0.8,30689.906,103742.9,2.1,6192.278,77662.18,2.8,6325.284,18358.36,1.9,1051.319,48113.2,3.3,1000.257,11824.07,4.8,6302.526,85794.21,2.5,6343.735,32086.5,3.5,1012.871,85575.55,2.1,944.431,26885.68,2.1,6753.042,130050.32,3.7,6788.823,41992.17,1.9,1342.445,106415.99,0.1,1385.54,37583.92,1.6,4324.753,111119.87,5.5,4343.418,38587.85,1.7,580.23,46101.15,2.6,566.934,17382.83,3.1,3874.942,63585.64,5.6,3807.219,24528.71,2.3,482.362,36777.66,0.7,472.179,7670.05,2.6,164.273,3863.95,1.8,158.095,1363.41,5.6,1074.125,72310.56,2.2,1110.334,41593.11,4.9,1051.504,42690.18,1.8,1065.95,21082.61,2.8,39019.209,224667.3,4,35898.636,184797.04,5.3,35054.601,954890.54,0.6,36829.343,878955.25,4.2,634.462,29241.84,1.1,633.434,12966.92,3.2,39396.807,1938611.12,0.7,41668.17,975074.06,6.1,4927.951,224272.12,1.3,5261.681,120930.74,2.1,1834523.96,3.2,108.7,662669.75,0.5,102.7
137  Ba  [ No Gas ] :  CPS RSD value = 11.89 is over the allowed maximum = 5.00153  Eu  [ He ] :  CPS RSD value = 5.54 is over the allowed maximum = 5.00205  Tl  [ He ] :  CPS RSD value = 5.93 is over the allowed maximum = 5.00232  Th  [ No Gas ] :  CPS RSD value = 5.27 is over the allowed maximum = 5.00,FALSE,317SMPL_20250514_Ac Series 575  to 858_rerun .D,15-05-2025 09:09,Sample,,MCS 820,19814.183,402284.98,2.5,21730.772,1795.25,4.3,5306.098,32688.21,3.1,5848.508,583.93,29.5,4306.028,169687.26,0.4,4800.593,5636.83,2.3,30492.048,1599569.89,0.8,32776.935,125094.41,2.1,23497.313,1352134.79,2.5,23507.052,147236.19,2.1,3449.128,206800.7,1.4,3605.871,40779.72,3.9,9730.146,155543.02,1.2,9984.89,37617.07,0.6,6069.243,200551.4,1,6284.376,55933.08,1.8,44619.427,505269.45,0.1,38935.148,64037.37,2,13654.396,387569.81,1.1,15517.338,18818.89,2.9,156554.704,8690675.28,1.7,131536.795,257479.45,3.3,70547.16,5744979.16,2.5,57007.586,172118.93,1.3,18806.872,1627734.19,2.1,19371.689,120446.64,3.7,6421.248,318014.55,2,6828.362,44816.39,1.1,133.585,5396.53,0.6,140.387,1378.13,10.1,<0.000,3934.54,6,<0.000,1318.06,7.6,<0.000,463.81,16.2,<0.000,103.44,27.9,4128.531,82364.65,0.7,4216.822,11546.76,2.4,103.729,13988.32,4,23.835,1758.56,6.7,7743.71,571495.44,0.5,7631.362,42416.26,1,356160.104,2926078.69,11.9,345271.381,348013.18,1.4,332340.42,2260991.46,0.9,43722.018,3463776.28,0.7,39181.472,599559.93,1.2,88677.766,6237895.41,1.5,78776.231,1504450.6,0.9,9182.913,733791.58,3.6,9140.119,151392.37,1.6,33207.747,446506.12,1.7,34753.371,105885.26,1.3,6554.526,75781.3,1.6,6720.674,17589.9,1.3,1052.447,44556.53,2.8,1025.085,10979.15,5.5,5941.505,74638.65,4.2,6083.078,27775.08,2.5,828.155,65314.33,0.7,783.898,20463.8,0.9,4700.779,83805.9,1,4994.748,27952.49,2,808.635,60338.6,1,830.653,20885.01,0.9,2269.23,54298.56,2,2480.466,20072.93,1.5,301.139,23646.08,1.2,294.063,8875.39,5,2125.051,32447.96,3.7,2192.974,12922.97,3.5,265.037,20062.97,2.9,257.088,4108.13,3.5,225.169,4667.56,1.6,221.596,1633.46,5.9,987.214,61666.69,3.2,1037.724,35233.34,2.8,676.024,26538.8,4.5,728.597,13591.2,5.9,32746.787,170386.5,2.4,30218.921,140674.23,4.8,29134.536,733398.87,2.8,30565.335,659243.46,2.4,311.474,14288.4,4.4,291.253,6061.54,5.9,25408.606,1153451.97,5.3,25740.503,543522.69,3,3870.509,162860.35,4.9,4285.166,89239.93,3.6,1873883.68,2.9,111,662646.5,2,102.7
90  Zr  [ No Gas ] :  CPS RSD value = 9.42 is over the allowed maximum = 5.0095  Mo  [ He ] :  CPS RSD value = 5.52 is over the allowed maximum = 5.00137  Ba  [ No Gas ] :  Concentration value = 319.96 is over the calibration range137  Ba  [ He ] :  Concentration value = 276.00 is over the calibration range138  Ba  [ He ] :  Concentration value = 302.37 is over the calibration range140  Ce  [ No Gas ] :  CPS RSD value = 12.14 is over the allowed maximum = 5.00175  Lu  [ No Gas ] :  CPS RSD value = 7.93 is over the allowed maximum = 5.00,FALSE,318_QC2_20250514_Ac Series 575  to 858_rerun .D,15-05-2025 09:13,QC2,,SJS-Std,41400.138,862616.58,3.7,48337.439,4047.99,5.7,1214.617,8023.72,0.9,1717.508,176.84,18.2,8126.696,306750.55,1,9076.764,10504.66,4.1,104549.978,5610920.51,3.2,95820.336,371830.67,0.9,109591.931,5471489,1.6,97958.402,542966.72,0.9,9869.305,560715.5,1.3,10162.082,107535.11,1,61659.221,795860.29,2.7,66800.578,197057.84,1.5,27093.499,826964.31,1.3,28501.151,230650.48,0.8,79195.533,753553.45,2.1,76217.397,99327.88,1.3,13850.389,406368.22,1.9,14319.561,17736.3,3.8,95594.136,5494541.43,1.8,81824.777,163698.47,1,248996.064,18906419.38,0.7,211055.573,568080.06,2.1,13815.657,1237944.25,2.4,14080.111,89486.61,0.9,56478.082,2645923.77,9.4,56102.415,344851.43,2.1,2892.862,40503.12,3,2971.789,10451.32,5.5,281.003,11596.82,1.7,193.107,3317.08,3.4,355.125,2759.73,3.9,351.989,610.63,8.5,1211.677,28563.6,2.8,1325.795,4211.58,8,1245.2,46359.86,1.7,1306.299,6311.21,5,4647.594,357000.64,1.5,4927.798,28135.96,1.9,1168101.97,9885783.72,2,1007610.235,1032644,0.7,1103897.99,7638095.4,1.9,18381.856,1508578.63,1.1,19247.816,301428.37,1.7,39057.197,2848596.78,12.1,37267.894,727679.95,1.9,4217.502,350185.58,1.1,4340.1,73858.15,2.9,16814.9,234317.91,3.9,16938.961,52805.96,4.2,3288.667,39527.9,4.5,3371.401,9065.7,8.6,950.26,41693.79,1.8,783.198,8671.68,2.2,3258.246,42514.5,4.7,3251.454,15261.22,0.8,447.392,37858.01,0.9,425.012,11887.53,2.7,2750.2,51034.83,4.3,3003.96,17282.53,3.3,536.721,42226.8,0.3,519.445,13741.3,3.1,1595.894,39722.88,0.8,1730.712,14406.09,4.3,219.066,18462.21,5,209.744,6795.34,1.8,1638.372,26009.96,3.4,1741.053,10531.68,1.8,221.372,17610.16,7.9,202.07,3403.88,5,2061.567,36677.92,3.3,2206.602,13453.97,1.6,761.677,49575.94,1.7,850.571,29658.8,4.3,505.823,21152.9,1.1,543.086,10658.68,4.5,21090.327,112652.13,3.7,19934.202,95194.23,0.9,19054.636,498103.44,0.9,20004.545,442880.34,2.2,244.532,11922.52,2,239.863,5234.48,5.2,10172.193,478868.86,2.1,10299.971,222946.14,1.2,3235.304,141096.28,2.4,3583.455,76337.91,0.6,1825011.63,2.3,108.1,637332.2,0.9,98.8
137  Ba  [ No Gas ] :  Concentration value = 122.20 is over the calibration range137  Ba  [ He ] :  Concentration value = 102.32 is over the calibration range138  Ba  [ He ] :  Concentration value = 104.39 is over the calibration range147  Sm  [ He ] :  CPS RSD value = 5.38 is over the allowed maximum = 5.00165  Ho  [ He ] :  CPS RSD value = 6.82 is over the allowed maximum = 5.00209  Bi  [ No Gas ] :  CPS RSD value = 5.66 is over the allowed maximum = 5.00,FALSE,319SMPL_20250514_Ac Series 575  to 858_rerun .D,15-05-2025 09:17,Sample,,MCS 821,21916.356,464087.52,1.2,25345.228,2138.98,1.5,2524.452,16432.93,2.2,2633.072,270.27,6.4,5760.028,226856.45,1.3,6923.6,8123.92,4,38380.985,2094879.57,2.7,42328.489,165095.61,1.4,28555.47,1640106.2,1.1,30595.946,186900.83,1.4,4807.238,288962.37,2.4,4962.583,55182.21,2,10706.45,172301.11,0.6,11676.867,42691.09,2,8210.664,271854.55,2.1,8523.091,74407.72,1.2,15162.734,306942.76,0.4,14310.004,40401.59,1.9,15053.843,446045.88,1.2,18633.471,23109.89,3.8,159890.056,9273478.5,0.8,142759.819,285917.96,1.8,64508.993,5509246.76,2,53728.537,166177.58,2,35933.26,3243749.18,0.4,32679.417,207521.43,1.5,7599.751,385642.27,1.8,7985.795,52692.55,1.5,232.613,6695.11,5.4,295.083,1855.33,5.7,<0.000,3811.05,4.1,<0.000,1251.31,4.5,<0.000,527.21,16.1,<0.000,120.12,33.3,5377.361,110135.16,4.4,5766.056,15832.25,4,68.552,12942.83,2,1.999,1625.07,11.2,8639.89,664933.66,1.1,9050.462,51377.98,4,447082.808,3831306.42,0.4,374359.444,386018.81,1.3,381905.5,2657561.42,0.9,58332.554,4826108.93,0.2,53718.049,841249.77,1.3,119285.488,8761501.1,1.4,104329.903,2039505.34,2.3,10793.357,900116.29,0.1,11234.391,190244.69,3.2,40784.815,572740.81,1.8,41913.488,130713.96,2.8,7796.576,94014.86,3.1,8206.483,21957.71,5.4,1224.087,53731.16,2.1,1218.303,13200.19,4,7708.182,100877.18,2.6,7670.934,35773.23,1.4,1150.453,93248.64,3.7,1133.774,29597.85,1.9,7074.54,131215.21,3,7414.782,42323.75,3.7,1316.498,100582.78,4,1459.482,36526.62,6.8,3977.525,98574.74,3.2,4124.827,33862.9,1.3,511.374,39558.78,2,534.346,15257.99,4.4,3476.231,55029.84,2.5,3875.246,23054.42,0.4,431.051,32046.58,3,429.576,6528.27,9.1,287.172,5911.43,5.8,290.756,2063.51,10.1,1106.814,71767.04,1.7,1196.291,41332.02,1.7,738.898,29846.41,2.6,769.389,14516.48,3,34149.515,181804.55,1.5,30438.684,144901.64,2.6,28958.392,760712.12,2.5,31486.009,694929.08,0.6,409.509,18887.98,5.7,440.806,8703.16,7.1,24410.726,1157218.83,2.1,27143.204,586925,1,4525.176,198427.75,2,5080.486,107894.65,3.6,1847396.25,1.2,109.4,640411.05,0.8,99.2
9  Be  [ No Gas ] :  CPS RSD value = 5.82 is over the allowed maximum = 5.00121  Sb  [ No Gas ] :  CPS RSD value = 6.54 is over the allowed maximum = 5.00163  Dy  [ He ] :  CPS RSD value = 6.46 is over the allowed maximum = 5.00175  Lu  [ No Gas ] :  CPS RSD value = 5.05 is over the allowed maximum = 5.00,FALSE,320SMPL_20250514_Ac Series 575  to 858_rerun .D,15-05-2025 09:21,Sample,,MCS 822,17338.157,379747.38,1.1,18917.612,1675.12,4.5,1836.847,12444.78,5.8,1631.489,176.84,29,4162.051,175817.37,2.1,4700.176,5880.52,2.6,28810.219,1627536.13,0.9,32301.754,131773.8,0.7,21327.416,1331452.03,1.2,21864.615,146584.63,0.4,3357.112,215723.32,2,3593.695,43122.66,1.4,8432.741,148283.02,0.9,9263.011,37413.07,1.5,5949.021,210485.94,0.6,6023.177,57129.51,3.4,8709.925,267439.28,2.5,6897.807,34539.38,1.8,12105.588,370287.25,2.6,13453.424,17475.71,4.4,140238.354,8395602.91,2.7,120828.834,252833.12,1.4,55120.402,4961828.4,1.3,46015.887,152675.86,1.9,14222.144,1328558.87,1.8,14752.393,98140.53,1.3,5777.313,309651.49,2.4,6105.632,43064.08,3.5,148.278,5747.03,1.8,187.251,1565,15,<0.000,3247,1.9,<0.000,1254.65,6,<0.000,457.13,7.7,<0.000,73.41,20.8,3642.662,78641.58,2.7,3827.393,11229.48,2.8,86.702,13791.24,6.5,35.818,1811.95,11.3,6414.81,510765.44,1.9,6730.131,40039.32,1.3,307215.35,2721480.76,2.7,310115.166,334394.6,1,301278.101,2191501.14,1.9,29389.735,2509571.19,3.2,31827.925,521189.13,1.1,69937.806,5301490.67,2.4,59551.713,1216227.38,2.6,6575.93,567094.45,1.5,6967.106,123537.04,3,25309.698,366843.07,2.5,25694.261,83766.44,4.1,4881.321,60883.87,0.9,5250.683,14716.66,2.2,948.634,43367.81,1.7,900.285,10334.59,4.5,4742.053,64221.04,3.1,4842.661,23679.32,0.8,657.813,56379.81,2,614.801,17396.23,3.9,3695.728,71125.33,2.7,3952.542,23692.89,6.5,642.199,52003.59,4.2,651.836,17743.72,4.6,1722.062,44577.25,2.9,1901.651,16524.16,3.8,221.063,19357.72,2.2,219.149,7366.23,5,1569.876,25979.73,1.3,1706.041,10812.19,2.2,189.754,16146.67,5,189.502,3383.86,9.9,203.014,4560.86,5.4,222.746,1730.13,6.8,902.249,60738.39,2.1,926.89,33719.21,1.5,604.066,25696.05,3.1,637.443,12819.6,4.6,28774.021,160247.81,1.4,25805.564,128600.87,1.7,25550.023,693227.89,1.3,26796.484,618939.71,2.4,340.973,16534.64,0.9,333.264,7152.1,2.3,17186.468,841315.93,1.6,17710.071,400468.67,0.1,5611.992,253102.28,2.4,6438.922,142422.95,2.8,1889824.72,4.1,111.9,663078.69,2.6,102.8
9  Be  [ No Gas ] :  CPS RSD value = 5.83 is over the allowed maximum = 5.00137  Ba  [ No Gas ] :  Concentration value = 107.90 is over the calibration range139  La  [ No Gas ] :  CPS RSD value = 9.64 is over the allowed maximum = 5.00169  Tm  [ No Gas ] :  CPS RSD value = 7.63 is over the allowed maximum = 5.00,FALSE,321SMPL_20250514_Ac Series 575  to 858_rerun .D,15-05-2025 09:25,Sample,,MCS 823,22057.831,463153.83,3.1,24756.515,2135.64,1.6,2319.389,15023.25,5.8,2774.671,290.29,21,5397.771,213216.25,1.4,6215.012,7502.94,1.2,36424.801,1973970.33,2.2,38172.86,152225.43,1.1,28728.741,1643822.63,0.3,29472.204,185710.04,1.6,4267.022,258036.65,1.6,4332.094,50033.6,1,9769.184,160701.1,0.7,10492.087,40568.92,2.9,7153.294,239206.57,1.8,7080.906,64704.43,0.7,18000.685,331294.56,1.5,15720.184,43614.95,0.5,14116.917,414962.02,0.8,16011.023,20315.91,4.1,158695.11,9128240.55,1.4,134099.17,274447.63,0.6,58763.922,5069287,0.6,47391.394,154187.33,1.3,21606.452,1936397.65,1.4,21752.709,141317.48,1.2,7460.395,376991.85,1.3,7789.722,52769.29,2,279.54,7369.49,5.2,276.32,1865.34,7.4,<0.000,3801.04,5.7,<0.000,1344.76,5.6,58.461,934.3,5.9,16.943,176.84,8.6,5000.212,102064.59,1.2,5066.212,14332.33,3.9,84.714,13677.68,2.6,3.553,1725.18,9,8943.21,682454.23,1.5,9019.21,52329.38,2.4,408680.378,3474822.23,1.7,341331.543,359864.1,1.8,330786.988,2353969.91,2.7,36145.528,2966664.17,9.6,35619.563,570360.06,1,82136.146,5985175.19,2.8,70447.604,1407844.67,2.4,8265.024,684302.95,2,8277.007,143474.35,1,30661.986,427235.58,1.7,32045.191,102138.69,3.4,6555.352,78467.64,2.1,6446.828,17650.04,3.7,1058.391,46374.88,2,1097.211,12224.83,1.9,6496.463,84383.1,2.9,6216.676,29681.44,3.2,921.106,74800.3,4,891.554,24110.59,3,5263.624,97051.33,0.5,5465.193,31962.69,1.7,934.764,71730.1,2,971.737,25310.87,2.9,2516.372,62229.93,0.3,2600.901,21981.26,1.4,314.97,25384.77,7.6,326.082,10104.21,2.1,2220.433,35107.9,2.2,2302.357,14158.93,1.9,263.087,20570.94,3.6,254.177,4241.65,10.3,280.67,5781.37,5.8,268.162,1983.5,0.8,1021.312,65915.31,1.3,1045.875,37118.99,1.1,714.543,28826.07,1.4,733.023,14252.63,3.5,31799.164,173144.85,1.4,28599.759,139208.05,3.8,27773.524,723985.26,1.1,29366.464,662863.57,0.6,392.795,18113.53,3.6,372.082,7725.81,2.9,22793.457,1071580.88,1.6,24073.969,531978.74,2.1,4710.641,204856.24,3.4,5009.654,108711.15,4.9,1896264.34,1.3,112.3,677381,1.5,105
137  Ba  [ No Gas ] :  Concentration value = 101.45 is over the calibration range137  Ba  [ No Gas ] :  CPS RSD value = 8.33 is over the allowed maximum = 5.00147  Sm  [ He ] :  CPS RSD value = 5.15 is over the allowed maximum = 5.00153  Eu  [ He ] :  CPS RSD value = 5.12 is over the allowed maximum = 5.00159  Tb  [ He ] :  CPS RSD value = 5.31 is over the allowed maximum = 5.00175  Lu  [ No Gas ] :  CPS RSD value = 6.35 is over the allowed maximum = 5.00,FALSE,322SMPL_20250514_Ac Series 575  to 858_rerun .D,15-05-2025 09:29,Sample,,MCS 824,14475.104,316536.69,4.3,16866.077,1514.93,13,1798.615,12127.48,2.3,2300.274,250.25,21.2,3774.239,161199.14,1.2,4447.56,5663.54,3.5,25116.27,1415099.79,1.6,27415.927,113456.03,0.9,19352.014,1229288.83,1.4,19593.908,135999.79,1.4,2851.648,186399.64,2.7,3006.371,37439.78,0.8,6083.144,117942.72,3.2,6196.665,28876.77,1.6,6137.855,215371.18,1.7,6173.689,59210.3,1.2,7221.268,256884.29,1.5,5608.06,33913.71,0.9,11248.039,342517.77,3.3,14474.628,19012.66,3.7,141162.093,8401095.7,1.8,116365.619,246810.45,1.3,63704.241,5590192.29,1.7,51284.325,169112.69,3,19772.287,1833981.8,0.6,20110.766,135345.65,1,4980.468,269779.81,2,5331.3,38650.24,1.2,165.523,5977.36,4.5,172.374,1544.98,4.3,<0.000,3961.26,3.9,<0.000,1207.94,7,<0.000,360.37,17.3,<0.000,76.74,32.8,3542.856,76257.88,2.1,3559.956,10648.42,0.6,62.707,13099.78,1.2,48.443,1898.71,9.2,5592.732,443990.56,1.5,5682.854,34340.58,0.6,370916.032,3263912.46,8.3,330246.746,360545.39,1.3,317197.754,2338180.68,0.8,51070.08,4335369.96,2.7,46023.723,762786.9,1.3,110322.815,8314347.91,1.1,93123.704,1926636.17,1.2,11118.466,951295.57,2,11362.807,203545.77,3.6,43926.687,632887.69,1.4,44338.923,146344.22,2.8,8797.734,108780.86,3.7,8740.748,24712.22,5.1,1001.396,45440.55,0.8,966.184,11216.24,5.1,7902.379,106071.92,2.8,7885.239,38888.94,3.5,1034.289,86370.05,0.8,957.188,26685.04,5.3,5374.133,102463.95,3.7,5604.712,33923.25,2,894.595,71069.25,2.5,899.337,24324.62,3.7,2337.394,59842.76,1.8,2526.755,22111.68,2.3,280.908,23682.9,4.4,272.764,8952.21,3.9,1986.267,32531.61,2.2,1980.824,12659.11,3.2,234.888,19220.83,6.3,225.608,3957.93,6.8,176.207,4070.7,11.9,167.225,1403.42,9.3,1517.21,100061.27,3.2,1549.182,56280.81,0.9,579.816,24689.53,1.7,598.936,12315.21,1,30198.208,170252.64,2.8,26905.191,135770.92,0.8,27254.367,735024.71,2.8,28087.395,656693.57,0.9,259.199,12986.95,3.9,254.029,5821.41,8.1,37919.867,1842239.64,3.6,39277.54,898090.88,2.2,3681.111,166115.72,1.8,4022.946,90764.93,2.3,1893988.99,1.2,112.2,677611.46,3,105
9  Be  [ No Gas ] :  CPS RSD value = 5.41 is over the allowed maximum = 5.00137  Ba  [ No Gas ] :  Concentration value = 110.70 is over the calibration range147  Sm  [ He ] :  CPS RSD value = 5.47 is over the allowed maximum = 5.00175  Lu  [ No Gas ] :  CPS RSD value = 6.01 is over the allowed maximum = 5.00181  Ta  [ He ] :  CPS RSD value = 5.37 is over the allowed maximum = 5.00209  Bi  [ He ] :  CPS RSD value = 5.06 is over the allowed maximum = 5.00,FALSE,323SMPL_20250514_Ac Series 575  to 858_rerun .D,15-05-2025 09:33,Sample,,MCS 825,27674.093,581610.69,2.1,32484.133,2799.76,5.6,2544.826,16493.09,5.4,2729.416,286.96,20.1,3322.834,141184.08,1.3,3752.271,4692.19,2.1,22198.487,1216432.01,0.5,23594.627,94562.52,2.6,15275.852,1004339.21,2.6,15294.042,108786.95,0.2,2776.239,177365.02,2.1,2819.96,34401.97,1.2,5340.977,106229.72,1.6,5290.326,25573.39,1,4451.946,159502.06,0.7,4503.643,44033.44,1.9,8803.146,265384.79,1.1,7080.248,34944.06,1,12753.821,376522.42,0.6,14937.655,18989.29,4.7,191235.031,11035720.74,1.7,162022.005,332115.4,2.3,73316.145,6146904.62,0.8,61925.669,192325.04,0.9,17401.637,1566853.68,3.5,17637.553,114902.8,3.9,4270.175,229369.24,0.7,4454.337,32022.46,1.5,120.641,5319.75,5.7,90.84,1247.98,3.8,<0.000,3190.26,1.8,<0.000,1037.75,7.1,22.024,704.06,7,<0.000,123.46,9.4,4546.232,93558.3,0.9,4874.422,13837.98,1.3,25.859,11924.15,2.8,<0.000,1541.64,1.1,9656.458,738841.16,0.3,10078.192,58498.68,2.5,415007.027,3540593.83,0.6,347050.506,366496.6,2.1,335759.343,2393003.22,2,26342.149,2171780.43,1.3,28041.671,450164.08,1.5,65839.699,4814911.17,1,55087.738,1103151.49,1,6434.265,535528.98,1.6,6641.625,115539.91,2.6,25177.688,352232.84,1.7,25862.103,82645.32,3.6,5506.138,66228.82,0.6,5633.974,15471.7,5.5,881.731,39069.5,0.9,842.532,9543.2,2.4,5461.25,71306.57,1.6,5309,25424.42,2.6,761.795,62628.69,4.1,772.889,21118.89,1,4476.178,82956.09,1.3,4676.388,27440.76,3.3,742.013,57703.66,1.3,785.775,20734.61,0.9,2071.372,51570.92,3.2,2171.342,18455.48,3.6,249.961,20838.31,2,243.178,7900.43,2.5,1781.322,28384.04,1.5,1867.91,11580.34,0.7,198.894,16283.67,6,195.75,3420.58,8.8,139.166,3320.45,1.8,141.528,1210.06,9.5,1003.737,65027.08,3.7,1003.334,35704.9,5.4,896.222,35473.71,2.5,917.826,17466.7,4.8,36757.205,200177.36,2.5,33379.576,162586.1,4.3,33435.661,873180.66,3.6,34662.808,782566.22,0.9,646.972,28660.34,1.9,638.142,12416.35,5.1,18291.342,863483.48,1.9,19280.59,427110.9,3.7,3801.632,166345.03,1.9,4030.679,87988.46,2.8,1883603.97,1,111.6,671694.3,0.8,104.1
121  Sb  [ No Gas ] :  CPS RSD value = 5.82 is over the allowed maximum = 5.00137  Ba  [ No Gas ] :  CPS RSD value = 11.39 is over the allowed maximum = 5.00147  Sm  [ He ] :  CPS RSD value = 5.97 is over the allowed maximum = 5.00169  Tm  [ No Gas ] :  CPS RSD value = 6.70 is over the allowed maximum = 5.00205  Tl  [ No Gas ] :  CPS RSD value = 5.93 is over the allowed maximum = 5.00,FALSE,324SMPL_20250514_Ac Series 575  to 858_rerun .D,15-05-2025 09:37,Sample,,MCS 826,25829.803,514345.86,2.3,28605.229,2429.32,12.5,2470.414,15176.91,3,2643.671,273.61,12.8,3470.569,138911.47,0.6,3937.662,4835.73,4.8,24238.782,1255337.69,1.5,24483.301,96663.02,2.9,17972.736,1076803.6,0.4,17601.616,119912.93,2.5,3048.915,182327.35,0.4,2986.935,35686.66,0.9,5555.741,103668.4,2.1,5775.242,26726.87,3.2,5732.548,187394.03,0.4,5424.958,50807.45,2.7,3530.401,218973.19,0.8,1857.409,29830.05,2.3,12627.624,352881.28,0.9,13509.109,16934.44,3.1,181529.718,9914595.24,0.9,152736.342,308505.36,0.7,73290.613,5827402.21,1.1,59158.681,182844.91,1.4,12068.265,1030201.8,1.9,12112.027,77948.87,0.5,3993.222,205362.63,1.5,4016.199,28935.3,3.4,19.103,3861.11,5.8,42.156,1087.81,15.7,<0.000,3086.81,0.9,<0.000,1084.46,3.7,<0.000,213.55,16.5,<0.000,43.38,26.6,3996.115,78520.87,2,3934.683,11172.75,3.5,30.893,11583.5,5.8,<0.000,1688.47,12.7,8813.411,638910.17,1.6,8807.534,50463.37,4.4,379489.076,3061349.48,11.4,349495.13,363576.54,2.5,338093.174,2375440.19,3.3,22711.523,1773482.18,2.4,22473.424,355688.41,1.2,52033.196,3602038.82,3.6,43204.213,853276.9,2.6,5168.61,407961.88,2.7,4941.645,84944.6,0.9,19541.736,258934.9,0.3,19159.28,60427.85,4.4,3819.247,43642.03,2.5,3760.122,10214.38,6,950.51,39758.99,0.5,902.488,10044.07,3.9,3619.592,44918.21,2.8,3512.577,16664.41,1.7,501.27,40127.57,1.9,443.466,12548.87,4.6,2893.482,51068.41,1.7,2879.298,16778.04,2,493.415,37286.13,4.3,465.999,12645.72,1.5,1394.063,33174.01,2.5,1452.327,12311.71,0.4,157.872,13571,6.7,143.253,5186.28,2.5,1233.995,18799.68,3.9,1156.499,7216,1.2,126.852,10852.26,2.2,114.414,2259.14,3.2,130.95,3020.37,3.8,128.407,1120.05,9.1,867.813,53558.96,3,846.297,29896.13,1.8,805.883,30501.96,5.9,821.199,15592.22,3.6,34288.136,184100.98,3.2,31588.597,151694.75,1.7,33401.773,825991.46,3.5,32658.06,726877.21,1.7,412.892,17999.95,1.5,413.001,8339.53,6,12949.121,579439.7,0.7,12320.925,269441.4,3.5,2864.015,119258.3,1.7,3090.864,66847.04,4.5,1811480.81,2,107.3,672435.46,1.8,104.2
137  Ba  [ No Gas ] :  Concentration value = 113.46 is over the calibration range153  Eu  [ He ] :  CPS RSD value = 5.81 is over the allowed maximum = 5.00165  Ho  [ He ] :  CPS RSD value = 7.61 is over the allowed maximum = 5.00172  Yb  [ He ] :  CPS RSD value = 6.70 is over the allowed maximum = 5.00181  Ta  [ He ] :  CPS RSD value = 5.79 is over the allowed maximum = 5.00232  Th  [ He ] :  CPS RSD value = 5.24 is over the allowed maximum = 5.00,FALSE,325SMPL_20250514_Ac Series 575  to 858_rerun .D,15-05-2025 09:41,Sample,,MCS 827,18625.181,385851.43,3.8,24120.195,1995.48,7.4,1545.784,9976.96,1.7,1881.428,190.19,19,6845.138,259555.19,0.9,7915.644,9068.82,2.5,53853.678,2858543.34,2.1,50892.237,194456.23,1.9,40689.605,2179746,2.9,44077.738,254430.81,0.6,5393.935,314210.17,4,5681.777,61442.14,0.9,13182.156,199837.19,4.8,14628.878,50425.53,2.3,9149.356,293545.73,3.8,9849.951,83463.73,2.4,20276.427,343677.62,1.4,19799.4,45935.15,3.1,13856.468,400567.83,4.1,17768.486,21609.37,1.1,102047.318,5779268.24,0.8,91936.926,180762.45,2.3,54511.453,4689235.7,2.3,44501.838,140965.7,1.9,21670.619,1910246.55,1.8,22560.039,140647.06,2.5,7546.725,375128.99,2.3,7894.89,51260.18,4.2,136.392,5480.01,10.6,160.493,1431.51,9.8,<0.000,3240.35,6.3,<0.000,1054.43,9.7,<0.000,276.95,20.6,<0.000,60.06,16.7,3287.016,67855.82,1.8,3285.106,9192.51,2.4,91.109,13747.82,4.7,65.602,1892.04,10.6,6377.22,480540.63,2.8,6608.924,36930.39,2.1,434038.245,3629566.34,2,374420.13,378550.61,2,362963.93,2475460.47,2.5,65937.75,5320260.06,2.7,61262.455,940499.8,2.9,137033.625,9817983,2.3,115386.628,2209871.23,3.2,13166.394,1070407.21,1,13856.872,229909.13,3.2,49923.275,683590.78,2.6,51600.848,157666.35,2.7,9475.679,111363.85,1.2,9848.83,25795.42,1.8,1427.73,60894.39,1.5,1386.456,14676.64,5.8,8254.487,105375.54,4.2,8150.676,37242.56,0.6,1002.893,79842.44,1.8,983.953,25401.03,3.2,5424.054,98380.46,3.2,5740.569,32196.96,2.4,927.936,70105.26,2.3,961.85,24037.17,7.6,2663.058,64748.77,2.4,2905.992,23525.72,1.9,336.089,26484.52,3,334.973,9933.89,1.8,2394.931,37199.34,1.5,2513.741,14807,6.7,302.02,22840.48,1.2,310.977,4832.45,4.8,257.965,5304.49,4.9,256.212,1836.81,3.5,874.752,55899.52,2.2,924.67,31637.08,5.8,463.259,19478.45,3.6,474.33,9406.38,3.2,25649.759,134342.07,4,24339.043,113931.03,1.8,23184.323,596064.45,3.1,24723.698,536558.92,2.4,212.5,10534.58,4.9,212.966,4747.61,6.9,26359.302,1218834.83,2.2,28927.224,613151.24,5.2,3455.612,148485.62,3.5,3912.744,81833.74,2.1,1884139.87,1.7,111.6,656519.87,2.4,101.7
7  Li  [ No Gas ] :  CPS RSD value = 5.63 is over the allowed maximum = 5.00139  La  [ He ] :  CPS RSD value = 12.01 is over the allowed maximum = 5.00165  Ho  [ He ] :  CPS RSD value = 5.41 is over the allowed maximum = 5.00178  Hf  [ No Gas ] :  CPS RSD value = 9.75 is over the allowed maximum = 5.00205  Tl  [ He ] :  CPS RSD value = 9.25 is over the allowed maximum = 5.00209  Bi  [ He ] :  CPS RSD value = 8.99 is over the allowed maximum = 5.00,FALSE,326_QC1_20250514_Ac Series 575  to 858_rerun .D,15-05-2025 09:45,QC1,,QC MES 50 ppb,41.033,3360090.83,5.6,42.225,13847.52,1.8,39.662,988401.19,2.3,43.631,17334.9,3.1,40.217,5558370.05,0.1,38.031,167397.1,1.5,43.743,9278416.35,1.9,40.6,619102.92,0.4,42.61,8294244.68,2.3,39.022,838478.79,1.5,43.097,9288320.63,2,38.905,1550637.62,1.2,35.26,1754260.51,0.3,39.139,441997.77,1,43.305,5094474.69,0.9,39.469,1223337.56,1.6,34.501,1172818.89,0.1,34.449,157947.94,0.7,45.734,5280064.45,0.6,40.745,197137.19,1.3,46.699,10611878.99,1.4,40.977,321862.18,1.8,43.635,13402695.64,1.4,37.893,411668.41,2.1,47.111,16640829.2,1.9,42.274,1050791.1,3,46.588,8580210.71,2.3,41.884,1005036.99,1.7,40.019,2023372.39,1.7,43.365,549103.28,1.2,42.251,4567903.23,4.1,40.392,1534469.16,4.3,43.68,1077229.37,3.5,43.741,227939.61,4.2,48.592,3714727.44,1.8,44.779,459579.37,2.7,49.903,5644771.03,1.5,43.606,618987.23,2.9,47.744,14253386.33,1,45.049,992915.84,2.3,47.297,1596965.41,2,47.654,193896.74,1.1,47.083,1291334.25,1.2,49.498,16025075.53,1.4,48.784,2988845.83,12,49.265,14165410.44,1.8,49.632,3801547.39,3.1,50.012,16274615.48,0.4,52.579,3475834.9,1.3,42.685,2345062.31,1.2,45.553,556213.78,1.7,43.614,2048340.79,2.6,47.037,490805.44,1.1,50.264,8345122.43,2.5,45.875,1862125.98,3.4,44.656,2276238.38,1.4,48.806,886610.75,2.8,49.271,15098409.27,2.1,52.699,5152384.69,1.9,53.245,3842707.61,1,48.293,1073653.66,1.3,49.21,14310022.97,3.7,53.647,5087251.22,5.4,52.414,5039338.31,1.3,48.137,1531807.28,1.9,52.193,14627147.6,1,54.726,5579266.99,2.5,44.98,2754966.02,4.8,48.623,1116881.47,2.2,52.784,14028859.3,2.5,47.427,2544298.16,2.2,50.103,3437435.16,9.7,49.672,1162374.02,3.2,52.146,12830563.56,3.5,54.25,7134562.81,2.6,53.437,7612846.61,1.6,54.93,3645703.94,9.3,51.864,1073534.08,2.8,50.845,940744.91,1.6,54.226,5527531.29,3.5,50.541,4336981.76,1.4,53.634,8719784.66,0.8,51.877,3505847.55,9,56.149,10398562.34,2.7,59.42,5023332.09,4.7,54.585,9266043.15,2,62.001,5096101.22,3.4,1980003.81,4.2,117.3,686903.94,3.4,106.5
71  Ga  [ He ] :  CPS RSD value = 6.10 is over the allowed maximum = 5.0090  Zr  [ He ] :  CPS RSD value = 28.71 is over the allowed maximum = 5.00137  Ba  [ No Gas ] :  Concentration value = 114.33 is over the calibration range166  Er  [ He ] :  CPS RSD value = 5.04 is over the allowed maximum = 5.00,FALSE,327SMPL_20250514_Ac Series 575  to 858_rerun .D,15-05-2025 09:50,Sample,,MCS 828,26890.535,569829.02,1.6,32167.308,2743.02,11.3,2816.954,18357.33,1.6,2505.004,260.26,10.2,3799.71,159129.63,2,4624.65,5626.82,4.5,26338.303,1450199.52,1,28405.237,112268.44,2.6,18169.33,1152565.87,1.9,20186.329,133755.09,1.9,3737.03,231707.04,2.5,3836.134,44404.63,2.2,6774.754,124989.28,1.9,7742.383,32267.98,2.8,4894.896,174105.62,1.3,4895.628,46624.81,3.3,8720.39,267379.58,0.3,8769.002,36222.22,1.7,12999.229,386692.15,0.6,14862.501,18651.81,6.1,189413.366,11016090.28,1.7,162801.995,329658.76,1,64540.475,5550872.55,3.8,54473.646,170711.22,1.8,13512.69,1227021.01,3.7,14005.465,90256.7,1,6160.655,320230.29,4.3,8015.562,53509.09,28.7,109.733,5226.29,2,134.729,1378.12,15.8,57.518,5683.62,6.8,38.042,1888.71,9.1,5.937,610.63,16.6,<0.000,106.77,10.8,4623.532,95830.07,0.9,4690.974,13183.31,2.3,72.554,13387.09,3.9,49.539,1862,12.4,9602.16,740202.18,2.3,10020.897,57446.79,2.7,429681.132,3693722.69,1,361417.858,376909.85,0.8,351842.236,2476450.73,2,30191.949,2506924.12,2.9,31650.452,501652.59,1.2,74198.754,5466912.13,1.5,63139.852,1248724.46,1.5,7216.728,604755.67,1.9,7501.896,128771.43,0.9,27310.106,384925.71,1,27991.141,88344.88,1,5903.906,71499.56,3.3,5987.137,16230.02,3.7,852.125,38109.06,2.2,826.059,9259.38,3.5,5476.336,72030.67,2,5209.089,24648.84,0.4,697.436,58075.96,1.2,662.921,18097.85,2.7,3597.284,67334.69,4.4,3790.532,22034.69,0.6,562.72,44804.63,2.3,575.212,15341.46,4.4,1449.837,36670.51,2.9,1554.367,13180.17,5,153.466,14085.39,1,147.463,5293.11,2.2,1158.472,18816.36,4.9,1161.987,7262.75,8,115.717,10768.82,4.9,123.791,2385.96,2.9,254.039,5371.19,1.6,249.872,1846.81,14,939.37,61498.88,1,1040.203,36557.15,4.8,886.318,35396.65,0.7,946.68,17743.96,2,35239.238,189711.65,1.8,32567.398,156683.42,1.5,30927.522,814454.43,1.3,32949.037,735141.68,0.5,525.471,23829.91,1,518.188,10180.95,0.9,20012.48,952195.22,3.2,21771.788,476482.36,4.2,4128.657,181865.15,0.2,4589.13,98703.08,4.3,1903705.95,2.5,112.8,665337.46,2,103.1
137  Ba  [ No Gas ] :  Concentration value = 112.96 is over the calibration range169  Tm  [ No Gas ] :  CPS RSD value = 5.58 is over the allowed maximum = 5.00178  Hf  [ No Gas ] :  CPS RSD value = 5.23 is over the allowed maximum = 5.00,FALSE,328SMPL_20250514_Ac Series 575  to 858_rerun .D,15-05-2025 09:54,Sample,,MCS 829,28855.767,605414.23,0.7,34462.811,2929.92,8.7,3081.983,19870.9,2.3,3033.881,313.65,9.8,5542.632,218783.64,1.2,6658.734,7916.93,3.2,38943.263,2112299.13,1.6,42356.897,166800.51,1.5,26891.322,1560664.57,0.5,28903.983,180523.58,2.2,5182.957,308617.03,0.9,5350.758,59870.31,2.5,9896.016,162679.84,1.9,10863.132,41161.17,2.3,12408.602,395670.62,0.6,13185.276,112336.6,0.8,11152.317,284459.19,1.7,10299.303,37952.09,1.2,14830.122,436682.83,0.4,17995.726,22531.69,1,186766.736,10760229,1.9,160126.158,323679.83,2,76472.901,6380237.96,1.3,63287.141,193569.18,0.7,22055.822,1980231.28,2.2,22879.791,146853.51,2.4,15037.931,730452.49,1,15826.579,101565.68,1.8,707.765,12865.88,3.4,794.699,3534.02,0.7,12.997,4461.91,1.1,6.72,1595.03,7.7,<0.000,383.73,22.2,<0.000,90.09,29.4,4662.497,95716.2,2.7,4807.06,13477.24,1.3,103.982,14298.95,2.7,63.175,1925.41,4.7,9362.114,715762.17,2.5,9345.641,53532.39,2.6,429410.878,3657369.04,1.1,373573.672,388879.79,1.6,347105.827,2438819.14,2.7,57597.543,4734760.6,0.8,51998.859,822035.5,2.8,122306.449,8928536.68,2.3,101512.189,2002057.17,4.7,11918.744,987698.48,2.9,12141.728,207538.75,3.4,45252.483,631568.74,1.5,45353.6,142688.73,3.4,9050.644,108387.24,1.5,9422.953,25434.43,3.1,1285.283,56040.88,0.9,1249.914,13674.43,0.5,8471.88,110129.54,2.1,8118.521,38206.36,2.5,1086.019,87763.61,1.8,1045.014,27698.35,3.5,5755.645,106275.1,1.1,5613.406,32417.76,2.5,932.94,71736.37,2.6,947.242,24411.61,4.9,2591.421,64201.49,1.1,2637.691,22014.79,3.4,303.567,24672.42,5.6,304.572,9423.03,8.4,2182.342,34586.02,0.5,2188.582,13317.14,3.7,258.991,20360.4,4.7,278.071,4518.68,4.4,527.024,10084.13,5.2,549.774,3657.23,6.7,1359.712,87182.7,2.3,1426.925,49592.75,4.6,890.07,35249.39,3.2,934.423,17526.77,4.4,35357.137,190009.81,2.2,32103.45,154198.1,2.9,31459.862,821066.15,2.1,33642.246,749226.92,0.6,655.432,28984.47,1.4,655.722,12559.81,1.9,28116.516,1324261.16,2.4,30044.092,655438.5,2.5,5328.51,231794.8,1.3,5771.12,123568.78,1.5,1907947.27,2.9,113,671643,1.3,104.1
137  Ba  [ No Gas ] :  Concentration value = 108.92 is over the calibration range137  Ba  [ No Gas ] :  CPS RSD value = 12.67 is over the allowed maximum = 5.00169  Tm  [ No Gas ] :  CPS RSD value = 6.85 is over the allowed maximum = 5.00,FALSE,329SMPL_20250514_Ac Series 575  to 858_rerun .D,15-05-2025 09:58,Sample,,MCS 830,25218.637,536334.3,2,26951.35,2446.01,7.5,2770.78,18110.01,1.5,3204.372,353.69,22.9,2944.988,128246.5,2,3493.657,4605.41,3,20266.406,1124276.57,2.6,20472.438,86375.89,0.2,13003.236,893226.38,2.5,12710.747,98410.39,2.9,2441.851,159668.88,1.8,2451.497,31913.3,2.6,4329.48,92908.21,1.7,4110.8,22822.37,2.7,4762.548,169397.31,1.3,4550.577,46336.8,1.1,5456.023,234821.49,1,3412.647,31582.31,2,12722.966,379882.81,2.3,14509.789,19403.66,1,190452.189,11117651.42,1.4,158223.167,341156.22,1.5,72772.957,6140923.85,0.6,57851.904,189636.43,2.1,17909.041,1630613.01,1.4,17944.378,122962.36,0.8,4089.683,222063,1.4,4294.875,32433.42,1.8,55.494,4351.75,6,59.644,1157.88,5.6,<0.000,3667.54,9.7,<0.000,1254.65,6.2,<0.000,367.04,13.7,<0.000,80.08,43.3,4084.701,85313.68,1.5,4107.023,12358.3,2.3,51.93,12284.85,3,29.561,1815.28,5.2,9731.012,752735.29,1.1,9551.303,58327.63,1.2,388985.679,3362599.48,12.7,342377.505,380336.23,1.2,333835.719,2502719.34,1.2,41840.387,3485673.08,0.5,36769.846,620418.38,1,87898.704,6504156.88,4.8,71512.081,1505947.2,0.8,8727.638,733358.85,3.7,8743.353,159612.2,3.2,32725.94,462915.38,2.1,32301.688,108538.59,2.2,6751.324,82006.75,1.8,6762.999,19507.93,2.5,945.025,42135.85,1.6,897.878,10625.15,4,6373.21,84053.99,1.9,6377.397,32072.96,4.3,883.826,72822.87,2.2,800.36,22880.53,3.9,4754.282,89053.93,2.2,4732.175,29196.62,2.9,741.405,58200.41,1.2,741.798,20604.3,0.9,2057.931,51798.83,1.6,2036.905,18224.83,2.7,235.932,19925.97,6.8,217.101,7509.79,3,1633.847,26354.22,3.2,1641.034,10735.37,3.7,193.567,15969.63,2.7,169.323,3176.92,3.6,143.36,3390.47,0.3,131.275,1190.06,5.8,820.937,54125.29,1.8,820.934,30918.61,1.1,883.822,35266.09,3.6,894.098,17864.33,1.9,35870.925,205474.88,2.2,32150.867,164705.64,0.8,32962.281,870672.31,1.8,33593.449,797676.7,1.5,559.583,25232.78,3.9,536.755,11125.13,3.2,24458.472,1167272.59,2.4,24453.83,569483.35,3.6,4376.461,193123.09,3.7,4740.599,108478.72,1.2,1815489.45,1.9,107.5,673216.63,1.1,104.3
121  Sb  [ No Gas ] :  CPS RSD value = 6.28 is over the allowed maximum = 5.00137  Ba  [ No Gas ] :  Concentration value = 132.71 is over the calibration range137  Ba  [ He ] :  Concentration value = 111.27 is over the calibration range138  Ba  [ He ] :  Concentration value = 113.90 is over the calibration range138  Ba  [ He ] :  CPS RSD value = 8.26 is over the allowed maximum = 5.00153  Eu  [ He ] :  CPS RSD value = 5.48 is over the allowed maximum = 5.00166  Er  [ He ] :  CPS RSD value = 5.19 is over the allowed maximum = 5.00,FALSE,330SMPL_20250514_Ac Series 575  to 858_rerun .D,15-05-2025 10:02,Sample,,MCS 831,20583.527,422031.15,1.7,23085.081,1938.75,7,1468.144,9415.99,0.2,2421.318,246.91,6.2,7760.251,288555.19,0.6,8493.379,9833.42,1.9,65027.714,3416859.16,1.6,60987.967,235933.22,1.5,56330.389,2887679.87,0.9,49268.509,285268.49,1.3,7312.868,413748.65,3,7750.658,83073.5,1.8,18451.72,261430.05,1.7,19724.492,65388.46,3,15734.339,481402.39,1.1,16917.296,139730.12,1.5,31252.338,418109.28,1.1,29656.901,56194.54,2.5,15297.753,438302.34,1.6,18532.827,22819.14,1.6,129854.248,7282904.38,0.5,107976.513,214837.55,1.3,42592.093,3807279.47,3,35439.636,119971.66,1.2,18033.188,1575963.93,2,18453.584,116535.32,2.9,7505.009,370392.65,4.1,7813.379,51524.74,3.5,354.212,8184.11,5.8,428.7,2315.87,17.1,<0.000,3600.78,0.2,<0.000,1224.62,1.7,20.632,694.05,11.2,2.891,156.82,19.5,4021.128,81138.76,0.2,4005.176,11179.42,4.2,173.688,16066.16,6.3,90.942,2025.53,6.3,6917.674,516199.98,0.4,7107.487,40183.38,3.5,513147.947,4250169.45,1.5,430273.17,440228.34,1.5,440430.581,3037815.11,8.3,58444.381,4674170.74,2.4,52773.387,820640.93,1.3,120264.301,8538913.51,0.8,101917.426,1977410.49,1.7,11856.293,955501.83,2.7,12186.212,204822.03,1.7,44279.364,601195.74,1.2,45117.215,139639.1,2.5,8601.53,100181.08,2.2,8897.735,23625.76,2.2,1372.167,58125.48,2.5,1346.134,14459.48,5.5,7685.469,97261.48,1.4,7438.332,34441.67,2.9,932.731,73850.75,2.8,886.42,23348.44,3.3,4794.512,86288.66,0.8,4817.362,27424.1,2,803.122,60519.84,4.1,792.387,20303.46,1.3,2167.482,52422.16,2.6,2161.137,17827.28,5.2,265.411,21396.45,0.7,259.553,8134.13,2.2,1969.824,30424.24,3.1,1903.102,11456.78,3.2,228.337,17854.05,4.8,231.954,3841.12,11.2,247.08,5077.72,5,252.259,1840.14,2,1067.914,67192.07,3.6,1119.722,38593.57,4.9,562.961,22814.21,3.2,542.804,10702.11,2.3,24952.575,132525.9,2.9,23500.993,111502.69,2.4,23388.292,595737.78,1.1,24029.187,528723.84,1.8,310.11,14381.86,0.5,285.218,6048.19,2.9,24184.656,1107744.52,2.4,25013.343,537289.93,4.6,3714.615,157970.76,1,3972.587,84151.97,1.2,1888621.86,3.7,111.9,672465.39,3.3,104.2
137  Ba  [ No Gas ] :  Concentration value = 323.35 is over the calibration range137  Ba  [ He ] :  Concentration value = 271.19 is over the calibration range138  Ba  [ He ] :  Concentration value = 298.32 is over the calibration range140  Ce  [ No Gas ] :  CPS RSD value = 5.69 is over the allowed maximum = 5.00159  Tb  [ He ] :  CPS RSD value = 7.39 is over the allowed maximum = 5.00169  Tm  [ No Gas ] :  CPS RSD value = 5.35 is over the allowed maximum = 5.00209  Bi  [ No Gas ] :  CPS RSD value = 5.81 is over the allowed maximum = 5.00,FALSE,331_QC2_20250514_Ac Series 575  to 858_rerun .D,15-05-2025 10:06,QC2,,SJS-Std,39683.817,838620.57,0.8,46859.596,4034.64,4.3,1249.622,8364.26,0.4,1115.46,120.12,36.3,8277.129,316508.31,2.1,9243.629,10992.17,0.7,104036.676,5661706.72,0.6,94003.887,375031.4,1.1,109326.722,5538588.39,0.8,95548.732,545101.96,0.7,9806.087,565401.72,0.8,10329.224,112318,1.8,62079.423,812397.71,1,64892.205,197005.8,2.9,27310.397,845637.38,1.1,28491.579,237125.61,2.3,78388.162,758710.12,1.9,75068.315,100989,0.6,13647.433,406303.04,0.7,14427.855,18371.12,1.4,94361.717,5503289.76,0.9,81388.1,167405.4,1.5,251939.818,19394585.04,1,210543.092,582745.16,0.6,13403.21,1218862.38,0.8,14022.065,91586.75,3,61758.648,2933536.41,1.1,56011.544,353879.21,2,2932.061,41607.84,1.1,2996.66,10832.04,2,265.666,11343.06,2.9,203.066,3507.33,4.3,334.974,2669.62,3.4,317.148,580.6,10.8,1284.254,30399.66,2.4,1169.022,3904.52,9.7,1236.495,46764.94,3.8,1228.712,6201.05,1.8,4712.112,367094.26,2.4,4795.037,28162.53,1,1180497.252,10134224.04,1.5,990077.732,1043506.74,4,1089091.754,7748517.28,1.1,18505.219,1540322.41,2.6,19417.326,312597.12,2.8,39508.404,2915760.77,5.7,36537.622,733282.01,2.2,4279.639,360328.91,3.1,4335.617,75851.09,0.6,16731.382,236544.46,3.1,17219.319,55188.39,1.3,3294.48,40177.41,0.9,3262.991,9025.59,2.4,931.509,41499.73,2.1,830.399,9416.29,1.7,3236.493,42852.42,2.1,3163.412,15271.25,0.3,430.994,37132.01,2.8,427.051,12288.3,7.4,2794.689,52562.83,2.7,2804.701,16597.63,3.8,508.873,40747.13,1.8,521.35,14175.55,1,1620.017,40917.8,3.2,1635.291,14015.31,4.4,210.685,18108.02,5.4,208.575,6958.9,4.4,1599.862,25779.3,2.7,1679.482,10454.86,3.3,213.797,17362.92,4.7,195.512,3407.21,1.7,2056.592,37142.44,4.8,2163.286,13564.1,4.9,769.538,50757.26,4.5,828.459,29702.25,4.6,501.637,21310.11,3.7,499.645,10211.15,4.7,20295.12,111471.05,1.3,18793.878,92376.27,1.7,17711.682,470002.19,2.2,19013.767,433048.99,0.7,245.727,12149.44,5.8,222.213,5071.07,1.1,9601.963,458325.88,3.1,10192.818,226813.15,0.7,3107.103,137646.54,2.5,3359.811,73692.76,4.7,1851580.91,2.6,109.7,655422.1,2.5,101.6
9  Be  [ No Gas ] :  CPS RSD value = 5.30 is over the allowed maximum = 5.0095  Mo  [ No Gas ] :  CPS RSD value = 5.12 is over the allowed maximum = 5.00137  Ba  [ No Gas ] :  Concentration value = 145.47 is over the calibration range137  Ba  [ He ] :  Concentration value = 122.51 is over the calibration range138  Ba  [ He ] :  Concentration value = 138.17 is over the calibration range175  Lu  [ No Gas ] :  CPS RSD value = 6.21 is over the allowed maximum = 5.00205  Tl  [ He ] :  CPS RSD value = 5.00 is over the allowed maximum = 5.00209  Bi  [ No Gas ] :  CPS RSD value = 5.24 is over the allowed maximum = 5.00238  U  [ No Gas ] :  CPS RSD value = 5.88 is over the allowed maximum = 5.00238  U  [ He ] :  CPS RSD value = 6.44 is over the allowed maximum = 5.00,FALSE,332SMPL_20250514_Ac Series 575  to 858_rerun .D,15-05-2025 10:10,Sample,,MCS 832,24825.897,494115.2,2,27631.15,2245.77,3,1803.284,11172.4,5.3,2254.226,223.56,9.3,9241.07,330062.89,1.3,10302.567,11499.75,4.3,78652.645,4017390.73,2.2,72641.591,272528.08,1.2,68000.522,3341624.34,1.6,59477.85,329417.93,1.3,9657.671,523779.84,2.4,9966.413,102328.7,1.6,22717.45,304770.03,1.3,24195.725,75706.16,1.4,20554.236,604202.3,1.8,21662.187,171610.7,2.1,40227.825,469554.02,1,38051.859,62656.5,1.3,17640.61,491414.38,1.8,20642.566,24657.62,2.2,142463.339,7775549.73,0.5,122440.809,236329.93,2.1,39849.396,3524115.79,2.6,32366.738,109247.46,1.1,21605.148,1837217.06,0.9,22321.237,136731.88,2.9,9835.814,463234.04,1.5,10244.967,64303.93,0.5,668.982,11830.55,5.1,763.311,3303.74,17.6,2.09,4064.71,3.8,<0.000,1234.63,6.1,491.048,3463.95,11.5,412.206,677.37,12.6,4611.765,89869.77,1.5,4762.816,12775.83,1.4,190.407,16219.83,2,131.089,2125.64,3.7,8219.268,595692.92,1.1,8478.756,46424.09,3.4,570469.507,4595539.82,0.6,480418.1,476718.23,3.3,541822.848,3628342.93,1.5,62799.544,4887084.28,1.2,56908.479,858509.92,0.8,130061.722,8985261.11,1.3,111481.123,2099090.92,2.7,12772.732,1001573.97,1.7,13205.2,215345.41,2.1,48636.743,642399.13,2.5,50318.399,151098.66,2.8,9178.453,104053.17,1.3,9783.23,25197,2.6,1454.258,59838.16,1.7,1424.247,14806.9,3.1,8478.436,104341.73,1.5,8320.351,37376.25,2.3,1080.694,82817.34,1.4,1050.344,26598.17,2.2,5677.885,99280.73,1.4,5967.287,32896.25,4,947.962,69059.09,4.6,976.226,24007.17,4.8,2595.591,60899.05,2.5,2767.944,22048.2,0.8,319.525,24505.36,4.3,324.395,9533.23,1.5,2279.753,34197.6,3.8,2326.932,13500.86,4.4,274.114,20313.65,6.2,259.263,4088.11,4.5,349.987,6658.46,2.3,356.907,2390.24,13.9,1327.877,80725.44,3.8,1342.883,44647.15,4.9,644.551,25054.12,3.6,679.013,12615.8,5,26632.088,137077.6,2.6,25007.42,115073.87,3.8,23827.43,590608.55,1.2,25106.204,535616.74,0.3,465.981,20110.01,5.2,462.653,8826.56,1.6,26141.558,1165484.16,3.5,27830.738,579679.67,3.2,3797.922,157227.18,5.9,3999.951,82229.9,6.4,1862392.86,0.4,110.3,661268.8,0.8,102.5
9  Be  [ No Gas ] :  CPS RSD value = 5.34 is over the allowed maximum = 5.00137  Ba  [ No Gas ] :  Concentration value = 198.13 is over the calibration range137  Ba  [ He ] :  Concentration value = 144.80 is over the calibration range138  Ba  [ He ] :  Concentration value = 156.77 is over the calibration range140  Ce  [ He ] :  CPS RSD value = 10.49 is over the allowed maximum = 5.00169  Tm  [ No Gas ] :  CPS RSD value = 5.46 is over the allowed maximum = 5.00238  U  [ No Gas ] :  CPS RSD value = 5.14 is over the allowed maximum = 5.00103  Rh ( ISTD )  [ No Gas ] :  CPS RSD value = 14.34 is over the allowed maximum = 5.00,FALSE,333SMPL_20250514_Ac Series 575  to 858_rerun .D,15-05-2025 10:14,Sample,,MCS 833,32201.622,562988.2,3.3,35624.446,2899.88,3.3,2167.811,11733.41,5.3,1938.875,193.53,39.5,12728.224,391512.58,1.3,11820.438,13182.98,3.9,106577.924,4769795.85,2.4,86282.044,324827.4,0.7,115499.977,4831001.32,2.1,91501.769,494833.96,0.2,13411.548,629350.26,2.7,11895.435,121558.24,1.9,30956.832,352179.46,0.7,28270.527,86952.26,1.7,26689.631,682779.63,2,24636.619,194768.58,0.3,69758.958,583881.96,0.9,54490.855,77770.57,1.9,23521.186,575635.22,1.8,24793.374,29702.95,0.9,195633.531,9373670.15,1.4,146556.262,283906.23,2.7,43170.743,3290236.07,1.1,29059.644,101106.38,0.7,28324.915,2115186.18,1.5,24780.639,152348.14,1.8,13460.036,547769.99,2.8,12209.001,76076.56,1.8,951.599,13366.9,1.8,824.845,3497.31,4.2,35.542,4275,4.1,<0.000,1288.03,3.5,<0.000,470.48,3.7,<0.000,126.79,31.9,6406.955,107907.04,0.8,5622.561,14990.43,3.5,352.4,17963.87,4.3,210.414,2389.29,10.3,11219.705,712677.71,0.8,9915.996,54410.35,4.4,766987.136,5429394.2,0.9,560513.814,558109.06,1.6,606867.207,4078163.17,1.4,96866.274,6609598.15,3.4,74599.661,1129445.46,2.6,200350.38,12176171.61,0.5,151845.451,2869712.11,10.5,19716.708,1354598.4,3.9,17186.195,281062.06,4.3,74510.478,862696.37,3,65271.505,196735.2,0.4,14033.849,139399.95,2.5,12777.849,32999.32,3.3,2072.62,73960.46,4.7,1669.027,17309.28,1.3,12830.163,138615.15,0.7,10789.564,48578.74,2.1,1586.902,105416.03,2.4,1276.922,32153.22,1.2,7787.931,119405.18,0.7,6894.005,38096,1.9,1263.041,79887.31,2.5,1069.736,26280.56,3.8,3258.221,66988.93,3.6,2994.219,23906.84,3.6,400.154,26146.88,5.5,334.633,9810.38,2.8,2686.252,35358.76,0.6,2504.133,14556.41,4.9,352.632,22235.41,1.8,292.067,4528.72,4.4,491.829,7889.21,2.4,395.002,2616.96,9.4,1756.998,93356.52,2,1614.533,53619,2.6,924.437,30327.97,3.5,817.904,14917.38,1.9,27132.59,140144.15,2.2,25991.745,119999.85,1.2,27654.218,601947.92,4.6,25922.694,554926.77,1.2,521.478,19488.98,4.5,416.319,8076.04,4.9,37009.589,1451920.31,3.4,34523.191,721682.42,2.3,5937.432,213816.87,5.1,5559.551,114141.06,1.8,1641505.62,14.3,97.2,655345.89,0.2,101.6
7  Li  [ No Gas ] :  CPS RSD value = 5.29 is over the allowed maximum = 5.009  Be  [ No Gas ] :  CPS RSD value = 5.72 is over the allowed maximum = 5.00137  Ba  [ No Gas ] :  Concentration value = 157.28 is over the calibration range137  Ba  [ He ] :  Concentration value = 136.39 is over the calibration range138  Ba  [ He ] :  Concentration value = 146.45 is over the calibration range153  Eu  [ He ] :  CPS RSD value = 5.05 is over the allowed maximum = 5.00165  Ho  [ No Gas ] :  CPS RSD value = 6.28 is over the allowed maximum = 5.00205  Tl  [ No Gas ] :  CPS RSD value = 5.31 is over the allowed maximum = 5.00,FALSE,334SMPL_20250514_Ac Series 575  to 858_rerun .D,15-05-2025 10:18,Sample,,MCS 834,25974.655,535663.84,5.3,28560.56,2382.6,4.5,1624.946,10464.47,5.7,1928.767,196.86,17.9,9991.074,367228.61,1,10843.281,12404.78,1.6,78735.945,4168330.21,1.5,73160.284,282092.05,2,62887.67,3218154.52,2.4,57663.186,328249.89,1.5,10315.991,577561.65,3.4,10760.669,113009.46,3.1,22157.073,308173.63,1.4,24650.019,78760.16,2.1,18839.412,575760.97,3,19409.946,158678.03,2.2,50948.381,555688.37,2,48911.041,73948.52,0.3,18579.823,536482.77,4.6,21365.128,26212.08,1.6,155733.898,8808892.24,2.9,134015.572,265811.01,1.5,43369.303,3886844.04,4.8,36230.699,121291.47,1.3,18853.656,1662876.48,0.5,20163.29,126960.77,1,10133.955,493197.61,3.9,10622.776,68237.17,0.7,573.746,10972.3,2.3,674.9,3086.8,3.6,<0.000,3764.33,9.8,<0.000,1191.25,8.7,<0.000,367.04,19.7,<0.000,70.07,51.5,4763.404,95920.97,0.3,5112.278,14015.03,3.3,191.111,16540.55,3.6,170.091,2279.15,1.5,8804.065,660932.99,1.5,9017.057,50664.54,3,600828.226,5016942.37,2.1,521038.494,531054.44,0.8,559489.753,3847966.83,2.2,49798.685,4018941.45,2.8,45747.301,709557.74,1.7,103278.748,7398902.67,2.5,91362.525,1767500.84,2.3,10315.799,839315.36,0.9,10227.93,171589.64,3.3,38243.245,523822.3,2.4,41119.855,126903.31,1.9,7763.96,91332.82,2.2,7654.185,20289.91,2.9,1375.822,58741.96,2.7,1371.534,14653.19,5.1,6895.17,88088.97,3,6506.578,30096.07,2.2,833.267,66901.47,2.7,819.622,21606.91,1.2,4649.632,84438.22,1.1,4733.602,26865.68,1.7,805.638,61227.93,6.3,824.678,21022.1,3.6,2394.862,58300.62,4.3,2622.106,21473.44,4.2,321.898,25491.6,2.1,318.02,9596.66,3.4,2291.337,35613.41,2.2,2435.747,14492.92,4.4,291.33,22125.21,2.3,285.607,4542.06,5.8,339.993,6708.54,1.9,335.699,2326.9,9.5,1225.595,77370.38,1.1,1320.58,45085.1,1.8,676.189,27016.86,5.3,689.627,13113.56,4.8,30221.302,159605.52,2.4,28175.894,133022.15,2.2,26974.177,692005.34,1.4,28286.473,619080.17,0.7,361.471,16561.34,4.1,342.029,6988.7,1.8,19721.772,912386.71,2.1,21134.263,452743.64,2.5,3479.679,149465.93,1.9,3717.9,78649.77,3.6,1881130.82,0.9,111.4,662297.64,2.7,102.6
118  Sn  [ No Gas ] :  CPS RSD value = 5.43 is over the allowed maximum = 5.00153  Eu  [ No Gas ] :  CPS RSD value = 5.82 is over the allowed maximum = 5.00,FALSE,335SMPL_20250514_Ac Series 575  to 858_rerun .D,15-05-2025 10:22,Sample,,MCS 835,30377.785,605750.7,1.8,34430.602,2809.77,4.8,2457.48,15146.86,3.3,3022.989,300.3,20.3,4423.039,171528.31,0.8,4879.84,5683.58,7.6,25740.73,1336196.14,0.5,27762.292,105201.44,1.5,17425.231,1061924.74,1.1,18279.152,119313.75,1.6,3042.698,183185.81,2.8,2987.167,34412.01,1.6,6018.364,110393.72,1.2,6414.155,27669.63,3,4641.914,157861.77,2.1,4473.865,41760.34,0.9,12122.406,282317.25,2.6,10591.494,37446.81,2.4,13874.782,388692.65,1.8,15547.349,18698.58,3.5,192527.57,10545353.92,1.8,163423.885,316984.8,2.4,66416.385,5385320.33,1.9,53074.882,161248.33,3.2,12039.094,1030793.11,1.8,12519.863,77368.55,3.5,4516.652,229844.95,1.1,4766.75,32329.97,3.6,20.786,3984.6,3.4,51.778,1097.82,5.3,<0.000,3086.8,3.8,<0.000,1141.2,21.3,<0.000,190.19,39.7,<0.000,40.04,75,5440.432,105489.39,5.4,5490.935,14686.4,0.9,41.761,12201.35,0.3,17.019,1731.86,6.8,9894.651,718710.64,2,10040.823,55180.91,0.4,344433.313,2792270.09,1.5,340996.339,340890.87,0.9,333242.249,2248954.95,2.8,30077.628,2353032.26,2.2,31551.712,479226.62,1.8,72559.82,5036817.35,0.8,61741.269,1169924.51,0.6,7111.065,561542.19,2.9,7336.302,120710.67,1.9,26572.147,352855.19,3.9,26737.908,80848.19,2.2,5237.649,59844.31,2.2,5495.293,14289.06,1.3,807.203,34180.49,5.8,772.145,8354.49,7.5,4809.939,59698,1.2,4723.524,21439.74,2.4,593.911,47172.36,2.6,555.964,14796.89,3.1,3144.65,55618.64,2.3,3174.113,17740.29,1.9,479.3,36452.7,2.2,490.688,12759.3,2.9,1296.606,31039.58,1.8,1333.329,10899.03,4.4,128.787,11713.92,3.3,127.036,4608.81,6.9,980.926,15131.04,2.8,976.564,5920.67,2.2,90.879,8651.72,2.3,86.125,1811.95,5.1,165.654,3627.21,3,160.682,1270.07,6.3,1118.346,68629.93,4,1160.603,38961.25,3.6,880.646,33258.36,2,899.755,16293.81,2,33455.534,172692.92,2.7,31142.558,143706.34,2.9,30725.758,762545.85,1.3,31569.496,675416.59,0.6,502.84,21629.23,3.4,493.846,9390.31,2,20315.92,910265.68,3.3,20779.061,435723.03,2.6,3418.722,142352.04,2.1,3544.471,73471.85,2.4,1863494.33,0.3,110.4,662688.61,1.8,102.7
88  Sr  [ No Gas ] :  CPS RSD value = 13.13 is over the allowed maximum = 5.00137  Ba  [ No Gas ] :  Concentration value = 176.05 is over the calibration range137  Ba  [ He ] :  Concentration value = 150.03 is over the calibration range138  Ba  [ He ] :  Concentration value = 159.02 is over the calibration range,FALSE,336SMPL_20250514_Ac Series 575  to 858_rerun .D,15-05-2025 10:26,Sample,,MCS 836,30976.475,626140.68,2.9,33973.993,2856.49,9.5,1841.297,11593.15,0.7,2236.555,230.23,19.9,12330.15,439031.8,0.9,13271.887,15240.56,3.7,107233.242,5566795.35,1.3,98096.385,381327.85,2.6,96848.63,4717895.51,2,86488.9,483943.33,2.1,14187.46,770272.25,0.4,14143.722,148230.69,1.3,31653.742,414818.51,3.7,32891.066,102537.27,3.7,29708.899,875987.4,1.1,30391.152,246184.52,1.3,71683.821,684673.58,3.1,65156.968,89922.9,2.3,23286.394,659714.7,3.2,26375.944,32619.55,3.9,176572.231,9802484.38,3.8,147105.817,294422.16,1.3,26521.509,2625077.43,13.1,22808.293,87743.06,3.7,23113.473,1999474.84,4.4,22619.013,143709.06,0.5,11288.997,535932.43,3.5,11563.646,74567.87,1,647.102,11643.53,2.5,688.919,3153.54,3.5,<0.000,3707.59,5.8,<0.000,1144.53,15.3,5.989,587.27,6.5,<0.000,96.76,72.7,6329.628,123373.74,0.9,6381.315,17452.66,2.7,260.739,18077.54,3.9,207.273,2419.32,2.9,10305.858,758405.36,1.2,10310.923,58415.05,1.9,666790.869,5466268.78,1.2,568230.469,584484.73,1.9,602274.964,4180663.38,0.9,75538.938,5983782.76,0.9,67394.371,1054238.67,0.5,157021.617,11042931.7,2.4,131345.333,2564676.76,0.5,14907.296,1189669.72,3.8,15035.55,254117.75,0.3,56119.904,754307.2,3.1,56629.637,176378.01,1.8,10621.257,122539.29,3.8,10938.775,29202.81,0.8,1432.799,59986.15,3,1323.72,14292.48,3.7,9696.889,121367.44,1.9,9027.617,42028.71,1.5,1178.14,91546.97,4.3,1110.881,29059.36,2.8,5943.923,105758.95,2.2,5995.783,34271.44,3.6,987.169,72991.85,3.4,961.056,24491.83,2.3,2614.75,62424.29,2.7,2651.552,21914.49,1.6,338.507,26150.32,2.3,322.603,9793.66,2.5,2418.479,36871.24,1.1,2506.145,15047.53,3.7,305.861,22649.9,0.9,281.344,4518.7,6.9,397.271,7542.32,3.3,411.195,2793.66,7.3,1741.368,106985.54,3.7,1764.37,60410.15,3.6,856.368,32756.74,5,861.806,16123.49,3.4,26445.908,141180.62,3.9,24861.678,118631.84,1,24674.865,622314.22,2.3,25257.174,558667.68,1.3,432.958,19085.04,2.8,414.362,8286.17,1.9,30613.726,1389202.69,2.7,30908.23,667457.64,3.5,5167.983,216816.28,2.5,5332.407,113118.35,2.1,1831712.91,2,108.5,662527.21,1.7,102.7
9  Be  [ No Gas ] :  CPS RSD value = 6.01 is over the allowed maximum = 5.00137  Ba  [ No Gas ] :  Concentration value = 164.58 is over the calibration range137  Ba  [ He ] :  Concentration value = 140.53 is over the calibration range138  Ba  [ He ] :  Concentration value = 155.27 is over the calibration range172  Yb  [ He ] :  CPS RSD value = 5.96 is over the allowed maximum = 5.00,FALSE,337SMPL_20250514_Ac Series 575  to 858_rerun .D,15-05-2025 10:30,Sample,,MCS 837,30006.027,599698.53,1.5,33265.171,2712.99,10,2124.298,13166.17,6,2240.476,223.56,14.4,11335.286,401421.73,0.4,12612.306,14064.76,1.3,89746.445,4609739.23,1.1,83660.768,315509.61,0.2,82689.156,4026014.46,0.9,73888.157,405067.06,1.7,11390.221,616677.12,3.5,11887.184,121679.31,1.1,27586.813,363343.75,1.2,29281.76,89844.14,0.8,26056.52,763339.59,2.9,27300.689,215353.95,1,58597.879,593296.97,1,55168.406,78515.88,0.8,20532.161,575234.38,2.2,23001.274,27609.67,3.9,176381.931,9682282.3,1.2,147283.458,285796.44,1.6,37717.288,3388457.22,4,29851.3,103227.23,2.8,22657.405,1938199.56,2.4,22959.004,141437.91,2.3,9765.962,462891.16,4.8,10088.327,63687.81,1.6,413.195,8738.36,1.4,480.403,2426,10.2,<0.000,3624.14,3.7,<0.000,1231.3,7.8,68.773,967.68,24.5,24.178,180.18,43.4,5432.471,105532.08,1.3,5259.27,14095.19,3.1,199.148,16413.6,1.6,131.946,2118.98,11,9825.065,715213.63,0.5,10026.665,55110.64,2.5,636743.822,5160740.23,1.4,543711.923,542367.72,1.6,600723.939,4044020.7,4.1,54420.188,4263924.46,3.4,49954.288,758028.76,1.3,113442.53,7887023.5,0.9,96783.691,1833102.43,1.9,11260.835,889151.21,2.4,11680.765,191644.91,0.5,43641.063,580220.78,1.4,43819.432,132377.47,1.1,8147.347,93002.69,1.6,8545.023,22151.57,4.8,1566.52,64706.86,1.6,1448.066,15124.25,4,7497.933,92897.45,2.7,7842.814,35442.16,2.6,1058.758,81679.53,1.1,1005.583,25655.27,4.2,5698.597,100246.95,2,6071.871,33645.38,0.4,1010.5,73851.72,1.7,1020.489,25170.41,3,2767.21,65251.31,1,2949.371,23592.52,2.5,350.984,26748.68,1.6,368.471,10678.59,2.7,2520.082,37968.97,2,2680.996,15582.05,6,335.074,24321.43,2,346.79,5263.07,10.2,375.026,7105.39,2.4,371.714,2486.93,9.3,1447.226,88304.61,3,1553.916,51734.5,1.2,827.681,31471.96,1.9,853.052,15515.38,3.1,28397.488,146846.83,2.6,26196.642,121120.81,3.8,25288.205,630314.72,3.1,26963.795,577909.57,0.9,424.886,18597.55,3.1,405.711,7912.6,4.2,23098.317,1036670.45,0.4,24441.681,512198.12,0.8,3568.433,148748.65,1.2,3923.062,81124.99,2.7,1849354.67,1.5,109.5,656089.46,0.6,101.7
118  Sn  [ No Gas ] :  CPS RSD value = 12.27 is over the allowed maximum = 5.00178  Hf  [ No Gas ] :  CPS RSD value = 7.15 is over the allowed maximum = 5.00,FALSE,338_QC1_20250514_Ac Series 575  to 858_rerun .D,15-05-2025 10:35,QC1,,QC MES 50 ppb,43.011,3360227.84,3.6,41.847,13463.43,4.4,40.547,961969.32,2.2,43.674,17030.9,0.9,41.709,5490030.46,1,37.944,163941.79,0.8,45.185,9123789.23,1.4,39.989,598481.34,1.1,44.49,8240923.86,0.8,39.392,830458.17,2.7,45.024,9238486.63,1.4,38.578,1508984.45,1.2,36.626,1733963.6,2.5,38.829,430439.37,1.4,43.953,4923217.29,0.6,39.374,1198148.96,2,35.231,1136580.44,1.2,34.47,155068.78,2.3,48.011,5278863.04,0.4,40.861,194094.8,2,46.56,10073907.26,0.8,40.371,311205.29,2.5,45.908,13393695.81,1.4,37.322,398347.01,2,47.156,15857913.36,1.5,41.46,1011340.33,4.2,47.381,8307575.5,2.2,42.281,995691.78,1,40.891,1968171.72,0.5,42.599,529652.11,2.7,45.068,4642822.73,2.8,40.357,1505150.57,0.3,43.679,1025050.55,0.6,44.186,225847.16,2.1,47.115,3435502.07,12.3,43.063,434073.2,1.9,51.07,5501871.47,1.9,44.197,615387.13,1.3,49.655,14117555.92,1.5,43.257,935893.34,3.8,47.711,1535000.58,2.4,48.698,194382.1,0.9,46.912,1263524.15,4.2,50.593,15605460.91,1.4,45.453,2737084.38,1.5,51.306,14055450.48,0.2,50.129,3769977.9,1.2,52.616,16310725.34,2.3,52.638,3415858.57,2.5,44.689,2339398.47,1.9,46.141,552990.91,1.7,44.977,2012689.62,1.1,46.675,477990.81,2.2,53.315,8432958.39,1.3,46.312,1845232.84,2,45.91,2228922.52,1.3,49.283,878866.52,2.5,53.115,15514160.86,2.4,54.365,5219250.2,0.3,53.781,3696955.82,1.7,47.879,1044736.14,3.4,54.621,15143823.02,2,55.317,5154418.8,1.7,53.836,4929860.39,1.7,47.757,1491468.97,3.7,55.714,14867791.15,1.8,56.74,5680108.66,2,45.795,2675484.76,2,48.717,1098220.75,2.6,55.874,14141506.95,1.7,48.027,2530259.48,3.8,52.629,3446387.76,7.2,48.705,1118212.62,1.9,55.134,12921730.22,1.8,54.033,6980355.31,3.1,55.182,7489143.12,1.3,49.104,3194006.1,3.5,50.226,1021221.51,1.5,51.342,931940.38,2.6,58.307,5665575.17,2.8,49.511,4171109.63,0.4,55.738,8632373,1.1,48.609,3217254.85,4,57.98,10234014.45,1.5,60.248,5003810.38,0.3,56.69,9161628.11,0.5,62.147,5009980.83,3.2,1883907.61,1.2,111.6,673766.53,1,104.4
88  Sr  [ No Gas ] :  CPS RSD value = 8.37 is over the allowed maximum = 5.00133  Cs  [ He ] :  CPS RSD value = 5.23 is over the allowed maximum = 5.00137  Ba  [ No Gas ] :  Concentration value = 179.49 is over the calibration range137  Ba  [ He ] :  Concentration value = 145.94 is over the calibration range138  Ba  [ He ] :  Concentration value = 162.84 is over the calibration range140  Ce  [ He ] :  CPS RSD value = 11.29 is over the allowed maximum = 5.00205  Tl  [ He ] :  CPS RSD value = 9.67 is over the allowed maximum = 5.00,FALSE,339SMPL_20250514_Ac Series 575  to 858_rerun .D,15-05-2025 10:39,Sample,,MCS 838,27941.814,553664.07,3.4,32674.238,2733.01,6.3,1666.252,10314.22,1.9,2281.987,233.57,8.9,10838.257,381053.32,1.1,11234.419,12892.42,1.4,90354.674,4597992.17,1.6,81228.32,314342,1.1,78373.256,3791503.39,0.9,67516.742,381489.04,2.5,11472.385,614950.9,3.5,11581.845,121708.99,1,24828.813,327349.04,0.9,25308.587,80932,2.6,24085.912,700672.7,1.6,24102.204,195929.04,2.1,59696.993,592195.65,0.5,51451.68,76592.9,1.2,20275.079,562768.24,1.6,23683.067,29171.34,3.2,182863.506,9947433.29,1.4,148767.073,296183.57,2.5,30922.167,2875523.55,8.4,24947.324,92981.31,2.7,22150.941,1878216.14,2.3,21697.823,137167.92,0.7,9784.158,458836.72,0.7,9968.945,64582.34,3.3,657.394,11553.35,1.7,591.686,2829.81,6,59.227,5416.57,2.5,35.603,1851.99,3.3,<0.000,450.46,14.6,<0.000,120.12,44.1,5403.693,103961.9,3.6,5177.754,14232.14,3.2,241.131,17228.78,2.7,222.413,2469.38,9.8,9372.981,676312.62,1.8,9166.264,51716.54,5.2,683674.547,5488713.72,3.1,555889.211,569094.38,3.2,620232.995,4283247.94,1.3,82731.866,6419009.23,3.2,70337.555,1094653.82,2.2,172483.86,11880533.47,2.3,150725.834,2925399.26,11.3,16150.687,1261901.85,0.5,15826.493,266074.99,3.6,62814.011,827150.18,1.1,61618.716,190866.31,2.1,11326.216,127903.4,3.2,11006.555,29219.68,4.5,1573.192,64355.17,3.1,1455.915,15585.28,1.2,10367.136,127074.13,3.7,9430.42,43669.41,2.6,1226.969,93235.27,2.5,1157.875,30059.41,3.9,5887.751,102607.4,2.8,5840.128,33210.47,2.7,924.213,67137.14,2.7,939.498,23853.31,1.9,2587.803,60519.89,2.4,2514.269,20694.53,3.3,305.897,23438.85,3.7,299.897,9159.22,3.1,2188.505,32742.43,0.2,2257.762,13517.54,2,272.744,20093.03,1.4,275.33,4415.23,1.7,394.759,7352.21,5.3,360.086,2480.26,15.3,1487.121,89824.67,2,1700.244,57908.81,4.8,814.768,30702.85,4.1,817.608,15318.34,9.7,27100.423,143803.73,1.7,23566.54,111983.24,2.2,23740.437,586660.61,2.4,25108.863,552518.25,0.4,358.364,15806.98,2,333.592,6865.29,3.2,34989.371,1554820.6,0.3,37001.894,794769.67,1.9,5220.729,214496.61,3.6,5310.405,112131.08,2.8,1803950.15,0.2,106.8,662907.28,2,102.7
137  Ba  [ No Gas ] :  Concentration value = 135.88 is over the calibration range137  Ba  [ He ] :  Concentration value = 121.34 is over the calibration range138  Ba  [ He ] :  Concentration value = 127.05 is over the calibration range138  Ba  [ He ] :  CPS RSD value = 8.68 is over the allowed maximum = 5.00140  Ce  [ He ] :  CPS RSD value = 5.32 is over the allowed maximum = 5.00146  Nd  [ He ] :  CPS RSD value = 5.31 is over the allowed maximum = 5.00147  Sm  [ He ] :  CPS RSD value = 5.23 is over the allowed maximum = 5.00,FALSE,340SMPL_20250514_Ac Series 575  to 858_rerun .D,15-05-2025 10:43,Sample,,MCS 839,22301.165,468462.28,4.8,26289.107,2138.98,11.1,2311.897,14996.56,4.9,2590.348,256.93,13.7,8614.431,325793.7,1.6,9817.65,10988.81,2.5,67565.411,3642955.15,0.2,64686.74,243109.07,0.3,62219.223,3244566.03,0.8,58817.981,326173.41,0.9,8045.717,464263.35,1.1,8700.101,90018.83,2.2,19005.015,275125.58,1.5,21913.721,69475.98,1.2,16239.927,508956.69,1.5,17603.528,141005.12,1.3,36597.692,466496.38,0.8,38579.145,62834.02,1.1,16309.033,479412.41,0.6,18990.104,22725.57,4.3,127231.354,7321508.82,2.9,115343.989,223049.72,1.9,52839.668,4652975.9,4.2,43328.835,136112.12,0.9,23482.645,2104428.76,2.9,25289.219,155062.38,2.3,9590.997,476534.43,3.2,10521.659,65972.65,1.9,185.521,6247.77,1.3,267.05,1751.87,12.9,13.512,4538.68,2.2,11.054,1588.36,10.4,12.803,667.35,37.2,43.296,203.54,10.2,3908.754,81135.76,1.4,4602.57,12378.36,1.3,123.472,15023.81,3.4,68.789,1885.36,14.7,7130.996,546280.41,2.2,7711.91,42335.81,2.4,524963.094,4460729.07,2.1,468793.825,465999.16,0.6,490853.434,3295144.42,8.7,42477.861,3487818.35,0.8,41283.031,623971.08,1.7,86339.512,6294239.67,1,77377.975,1460290.92,5.3,8423.394,697828.48,0.6,9195.76,150428.48,2.1,32532.208,453477.81,2.3,34918.014,105123.89,5.3,6158.839,73821.62,1.5,6667.959,17235.65,5.2,1292.527,56308.28,1.5,1268.965,13273.65,4.8,5907.538,76827.92,2.2,6103.812,27521.07,0.8,826.133,67572.47,3.3,834.743,21436.37,4.3,5008.59,92438.47,1.8,5237.154,28942.51,0.6,943.593,72491.7,0.5,1018.714,25016.68,2.3,2902.487,71700.05,0.8,3216.572,25588.39,1.9,388.977,30715.13,2.7,397.491,11356.54,4.5,2732.703,43087.45,2.9,2874.101,16611,3.1,363.089,27384.17,1.7,382.079,5703.7,3,340.195,6845.26,4.3,356.637,2386.91,9.2,1151.671,74144.18,1.1,1285.334,42810.72,5,613.815,25281.42,2,629.497,11807.57,1.2,26884.047,138502.82,2.5,25166.117,115954.42,2.6,23588.875,616882.61,1.3,25736.498,549600.2,0.9,283.073,13654.4,2.3,286.797,5904.77,5.5,16257.209,765272.3,2.3,16725.913,349419.64,3.4,2662.972,117007.66,1.3,3051.353,63189.45,2.8,1936897.42,3.5,114.7,652523.85,1.4,101.1
90  Zr  [ He ] :  CPS RSD value = 5.50 is over the allowed maximum = 5.00121  Sb  [ No Gas ] :  CPS RSD value = 5.36 is over the allowed maximum = 5.00159  Tb  [ No Gas ] :  CPS RSD value = 5.70 is over the allowed maximum = 5.00175  Lu  [ No Gas ] :  CPS RSD value = 6.20 is over the allowed maximum = 5.00,FALSE,341SMPL_20250514_Ac Series 575  to 858_rerun .D,15-05-2025 10:47,Sample,,MCS 840,17222.777,353323.75,3.2,17539.919,1474.89,7.4,1958.615,12404.69,2.8,2296.885,233.57,10.8,4455.394,175547.08,1.1,5189.173,6124.2,4,29799.205,1575902.36,0.9,32320.296,124904.71,1.6,19958.225,1193763.84,0.7,21073.511,135673.64,2.3,3604.135,216122.16,1.3,3725.834,42365.99,1.1,6027.721,111596.33,3,6481.423,28127.78,0.6,8289.053,265612.86,1.8,8734.328,75492.03,1.8,16744.558,313717.09,2.3,15066.463,41606.53,2.5,12449.22,356537.01,0.4,17130.551,21041.05,2.5,167704.657,9387200.97,0.5,143663.952,284528.77,2,63292.27,5256176.39,1.1,50889.216,158156.29,0.6,22357.625,1949135.34,3.4,23180.335,145736.28,2,3457.937,186138.72,2.4,3814.236,27168.29,5.5,307.22,7509.69,4.2,335.808,1998.82,4.1,<0.000,3080.13,4.8,<0.000,1164.55,13.7,<0.000,453.8,11.1,<0.000,103.44,31.1,4075.375,81897.91,3.1,3979.349,11062.51,2,32.686,11877.4,5.4,9.43,1695.14,12.9,6595.913,491499.05,1.9,6560.753,37023.94,2.6,333747.436,2764791.57,0.9,330818.219,337850.4,1.4,319979.435,2205705.19,1.5,80023.323,6390165.8,1.9,72163.356,1117806.95,1.1,173539.014,12294949.56,2.7,141711.33,2740328.15,1.3,16886.915,1358197.52,3.4,16955.085,283718.83,1.5,64292.539,870883.33,4.5,62790.97,193697.76,2.3,12986.874,150804.55,2.1,13245.299,34980.03,2.2,988.031,42273.01,1.2,942.324,10247.75,1.6,11677.061,147123.76,2.6,11288.298,51985.72,1.6,1403.503,109314.19,5.7,1313.687,33749.12,2.2,6816.047,122101.5,2.2,6879.392,38892.34,2.4,964.47,71941.93,2.9,995.922,25073.52,2.6,2480.716,59725.4,2.4,2465.88,20223.27,4.2,263.123,21152.45,1.9,278.892,8571.53,2.1,1867.09,28818.81,2,1954.9,11700.54,4.9,202.806,16093.28,6.2,220.513,3644.19,7.2,122.154,2940.36,7.7,117.795,1036.71,13.2,810.778,51420.09,4.6,863.362,29882.71,3.4,669.313,26458.59,3,676.292,12856.29,0.4,30359.222,160116.32,0.6,26179.957,123578.67,1.9,27121.226,688943.8,4.8,28158.496,615763.88,0.4,287.632,13407.42,4.9,284.176,5988.15,2.5,46041.355,2105206.98,2.3,46738.15,998825.6,2.9,5921.676,249915.3,2,6469.66,135524.21,1.7,1846581.64,2.9,109.4,656408.55,3.7,101.7
137  Ba  [ No Gas ] :  Concentration value = 127.45 is over the calibration range137  Ba  [ He ] :  Concentration value = 108.08 is over the calibration range138  Ba  [ He ] :  Concentration value = 103.42 is over the calibration range166  Er  [ He ] :  CPS RSD value = 6.41 is over the allowed maximum = 5.00172  Yb  [ He ] :  CPS RSD value = 6.35 is over the allowed maximum = 5.00,FALSE,342SMPL_20250514_Ac Series 575  to 858_rerun .D,15-05-2025 10:51,Sample,,MCS 841,16117.32,319167.48,4.5,19972.28,1605.04,5.1,1237.101,7709.91,5.1,1040.578,103.44,20.1,6514.008,237527.04,0.6,7318.055,8153.97,1.1,56893.32,2880333.26,1,52136.779,192726.37,2.3,40162.538,2064498.15,0.8,40881.169,230942.3,2.2,6426.441,353332.06,0.8,6698.946,69382.83,2,13430.987,194694,0.1,14148.209,47833.43,2.4,12443.657,372571.27,1.9,13074.403,105043.09,1.2,26550.584,375913.43,1.5,22888.797,48155.25,2.3,12987.912,358626.23,2.4,15914.288,18738.71,4.3,116316.325,6282672.06,0.7,95757.144,182101.62,2.8,38391.52,3391355.42,1.4,30745.416,103876.71,1.6,16470.796,1386987.15,2.4,16612.148,100336.4,1.9,6223.045,301158.09,2.2,6621.267,42405.33,3.2,146.437,5476.64,2.3,159.33,1414.83,9.4,<0.000,3500.65,5.4,<0.000,1191.25,5.1,<0.000,400.41,32.5,<0.000,50.05,34.6,3370.709,66420.31,2.1,3489.808,9426.24,5.5,58.459,12602.13,0.7,13.383,1705.16,5.3,5491.737,395906.51,4.1,5656.181,30677.54,0.8,504278.324,4019109.22,1.7,427616.357,418096.12,2.9,409183.026,2700098.86,1.5,57266.086,4408999.95,2.3,51620.983,766823.47,1.3,118946.966,8126084.85,2,99801.004,1850110.01,1.1,11034.639,856602.49,2.4,11600.683,186370.57,2.6,43572.521,569214.67,1,43774.316,129419.92,4,7934.382,89031.29,1.6,8641.455,21934.3,4.2,1238.959,50715.73,1.6,1175.709,12141.36,3.8,7160.976,87268.42,1,7155.401,31681.58,1.5,848.001,64985.45,1,803.412,20353.58,3.9,4306.586,74720.1,2,4540.361,24712.54,0.3,677.349,49604.2,2.6,684.538,16948.46,3.3,1925.361,44932.25,3.1,1972.928,15595.38,6.4,205.958,16701.26,3.2,201.321,6361.35,3.6,1631.376,24381.6,3.1,1741.094,10044.13,6.3,191.104,14883.86,4.8,175.332,2939.96,10.7,215.577,4397.47,5.7,216.646,1563.44,10.4,925.671,56374.4,1.9,964.062,31911.13,3.9,476.805,19134.25,2.5,467.238,9042.41,2,20873.584,106157.88,1.2,19205.441,87388.1,2.2,18892.222,464867.33,1.9,19807.317,417546.98,1.8,177.09,8746.52,1.9,166.244,3867.29,5,23193.941,1023014.76,3.5,24817.939,509288.81,4.6,3328.626,136564.53,3.1,3569.63,72410.78,4.4,1859221.88,2.6,110.1,656848.62,1.1,101.8
137  Ba  [ No Gas ] :  Concentration value = 136.29 is over the calibration range137  Ba  [ He ] :  Concentration value = 128.38 is over the calibration range138  Ba  [ He ] :  Concentration value = 124.34 is over the calibration range166  Er  [ No Gas ] :  CPS RSD value = 6.01 is over the allowed maximum = 5.00169  Tm  [ No Gas ] :  CPS RSD value = 6.14 is over the allowed maximum = 5.00175  Lu  [ No Gas ] :  CPS RSD value = 5.24 is over the allowed maximum = 5.00103  Rh ( ISTD )  [ No Gas ] :  CPS RSD value = 5.20 is over the allowed maximum = 5.00103  Rh ( ISTD )  [ He ] :  CPS RSD value = 13.63 is over the allowed maximum = 5.00,FALSE,343SMPL_20250514_Ac Series 575  to 858_rerun .D,15-05-2025 10:55,Sample,,MCS 842,35786.834,699044.67,3.7,44792.438,3216.94,1.5,6246.232,37117.03,4.7,8457.323,744.1,20.5,5309.6,196397.9,0.9,6677.937,6721.74,4,35823.389,1813550.33,1.7,43643.245,145659.24,1.2,25394.219,1389284.55,3.2,29374.595,155121.34,0.7,4596.194,257763.64,2.3,5393.349,51098.46,0.4,9576.388,148086.57,1.5,11768.936,36964.82,2.5,9022.737,275118.88,0.7,10391.661,76421.55,2.8,22432.424,339424.19,1.5,24934.311,44073.51,1.9,16498.532,452630.38,2.9,22375.621,23688.1,1.1,209840.809,11276431.87,2.4,189461.579,323984.25,1,73115.076,5715390.4,2.3,67126.732,172520.09,0.7,22245.903,1861748.42,1.3,24768.955,134744.81,1.3,7936.585,372898.47,2.3,9435.283,52769.41,1,75.646,4461.9,3.6,110.493,1117.83,11.7,7.263,4014.65,3.1,<0.000,1214.61,9.5,1.087,540.55,14.5,<0.000,116.78,34.6,5870.086,111104.73,2.4,6722.146,15668.58,3.1,<0.000,10314.51,3.2,<0.000,1274.68,7.1,12952.383,920180.91,1.4,14699.42,70994.81,3.2,518150.119,4111048.66,2.6,488047.681,429522.79,1.1,472707.883,2812818.66,1.9,67332.055,5154458.22,2.9,68506.498,916189.47,1.4,144831.75,9853028.47,2.3,137873.091,2302117.7,2,14584.698,1123907.01,3.7,16422.022,237483,1,52077.939,677378.16,2,62150.732,165214.01,2.5,11131.067,124027.75,2,12661.163,28898.5,2,1036.17,42457.18,0.9,1186.562,11062.63,3.7,10293.982,124618.14,0.9,10979.258,43672.55,0.8,1293.948,96847.08,1.9,1452.741,32236.94,3.9,6407.735,110171.9,0.9,7295.035,35646.22,1.3,966.787,69166.35,3.3,1159.244,25113.64,4.3,2426.218,56162.2,6,2717.134,19190.59,0.8,257.836,19912.65,6.1,299.706,7887.08,1.9,1713.393,25451.39,3.3,1991.413,10287.88,1.7,186.174,14419.51,5.2,203.694,2959.99,6.1,285.72,5481.24,1.9,329.62,1973.49,2.8,1568.061,93432.83,2.9,1798.385,52651.6,0.5,1003.372,36681.77,3.5,1162.095,18134.94,1.7,47223.112,214194.94,1.2,42888.067,173980.56,0.8,37071.691,900293.94,3.1,43831.809,825398.81,0.6,851.385,34585.96,3.9,1002.964,15706.78,2.6,49894.797,2188628.84,1.9,56253.139,1040316.18,1.8,6895.497,278931.52,0.9,8715.667,157188.54,1.4,1780821.24,5.2,105.5,576507.84,13.6,89.3
90  Zr  [ No Gas ] :  CPS RSD value = 8.43 is over the allowed maximum = 5.00137  Ba  [ No Gas ] :  Concentration value = 324.23 is over the calibration range137  Ba  [ He ] :  Concentration value = 271.06 is over the calibration range138  Ba  [ He ] :  Concentration value = 301.96 is over the calibration range140  Ce  [ No Gas ] :  CPS RSD value = 9.61 is over the allowed maximum = 5.00,FALSE,344_QC2_20250514_Ac Series 575  to 858_rerun .D,15-05-2025 10:59,QC2,,SJS-Std,39119.179,815248.27,0.8,45973.166,3917.82,6.3,1218.949,8050.42,3.2,1615.782,170.17,36.7,8246.877,310930.96,1,9095.738,10711.66,3.5,104642.629,5613517.28,1.3,94043.076,370986.35,1.9,111719.585,5574161.88,1,97051.066,547313.03,1.3,9683.778,550685.48,1.7,10008.385,107777.16,0.4,63326.047,815956.24,1.3,66088.419,198401.7,1.9,26809.03,818715.54,1.7,27821.49,229176.29,1.6,79626.103,756369.81,1.3,74996.78,99828.51,1.2,13669.021,401107.83,2,14286.529,18006.93,3.7,94924.85,5455913.42,1.6,80903.631,164574.8,0.3,251429.619,19087739.86,1.1,213934.11,585517.08,3.6,13601.559,1218820.46,3.7,13624.382,88032.08,2.2,54949.003,2576926.42,8.4,56455.186,352994.07,2.5,2884.264,40402.92,3.7,2974.043,10635.01,1.8,203.964,9496.35,4.1,131.045,2763.07,2.5,338.778,2659.61,9.1,326.407,587.27,27.2,1254.662,29406.26,0.3,1239.302,4054.71,5.9,1250.125,46490.41,3.8,1243.383,6184.37,1.9,4678.705,359498.59,1.1,4642.348,26968.91,3.9,1183702.069,10014726.83,1.3,989598.844,1031865.12,4,1102402.977,7752680.61,3.8,18605.579,1527328.37,1.7,19689.628,313504.15,0.6,39195.944,2856334.98,9.6,36241.465,719460.29,1.8,4321.934,358949.43,2.1,4352.877,75321.06,2.4,16596.064,231252.75,2.1,16808.389,53291.55,3.1,3235.261,38908.73,3.3,3299.967,9032.29,1.9,940.589,41295.58,2.5,770.184,8678.36,2.3,3263.234,42601.15,1.3,3201.071,15281.28,2.5,438.624,37185.46,1.3,430.242,12221.53,4.5,2770.661,51403.51,1,2847.638,16667.83,2.2,539.929,42471,1.7,538.16,14429.45,1.2,1583.188,39438.09,3.7,1683.651,14255.81,3.4,212.2,17970.93,1,211.954,6965.61,6,1588.073,25224.09,1.5,1717.389,10568.41,1,222.011,17676.98,2.5,206.245,3517.36,1.6,2101.249,37373.09,0.8,2157.32,13373.91,3.6,771.744,50201.42,1.1,805.461,28626.4,2.2,504.81,21119.45,3.4,523.087,10498.38,1.5,20568.529,111729.37,2.8,19035.176,92504.32,1.1,18998.483,496562.91,2.5,19642.171,442224.89,2.1,250.865,12189.48,4.6,240.779,5337.86,7,10076.039,474201.59,1.7,10351.645,227934.03,3.3,3213.792,140184.5,1.9,3439.03,74538.48,1.5,1824977.53,1.8,108.1,648279.36,2.5,100.5
137  Ba  [ No Gas ] :  Concentration value = 126.58 is over the calibration range137  Ba  [ He ] :  Concentration value = 107.30 is over the calibration range138  Ba  [ He ] :  Concentration value = 106.94 is over the calibration range166  Er  [ He ] :  CPS RSD value = 6.15 is over the allowed maximum = 5.00205  Tl  [ He ] :  CPS RSD value = 5.50 is over the allowed maximum = 5.00,FALSE,345SMPL_20250514_Ac Series 575  to 858_rerun .D,15-05-2025 11:03,Sample,,MCS 843,32155.959,606729.79,3,38235.696,2933.26,8.9,2937.721,17084.35,2,3717.553,347.02,11.7,6327.792,223009.08,2.2,7149.879,7663.19,5.1,43642.304,2130124.35,2.2,45653.955,162167.12,1.4,32689.685,1670094.84,1.5,34465.479,191183.87,3.1,6156.486,327070.14,3,6223.42,62354.36,3.7,12608.515,178961.12,0.9,13659.02,44896.91,1,12717.524,365938.26,0.9,13005.59,100470.72,2.1,21369.699,333138.15,0.8,18343.709,42918.85,1.5,16911.94,447997.07,0.5,18535.452,20944.18,1.8,202682.225,10508250.77,0.3,171568.886,312721.79,0.3,61463.346,4798479.22,2.9,49257.001,143644.12,1.8,16130.264,1305668.43,0.9,16172.243,93760.99,2,10905.976,486113.11,2.3,11447.324,67587.16,2.4,122.021,5072.75,4,142.463,1328.07,11,<0.000,2592.86,5.6,<0.000,724.08,6.8,<0.000,327,15.4,<0.000,73.41,20.8,5977.51,109427.75,2.1,6042.912,15144.07,1,94.148,13293.54,4.7,51.366,1801.94,4.5,12429.525,853228.57,1.3,12480.441,64319.32,2.7,513250.933,3931864.27,1.3,435093.593,408495.46,3.1,433616.386,2744820.45,3,32888.047,2434924.3,2.3,33315.217,475600.77,1.9,79128.44,5198477.03,1.1,69040.342,1228953.07,1.4,7737.757,578244.17,2.9,7927.665,122526.08,0.6,29728.43,373551.65,1.3,31408.832,89275.94,3.5,5936.546,64169.54,1.1,6035.304,14743.34,2.4,1118.716,44218.18,1.8,1098.863,10939.05,4.6,5553.588,65176.52,1,5469.645,23298.19,2.2,727.061,54100.38,3.1,693.198,17072.08,1.2,4002.15,66804.44,0.4,4076.605,21336.27,2.7,676.697,47715.04,1.9,687.935,16367.11,3.2,1852.918,41624.02,1.5,1931.301,14686.75,6.2,218.785,16955.2,3.7,214.767,6454.82,6,1573.259,22636.51,2,1625.818,9035.68,5.2,179.056,13637.81,1,168.392,2749.73,4.6,395.706,7072.05,9.7,391.158,2456.92,0.2,1418.516,81919.68,2.4,1480.578,46470.43,5,996.167,35346.41,1.7,998.841,16875.21,5.5,35234.24,170970.01,3.8,32401.94,140425.76,2.6,31951.37,750813.03,3.6,33127.529,666052.95,1.4,1076.01,41821.66,4,1053.188,17619.45,0.7,18970.042,804840.78,1,20205.324,398238.18,1.2,6547.973,256019.98,1,7039.517,135677.65,1.6,1830761.76,1.6,108.4,646402.35,2.8,100.2
7  Li  [ No Gas ] :  CPS RSD value = 7.23 is over the allowed maximum = 5.00121  Sb  [ No Gas ] :  CPS RSD value = 6.17 is over the allowed maximum = 5.00137  Ba  [ No Gas ] :  Concentration value = 134.92 is over the calibration range137  Ba  [ He ] :  Concentration value = 111.59 is over the calibration range138  Ba  [ He ] :  Concentration value = 122.18 is over the calibration range138  Ba  [ He ] :  CPS RSD value = 10.00 is over the allowed maximum = 5.00,FALSE,346SMPL_20250514_Ac Series 575  to 858_rerun .D,15-05-2025 11:07,Sample,,MCS 844,42435.895,839686.56,7.2,45186.405,3730.91,6.9,3321.368,20241.83,0.7,3586.908,360.37,2.8,9241.888,329501.77,1.5,9847.004,11209.23,3.5,69471.9,3551615.69,1.5,64126.828,245342.24,1.7,52732.447,2645675.05,1.8,45594.773,262914.36,1,8314.238,454153.79,3.7,8584.268,90455.61,1.1,17928.648,247900.88,4.1,18337.186,60768.52,0.5,14845.364,443437.49,2.8,15126.302,124350.38,2.7,35492.812,433313.1,1.2,32612.843,58114.63,0.8,20116.997,560137.51,1.9,21293.271,25927.94,1.7,217508.095,11857973.83,3.1,184786.319,363305.36,1.3,63747.916,5164437.68,2.5,49636.27,154220.53,1.3,25116.015,2134432.88,1.9,25593.183,159754.83,0.6,10078.048,473378.54,2.1,10259.286,65550.51,1.1,428.636,8835.18,0.3,448.566,2349.23,3.9,<0.000,2609.55,5.4,<0.000,814.18,3.8,73.742,984.36,8.2,51.249,216.89,31.4,8267.927,156862.17,1.8,8390.112,22318.36,1.8,136.304,14506.05,6.2,110.049,2052.22,3.5,17656.109,1271656.3,1.3,18086.526,100322.79,1.2,516713.858,4164933.07,1.8,427397.514,432586.64,1.6,467954.762,3199448.52,10,44445.616,3459619.73,2.3,39221.925,603524.85,2,93470.314,6460617.09,1,78256.175,1503227.71,1.5,9293.399,729522.99,2.8,9100.302,151535.83,4.1,35518.928,469484.23,0.8,36013.051,110379.33,4.3,7238.537,82164.98,4.4,7287.587,19167.04,1,1238.327,51184.79,1.5,1212.642,12932.92,1.1,7157.059,88165.81,1,7050.165,32317.16,3,1018.708,78193.82,1.6,974.065,25213.85,4.6,5954.416,104073.36,2.6,5986.659,33635.43,3.1,1055.714,76543.54,1.3,1024.833,25598.45,3.5,2903.74,67975.32,3.7,3071.277,24893.05,2.5,369.05,27765.23,3.3,358.838,10561.71,3.4,2480.255,37128.89,2.3,2555.8,15080.96,3.5,314.781,22847.12,0.9,299.936,4695.61,4.4,361.359,6825.26,2.8,383.699,2583.62,14.5,1756.903,106068.5,2.3,1754.058,59023.62,1.7,1134.637,41732.88,3.5,1195.717,21400.22,2.8,36668.953,191705.26,1.1,33968.472,158714.75,3.1,33423.684,825087.72,2.9,34369.892,744745.2,1.5,1055.062,43062.75,1.3,1130.51,20253.57,1.4,24841.608,1107431.94,2.6,24837.503,527593.14,1.5,5897.379,242741.57,3.6,6616.881,137674.89,2.4,1819717.85,2.2,107.8,658561.58,1.6,102.1
"7  Li  [ No Gas ] :  CPS RSD value = 5.43 is over the allowed maximum = 5.009  Be  [ No Gas ] :  CPS RSD value = 7.90 is over the allowed maximum = 5.0045  Sc  [ No Gas ] :  CPS RSD value = 6.02 is over the allowed maximum = 5.0051  V  [ No Gas ] :  CPS RSD value = 6.01 is over the allowed maximum = 5.0052  Cr  [ No Gas ] :  CPS RSD value = 6.69 is over the allowed maximum = 5.0059  Co  [ No Gas ] :  CPS RSD value = 6.48 is over the allowed maximum = 5.0060  Ni  [ No Gas ] :  CPS RSD value = 7.73 is over the allowed maximum = 5.0063  Cu  [ No Gas ] :  CPS RSD value = 5.73 is over the allowed maximum = 5.0066  Zn  [ No Gas ] :  CPS RSD value = 5.31 is over the allowed maximum = 5.0071  Ga  [ No Gas ] :  CPS RSD value = 6.91 is over the allowed maximum = 5.0088  Sr  [ No Gas ] :  CPS RSD value = 8.08 is over the allowed maximum = 5.0090  Zr  [ No Gas ] :  CPS RSD value = 6.39 is over the allowed maximum = 5.00137  Ba  [ No Gas ] :  Concentration value = 121.15 is over the calibration range137  Ba  [ He ] :  Concentration value = 103.31 is over the calibration range138  Ba  [ He ] :  Concentration value = 101.30 is over the calibration range139  La  [ No Gas ] :  CPS RSD value = 5.04 is over the allowed maximum = 5.00163  Dy  [ No Gas ] :  CPS RSD value = 5.47 is over the allowed maximum = 5.00165  Ho  [ No Gas ] :  CPS RSD value = 5.54 is over the allowed maximum = 5.00166  Er  [ No Gas ] :  CPS RSD value = 6.89 is over the allowed maximum = 5.00175  Lu  [ No Gas ] :  CPS RSD value = 7.22 is over the allowed maximum = 5.00205  Tl  [ No Gas ] :  CPS RSD value = 5.25 is over the allowed maximum = 5.00238  U  [ No Gas ] :  CPS RSD value = 5.43 is over the allowed maximum = 5.00103  Rh ( ISTD )  [ No Gas ] :  CPS RSD value = 38.22 is over the allowed maximum = 5.00103  Rh ( ISTD )  [ No Gas ] :  ISTD Recovery Percent value = 121.94 is outside the allowed range [80.00, 120.00]",FALSE,347SMPL_20250514_Ac Series 575  to 858_rerun .D,15-05-2025 11:12,Sample,,MCS 845,33911.152,691164.29,5.4,41467.809,3383.81,7.7,4096.504,25395.53,7.9,4307.373,427.1,15.6,4965.371,192638.39,6,6102.304,7008.85,3.7,31859.067,1680356.87,6,36052.163,136639.81,0.6,22290.215,1299722.22,6.7,23564.34,146152.8,1.2,4034.893,238362.2,6.5,4387.228,48108.03,2.4,8083.107,135710.67,7.7,9012.411,34559.26,1.9,10070.765,316891.93,5.7,10551.717,87983.75,1.2,17654.251,321070.36,5.3,17084.565,42845.1,0.9,15237.42,435805.3,6.9,18518.839,22297.82,3.5,216820.084,12224367.31,2,194917.339,378717.12,3.3,67872.728,5569271.99,8.1,56950.198,170436.55,2.5,16816.136,1474309.94,3.5,18377.975,113535.19,1.8,4278.435,222693.22,6.4,4498.738,30692.74,2,15.431,3954.57,7.5,14.236,957.66,12.6,<0.000,3156.88,8.7,<0.000,1014.39,19.3,<0.000,286.96,4,<0.000,60.06,33.3,6424.913,126602.75,4.3,7167.932,18952.98,0.8,23.178,11850.67,3,<0.000,1601.71,13.8,13640.815,1019307.41,2.5,14735.755,80879.74,2.1,461230.206,3834854.23,3.8,393297.541,393642.9,2.5,385658.597,2605301.3,1.5,51672.207,4128540.53,5,48211.387,733034.24,2,111382.136,7953380.48,3,94832.353,1799599.5,2.7,10647.141,861480.37,3.7,11571.334,190218.69,1.5,39938.399,544178.95,3.1,40504.223,122615.04,1.8,7778.288,90593.71,5,8654.251,22472.38,0.8,921.407,39866.13,1.9,886.396,9499.8,3.3,6915.471,87938.6,4.2,7204.989,32641.59,4.8,865.412,68743.74,4.6,892.945,22953.97,2.1,4431.391,79823.1,5.5,4659.731,25939.48,4,704.653,53614.88,5.5,759.362,19060.28,3.7,1795.956,43562.73,6.9,1881.079,15224.58,3.2,195.963,16671.15,2.7,196.734,6341.33,3.3,1378.175,21620.42,2,1417.942,8431.31,3.1,140.746,11981.12,7.2,155.685,2723.03,9.9,149.872,3400.48,9.6,149.088,1196.73,7.9,1264.429,79152.37,3.9,1382.588,46239.9,2.8,1095.176,41492.18,5.2,1128.16,20033.2,2.2,39950.74,206225.42,1.9,34928.784,161243.4,3.1,33745.849,864787.89,1.5,37113.414,794176.73,0.7,862.642,36662.13,4.9,908.25,16297.63,3.5,26766.681,1231075.09,3.9,29159.769,611991.27,1.9,5105.062,216097.82,5.4,5551.865,114380.88,1.9,2058820.18,38.2,121.9,646852.54,0.4,100.2
118  Sn  [ He ] :  CPS RSD value = 7.42 is over the allowed maximum = 5.00153  Eu  [ He ] :  CPS RSD value = 6.54 is over the allowed maximum = 5.00166  Er  [ He ] :  CPS RSD value = 5.78 is over the allowed maximum = 5.00172  Yb  [ He ] :  CPS RSD value = 6.38 is over the allowed maximum = 5.00,FALSE,348SMPL_20250514_Ac Series 575  to 858_rerun .D,15-05-2025 11:16,Sample,,MCS 846,18822.321,373308.22,2.7,22170.465,1798.59,12.5,2047.971,12541.6,4.7,2810.177,276.95,30.1,4652.984,176899.1,1.9,5285.53,6054.09,3,31260.787,1598734.62,0.5,33053.775,123823.94,1.4,21944.065,1249521.82,1.5,22972.856,141795.46,1,3518.535,205262.39,3.3,3685.635,40793.05,4.7,8521.752,137732.11,1.4,9044.243,34395.41,2.6,9118.389,280633.17,1.8,9164.42,76582.42,2.1,8427.62,252788.45,0.8,7260.08,33763.26,1.2,12697.001,351732.91,2.4,14945.461,17803.15,1.4,153760.986,8327529.63,1.1,126517.041,243058.1,0.9,55359.49,4554982.28,1.5,45214.724,139996.45,1.2,18919.3,1597482.07,1.2,19272.21,117589.9,1.6,6596.945,317939.83,3.1,6813.18,43910.09,1.7,182.901,5853.85,5.6,159.799,1411.49,3.8,<0.000,2088.93,7.7,<0.000,640.66,15.9,20.401,667.35,21,7.104,156.82,28.8,4477.064,86683.88,2.5,4468.155,11974.26,7.4,125.671,14215.43,3,23.395,1721.85,5.1,7490.252,539453.71,2.6,7753.58,42299.04,3.5,334659.805,2681817.6,2.1,324258.606,321028.36,3.8,316940.425,2117354.76,1.4,45361.042,3505689.97,1.5,40967.457,615489.38,3.1,100625.054,6901541.14,0.5,83458.954,1564832.33,0.4,9607.717,748661.35,0.4,9809.125,159443.86,1.1,37337.343,489520.18,3.8,38394.668,114819.02,3.6,7493.752,84420.87,1.6,7700.641,19768.54,3.9,989.997,40990.93,4.2,1018.408,10705.26,6.5,6982.394,85390.25,0.5,6939.539,31066.1,0.6,890.502,68273.24,1.5,846.466,21583.54,2.1,4963.666,86248.11,0.9,5121.778,28139.91,1,818.809,59551.26,2.8,839.114,20704.46,4,2296.618,53598.44,3.4,2377.012,18896.58,5.8,277.339,21466.58,3,276.723,8281.06,2.7,1980.351,29561.14,1.5,2061.755,11944.37,6.4,232.359,17486.49,0.9,226.983,3637.52,6.4,230.356,4634.21,7.8,230.356,1653.45,6.6,930.728,56823.19,4.3,970.145,32429.06,1,642.275,24746.53,3.8,681.926,12585.79,3.5,30349.582,155242.56,3.6,26732.218,122304.22,1.8,26580.967,652977.93,1.3,28187.924,597677.9,1.2,323.394,14408.53,0.5,305.434,6178.25,3.5,27258.881,1205855.28,3.8,28376.335,588386.46,0.7,3960.062,162620.27,2.9,4155.274,84948.45,3.7,1825598.52,1.6,108.1,649929.8,1,100.7
137  Ba  [ No Gas ] :  Concentration value = 136.87 is over the calibration range137  Ba  [ He ] :  Concentration value = 114.70 is over the calibration range138  Ba  [ He ] :  Concentration value = 109.02 is over the calibration range153  Eu  [ He ] :  CPS RSD value = 5.22 is over the allowed maximum = 5.00159  Tb  [ No Gas ] :  CPS RSD value = 5.22 is over the allowed maximum = 5.00163  Dy  [ He ] :  CPS RSD value = 7.36 is over the allowed maximum = 5.00169  Tm  [ He ] :  CPS RSD value = 5.85 is over the allowed maximum = 5.00172  Yb  [ He ] :  CPS RSD value = 5.59 is over the allowed maximum = 5.00175  Lu  [ No Gas ] :  CPS RSD value = 5.42 is over the allowed maximum = 5.00207  [Pb]  [ He ] :  CPS RSD value = 5.57 is over the allowed maximum = 5.00,FALSE,349SMPL_20250514_Ac Series 575  to 858_rerun .D,15-05-2025 11:20,Sample,,MCS 847,38413.239,720409.01,3,44769.148,3507.3,5.1,3122.922,18033.21,2.5,3739.884,357.03,25.1,8511.307,289741.33,1.6,9162.292,9943.64,4,67806.605,3280244.94,0.8,59955.285,217835.35,0.4,41019.052,2012320.19,0.7,41425.145,229791.16,2.7,7650.379,397697.84,1.9,7622.183,76954.35,1.6,16372.355,218854.08,2.2,16787.12,53965.88,2.1,14293.274,405666.07,1.2,14195.777,111495.82,3,33482.882,403786.36,2.4,28811.031,52686.84,1.8,18916.982,498174.87,2.4,21329.393,24657.66,2.7,225989.229,11665204.39,2,181997.368,339753.35,0.6,57401.359,4492662.77,0.4,45649.03,137834.65,3.1,27118.555,2181068.37,1.2,26239.783,155500.34,1,11504.393,508153.21,1,11708.296,70599.42,2.4,272.805,6691.76,2.2,270.126,1725.18,8.9,<0.000,2449.35,10.4,<0.000,687.38,16,<0.000,276.95,12.7,<0.000,73.41,20.8,8066.477,145006.86,1.1,7901.063,20022.27,1.8,133.815,14008.35,1.2,75.795,1888.7,0.3,16465.57,1122610.37,0.8,16320.126,86004.45,1.3,542477.514,4135390.4,0.6,454625.578,436834.48,1.3,432082.122,2802891.54,0.6,45597.752,3357739.83,1.6,40870.162,597139.63,1.1,97387.406,6368226.99,2.9,78669.323,1434333.61,2.5,9428.531,700341.39,0.9,9581.916,151488.4,0.4,37550.557,469542.89,3.8,35873.041,104359.41,2.8,7462.141,80126.19,2.2,7527.234,18796.11,1.6,1254.925,49080.93,4,1152.989,11720.58,5.2,7237.254,84406.39,2.3,7106.294,30932.45,2.1,1046.193,75908.21,5.2,989.486,24344.69,4.7,6116.967,101199.28,2.2,6033.984,32197.15,7.4,1068.501,73341.64,4.3,1138.928,26922.49,3.4,3097.837,68623.04,1.5,3182.269,24478.54,3.4,384.546,27343.96,2.5,378.761,10561.72,5.9,2641.05,37390.04,4.5,2692.315,15070.94,5.6,321.027,22068.37,5.4,317.706,4708.95,2.7,413.769,7295.5,8.1,435.094,2753.64,4.5,1669.674,95517.5,1.3,1647.22,52735.41,4.2,1167.378,40638.28,3.5,1172.977,20013.07,4.4,36940.199,183336.38,4.7,32141.481,142748.9,5.6,33118.95,774673.9,3.7,34161.615,702970.94,2.2,889.681,34719.5,3.8,829.845,14441.94,3.5,22965.309,969359.2,2.6,24000.991,484126.13,1.8,4973.246,194121.93,1.1,5210.096,103254.59,0.9,1782610.43,3.7,105.6,646886.26,0.5,100.3
107  Ag  [ No Gas ] :  CPS RSD value = 9.31 is over the allowed maximum = 5.00139  La  [ He ] :  CPS RSD value = 9.01 is over the allowed maximum = 5.00205  Tl  [ He ] :  CPS RSD value = 9.94 is over the allowed maximum = 5.00209  Bi  [ He ] :  CPS RSD value = 10.76 is over the allowed maximum = 5.00,FALSE,350_QC1_20250514_Ac Series 575  to 858_rerun .D,15-05-2025 11:24,QC1,,QC MES 50 ppb,45.588,3487165.51,2.9,44.021,13700.57,4.3,42.134,979595.53,1.2,44.982,16977.43,1.6,42.354,5463851.57,0.7,38.43,160679.18,0.7,45.968,9094572.92,2,42.333,613092.3,1,45.363,8231726.53,3.2,40.177,819335.28,0.4,46.146,9274493.26,1.8,40.32,1525896.79,1.6,37.214,1726282.22,2.6,40.207,431023.17,0.7,45.051,4944768.22,0.7,40.534,1193296.48,2,36.384,1143774.92,1.5,36.397,156924.76,2.2,47.728,5143753.66,1.1,41.02,188560.92,2.5,49.184,10427058.95,2.1,42.425,316419.82,0.7,46.663,13331926.12,1.6,37.571,387762.36,2,48.977,16141852.72,1.4,43.935,1036912.2,1,48.13,8270794.87,1.3,42.6,970774.31,0.2,42.731,2014493.92,2,44.504,535257.91,1.5,51.849,5230883.81,9.3,45.394,1637880.12,2.7,44.31,1019903.4,3.6,45.772,226375.76,0.6,52.642,3755892.25,2.2,45.55,444307.12,1.7,52.012,5494208.81,3.1,45.822,617407.44,1.7,52.089,14502909.61,2.6,46.166,966521.16,2.4,47.488,1498336.93,3.6,48.614,187775.59,1.7,46.621,1214928.55,1,52.66,15919094.54,0.3,50.447,2936318.2,9,52.364,14064289.74,2.2,50.655,3687200.44,1.7,53.552,16267557.59,0,55.108,3460431.17,1.4,44.893,2302548.07,0.9,46.535,539826.17,1.5,46.421,2036639.82,2,48.867,484370,2.4,53.544,8302087.52,0.9,47.995,1850992.45,2.1,47.758,2271646.44,0.8,51.006,880207.97,1.7,54.783,15685212.33,3.5,55.811,5185394.78,1.3,54.609,3678574,1.5,49.949,1054604.97,1.1,55.684,15129118.32,3,56.363,5084363.96,2.4,55.193,4951250.43,2.2,51.243,1548131.21,2.3,56.013,14648501.87,1.2,57.469,5569420.06,2.4,47.86,2739549.03,1.6,51.984,1133629.7,2.2,55.867,13847718.16,2.9,48.937,2494173.66,2.5,57.939,3722023.69,2.3,51.462,1143641.18,0.9,56.609,12993651.89,3.1,58.221,7275985.31,1.6,58.521,7786105.7,2.6,58.536,3684212.24,9.9,54.406,1070085.55,1.7,54.885,964264.45,2,60.222,5730974.74,2.4,53.337,4347239.09,1.6,59.108,8968179.87,1.6,57.589,3694314.42,10.8,60.928,10539862.38,1.8,64.328,5168152.54,3.5,58.999,9347794.07,3,65.201,5088015.11,0.9,1847695.15,3.7,109.4,652141.09,1.8,101.1
51  V  [ No Gas ] :  CPS RSD value = 9.29 is over the allowed maximum = 5.0095  Mo  [ No Gas ] :  CPS RSD value = 7.54 is over the allowed maximum = 5.00139  La  [ No Gas ] :  CPS RSD value = 8.15 is over the allowed maximum = 5.00175  Lu  [ No Gas ] :  CPS RSD value = 6.37 is over the allowed maximum = 5.00181  Ta  [ He ] :  CPS RSD value = 6.75 is over the allowed maximum = 5.00238  U  [ He ] :  CPS RSD value = 5.22 is over the allowed maximum = 5.00,FALSE,351SMPL_20250514_Ac Series 575  to 858_rerun .D,15-05-2025 11:28,Sample,,MCS 848,15843.991,320407.86,2.2,19130.367,1578.34,9.7,1470.952,9262.43,2.8,1962.46,196.86,28.9,5756.942,216470.38,1.1,6344.474,7299.3,3.8,43873.779,2270413.38,9.3,44324.001,168400.34,1,35755.768,1897503.18,2.4,37476.515,218795.53,0.4,5147.558,293272.45,0.1,5182.332,56153.91,2.6,12587.759,187538.52,3.3,14055.609,48566.67,1.3,12168.408,371574.54,2.6,12759.646,105238.44,0.9,16553.268,310125.29,3.8,15073.718,41358.87,1.6,12192.604,343569.48,2.7,13989.924,16941.14,4,103000.072,5677782.38,3.7,85804.576,167641.97,0.3,61014.165,5021507.77,1.9,48572.579,150338.92,1,14714.133,1264682.97,3.8,15358.838,95313.24,0.4,15263.65,708207.83,1.4,15930.092,98670.55,1.2,544.953,10347.83,7.5,621.434,2876.54,8.2,63.817,5636.89,4.3,43.923,1905.39,4.9,125.36,1301.37,4.8,127.838,313.65,6.6,3019.527,61129.47,2,3178.973,8865.27,5.8,183.147,15942.53,2.2,147.529,2172.36,3.2,5609.751,412436.35,0.3,5777.601,32156.06,1.2,346198.534,2820307.4,1.5,341990.271,343711.02,1.6,340003.27,2306071.49,1.8,39985.37,3143272.66,8.2,37030.307,565393.25,3.7,87164.511,6079317.66,1.7,74350.461,1416100.58,0.7,8129.051,644715.26,2,8384.763,138559.48,1.6,31321.965,417808.96,1.9,32042.68,97383.05,1.4,5863.279,67262.11,1.3,6125.065,15999.48,1.5,1040.605,43709.57,1.4,1055.09,11239.6,1.9,5344.536,66592.72,0.9,5252.972,23953.46,3.8,678.93,53675.11,0.9,632.16,16704.52,4,3597.216,63809.61,2.2,3985.993,22315.52,2.3,632.04,47359.96,2.1,642.916,16390.5,1.3,1783.453,42531.29,2.1,1909.264,15498.5,3.9,219.193,17860.61,0.6,210.713,6728.55,2.5,1606.881,24495.28,3.9,1678.574,9947.33,2.1,191.492,15134.39,6.4,198.227,3303.76,8,580.341,10544.5,2.8,590.433,3767.25,4.3,1120.692,69075.2,0.8,1207.318,40656.79,6.7,486.587,19775.78,3.4,482.315,9489.86,2.3,23006.45,119921.53,1.4,21773.281,101470,3.8,21502.804,538497,2.3,22011.591,475533.63,0.8,285.454,13143.78,2.2,272.217,5711.36,4.9,18317.607,824909.31,3,19313.745,407173.46,2.3,3138.893,131555.6,4.9,3291.468,68655.21,5.2,1841070.29,1.2,109,654818.25,1.3,101.5
137  Ba  [ No Gas ] :  Concentration value = 117.55 is over the calibration range163  Dy  [ He ] :  CPS RSD value = 5.72 is over the allowed maximum = 5.00,FALSE,352SMPL_20250514_Ac Series 575  to 858_rerun .D,15-05-2025 11:32,Sample,,MCS 849,39912.741,778716.98,2.7,47436.286,3854.4,7.2,2859.279,17221.34,2,3063.455,303.64,10.1,6063.001,221380.65,0.1,6829.828,7786.72,2.9,39987.615,2023360.5,0.4,43221.546,163190.06,3.4,27869.53,1502841.54,2.3,28128.498,169606.14,1.4,4990.701,278435.02,0.5,5162.044,55631.23,3.2,10187.352,155767.36,0.4,10808.166,39501.14,1.9,11764.209,351653.56,0.3,11947.198,98440.19,2.5,20472.621,329729.18,0.3,17067.782,43119.46,1,17099.123,469494.89,3.8,18895.122,22682.11,2.6,237393.365,12753361.31,0.8,198325.219,384319.24,0.6,72474.36,5689685.32,1.7,56765.344,169961.54,1,23892.162,2000726.72,0.8,24580.943,151239.84,2.2,7253.155,344006.09,2.5,7436.311,47994.56,0.6,260.109,6725.13,1,334.806,1968.79,2.9,<0.000,3817.73,2.7,<0.000,1204.6,14.2,<0.000,437.11,17.8,<0.000,70.07,65.5,7012.024,131858.68,3.7,6829.519,18057.4,2.4,35.708,11693.71,3.1,<0.000,1454.88,13.3,15890.838,1128265.25,3.5,15280.735,83622.81,1.7,454202.478,3608874.19,2.5,381960.723,381305.17,1,361524.709,2435924.94,2.1,49762.064,3816448.96,0.8,43933.422,666366.51,2.2,107306.691,7307365.5,3,89760.616,1698769.24,3.2,10724.423,829053.48,1.2,10396.842,170570.62,3,40200.021,523440.62,3.2,39571.203,119475.53,3.9,8471.563,94663.43,1.6,8381.237,21713.69,2,1075.644,44050.68,2.3,1009.851,10721.98,3.1,8162.541,99016.45,2.7,7738.633,34940.04,1.9,1142.528,86031.98,1.5,1079.818,27430.71,3.2,6248.522,107566.67,2,6133.518,33959.98,5.7,1045.401,74700.09,2.1,1033.979,25468.09,3,2750.803,63513.84,0.4,2691.666,21553.43,1.1,333.993,25063.61,1.2,314.639,9309.48,3.6,2241.641,33117.1,2,2233.833,13039.9,5,268.248,19605.11,2,261.355,4124.82,0.4,266.699,5194.45,2.2,281.337,1963.49,6.1,1651.901,98315.48,3.7,1631.708,54228.84,1.3,1123.725,40795.52,1.3,1120.681,19882.75,2.6,37309.704,192246.56,2,34306.129,158013.43,3.1,34034.482,827662.66,1.1,34860.394,744523.64,2,1645.958,65170.26,0.6,1621.723,28135.81,3.3,32517.697,1427221.81,4,32659.405,683495.24,2.1,8085.788,326958.39,0.9,8961.143,183241.24,2.2,1808623.99,2.4,107.1,654856.85,1.7,101.5
159  Tb  [ He ] :  CPS RSD value = 5.66 is over the allowed maximum = 5.00232  Th  [ He ] :  CPS RSD value = 6.47 is over the allowed maximum = 5.00,FALSE,353SMPL_20250514_Ac Series 575  to 858_rerun .D,15-05-2025 11:36,Sample,,MCS 850,20121.94,381855.07,0.4,23463.171,1815.28,5.6,2318.87,13560.24,1.4,2873.746,270.27,13.4,5352.058,192278.11,0.7,6008.874,6521.45,5.5,35765.318,1749010.42,0.8,37963.326,135484.38,1.8,24418.027,1313794.89,0.1,25687.762,149388.45,1.9,4590.41,250009.84,1.3,4638.374,47917.07,3.5,8931.124,138061.1,1,10026.012,35740.27,2.3,7465.835,225664.99,1.4,7668.806,62602.41,2.7,15119.483,292822.04,1,14659.964,39815.98,2.3,14781.216,391850.76,2.2,19969.849,22655.44,3,160165.301,8305376.23,1.5,137166.788,251194,0.5,67718.306,5208811.32,3.2,55733.517,159281.22,1.9,28858.285,2330047.03,1.8,30151.045,175055.49,1.8,7347.932,337002.48,1.1,7667.861,46800.15,1.9,372.32,7937.04,4.1,393.572,2072.24,3.6,<0.000,2439.34,5.6,<0.000,917.62,2.7,<0.000,343.69,4.4,<0.000,63.4,71.2,5029.782,92859.6,1.5,5237.372,13276.81,2.5,103.02,13487.29,0.5,38.339,1761.89,4.5,7350.092,507144.93,0.9,7509.285,39098.98,1,329295.512,2527592.13,0.9,334817.504,316113.75,1.9,330296.951,2103674.41,0.5,101987.499,7539419.02,0.4,88806.572,1270777.08,2,205135.703,13461883.16,1,202972.172,3627251.01,2.9,20464.79,1522691.55,1.5,20629.03,318763.83,1.8,73026.381,915935.76,2.9,74822.203,213150,0.9,13961.916,150136.53,1.6,14154.121,34538.25,2.3,1365.87,53573.71,0.3,1323.525,13119.98,1.5,12211.421,142595.51,1.6,11720.022,49855.17,1.5,1527.004,109996.17,1.6,1437.493,34144.06,5.7,8051.932,133457.02,0.3,8351.446,43586.11,2,1293.048,88621.06,2.2,1338.018,30828.76,0.2,3431.246,76245.21,2.1,3504.259,26387.64,3.4,422.366,29952.5,1,399.155,10862.3,1.5,2683.84,38173.33,1.5,2848.847,15622.15,3.3,328.285,22666.67,2.6,308.537,4508.67,8.2,273.431,5151.1,3.9,291.142,1920.16,3.1,1154.184,67024.08,3.2,1195.646,37861.1,3,672.149,24790.05,1,667.166,11840.92,1.6,32526.959,158421.01,3.9,29277.135,127631.47,0.4,29288.584,688360.31,0.8,30404.988,614084.92,2.2,386.203,16204.27,1.2,393.266,7325.58,7.1,45592.381,1930328.72,1.8,47893.679,944826,6.5,5972.878,233748.88,3.5,6453.457,125084.01,0.8,1825136.13,1.9,108.1,647333.01,2.9,100.3
133  Cs  [ He ] :  CPS RSD value = 5.16 is over the allowed maximum = 5.00140  Ce  [ No Gas ] :  Concentration value = 150.82 is over the calibration range140  Ce  [ He ] :  Concentration value = 145.53 is over the calibration range166  Er  [ He ] :  CPS RSD value = 6.41 is over the allowed maximum = 5.00169  Tm  [ No Gas ] :  CPS RSD value = 5.73 is over the allowed maximum = 5.00,FALSE,354SMPL_20250514_Ac Series 575  to 858_rerun .D,15-05-2025 11:40,Sample,,MCS 851,18891.371,358151.3,3.2,20337.331,1551.65,7.8,2164.057,12651.83,1.1,2675.539,246.91,4.7,5870.62,207988.52,0.3,6592.822,7002.16,1.8,39254.012,1913289.75,1,42440.415,148864.14,1,32023.799,1634938.43,0.6,33007.424,181652.84,2.9,4072.523,224055.53,1.1,4156.882,42714.28,2.3,10317.78,152851.77,1.5,10824.808,37095.16,1.2,8194.045,244444.18,2.1,8462.543,67149.05,3,16244.518,298213.97,1.8,14673.992,38996,2.8,15844.504,419032.99,3.5,30904.944,34389.01,1.2,146692.228,7593219.9,2,125228.584,225464.22,2.8,62107.749,4823289.76,0.9,49659.137,142441.39,2.2,40654.496,3274175.85,1.9,36050.308,205817.74,1.1,10975.505,487764.71,2.7,11403.842,66441.47,0.6,181.429,5706.96,2.8,272,1685.13,13.8,<0.000,2939.95,2.2,<0.000,924.3,3.1,17.676,644,5.5,11.95,156.82,47,4448.867,82492.29,2.2,4692.291,11777.17,1.3,63.553,12388.38,3.5,3.108,1611.73,13.7,7570.659,520933.59,0.9,8040.731,41080.57,5.2,359473.144,2752015.35,1.9,362806.631,336740.75,4.5,349226.41,2185719.94,2.5,277699.598,20477335.71,1.7,305323.419,4292756.93,2.6,606270.404,39683658.74,2.8,584984.129,10271428.74,0.5,63418.215,4700900.49,2.5,56949.084,863501.73,2.1,187302.973,2343986.91,2.6,196197.036,549250.06,0.9,26767.495,286766.48,1.6,29122.436,69711.42,3.5,1745.388,67789.84,1.5,1715.924,16550.77,3.8,21710.58,252424.13,2.1,19861.166,82865.4,3.4,2290.114,163029.55,1.2,2184.321,50297.39,2.4,9870.633,163035.42,1.3,10497.526,53725.4,4,1467.709,100000.8,2.7,1555.979,35064.24,2.1,4163.796,92079.04,1.5,4063.446,29989.69,6.4,429.657,30327.2,5.7,437.864,11590.32,3.8,3002.385,42508.3,3.7,3002.166,16170.02,2.1,360.398,24548.77,2.1,342.138,4849.15,6.6,421.973,7462.26,0.4,423.481,2596.95,3.7,881.065,51563.89,2.6,905.252,28506.21,4.3,694.775,25452,1.9,700.829,12134.89,3.7,34106.788,163335.12,0.9,30233.059,129505,1.9,31176.512,730610.25,1.6,32856.146,652020.55,1.5,422.053,17492.55,2.8,408.615,7428.96,2.4,130738.833,5518056.19,2.2,117580.349,2281206.42,0.9,6850.966,267039.81,2,7576.074,144088.09,1,1810848.87,2.2,107.3,632962.44,3.4,98.1
118  Sn  [ He ] :  CPS RSD value = 6.12 is over the allowed maximum = 5.00137  Ba  [ No Gas ] :  CPS RSD value = 10.52 is over the allowed maximum = 5.00153  Eu  [ He ] :  CPS RSD value = 6.84 is over the allowed maximum = 5.00159  Tb  [ He ] :  CPS RSD value = 8.11 is over the allowed maximum = 5.00172  Yb  [ He ] :  CPS RSD value = 5.82 is over the allowed maximum = 5.00209  Bi  [ No Gas ] :  CPS RSD value = 6.64 is over the allowed maximum = 5.00,FALSE,355SMPL_20250514_Ac Series 575  to 858_rerun .D,15-05-2025 11:44,Sample,,MCS 852,15739.78,363879.93,1.3,17328.987,1635.07,5.6,1888.912,13450.06,2.9,1893.711,216.89,30.7,3919.632,174357.19,1.3,4326.956,5783.71,4.7,26505.31,1580075.18,1.1,28184.9,122709.57,1.6,21267.884,1380145.78,0.7,22257.684,156747.7,2.3,3186.797,215483.34,0.7,3354.872,42915.07,2,7432.793,139836.54,1.3,7907.857,34880.29,2.1,7842.984,281475.61,1.2,8145.455,78951.32,1.7,20630.96,358729.34,1.3,19128.496,47769.91,2.2,11408.437,368192.2,1.7,14182.805,19624.15,2.6,132699.389,8375291.98,1.2,110441.82,246634.3,2,55047.778,5168812.78,0.9,44194.313,155409.27,1.7,16224.119,1596466.1,0.8,16255.08,115292.35,0.9,6854.448,378988.85,2.4,7278.642,53569.48,2,165.568,6020.77,10.1,167.098,1528.29,10.2,<0.000,2359.25,9.6,<0.000,774.13,5.8,<0.000,340.35,11.8,<0.000,80.08,21.7,3254.41,74284.38,1.2,3351.095,10544.88,6.1,80.415,13493.95,1,39.363,1815.29,4.5,5816.141,488730.65,2.7,5832.132,37060.71,2.4,319289.568,2980395.4,10.5,304402.996,349974.37,1.2,295981.955,2297354.55,2.6,49481.964,4453777.43,3.8,43621.334,761314.49,0.6,97500.319,7791648.54,3,85038.029,1852517.89,0.4,9749.356,884535.29,1.9,9514.148,179576.32,1.6,35030.32,535250.26,3.7,36681.596,127458.28,1.9,6514.65,85506.55,2.5,6597.34,19691.77,3.4,997.822,47855.58,2,990.458,12021.12,6.8,5849.544,83369.32,2.8,5524.506,28765.01,1.1,750.343,67122.3,1.7,717.776,21289.42,8.1,3953.933,80128.72,1.5,4117.163,26313.91,2.1,689.107,58494.72,1.2,698.217,20072.87,1.1,1889.544,51420.37,3.1,1984.807,18361.88,3.1,236.121,21359.7,2.4,227.411,7983.92,1.7,1642.327,28588.02,3.3,1671.832,11286.43,5.8,198.574,17459.75,1.4,186.784,3510.69,4.4,244.469,5541.26,4.8,253.786,2026.84,6.4,681.054,48792.5,1.2,719.286,28122.04,4.5,552.135,24826.71,1.3,579.356,12458.85,2.2,27179.467,161463.21,2.4,24954.706,132547.13,1.6,24636.208,704706.71,1.3,25794.158,635029.62,1.8,271.951,14181.68,6.6,270.413,6335,1.5,24485.863,1262361.37,3.5,25488.759,613928.59,3,3302.061,158060.75,3.2,3666.794,87117.11,1.6,1848105.25,0.3,109.5,656405.08,1.9,101.7
121  Sb  [ No Gas ] :  CPS RSD value = 5.21 is over the allowed maximum = 5.00137  Ba  [ No Gas ] :  Concentration value = 122.38 is over the calibration range137  Ba  [ He ] :  Concentration value = 110.79 is over the calibration range138  Ba  [ He ] :  Concentration value = 113.68 is over the calibration range138  Ba  [ He ] :  CPS RSD value = 6.37 is over the allowed maximum = 5.00139  La  [ No Gas ] :  CPS RSD value = 9.04 is over the allowed maximum = 5.00153  Eu  [ He ] :  CPS RSD value = 5.59 is over the allowed maximum = 5.00205  Tl  [ No Gas ] :  CPS RSD value = 5.55 is over the allowed maximum = 5.00103  Rh ( ISTD )  [ No Gas ] :  CPS RSD value = 7.60 is over the allowed maximum = 5.00,FALSE,356SMPL_20250514_Ac Series 575  to 858_rerun .D,15-05-2025 11:48,Sample,,MCS 853,19407.005,419395.5,1.5,24280.753,1975.46,2.6,1632.237,10985.38,0.8,2259.345,223.56,29.8,8747.991,339220.71,1.2,10470.275,11670.09,2.5,60510.191,3348667.32,1.4,61657.625,231384.39,1.8,51358.368,2799474.38,1.3,50585.755,283678.61,0.8,5780.056,350084.72,1.6,6615.96,69590.53,2.1,14375.532,224135.18,1.8,17114.114,56425.8,3.2,17210.978,551958.13,0.4,19255.301,153274.87,1.2,43799.458,532536.5,0.8,47691.501,71345.03,1.2,15643.444,471630.49,1.5,18719.989,22357.86,2.5,115608.529,6835656.09,1.2,108872.106,210153.75,0.4,63475.283,5580049.23,0.2,56114.799,167691.18,1.3,24249.278,2230585.95,0.6,27777.537,170002.13,1.4,11600.097,585100.79,1.6,12950.892,80140.94,1.4,574.677,11550.02,3.2,774.219,3330.44,3.8,<0.000,3627.49,8.9,<0.000,1027.74,15.6,<0.000,370.38,32.8,<0.000,70.07,0,3755.696,80178.91,1.6,4228.128,11419.85,2.4,151.6,16323.38,5.2,131.043,2112.29,5,7624.868,598859.81,1,8545.194,46765.76,1.2,476644.26,4156989.29,1.1,431497.933,428397.52,2.7,442753.711,2967927,6.4,37175.889,3139546.95,9,39226.497,591902.76,1,84824.241,6340264.24,1.7,75368.16,1419183.14,1.5,8240.903,700017.16,2.5,9140.57,149282.84,1.2,30611.965,437949.88,0.2,33370.638,100275.14,0.7,6110.735,75097.21,2.4,6770.17,17472.92,1.8,1352.103,60382.3,2.1,1458.782,15134.25,5.6,5956.92,79399.07,3.4,6390.354,28761.79,3,893.039,74598.47,2.2,918.982,23428.66,0.3,5762.218,109010.01,0.9,6341.221,34923.72,1.9,1104.949,86521.23,1.9,1257.338,30547.9,1.7,3416.181,86383.8,0.3,3768.238,29855.58,1.6,474.642,37778.38,2.6,510.006,14165.62,2.1,3297.506,53113.04,4.4,3704.722,21262.73,1,431.041,32782.64,3.8,468.46,6835.4,3.4,380.104,7752.44,5.8,428.577,2800.32,3.6,1137.789,75136.73,1.6,1275.457,42442.59,2.5,495.467,21523.94,5.6,571.397,10852.35,1.9,36963.363,189440.9,1.3,36832.924,168666.62,1,31828.444,850292.17,1.6,35728.116,758810.59,1.3,364.212,17429.23,2,382.951,7498.99,4.3,15784.459,761852.69,2.5,17824.595,371670.4,2.3,2821.966,126876.34,4.1,3367.553,69447.37,1.3,2009228.66,7.6,119,656652.75,1.6,101.8
137  Ba  [ No Gas ] :  Concentration value = 327.70 is over the calibration range137  Ba  [ He ] :  Concentration value = 272.08 is over the calibration range138  Ba  [ He ] :  Concentration value = 293.26 is over the calibration range157  Gd  [ He ] :  CPS RSD value = 5.10 is over the allowed maximum = 5.00165  Ho  [ He ] :  CPS RSD value = 5.51 is over the allowed maximum = 5.00205  Tl  [ He ] :  CPS RSD value = 5.66 is over the allowed maximum = 5.00206  [Pb]  [ He ] :  CPS RSD value = 5.09 is over the allowed maximum = 5.00,FALSE,357_QC2_20250514_Ac Series 575  to 858_rerun .D,15-05-2025 11:52,QC2,,SJS-Std,40011.341,808653.73,4,46623.868,3967.88,3.2,1264.207,8087.14,1.8,1330.809,140.14,28.6,8473.807,309374.5,0.9,9227.074,10848.57,0.9,106350.74,5529663.63,3.1,94214.184,371567,1.6,113003.06,5465773.91,2.8,99292.873,558945.03,1.9,9998.357,550604.72,1.9,10015.883,107780.59,2.4,63604.648,794724.91,1,65968.624,197897.64,1.3,27295.609,807950.11,1.9,27999.319,230406.01,1.2,79916.832,736100.76,1.8,74196.842,98985.01,1.3,13744.304,391035.88,1.8,14027.479,17662.78,1,98386.961,5491180.77,3.1,79829.657,162299.65,0.7,256694.65,18888589.04,0.6,206993.238,566837.4,1.9,13927.99,1210906.85,1.8,13752.393,88821.63,2.5,52857.726,2405283.92,1.2,54102.483,338131.71,3,2898.762,39368.71,1.6,2992.64,10691.76,3.1,210.13,9362.8,6.8,126.424,2716.35,7.7,391.209,2899.9,7.3,307.803,560.57,15.9,1278.955,28951.41,3,1278.345,4154.85,4.1,1287.351,46189.2,4,1293.952,6364.63,5.7,4758.207,354332.43,2.3,4590.989,26674.62,1.3,1196355.497,9832866.01,4.9,993303.057,1034542.07,1.5,1070629.972,7528555.86,3.6,18949.814,1507581.8,2.2,19080.815,303602.05,2.5,38185.532,2700129.1,3.9,36533.782,725023.62,1.3,4436.802,356765.97,4.8,4314.051,74612.72,1.7,17337.226,234393.28,3,16472.017,52206.61,3.4,3320.015,38707.89,1.3,3397.161,9286.08,1.8,942.053,40143.91,3.5,780.538,8785.2,5.7,3332.6,42176.04,1.6,3228.624,15398.2,5.1,446.898,36706.84,1.7,405.715,11593.65,4.5,2839.077,51031.21,2.6,2857.487,16717.94,2.9,529.631,40472.41,1.4,527.55,14158.87,5.5,1620.498,39130.28,1.6,1614.781,13691.21,3.7,225.886,18355.23,3.6,195.094,6518.24,3,1646.832,25368.15,4.2,1679.769,10341.35,2.5,225.568,17359.57,3.6,207.315,3530.71,3.7,2121.213,36627.82,3.7,2141.719,13280.47,4.8,767.125,48427.72,2.7,784.21,27874.77,3.6,521.594,21062.62,1.7,508.483,10237.9,5.7,20483.267,111192.01,5.1,18734.146,91011.7,1.5,19234.901,487669.87,0.4,19198.159,432137.07,2.8,244.906,11575.54,2.3,221.074,4991.03,4,10147.11,463384.56,0.9,10191.838,224208.24,2.6,3213.441,135973.9,1.4,3437.635,74488.22,2.4,1772583.73,4.8,105,647673.42,0.9,100.4
7  Li  [ No Gas ] :  CPS RSD value = 5.00 is over the allowed maximum = 5.009  Be  [ No Gas ] :  CPS RSD value = 5.08 is over the allowed maximum = 5.00118  Sn  [ He ] :  CPS RSD value = 7.62 is over the allowed maximum = 5.00121  Sb  [ No Gas ] :  CPS RSD value = 6.70 is over the allowed maximum = 5.00137  Ba  [ No Gas ] :  CPS RSD value = 9.71 is over the allowed maximum = 5.00141  Pr  [ He ] :  CPS RSD value = 5.00 is over the allowed maximum = 5.00159  Tb  [ He ] :  CPS RSD value = 5.07 is over the allowed maximum = 5.00,FALSE,358SMPL_20250514_Ac Series 575  to 858_rerun .D,15-05-2025 11:57,Sample,,MCS 854,17057.863,329406.02,5,20982.214,1611.72,13.5,1967.596,11733.43,5.1,1961.094,183.52,6.3,4204.597,158379.97,2,5138.921,5583.42,2.6,28666.371,1425742.67,0.8,31081.676,110064.87,2.3,24927.368,1352471.75,1.5,26275.223,150736.76,1.4,3385.872,193544.67,1.6,3524.407,37239.11,2.2,7108.803,119195.26,2.5,7470.559,28843.32,2.2,7588.019,231967.58,1.3,7903.052,63655.1,4.2,40954.33,462063.99,1.1,38837.968,60252.74,1.5,12721.755,342273.25,2.1,14957.429,16840.92,1.8,157248.206,8268578.39,0.6,137022.998,248665.87,2.2,65570.83,5133951.46,2.8,52317.577,149814.99,1.2,19853.611,1627278.01,0.9,20928.392,120625.1,0.9,7253.528,337587.28,2.1,7385.272,44789.75,0.3,239.814,6488.13,3.6,300.676,1778.57,4.9,<0.000,1958.78,10.1,<0.000,580.6,12.1,<0.000,210.21,21.8,<0.000,60.06,76.4,3912.782,74358.5,0.6,4088.261,10441.39,7.6,38.7,11934.2,6.7,<0.000,1575.01,8.7,6709.538,469947.75,1.5,7025.164,36277.82,1.4,376398.618,2928147.73,9.7,368503.276,344424.04,1.4,362533.805,2286914.37,1.1,44007.381,3302573.62,1.5,41177.834,584524.19,1.5,96387.754,6416751.14,0.6,82010.989,1453081.99,2.2,9116.73,689963.27,0.6,9819.709,150788.34,5,35765.578,455397.13,2.8,36524.479,103239,1.7,6841.138,74885.84,3.9,7256.644,17609.89,2.9,1034.708,41583.51,2.2,1054.723,10474.87,2.2,6383.872,75860.63,0.6,6305.056,26698.45,0.8,863.702,64459.33,2.1,892.327,21483.2,5.1,5099.82,86016.23,1.7,5448.116,28273.51,2.2,885.192,62377.65,0.5,928.002,21553.45,2.1,2500.524,56584.51,0.7,2751.366,20627.62,2.1,308.412,22967.45,1.9,302.373,8478.09,5.9,2226.607,32223.92,1.9,2455.542,13390.6,2.6,258.905,18719.47,2.2,262.841,3904.52,3.4,243.788,4747.6,3.4,276.081,1820.14,5.3,1063.749,62792.08,1.5,1142.8,35935.4,2.4,651.774,24469.08,3,689.186,12061.39,2.6,32490.929,156946.9,1.5,29814.057,128764.22,1.3,28686.518,683962.43,1.8,30610.911,612950.66,1.9,296.771,13053.74,3.5,297.483,5758.05,6.2,22796.155,979778.11,0.4,24500.432,480231.05,1.1,3981.296,158809.24,2,4506.569,86994.44,0.8,1841249.43,4.1,109.1,637440.8,1,98.8
137  Ba  [ No Gas ] :  Concentration value = 103.65 is over the calibration range137  Ba  [ No Gas ] :  CPS RSD value = 9.55 is over the allowed maximum = 5.00166  Er  [ He ] :  CPS RSD value = 5.80 is over the allowed maximum = 5.00,FALSE,359SMPL_20250514_Ac Series 575  to 858_rerun .D,15-05-2025 12:01,Sample,,MCS 855,27483.33,569449.14,3.7,29728.399,2509.41,7.5,2579.679,16462.99,3.9,2668.016,273.61,20.2,2881.678,123979.52,1.5,3461.577,4268.29,4.4,20751.005,1121968.82,0.7,22574.165,88592.49,2,13716.569,916635.39,0.9,14157.932,100474,0.5,2596.408,165117.53,1.4,2708.249,32552.23,1.3,4551.196,95099.38,2.1,4846.062,23801.74,4.6,5862.979,198524.19,1.7,5895.815,54070.07,1.9,5960.675,241940.18,2.9,4783.395,32037.26,2.2,12446.443,362106.08,2.1,13641.601,16994.58,5,195203.191,11096403.09,3.1,162555.728,326130.08,0.2,68101.093,5679837.76,0.6,54776.833,169993.84,3.9,13895.751,1233777.69,2.7,14376.5,91808.46,1.8,7001.108,351393.03,0.7,7406.397,49383.2,2.6,8.115,3821.06,4.9,55.319,1107.82,11.8,<0.000,2295.84,9.6,<0.000,680.7,24.7,<0.000,410.42,7.3,<0.000,83.42,18.3,4192.194,85391.49,2.7,4478.443,12515.31,4,10.165,11319.68,1.8,<0.000,1484.91,4.1,9676.657,729336.89,1.3,9883.861,56192.88,3.2,388983.071,3274996.88,9.5,347755.569,359416.33,2.5,338187.627,2359882.75,1.7,30998.126,2517252.2,1.1,32661.776,513093.84,2.3,76619.698,5521133.23,1.4,65075.195,1275193.32,1.8,7392.154,605627.3,0.6,7455.597,126795.38,2.3,27149.534,374107.29,1.8,27749.177,86787.13,1.4,5676.234,67251.87,0.9,5748.489,15451.63,1.7,779.674,34257.38,0.7,786.831,8765.19,1,5111.227,65811.2,4.2,5234.491,24535.33,3.4,680.192,55437.68,2.1,642.754,17426.21,2.6,3608.586,66056.65,1.8,3867.464,22272.02,0.8,573.456,44590.75,1.8,563.752,14913.86,1.2,1546.911,38176.65,4.8,1551.622,13039.87,5.8,161.547,14332.6,4.7,152.387,5373.21,4.6,1164.67,18492.33,3.7,1227.898,7579.91,4.7,125.771,11182.93,2.4,125.817,2392.63,4.4,227.002,4780.94,6.5,227.583,1696.79,11.6,886.308,56850.5,3,920.345,32161.69,1.7,855.242,33486.01,2.7,918.429,17095.8,4.3,36452.741,194335.72,0.8,33133.32,157930.06,0.9,32309.776,831698.29,2.1,34346.236,758950.69,1,494.48,22033.34,0.4,490.748,9610.47,2.9,20971.12,975256.72,2.2,22988.171,498262.78,0.5,3779.546,162928.36,2,4002.793,85506.44,3.1,1858360.19,2.1,110.1,658373.58,2.1,102
51  V  [ No Gas ] :  CPS RSD value = 9.61 is over the allowed maximum = 5.0095  Mo  [ No Gas ] :  CPS RSD value = 7.33 is over the allowed maximum = 5.00137  Ba  [ No Gas ] :  Concentration value = 120.84 is over the calibration range137  Ba  [ He ] :  Concentration value = 100.85 is over the calibration range169  Tm  [ He ] :  CPS RSD value = 6.74 is over the allowed maximum = 5.00232  Th  [ No Gas ] :  CPS RSD value = 5.06 is over the allowed maximum = 5.00,FALSE,360SMPL_20250514_Ac Series 575  to 858_rerun .D,15-05-2025 12:05,Sample,,MCS 856,17491.303,340901.72,4.9,23154.26,1825.29,8,1795.839,10828.43,4.9,1695.706,163.5,12.7,7685.38,271422.13,1.4,8546.068,9292.51,4.4,49245.919,2458337.15,9.6,48830.648,177334.37,2,37212.979,1901236.6,0.7,39864.25,221746.36,1.1,6081.283,330303.23,0.8,6312.591,64496.47,1.9,13301.344,190095.87,1.2,14635.456,48238.57,1.6,20072.746,575050.87,0.6,21239.86,162894.13,2.7,75354.91,686933.44,1.1,74009.556,92822.03,3.2,13757.673,373603.23,0.8,15836.797,18324.32,3,123149.537,6541271.7,1.8,106108.934,198138.39,0.7,70314.258,5493240.54,3,57190.315,165185.88,1.2,29392.927,2430329.19,0.1,31241.88,184842.31,0.2,11878.842,539088.7,4.7,12633.231,75765.18,1.6,554.868,10184.2,7.3,574.145,2632.9,4.5,<0.000,3196.94,9.4,<0.000,1027.74,1.5,7.667,593.94,14,<0.000,113.45,31,3477.072,67259.14,0.6,3463.026,9195.83,1.5,257.858,17649.79,0.8,228.99,2399.3,9.9,6764.775,478461.71,1.5,6450.999,34290.28,1.1,477618.852,3746961.45,1.1,398619.485,382818.78,1.2,383407.131,2486257.83,2.4,47048.13,3566090.79,2.6,42227.67,616150.36,2,97137.199,6531370.97,1.1,80143.327,1459810.33,3.5,9204.756,703744.35,2.8,9446.883,149165.21,2.9,36190.87,465247.2,2.9,36506.034,106076.85,1,6634.989,73364.86,1.9,7050.49,17593.2,1.6,1408.29,56452.3,1.7,1314.003,13263.6,3,6670.012,79989.98,2.5,6442.014,28035.96,2.7,993.075,74320.12,1.8,952.932,23465.37,2,6329.868,107660.98,2.2,6463.368,34421.6,2,1242.271,87266.86,3.1,1251.134,29430.69,2.7,3615.727,82190.94,1.6,3914.956,29982.48,2.2,508.102,36215.39,4.1,510.844,13751.39,6.7,3599.228,52164.22,2.6,3678.609,20420.55,4.4,468.195,31859.44,2.5,475.969,6721.9,5,398.985,7272.16,1.7,456.213,2863.68,10.7,911.503,54660.27,2.5,955.41,31058.88,1.9,478.662,18893.54,3.3,533.239,9917.28,0.9,34202.468,169730.37,1.1,32842.458,145629.72,0.9,30911.209,743593.6,4.5,33357.214,685842.19,1.4,310.108,13657.71,1.7,296.186,5878.1,2.3,18109.679,787033.21,5.1,19792.312,398994.36,2.9,3120.92,126129.03,2.8,3449.267,68801.63,2.2,1827762.09,2.9,108.3,644487.26,1.5,99.9
59  Co  [ He ] :  CPS RSD value = 5.13 is over the allowed maximum = 5.00,FALSE,361SMPL_20250514_Ac Series 575  to 858_rerun .D,15-05-2025 12:09,Sample,,MCS 857,24391.895,461850.22,2.3,26925.616,2189.04,9,2462.149,14378.55,3.9,2531.404,250.25,17.4,3167.832,122878.17,1.7,3528.778,4188.18,4,21689.322,1069794.3,1.2,22457.886,84740.92,2.8,14833.902,892302.8,1,14668.664,100014.38,1.9,2409.995,142232.55,0.6,2350.987,27960.55,5.1,4323.174,85511.58,2.4,4219.531,21502.18,2.7,5705.463,177717.22,2.1,5363.646,48198.63,1.4,2176.74,202878.69,2.1,<0.000,26984.33,2.5,12949.454,343581.45,1.9,14643.071,17529.19,3.6,197103.501,10224758.95,0.8,161271.08,311044.98,3.7,72036.953,5467553.19,2.5,54948.924,164729.7,0.1,18327.448,1482765.74,1.2,17914.359,109841.86,1.7,7247.188,331779.49,2.9,7050.253,45502.37,1.8,<0.000,3353.8,13.9,2.457,930.97,3.9,<0.000,1998.83,3.7,<0.000,747.44,22.4,<0.000,343.69,7.3,<0.000,66.73,17.3,4194.323,78127.25,0.4,3977.617,10788.7,4.3,24.203,11029.13,4,<0.000,1548.32,9.9,9358.579,643738.59,2.5,9028.22,49398.6,2.1,358465.472,2751714.01,0.7,349401.048,347302.54,2.3,327140.965,2195084.78,0.5,46420.85,3435367.04,1.6,40518.829,611495.36,1.8,99518.453,6541083.39,1.8,78394.43,1476584.87,1.5,9766.775,728693.38,2.6,9309.017,152026.01,2.3,36262.398,455887.94,2,34690.265,104263.87,1.6,7418.833,80042.06,2.2,7060.206,18214.66,4.1,935.92,37228.85,1,870.127,9276.05,3.1,6765.916,79251.81,2.3,6131.656,27601.39,1.7,928.127,68031.39,0.8,817.513,20988.56,1.8,4759.488,79259.36,2.6,4625.875,25558.3,1.7,797.635,55645.74,2.3,736.622,18415.36,4.3,2057.692,46107.49,3.3,2088.869,16741.36,2.7,245.986,18555.79,4.8,206.969,6575,3.1,1712.437,24575.51,1.5,1703.365,9984.04,1.2,193.634,14399.4,3.3,188.508,3146.89,0.8,269.76,5061.05,4.6,233.446,1680.12,11.6,978.283,57068.26,3.2,924.406,31102.55,1.6,872.708,31207.6,2.3,837.076,15168.04,4.2,36258.083,185949.09,1.5,32750.168,150162.67,3,33771.209,792204.39,5,33649.792,715296.22,0.9,499.929,20356.99,1.2,481.058,9116.76,5.3,25205.862,1068649.15,3.1,24335.513,507061.37,2.6,4051.832,159347.56,1.4,4344.945,89173.32,2.8,1752931.16,3.3,103.8,654025.43,1.2,101.4
137  Ba  [ He ] :  CPS RSD value = 5.73 is over the allowed maximum = 5.00157  Gd  [ No Gas ] :  CPS RSD value = 6.88 is over the allowed maximum = 5.00163  Dy  [ No Gas ] :  CPS RSD value = 5.94 is over the allowed maximum = 5.00178  Hf  [ No Gas ] :  CPS RSD value = 9.89 is over the allowed maximum = 5.00209  Bi  [ He ] :  CPS RSD value = 10.88 is over the allowed maximum = 5.00,FALSE,362_QC1_20250514_Ac Series 575  to 858_rerun .D,15-05-2025 12:13,QC1,,QC MES 50 ppb,43.38,3289351.86,3.8,41.858,13112.72,3.9,40.619,935788.53,1.6,45.222,17157.84,2.6,41.924,5358800.27,0.5,38.667,162621.62,1.5,45.242,8872104.2,1.2,41.862,609720.32,1,44.401,7985616.05,2.3,39.672,814105.93,1,45.704,9107516.28,0.7,39.984,1521917.96,1.1,36.3,1669181.37,1.5,39.574,426938.33,1.9,45.002,4893789.32,1.6,40.429,1196980.19,1.2,35.742,1116725.22,0.6,35.183,153506.45,0.3,47.301,5050762.23,0.7,41.317,191070.44,2.9,48.859,10264965.4,0.8,41.135,308593.28,1.1,46.306,13112960.9,1.1,38.401,398216.47,2.7,49.464,16147066.27,4.2,43.007,1020679.85,2.7,48.105,8191068.63,1.6,42.325,970639.68,3.7,41.875,1956911.45,1.8,43.574,527127.19,2.9,49.204,4920674.96,3.2,43.602,1582699.89,0.9,44.11,1005409.24,1.8,44.674,222344.18,3.2,52.81,3735208.45,1.4,44.231,433728.9,2.2,51.492,5387899.58,2.1,44.516,603600.5,3.7,52.799,14572973,2.3,45.305,953601.44,3.4,46.47,1452596.72,3.3,45.958,178843.55,5.7,46.56,1220170.25,1.8,54.106,16204936.64,1.2,45.9,2691513.86,4.2,51.924,13819624.66,4.3,51.739,3786270.86,1.5,53.742,16176127.83,1.5,53.099,3355526.26,4.2,46.448,2361255.95,1.6,47.714,556249.22,4.3,45.467,1976333.11,2.7,47.503,473619.95,2.7,55.036,8453775.88,3.5,48.676,1887173.69,2,45.631,2151884.02,6.9,48.758,846569.3,2.8,56.692,16073792.16,4.4,54.815,5119244.88,3.7,54.55,3643259.83,5.9,49,1040804.01,1.7,55.424,14920619.4,2.9,56.434,5116710.58,2.6,53.811,4787031.41,4.1,49.684,1509955.79,0.8,57.586,14923033.06,1.6,56.214,5479132.89,1.5,46.536,2640438.15,2.8,50.551,1108735.35,1.8,56.146,13800048.41,2,47.754,2449896.36,3.8,53.488,3399466.3,9.9,50.78,1134783.92,0.7,55.804,12699150.65,2.3,56.744,7133435.52,1.5,57.285,7552264.57,2,51.347,3250582.46,2.5,53.161,1051760.51,1.2,53.557,946156.32,1.1,59.417,5604372.93,3.7,52.471,4301899.98,1.7,57.999,8723207.37,1.5,54.269,3492202.14,10.9,58.641,10046813.5,4.3,62.1,5019877.8,0.8,57.986,9100430.86,1.4,64.29,5047466.75,2.9,1829655.96,1.7,108.4,656001.67,2.4,101.7
137  Ba  [ No Gas ] :  Concentration value = 116.22 is over the calibration range153  Eu  [ He ] :  CPS RSD value = 8.82 is over the allowed maximum = 5.00,FALSE,363SMPL_20250514_Ac Series 575  to 858_rerun .D,15-05-2025 12:17,Sample,,MCS 858,26433.06,516725.89,3.7,30976.718,2476.04,11.6,2555.804,15407.38,2.7,2429.727,236.9,13.6,4515.353,170947.7,1,5194.196,5893.86,5.7,31398.061,1590675.83,1.6,33941.913,125733.57,2.1,21349.329,1213805.01,0.9,22527.19,138225.14,0.3,3688.623,212112.54,0.9,3992.364,43340.22,1.8,6605.165,114832.69,0.4,6892.981,28378.51,1.3,9104.795,277738.77,1.7,9522.324,78488.68,2.5,15403.987,298119.36,2.1,13606.515,39417.72,3.6,14292.517,391772.24,3.5,17439.959,20526.44,2,210110.276,11264404.84,0.8,175878.331,333946.8,1.7,70956.76,5581129.48,1.3,56503.451,166191.26,1.6,22512.469,1881288.12,2.2,23277.875,140361.24,1.8,7957.612,374095.75,2.8,8255.891,51799.07,2.6,286.347,7065.67,7,324.486,1908.72,2.4,45.907,5102.8,6.1,40.95,1855.33,8.9,17.551,650.67,6.7,<0.000,140.14,44.6,5225.351,99376.91,1.9,5368.055,14075.1,1.1,61.417,12481.91,4.7,38.674,1771.9,10.3,11335.865,805136.62,0.8,11463.859,61603.89,3.3,454486.409,3602445.58,1.1,377588.087,369326.35,1.9,366163.679,2417455.79,1.7,52433.483,4012315.76,1,45053.413,669322.45,1.9,109443.538,7434214.23,1.4,92522.043,1715416.15,2.5,10918.655,842232,4.1,10636.531,170916.19,0.3,40759.15,529489.92,2.2,42032.468,124310.07,0.8,8562.776,95438.85,3.5,8408.996,21339.45,2.2,995.875,40853.46,0.9,982.977,10244.44,8.8,8154.271,98668.81,0.9,7827.169,34625.63,2.9,1044.062,78765.12,1.5,1074.148,26745.15,1.8,5881.042,101063.42,2.2,5999.784,32551.59,3.8,931.16,66724.43,1,988.465,23913.49,2.2,2559.331,59041.66,1.8,2649.134,20791.55,3.4,312.002,23585.88,3,300.111,8781.89,4.2,2089.172,30849,1.5,2226.025,12732.59,0.2,253.134,18649.33,2.9,245.077,3837.79,5.1,324.675,6131.55,8.2,296.193,2010.17,3,1244.703,74503.25,2.3,1331.766,43589.85,4.6,955.321,35062.1,3.8,951.008,16775.03,0.8,37562.668,189579.21,0.6,34394.553,155193.33,2,32866.28,797944.59,0.8,35204.131,736516.25,1.5,884.343,35805.9,3.9,883.822,15553.23,1.8,33212.63,1454758.98,3,35300.419,723557.33,3,6521.576,263523.78,2.7,7123.784,142994.25,2.3,1826061.11,1.6,108.2,649157.74,0.1,100.6
95  Mo  [ He ] :  CPS RSD value = 5.47 is over the allowed maximum = 5.00133  Cs  [ He ] :  CPS RSD value = 5.81 is over the allowed maximum = 5.00137  Ba  [ No Gas ] :  Concentration value = 325.54 is over the calibration range137  Ba  [ He ] :  Concentration value = 287.23 is over the calibration range138  Ba  [ He ] :  Concentration value = 317.47 is over the calibration range165  Ho  [ He ] :  CPS RSD value = 6.25 is over the allowed maximum = 5.00181  Ta  [ No Gas ] :  CPS RSD value = 5.27 is over the allowed maximum = 5.00,FALSE,370_QC2_20250514_Ac Series 575  to 858_rerun .D,15-05-2025 12:46,QC2,,SJS-Std,39741.034,824560.97,3.6,49395.451,3934.5,5.1,1236.398,8130.55,2.8,1580.023,156.82,35.2,8179.452,307412.99,1.1,9810.661,10788.47,3.8,106422.35,5688164.01,0.8,99833.554,368513.23,0.8,111094.042,5523689.12,2.9,104679.427,550447.13,1.1,9986.074,565086.62,2.3,10764.913,108147.13,2,62242.64,800014.26,2.9,72073.945,201526.25,1.9,27295.643,829795.61,1.4,29913.288,230148.1,2.1,78267.728,744224.67,2.2,84624.997,102125.56,0.8,14037.503,410369.28,1.5,15019.376,17699.57,0.5,95260.657,5456766.36,2.7,87228.877,165939.77,1.4,257605.115,19460473.01,1.4,222279.29,568133.36,2.6,13522.944,1207708.05,2.6,14813.306,89564.07,1.5,61466.368,2866968.5,1.5,57910.751,338751.08,1.5,2840.714,39706.8,1.8,3384.557,11219.4,5.5,195.849,9242.6,2.7,126.943,2556.15,10,381.852,2916.59,10.9,294.137,510.52,23.8,1229.007,28801.04,2.5,1343.894,4054.71,8.3,1226.301,45630.02,3.2,1331.716,6084.2,3.2,4686.092,358742.66,1.9,4932.138,26838.49,5.8,1188475.375,10017430.16,2.6,1048637.234,1022370.57,1.9,1159012.161,7636391.82,2.4,18063.075,1477164.3,1.2,19981.873,297382.7,3.4,44080.717,3197084.17,1.3,39317.159,730729.25,1.4,4290.171,354820.2,2.3,4462.759,72206.71,1.1,16781.757,232936.76,1.9,18018.124,53425.64,1.2,3163.498,37928.23,4,3384.983,8661.65,2.1,957.161,41827.71,1.9,858.032,8975.53,3.5,3238.606,42132.71,1.6,3347.523,14960.56,4.2,448.896,37818.15,3.9,442.966,11737.27,4.3,2754.858,50914.12,1.3,2981.324,16323.65,0.9,528.536,41480.12,3.8,575.912,14345.99,6.3,1593.228,39501.6,2.9,1774.506,14048.64,1.9,209.315,17710.34,4.9,225.453,6845.42,4.5,1597.323,25267.49,0.8,1827.582,10508.32,1.8,220.349,17503.18,3.5,236.05,3674.23,6.2,2097.078,37162.28,1.1,2241.523,13010.17,2.8,756.05,49067.08,5.3,887.189,29374.75,0.9,508.424,21159.48,3,536.124,10017.47,4.5,22327.063,113405.71,1.4,20042.473,90984.27,2.8,18497.539,482031.24,2.4,20849.107,439094.71,1.7,242.547,11792.4,4,241.699,5007.72,5,9731.539,456540.66,2.5,11051.189,227457.27,1,3140.392,136545.96,0.2,3727.411,75490.05,0.9,1818032.1,1.8,107.7,607360.06,4.9,94.1
7  Li  [ No Gas ] :  CPS RSD value = 7.53 is over the allowed maximum = 5.0066  Zn  [ No Gas ] :  CPS RSD value = 5.46 is over the allowed maximum = 5.00133  Cs  [ No Gas ] :  CPS RSD value = 7.41 is over the allowed maximum = 5.00208  Pb  [ No Gas ] :  CPS RSD value = 6.12 is over the allowed maximum = 5.00,FALSE,371SMPL_20250514_Ac Series 575  to 858_rerun .D,15-05-2025 12:50,Sample,,Wash,0.062,10952.03,7.5,0.034,36.7,31.5,<0.000,106.77,47.2,<0.000,3.34,173.2,<0.000,13951.18,4.1,<0.000,367.04,1.6,<0.000,17973.32,1.9,0.016,1011.05,4.3,<0.000,88733.61,0.5,<0.000,2332.55,8,<0.000,6885.34,5.2,<0.000,1157.88,11.5,<0.000,5803.74,1.8,<0.000,1491.58,8.6,0.001,27178.24,3.7,<0.000,7476.25,2.2,<0.000,17829.85,5.5,<0.000,2869.85,4.1,<0.000,1781.92,8.3,<0.000,76.74,58.8,0.097,38688.92,1.7,0.086,1311.38,9,<0.000,12030.89,4.5,<0.000,440.45,12,<0.000,3717.6,2,<0.000,220.22,7.9,<0.000,876.7,6.3,<0.000,133.33,11.5,<0.000,427.1,18.2,<0.000,93.43,16.4,<0.000,1598.37,8.2,<0.000,567.25,17.4,<0.000,123.46,12.4,<0.000,23.36,49.5,<0.000,1161.22,1.7,<0.000,186.85,8.2,<0.000,800.83,3.7,<0.000,96.76,31.6,0.04,18244.69,7.4,0.04,1438.19,13.6,0.102,18498.6,1.3,<0.000,2092.27,10.5,0.081,14623.02,2.5,<0.000,3664.21,9.6,<0.000,714.07,9.1,<0.000,5987.41,1.8,<0.000,1471.56,11.9,<0.000,1688.47,6,<0.000,323.66,15.9,<0.000,650.67,0,<0.000,130.13,20.4,<0.000,216.88,7.1,<0.000,56.72,20.4,<0.000,440.45,23.1,<0.000,110.11,47.2,<0.000,233.57,20.3,<0.000,113.45,40.8,<0.000,820.85,16.9,<0.000,310.31,11.2,<0.000,403.75,1.4,<0.000,90.09,0,<0.000,994.37,6.4,<0.000,256.93,21.5,<0.000,347.02,8.8,<0.000,100.1,26.5,<0.000,820.85,12,<0.000,380.39,24.1,<0.000,163.5,17.7,<0.000,90.09,40.1,<0.000,820.85,3.2,<0.000,190.19,13.9,<0.000,223.33,14.4,<0.000,126.67,35.6,<0.000,703.35,5,<0.000,366.68,13.7,<0.000,744.1,9,<0.000,343.69,13.8,0.05,2876.56,1.1,0.041,2466.06,2.2,0.038,11423.51,6.1,0.043,11063.04,3.2,0.008,3203.77,5,0.004,1496.76,8.2,0.001,2823.16,3.9,<0.000,1351.44,7.5,0.006,3504.02,5.4,0.004,1952.12,3.1,1874999.38,1.6,111.1,680885.39,1,105.5
7  Li  [ No Gas ] :  CPS RSD value = 7.60 is over the allowed maximum = 5.00103  Rh ( ISTD )  [ No Gas ] :  CPS RSD value = 7.45 is over the allowed maximum = 5.00,FALSE,372SMPL_20250514_Ac Series 575  to 858_rerun .D,15-05-2025 12:54,Sample,,Wash,0.065,10818.46,7.6,0.196,86.75,17.6,<0.000,106.77,44.3,<0.000,3.34,173.2,<0.000,13583.79,2.5,0.015,450.46,23.2,<0.000,17442.1,0.6,0.019,1021.06,18.3,<0.000,88629.71,1.7,<0.000,2395.96,6.1,<0.000,6902.05,0.6,<0.000,1134.52,9.8,<0.000,5893.88,3.3,<0.000,1424.84,16.6,0.001,26222.03,4,<0.000,7312.68,3.2,<0.000,17178.3,3.4,<0.000,2619.55,5.6,<0.000,1611.72,7.8,<0.000,63.4,77.9,0.108,39732.92,0.9,0.098,1364.78,7.5,<0.000,11950.78,3.7,<0.000,490.5,8.2,<0.000,3664.19,3.8,<0.000,303.64,6.9,<0.000,840.03,10.3,<0.000,156.67,37.4,<0.000,363.7,19.3,<0.000,86.75,17.6,<0.000,1514.94,8.4,<0.000,557.24,18.2,<0.000,133.47,26.3,<0.000,20.02,50,<0.000,1161.22,7.5,<0.000,123.46,33.8,<0.000,860.89,12.9,<0.000,110.11,15.7,0.042,18264.7,0.9,0.038,1351.43,5.6,0.117,18284.78,0.2,0.037,2249.12,3.8,0.1,14679.86,2,<0.000,3714.27,2.5,<0.000,707.4,12.8,<0.000,5890.61,4.7,<0.000,1755.22,4.4,<0.000,1558.33,10.6,<0.000,380.39,5.3,<0.000,660.68,13.2,<0.000,150.15,26.7,<0.000,226.89,16.7,<0.000,46.71,61.9,<0.000,543.89,7.7,<0.000,100.1,40,<0.000,266.94,20.7,<0.000,110.11,24.1,<0.000,1121.18,15.7,<0.000,320.33,3.1,<0.000,403.75,12.7,<0.000,116.78,4.9,<0.000,957.67,23.5,<0.000,367.04,16.7,<0.000,390.4,2.6,<0.000,150.15,6.7,<0.000,880.91,16.7,<0.000,333.67,25.9,<0.000,193.53,16.6,<0.000,96.76,66.5,<0.000,864.23,16.2,<0.000,186.85,27,<0.000,270,6.4,<0.000,93.33,27,<0.000,580.02,16.4,<0.000,420.01,21.2,<0.000,720.74,3.7,<0.000,377.05,30.8,0.041,2599.55,9.6,0.047,2496.09,7.2,0.046,11697.31,1.3,0.044,10782.68,2.2,0.01,3330.46,2.2,0.005,1466.76,10.9,0.001,2743.07,1.6,<0.000,1274.68,13.4,0.01,3927.91,1.7,0.007,2128.99,5.3,1813694.74,7.5,107.4,660452.47,2.3,102.4
,,,,,,,,,,,,,,,,,,,,,,,,,,,,,,,,,,,,,,,,,,,,,,,,,,,,,,,,,,,,,,,,,,,,,,,,,,,,,,,,,,,,,,,,,,,,,,,,,,,,,,,,,,,,,,,,,,,,,,,,,,,,,,,,,,,,,,,,,,,,,,,,,,,,,,,,,,,,,,,,,,,,,,,,,,,,,,,,,,,,,,,,,,,,,,,,,,,,,,,,,,,,,,,,,,,,,,,,,,,,,,,,,,,,,,,,,,,,,,,,,,,,,,,,,,,,,,,,,,,,,,,,,,,,,,,,,
,,,,,,,,,,,,,,,,,,,,,,,,,,,,,,,,,,,,,,,,,,,,,,,,,,,,,,,,,,,,,,,,,,,,,,,,,,,,,,,,,,,,,,,,,,,,,,,,,,,,,,,,,,,,,,,,,,,,,,,,,,,,,,,,,,,,,,,,,,,,,,,,,,,,,,,,,,,,,,,,,,,,,,,,,,,,,,,,,,,,,,,,,,,,,,,,,,,,,,,,,,,,,,,,,,,,,,,,,,,,,,,,,,,,,,,,,,,,,,,,,,,,,,,,,,,,,,,,,,,,,,,,,,,,,,,,,
,,,,,,,,,,,,,,,,,,,,,,,,,,,,,,,,,,,,,,,,,,,,,,,,,,,,,,,,,,,,,,,,,,,,,,,,,,,,,,,,,,,,,,,,,,,,,,,,,,,,,,,,,,,,,,,,,,,,,,,,,,,,,,,,,,,,,,,,,,,,,,,,,,,,,,,,,,,,,,,,,,,,,,,,,,,,,,,,,,,,,,,,,,,,,,,,,,,,,,,,,,,,,,,,,,,,,,,,,,,,,,,,,,,,,,,,,,,,,,,,,,,,,,,,,,,,,,,,,,,,,,,,,,,,,,,,,
